,Equal Weight,Max Sharpe,Inverse Volatility,Minimum Variance,Risk Parity,Maximum Diversification,Hierarchical Risk Parity,Eligible Universe Equal Weight,Partitioning Selection,Density Selection,SPY
2016-01-01,10000.0,10000.0,10000.0,10000.0,10000.0,10000.0,10000.0,10000.0,10000.0,10000.0,10000.0
2016-01-01,9964.189614777182,9986.045557307154,9935.569970765728,9916.310595244124,9937.829832242036,9926.960293671393,9929.973457185995,9889.444914378164,9891.24388967857,9891.24388967857,9911.99984301243
2016-01-08,9496.185752468738,9753.945836194258,9507.238583103095,9494.40440488171,9479.228769128622,9389.826927904753,9479.824988733622,9434.080703871463,9427.438941260325,9427.438941260325,9330.9988765357
2016-01-15,9378.218349452445,9491.040156163946,9383.98801367434,9527.037397125125,9405.544871911086,9480.547731171882,9400.064850415649,9374.814991243891,9387.496573647033,9387.496573647033,9131.174114791178
2016-01-22,9699.47868734776,9860.362779017294,9647.107287582032,9703.2088748231,9662.719104683765,9701.328947255552,9650.075374761771,9552.963130561788,9562.17206693179,9562.17206693179,9262.931037137858
2016-01-29,9957.380045058879,10223.17244794365,9959.788010487247,9977.445950056477,9940.561109785036,9933.091992084353,9947.797239913532,9907.558065726793,9922.014977226083,9922.014977226083,9418.51416720426
2016-02-05,9551.674842102617,9656.50308779532,9570.913435977118,9624.92067026921,9557.964916672723,9602.364470930088,9558.281023830721,9554.3336133233,9535.614050484564,9535.614050484564,9137.976322860075
2016-02-12,9385.914531832252,9577.605282939547,9486.967733787782,9664.566094720818,9465.66482489992,9501.223637981622,9484.720336135044,9596.933694671085,9593.772067343834,9593.772067343836,9073.801493617057
2016-02-19,9643.773310311724,9713.78268185029,9714.504370705645,9810.947532936585,9700.046951491928,9748.067884621505,9710.283869966173,9841.480874583853,9841.798716598687,9841.798716598687,9334.888366789844
2016-02-26,9782.726608361409,10169.373605448061,9819.71781819422,9961.103763756513,9827.450106657529,9909.436942250117,9865.981687953315,10010.588461782489,10065.138791325378,10065.138791325378,9485.120367843703
2016-03-04,10035.861268497772,10277.637716757969,10034.252430958413,10145.905040692207,10057.697173967637,10183.756766838755,10077.757243575212,10163.45987102195,10143.101833008386,10143.101833008386,9744.749122158772
2016-03-11,10100.437327672347,10258.160957024005,10117.518023473523,10240.63531379629,10117.872789033448,10200.82422672571,10147.756605739973,10230.955349672768,10192.137093092242,10192.137093092242,9858.0300858231
2016-03-18,10205.273312802667,10412.060003880097,10196.45309262617,10268.191423805965,10185.454634117119,10211.684948139095,10211.130151267529,10196.047949521237,10134.845979056321,10134.845979056321,9988.04465733195
2016-03-25,10214.72073792298,10382.758802499557,10177.340098383356,10252.735770286961,10189.380112675039,10269.521188511646,10199.329782700297,10180.046131155897,10108.5387097391,10108.5387097391,9926.469274742945
2016-04-01,10423.528217630126,10692.706892778218,10419.796086192873,10499.872217932627,10420.450690193917,10465.938469769018,10445.429323199845,10487.582984051258,10409.952748624433,10409.952748624433,10112.17483487486
2016-04-08,10383.142111779593,10720.235362492262,10390.23823375862,10499.93695415748,10378.877200348365,10391.64113056259,10407.719152581389,10380.985908299459,10264.301618573072,10264.301618573072,9993.909691844137
2016-04-15,10424.71636763966,10597.755469254389,10409.878694272846,10527.856322603033,10411.579100502453,10453.433530165197,10448.599983093918,10314.015256350533,10206.78746672072,10206.78746672072,10154.205088949213
2016-04-22,10256.827382773132,10455.89840797458,10217.00613788441,10286.517817757074,10221.126197878748,10254.46546764207,10245.09119038643,10072.740984995187,9957.584798235275,9957.584798235273,10212.358248099674
2016-04-29,10241.932095250999,10590.756225378735,10201.34062820335,10225.632852849769,10184.804267463664,10156.214084899882,10167.237525686041,10141.628287995283,10049.07486236377,10049.07486236377,10083.342448409478
2016-05-06,10372.578428403087,10714.138528990115,10335.824772090622,10366.966116094833,10313.83331160072,10281.62401415109,10299.291392990093,10320.15525381238,10229.590485991583,10229.590485991583,10053.529769604023
2016-05-13,10465.143147751376,10866.3510462243,10406.845029326052,10366.360481654541,10391.877698093973,10357.759867631888,10357.803533844277,10422.552500570691,10371.03009783344,10371.03009783344,10006.613893382388
2016-05-20,10332.885513825278,10666.675064323297,10227.362513526788,10115.082546627666,10230.01106895678,10214.61811804773,10183.33269819574,10204.36338100895,10167.267277024448,10167.267277024448,10042.29160670003
2016-05-27,10572.997555544414,10890.17333517246,10458.179917903835,10222.655459023827,10443.693645835992,10353.563151992266,10390.158407476249,10400.7919920991,10347.246804232935,10347.246804232935,10274.426416784228
2016-06-03,10606.94483587627,10892.371799793975,10484.024238411102,10213.71564593536,10462.366235152891,10355.966886277301,10396.67092768765,10420.732425048245,10355.769798003477,10355.76979800348,10276.375561787152
2016-06-10,10605.589870005266,10969.898928660648,10482.606293602013,10249.464310903555,10467.533223820305,10365.9592818788,10401.514850712887,10439.574069702136,10355.714315961675,10355.714315961677,10266.115931272885
2016-06-17,10453.584104518091,10857.080504404435,10348.205794873555,10167.98757350686,10326.875779495265,10223.599840486859,10278.632373290118,10337.240928381483,10231.504280278576,10231.504280278576,10145.110545560852
2016-06-24,10321.464625836481,10779.199214802175,10240.66176355109,9983.458501827463,10195.24973995639,10038.66448508354,10156.620173081223,10231.702060538268,10144.238530977882,10144.23853097788,9983.987091820223
2016-07-01,10695.703153403156,11200.232611597537,10658.93730045563,10262.151277555222,10566.246999838897,10276.289057706208,10545.679608787217,10550.62453785883,10473.402043404076,10473.40204340408,10312.134232820494
2016-07-08,10819.605657673788,11345.003676665825,10782.991973216256,10385.795908065993,10696.369107031367,10428.1417394318,10679.228815746947,10750.90689050423,10671.12887509212,10671.128875092121,10446.242448823072
2016-07-15,11190.67970269656,11336.849957776845,11011.005369619043,10476.065387040862,10951.32968593461,10756.651395476476,10879.357601526795,10857.718190731204,10763.064237869208,10763.064237869212,10602.45740106198
2016-07-22,11269.602364747054,11640.195547449148,11127.915711918035,10780.311407683312,11095.649559000833,10971.691942398167,11082.13192157595,11070.607486207362,10999.357444515901,10999.357444515903,10671.72464661738
2016-07-29,11152.355018937045,11593.268818464074,11012.28493185708,10442.131939989249,10945.86621733711,10682.216840134297,10923.739555774338,10927.026626076073,10872.653237870696,10872.653237870698,10665.830572924564
2016-08-05,11150.326169090842,11554.530676367465,10971.641603533368,10377.230241311156,10908.867483789207,10649.193764266935,10883.940384555224,10919.976260127916,10876.723116062736,10876.723116062742,10717.901343695696
2016-08-12,11210.10746847232,11580.455311577525,11037.628588267971,10391.725253988234,10959.836948735288,10675.091980524263,10935.368016171275,10929.320449673694,10864.34417620333,10864.344176203333,10731.655355612495
2016-08-19,11237.052772506158,11587.342899075422,11054.239731751039,10335.840591175538,10975.036301520113,10654.966295463157,10938.074361553636,10867.44735895668,10800.109056820442,10800.109056820445,10735.582684798974
2016-08-26,11211.333162876124,11592.849308738128,11023.111869617715,10422.785324063188,10986.711548353305,10773.462948188331,10949.866588452089,10911.525431459353,10870.387306345718,10870.387306345723,10674.17801739307
2016-09-02,11359.994426151148,11749.249436980554,11162.610731049932,10526.476511383345,11117.944085223908,10895.695888050968,11081.622430822637,11000.417822334672,10945.153798804009,10945.153798804013,10727.234360355298
2016-09-09,11192.575594433725,11480.14658195473,10915.808753943847,10329.81366221291,10917.979118258212,10788.058935769617,10845.326943519918,10654.218805113167,10620.835744408345,10620.83574440835,10477.192055548969
2016-09-16,11237.723589593126,11622.051370538009,10976.958271855532,10354.968653315551,10962.373743021317,10771.452337944434,10893.602748301138,10742.069627816336,10703.830776707935,10703.830776707939,10534.555876971386
2016-09-23,11497.870939728857,11797.173951769177,11247.721857279155,10643.663723576112,11236.998922005423,11069.647725862542,11185.723224857933,10956.68773577824,10913.157920369076,10913.157920369082,10663.913107027782
2016-09-30,11431.183508253389,11731.712286541115,11180.35306563608,10606.301480057578,11179.058562709186,11019.338985421455,11121.631935231175,10881.82514190073,10813.755774924448,10813.755774924452,10679.222035071067
2016-10-07,11248.034822329726,11622.586599322085,10979.76627420892,10439.128969271156,10995.709007522924,10869.192692306418,10924.477751731902,10724.894388909881,10688.043415159367,10688.043415159374,10617.010430433704
2016-10-14,11138.848905834264,11540.413994647459,10885.95613897094,10342.31358689074,10882.136216826599,10724.049361777632,10823.357857662102,10646.504503408742,10567.407050687778,10567.407050687783,10522.21598515377
2016-10-21,11242.996102046638,11862.381373264701,10996.425267223647,10557.999033104978,11021.360143639238,10945.668165106226,10984.972706045184,10858.621326305718,10853.362789149596,10853.362789149602,10564.673907161045
2016-10-28,11130.125822621974,11856.055399122348,10906.741106722686,10436.750880513871,10906.205706178864,10770.363965841725,10862.524887195808,10794.117541083193,10772.900865735355,10772.900865735357,10493.579833151436
2016-11-04,10933.650388110012,11549.771598109604,10732.469898600482,10323.996952493522,10743.319971604746,10655.037441033213,10714.395090501142,10650.662757733337,10643.882933568333,10643.882933568337,10296.581551654946
2016-11-11,10709.115005759171,11178.461001716154,10479.885897243197,10200.04083052106,10525.97704233616,10548.07103592515,10509.117311234444,10482.34793625539,10454.322405180734,10454.322405180736,10685.145147944515
2016-11-18,10874.669970955494,11319.61534228882,10589.229367735086,10342.173009487597,10657.478911798758,10754.043177985173,10642.957181913793,10595.249355564487,10587.115240539517,10587.11524053952,10787.837370380767
2016-11-25,10997.737785480083,11601.070716098748,10724.464363419793,10416.32446979149,10776.815788759173,10821.714869672123,10765.273904023412,10828.514095343198,10843.58451747618,10843.584517476182,10936.94212324106
2016-12-02,10826.816581726122,11281.980724244653,10522.60538987275,10248.899398835263,10585.692818483092,10673.929795925842,10567.705004521158,10633.098863315841,10637.263551543101,10637.263551543103,10846.096126551703
2016-12-09,11141.63116093711,11584.658151334559,10824.427615974564,10398.364429276982,10862.900988683114,10893.172351816085,10839.330572464967,10907.49304751541,10889.407274780724,10889.407274780728,11183.31229166039
2016-12-16,11028.13271644606,11569.459360410814,10790.577051193022,10481.50974086419,10817.402532085101,10841.154097804258,10829.357733678566,10976.880961501356,10965.513991436446,10965.513991436448,11176.219691785187
2016-12-23,10988.384638477733,11515.782572485292,10786.692567101632,10559.906019851687,10822.086050186934,10884.428498711757,10854.2467333167,11013.575832001743,11027.843199085713,11027.843199085717,11209.492432961522
2016-12-30,11010.578992057173,11524.926845623093,10795.752563583299,10512.18059686305,10828.451406256383,10867.801354667854,10854.324767217582,10915.825330723941,10920.028769104863,10920.028769104865,11101.228207744902
2017-01-06,11209.248756648762,11684.724229848009,10951.885200533747,10687.659009376128,11023.80123858834,11127.140082678861,11013.049541817376,11130.317989703814,11114.04317786572,11102.620253427865,11283.992010881433
2017-01-13,11284.971077967268,11882.665587265386,10993.786323139697,10706.828249984364,11088.694741663614,11208.267604584116,11062.919033898204,11168.512585614533,11157.824291251163,11149.325889943451,11276.04407514039
2017-01-20,11434.444193484738,12315.000558160818,11128.527761646299,10882.685813045462,11235.533336912287,11414.70599145269,11225.558780633968,11312.750183951703,11377.612850436139,11362.966921513775,11260.649789505555
2017-01-27,11624.175855186832,12457.941655983055,11299.568483722393,11013.458506314102,11406.858804079004,11536.345510209041,11354.30128543574,11477.3723075413,11541.316410633757,11504.708206278709,11371.395544703324
2017-02-03,11550.072946048549,12192.029172201655,11274.919073549956,10911.677761017587,11317.323837479895,11323.107883794428,11287.179962626698,11461.029325057358,11531.139169985508,11476.614882981414,11389.772066191392
2017-02-10,11850.419239865589,12899.505653259293,11521.175294632898,11172.17085500209,11608.08157469882,11741.731503260684,11581.272736407429,11764.811590709372,11883.100607512235,11835.440303895488,11497.540865386954
2017-02-17,11981.588643375759,12958.36470747487,11649.483748217599,11295.639416500662,11744.418310514731,11855.048887737543,11676.21038147526,11856.201225579107,11906.655994769877,11884.966812947512,11675.336328710162
2017-02-24,12025.594176539747,12911.815054098774,11703.036767647876,11352.127807738494,11781.294080846692,11870.150243708193,11716.547425318104,11914.97877176275,11991.32338954194,11931.871442934647,11757.284016474203
2017-03-03,12064.355757829382,12904.88558821669,11748.65926367157,11337.631711717235,11808.908120532142,11875.854816615769,11743.231974520633,12016.2600673359,12154.414223998638,12057.942536721854,11840.717102326253
2017-03-10,12184.517420128162,13360.084141615107,11773.997283852721,11378.991300815936,11889.030306708957,12075.42838055366,11752.250382751745,11972.542582297741,12124.797945157106,12007.953894357222,11804.461245321514
2017-03-17,12335.532018593209,13446.589041244122,11932.913378875086,11496.65072674628,12024.355800564259,12178.69538905351,11901.797458392171,12011.64687302483,12190.97648975366,12046.287446904538,11822.891445294992
2017-03-24,12285.754075103143,13218.918059594904,11916.166436343687,11466.48241517291,11985.75538562973,12088.281132298504,11886.230707296083,12000.602567286689,12133.611946095207,12019.992940539867,11664.778386613058
2017-03-31,12364.990741117052,13284.089535182233,11974.979059527848,11587.862609942164,12084.721246476662,12240.19994631084,11961.550297172807,12116.327458133797,12178.04070736499,12138.829358714378,11758.552060695069
2017-04-07,12323.767423780642,13210.48867721664,11956.15151101916,11545.389980603733,12048.969444289596,12147.661797009203,11931.758958190661,12053.948606816097,12083.899979834314,12047.472671821934,11731.616020722373
2017-04-14,12329.548204800109,13130.606135555978,11971.6907566303,11643.311641046008,12080.36051314489,12207.212209021303,11964.597921921079,12049.796756337335,12030.090686745882,12041.205778610049,11597.438286681316
2017-04-21,12521.734529335656,13460.220200912361,12142.964880749054,11766.171557406486,12264.53860371208,12405.323379461348,12169.938389730178,12283.373236077477,12285.219482723505,12300.831276310751,11701.189119247825
2017-04-28,12823.902480260886,13891.47445453059,12376.379520190812,11911.070432024411,12518.163934488126,12632.041395645309,12364.391673437307,12420.206275980625,12547.057705756231,12437.084177994482,11875.267567450332
2017-05-05,13132.44691412061,14239.687060876156,12664.462781226364,12062.77258524637,12789.897540401924,12828.062689495751,12632.627799941678,12677.27592562462,12798.844192435628,12687.046197277281,11956.07304744291
2017-05-12,13157.049350601239,14124.337051338449,12715.863125179876,12049.734403895065,12816.74761982393,12771.561803040957,12680.682597529682,12724.923489735185,12841.419687600206,12756.775295675117,11920.160380754714
2017-05-19,13318.414179455156,14288.913035506532,12858.192569728422,12138.002314078843,12953.738009816856,12879.923147619547,12801.700015509068,12814.247870477979,12924.675366426343,12846.447411140081,11886.739803749715
2017-05-26,13694.733064693226,14832.005470305967,13191.218035898357,12373.336282015238,13282.187099555951,13238.105632410414,13103.390813792066,13225.120909033414,13410.03198387077,13276.564799238213,12056.328618631715
2017-06-02,13947.742784500706,15341.039301652752,13404.76545618075,12593.326884991704,13518.364561505994,13519.005035490385,13331.292771458995,13410.001247568352,13655.151558613885,13493.842471404765,12179.03411637339
2017-06-09,13690.91651817791,15232.067588111164,13116.141161445712,12388.924375847033,13260.041780634941,13354.779902483935,13043.222502257711,13061.281690937545,13308.65307499591,13138.227929090652,12141.122146097543
2017-06-16,13797.83421841393,15255.761481385622,13231.856362318844,12468.356848844864,13349.69215954705,13412.255037088018,13154.00845631465,13156.626031871472,13373.405370552167,13187.905877253308,12161.738204394844
2017-06-23,13976.502493911954,15681.444993637235,13317.699729304166,12407.354446069396,13437.023436322217,13502.078939825102,13209.9705572094,13200.613265487395,13472.424146459372,13161.104989317417,12186.300071357204
2017-06-30,13716.194911139852,15454.162870569096,13111.710095850733,12244.531580706345,13209.621947859509,13223.624684395576,13023.905986402728,12975.410383950217,13186.402066085066,12904.060614232834,12119.6357923565
2017-07-07,13577.574635662879,15224.663591578685,13024.364071661392,12157.432804407677,13092.720377032629,13032.628773883613,12932.221622102468,12988.542092195083,13265.416007163198,12955.13655976923,12135.173513944146
2017-07-14,13796.121377282692,15431.206987978643,13220.680207998703,12154.46861787977,13244.83403772587,13068.820831962295,13065.60872655851,13101.553862255609,13443.04887793552,13037.653471614914,12308.0974347228
2017-07-21,13951.570207051367,15670.159274794825,13366.478759665273,12015.498663244027,13306.961957570793,12964.097372367409,13163.649574025547,13172.938745229967,13633.46410754433,13066.83951731555,12374.257487950737
2017-07-28,13862.533619868616,15096.493305779954,13323.233488192127,11959.362710892727,13225.971638411791,12740.354064284738,13071.289633786957,13052.879001847678,13452.228942498314,12829.301353885592,12375.759605566987
2017-08-04,13966.54840026488,15520.388816257646,13374.422540735275,11956.478613660764,13299.940641915546,12867.04431249005,13127.840351277171,13056.960291403226,13449.950155373903,12835.366777187684,12400.822178401431
2017-08-11,13886.016170257573,15600.25755377856,13280.801876732374,11905.433156670726,13215.833954174816,12817.114949220442,13028.627254563475,12972.82013601866,13414.862766829361,12764.610680236887,12235.917471352644
2017-08-18,14063.309226329618,15940.798108665615,13422.997399554233,11990.863512214193,13361.380238973028,12970.724888252475,13166.02885108701,13030.260740851667,13508.451834384701,12824.42504729635,12165.247545375278
2017-08-25,14161.383916422623,16200.539770425215,13465.722885183664,11974.393474564622,13429.320065686154,13053.17165933829,13174.302666177522,13028.42476272656,13500.022477128663,12826.6163105586,12257.97228905391
2017-09-01,14352.64207443972,16410.411274967802,13633.829616973047,12088.94957951342,13602.18685669822,13218.431063684628,13316.477517131234,13251.430996336792,13760.511956252247,13075.915600867425,12422.376290230612
2017-09-08,14652.090024795183,17320.090114359242,13786.201808344651,12151.693478085757,13823.97009259125,13545.330117078924,13417.758612101667,13280.37882210222,13807.208883597248,13088.11191020979,12359.222232185515
2017-09-15,14689.121043854433,17260.093145571027,13842.142862254364,12140.085117314993,13854.267918802712,13544.17565258367,13506.433679887046,13349.662090760166,13877.90199053355,13192.619923658147,12552.02919194434
2017-09-22,14578.460702983224,17082.871954825976,13743.331544893023,11946.343715607703,13730.338840026605,13323.985382905936,13412.242512746707,13338.473321758342,13858.466004511267,13182.825863467935,12564.618116735237
2017-09-29,14647.61280243942,17364.190191567843,13758.37585559369,11984.789506303709,13787.969009584633,13496.674273692297,13427.15259386988,13300.494015683329,13885.923040834938,13193.016158664157,12654.784772592875
2017-10-06,14871.443107519046,17719.45221244609,13967.165550493426,12028.79186125322,13967.31540736835,13587.301040208853,13624.154970660267,13482.218745981201,14070.445652455439,13373.330951632883,12812.95062978505
2017-10-13,15106.41479420923,17815.820241424015,14189.411044110544,12299.022588890464,14209.727645735205,13833.333201764264,13831.058258816389,13634.185893964044,14195.834196706766,13522.556927334961,12842.161405573797
2017-10-20,15042.594874744153,17566.35283923052,14164.022228964812,12152.32767391322,14138.672777928192,13594.845710157122,13766.207035264237,13609.779462444316,14141.149809197808,13460.704709051659,12950.96505557001
2017-10-27,14928.146011522314,17473.571383706094,14086.883184971737,11860.565855593537,13970.600597808701,13231.002922846825,13649.227680750406,13548.481972139803,14269.56789347964,13424.3309765287,12981.190442730485
2017-11-03,15030.30543119714,17549.351174982676,14183.128359566883,11883.315420795268,14054.960240847278,13248.382268725263,13748.213631766033,13600.134014652942,14289.324048219212,13431.66197041694,13018.463551032462
2017-11-10,15296.346512915175,18112.58786473523,14378.84451595907,12044.46322585734,14298.72372000578,13613.761990465375,13944.075357195336,13752.247788948029,14471.140206437185,13616.097882957929,13000.329902691483
2017-11-17,15339.885347978963,18000.689121152347,14435.636762811075,12063.012364939543,14341.28712832708,13622.206033837434,13984.108306263128,13812.541870443758,14554.348512630997,13712.571953161374,12988.745909545436
2017-11-24,15581.645106320067,18311.73134158749,14629.036025065556,12135.647899848067,14523.030809529248,13747.8773250824,14133.068984837513,13865.798183307903,14628.09249146205,13713.045847940679,13114.672996386753
2017-12-01,15372.598487848465,17800.225458702876,14527.346505740416,12359.798250068214,14441.42728401577,13766.752753342324,14115.740559538335,13947.699501999641,14626.668866895554,13863.383477520683,13321.19260922936
2017-12-08,15524.69252850296,17839.348694784472,14689.664831124894,12535.701146432804,14610.319883286273,13948.260358589558,14270.573877894492,14085.692719836163,14821.146097812523,14088.720240545656,13374.086156785022
2017-12-15,15620.18404009397,18068.46356214067,14795.489928370085,12680.654951164619,14719.278254560835,14109.681622291919,14396.67157789269,14257.793915928747,15055.880006643838,14284.930685150812,13493.075519381167
2017-12-22,15626.14196198972,18037.43471583095,14816.512873459009,12609.8121501045,14703.760281560448,14019.436103839871,14414.850417316788,14185.437562698931,14978.166448018324,14218.230134307343,13543.703130872482
2017-12-29,15642.612659813802,18092.51647549251,14846.910233130311,12634.381467429097,14719.5119469233,13990.083970589498,14417.80109666662,14170.86548918481,14963.89478299064,14192.731178642916,13510.799979267807
2018-01-05,15957.23940339618,18489.680279972883,15087.124633833684,12763.567157390287,14997.316224588563,14282.361598257547,14649.294355271628,14421.170074973143,15331.968817584417,14607.069741416819,13842.919328188256
2018-01-12,16148.688526421382,18853.19226887982,15183.91828627646,12913.777751138578,15175.865054220694,14678.863873570957,14777.436026495185,14481.97454571347,15464.147092375302,14692.550323941294,14070.748419762609
2018-01-19,16428.8949567486,19167.50538368999,15408.912595526333,13106.803949666606,15429.967697936441,14977.035679418748,14969.40055553504,14797.38913557651,15748.899668434466,14995.962413235007,14196.815422656055
2018-01-26,16679.562709350063,19523.572582739118,15647.547406498057,13225.73345079939,15628.381974055157,15067.823463391162,15174.236357941747,14992.04892484819,15967.74662705277,15292.608637708841,14509.196048524318
2018-02-02,16300.340051393085,19048.785177432455,15328.596799946186,12992.482428650219,15303.43053204857,14899.523004751949,14854.446525979281,14722.935788781404,15418.598439210773,14813.502163705376,13945.698668166402
2018-02-09,15381.549567446096,17725.97571602969,14511.44934914206,12228.417724237606,14410.055614876655,13947.58584710705,14086.965510484182,13851.217386293694,14568.165956269646,13844.85154370896,13239.426196350465
2018-02-16,16092.494094757489,18508.291790766925,15076.581037276716,12752.359137802989,15092.744303859616,14851.850517761906,14664.888915804077,14349.984615096197,15129.56590613068,14386.801407110659,13827.224091045071
2018-02-23,16304.750246970561,18789.41136437203,15240.146365813946,12904.364803200237,15295.484049649403,15151.216094861344,14849.895266298001,14530.245117074297,15425.50379405615,14706.0670738124,13908.229325401378
2018-03-02,15923.572404961715,18426.821083605213,14883.175802935964,12658.307754549762,14956.48227320862,14835.55763703663,14493.636247191691,14200.2044369841,14996.682903921226,14286.543811942243,13623.193047984983
2018-03-09,16455.82982203334,19226.086933752827,15397.974843737991,13089.52605626487,15457.553109112923,15320.529403911125,15003.322662145076,14602.671322349672,15510.916393206033,14796.657587783615,14118.847862588733
2018-03-16,16269.807860233297,18916.824525781918,15219.887040218338,12990.080485423421,15286.029474644054,15151.716843779848,14836.110336569174,14386.219333540543,15262.410015036077,14622.62917705878,13938.00944512552
2018-03-23,15657.663501530515,18112.13557835057,14624.580851062177,12695.912307285704,14775.924729012231,14928.335809346676,14379.322610310532,13718.391125542294,14576.975201928437,13831.081059042022,13117.082368403917
2018-03-30,15884.175698716866,17999.824584975533,14915.126434756037,12917.011673952646,15011.180844336019,15020.013817760817,14665.050157711124,13943.954901480407,14940.345625480742,14136.275048677588,13376.32481361908
2018-04-06,15633.58223034022,17620.52360577184,14765.021260636753,12654.2240975248,14743.68110501127,14392.49042097313,14414.113358388106,13961.068522180229,14883.735252705415,14026.498415874901,13201.970053213
2018-04-13,16154.398578115395,18511.51026024724,15126.847466708174,13164.842079453707,15251.03633117845,15318.585744658347,14871.278259142275,14243.23569171894,15053.530820841732,14228.526923241567,13477.983065229853
2018-04-20,15793.562057366162,18383.591017070336,14728.285958913933,12674.352852825086,14854.239151789048,14864.85297621845,14438.695580287203,14049.806091628843,14872.516047257466,14137.688004688549,13552.198411169651
2018-04-27,15964.388083708369,18319.251289094365,14865.613681153112,13091.005230212722,15167.393320621812,15526.41445227777,14686.12864252706,14308.921592741679,15341.221830396376,14608.178499773809,13549.65968280241
2018-05-04,15961.343113359015,18716.535854060083,14828.459091715189,13017.507658063445,15136.089278506464,15498.75168178557,14646.640525714414,14278.390150043457,15314.372126644439,14597.196591616099,13522.208857354903
2018-05-11,16181.574563293569,19197.937683518914,15012.143429166275,13165.034889463812,15341.552917169143,15722.738184598042,14839.142394714501,14391.368448801724,15453.519724844216,14836.691095824983,13869.391621246037
2018-05-18,16103.809442929658,18992.386797568164,14973.853673435984,13177.975117399756,15315.01288639137,15751.60326859693,14849.952748147889,14254.407669274942,15421.56622255739,14744.135346923973,13792.121001513842
2018-05-25,16302.672571363812,18647.489109468548,15195.677324860979,13462.341255728503,15533.082951338936,16026.670231229693,15201.36677802764,14545.067281273474,15874.967762379238,14776.041944833249,13833.807185296479
2018-06-01,16505.796196707357,19142.357674198174,15309.338116524434,13516.374782401008,15684.55935129138,16256.694485133099,15278.965344755215,14795.660477810621,16013.543247033602,14972.845250975837,13907.511265662148
2018-06-08,16700.584347138763,19487.213914330456,15494.128534872922,13799.414956411174,15898.360805939745,16545.322727494022,15491.23060997455,15019.81930853996,16300.321782251553,15247.73505723692,14140.822602549466
2018-06-15,16867.429695412353,19728.420816490012,15694.047487122094,13989.85516462539,16080.442082231155,16691.28890199038,15678.53217458168,15271.099350484332,16589.452144051884,15554.518648924284,14150.20049794277
2018-06-22,16910.17359020187,19523.88352253238,15698.611043024504,14117.119512388632,16151.00265668473,16979.199912771284,15751.171495976281,15306.89766219244,16598.23347905347,15571.24415989953,14028.16906118179
2018-06-29,16564.323174091605,18974.727160805036,15428.137043188082,13738.72118209683,15781.856079754574,16410.204268400554,15433.890750457329,14980.053864954201,16215.038202335389,15160.401941735716,13851.501726027318
2018-07-06,16874.64060126133,19219.813827389436,15712.685854585963,14025.621720036168,16107.108937145302,16803.822768264643,15750.766441940803,15338.904820877513,16612.40518102042,15497.844086357001,14062.892001439306
2018-07-13,17175.280749221092,19310.164615480244,16047.174205721427,14198.837477692945,16384.368554063447,17027.46463660381,15970.433918950146,15770.028024400706,16891.68106362201,15818.035083158007,14275.807273821982
2018-07-20,17327.144214823104,19537.292779520867,16181.78882970744,14316.43308660326,16515.558427505814,17165.30708114677,16083.763533572448,15814.990949691914,16876.280435238277,15883.79980286022,14280.406904038813
2018-07-27,17082.929675423562,19008.77601164842,15984.58889972403,14235.782461486786,16349.104262385574,17025.46544478483,15932.903154618245,15592.451766377073,16897.08157284807,15661.692523959975,14369.24919726467
2018-08-03,17200.176719652638,18936.672326559623,16105.474729083197,14408.352662607262,16472.938795480346,17198.329189419463,16118.42719498529,15722.181396604194,17082.078104737426,15812.305853426802,14480.556376621296
2018-08-10,17086.153041609123,19157.41448288063,15967.000973105756,14326.263268941486,16384.68568653692,17161.795285643337,15954.154300399994,15663.966727877265,17019.30256956853,16041.586489135396,14458.094130416035
2018-08-17,16901.661690635476,18411.463840084387,15846.127495794815,14262.011957015831,16248.404934970495,16907.406798249212,15814.357691016916,15814.599818977924,17187.711817086976,16076.593279403434,14555.10611312593
2018-08-24,17042.56955455003,19145.793387176243,15898.162275186167,14300.270506707893,16366.233106935855,17217.80111465291,15907.429115600398,15789.891122759736,17333.279257212096,16215.693454986606,14680.201623431012
2018-08-31,16884.699684259667,19175.05046348786,15735.077715164358,14086.210121016311,16148.458144426155,16930.148116241257,15734.549575450446,15675.157405818656,17210.4643134578,16108.778062716563,14823.169429451396
2018-09-07,16729.55283643476,18861.67660916944,15643.48316717242,14212.905771241874,16082.163235390803,16937.17429942297,15734.274350223714,15607.502898583416,17156.22396794742,15964.162872506995,14684.799493697505
2018-09-14,17028.749322179345,19375.44571513792,15896.931805293509,14492.401502763169,16378.339121470466,17392.47197748226,15974.690558350168,15797.171821425574,17208.827515039105,15919.658219141,14852.275488194844
2018-09-21,17098.640592818454,19345.14844621559,15997.32209160025,14503.813239110304,16409.42696409676,17282.64022143689,16082.030951773098,15809.58944308234,17335.374528045984,15968.152440229915,14976.43998476941
2018-09-28,17007.051898476333,19431.47635700596,15908.590637855152,14364.88943404502,16293.81067987766,17088.468318929303,15996.053714787102,15750.200978881774,17357.47287649187,16051.708932105632,14911.305982590417
2018-10-05,16652.83195235458,19035.13929775185,15603.855748101296,14102.0880375075,15970.742476581767,16709.884250576102,15694.52642290556,15431.686541683444,16988.787126818024,15652.583637189477,14762.554979748713
2018-10-12,16273.731471586278,18707.650654620174,15273.144334603052,13886.035869788511,15636.676352731962,16448.713384534287,15393.966231527485,15076.028554494786,16565.797482213908,15228.303473158574,14153.733598252811
2018-10-19,16361.64778865524,18422.94616577335,15422.62038788603,14152.036426470622,15754.460915172205,16507.278943607256,15547.572117609188,15305.620379259044,16658.739722301576,15222.731914818247,14169.121724061455
2018-10-26,16040.50748222589,17870.512373949274,15160.176524774897,14081.151344582964,15511.781078315375,16292.712820007582,15322.39889128858,15141.374793800444,16499.758638385967,15029.090652997795,13609.026327713158
2018-11-02,16332.53569126568,18124.421390757536,15453.73395381873,14393.896183437866,15839.579444317515,16677.732307420163,15601.102146064852,15576.718758696215,16880.345100862578,15423.881433955776,13945.490994026135
2018-11-09,16449.160860683554,17308.114233889548,15653.133989999815,14823.902797165101,16032.361300033204,16890.088697889307,15858.638158483407,15891.049625347328,17198.089235127612,15669.816120379754,14246.570098778115
2018-11-16,16079.773744386843,17064.580274607473,15342.052794834737,14555.764776279731,15666.782542371915,16370.868237382607,15533.487602074469,15556.541206496908,16932.44885307048,15419.391291991595,14039.869211050367
2018-11-23,15650.458998081174,16371.35248554315,14925.0864871093,14208.23710898971,15259.005114707135,15977.395035773794,15129.392213360137,15141.20445629814,16514.525188252184,15012.896014087082,13502.340777952635
2018-11-30,16234.110342178228,17092.179837138367,15458.690931839774,14606.713624442655,15768.653560812838,16391.07173765976,15615.810437315073,15700.288406218117,17142.00396382031,15707.515632478151,14138.346352419348
2018-12-07,15706.44780464798,16495.19828942887,14954.803259588285,14256.908749398459,15296.516766047609,15997.523956767564,15140.285369821077,15169.041855229203,16497.141244741117,15091.96571518941,13518.753194859883
2018-12-14,15537.511624254368,16212.80065908505,14845.575136572263,14077.658864716135,15122.074932148975,15595.235236670853,14992.983094442456,14963.803756646996,16311.075375652681,14988.236262270111,13359.748721330106
2018-12-21,14627.747014514376,15371.957308402709,14008.182976351785,13194.085096049173,14186.1323290984,14440.692123092618,14137.722262767868,13969.707224528476,15166.09621682629,13892.673123569113,12417.82329869783
2018-12-28,14983.346352972047,15782.262486418413,14293.330540939716,13447.507601020401,14529.031280314932,14870.075660311886,14406.10001590067,14346.659486839368,15595.500095033927,14393.097163396886,12781.537276144243
2019-01-04,15212.814793070667,15815.271816003398,14490.902266227593,13553.395858313093,14732.915921938225,15071.964889950688,14607.923707045904,14546.588477324061,15808.444707244502,14540.538887299304,13020.916921808162
2019-01-11,15637.067397363886,16401.926199373353,14811.260816182528,13698.923272145583,15085.779458067427,15495.104762556295,14879.067875584906,14972.508358905563,16239.562127955625,14993.528699819663,13360.897088927768
2019-01-18,16000.013413451772,16885.9162545042,15108.746135052224,13898.225268432363,15399.707214262113,15817.085537020663,15147.720062771372,15186.433996398053,16574.93108224904,15293.340803576239,13746.790840549675
2019-01-25,15986.124473194346,16822.177564714588,15108.008051445015,13907.879737100553,15387.185564547643,15803.023444580389,15149.739098506283,15185.773348457826,16612.55439599574,15299.582654131162,13711.71591022391
2019-02-01,16433.014340133082,17123.688019605775,15527.448571432064,14307.129170668411,15828.349029277171,16243.85845277547,15577.376040361101,15647.464553972824,17181.026048962118,15528.443315006001,13932.517520085685
2019-02-08,16464.521898201536,17033.66027076644,15587.87519170801,14425.79360492039,15894.056984829687,16322.917094798948,15688.192451163048,15792.54485245039,17484.384475923976,15730.89636484764,13953.673883137744
2019-02-15,16541.953479430857,17011.253095852775,15652.955295124148,14433.158992697441,15973.011265807063,16419.07812214096,15768.098980330687,15857.326880258885,17443.026261198193,15915.20349027583,14309.645839033039
2019-02-22,16563.73410970194,16949.675238256314,15674.558304011614,14464.13584196472,16001.402842028005,16420.17295153426,15798.230196236818,15871.77713160276,17554.795406542853,15860.368387932724,14400.958222562827
2019-03-01,16725.012884736647,16797.65530774322,15836.8973328214,14447.502103091843,16131.625245071593,16425.65333430561,15939.586436856622,16076.339680976333,17621.37184864927,16015.745820698878,14466.99331931654
2019-03-08,16800.025052297293,17024.693408685678,15884.330050941233,14507.639556706206,16200.89956452145,16497.949212954143,15967.49268229358,16075.788512150146,17722.675003433105,15972.00358282679,14159.519434999658
2019-03-15,17503.352290384522,18050.96714900515,16430.112766005677,15067.659128916232,16838.298943710088,17416.74886956974,16512.532278886873,16682.98768930247,18574.32721286321,16434.4776041717,14576.837099964427
2019-03-22,17448.565831828993,17900.226111945336,16409.474554878867,15030.480549694536,16787.99157944967,17273.75656891686,16485.206967584432,16641.075469551106,18540.89363228001,16361.55998738956,14470.093471842638
2019-03-29,17681.83803960294,18122.547228609707,16641.00514073154,15253.510433718404,17023.566561202053,17503.740148055764,16738.69763847272,16832.321428095813,18675.086379999724,16618.454259870363,14637.464749294673
2019-04-05,17708.429799352838,18007.92327398983,16696.566951851186,15287.240782143268,17042.543439088957,17513.73409103113,16780.95948803636,16799.792746732903,18662.090215062435,16575.63319245523,14953.032645230922
2019-04-12,17810.81335707473,18131.644183412478,16798.275319722838,15314.774217313367,17124.261826569567,17492.592010130098,16849.553227790188,16871.21171466418,18708.762612642196,16565.92635881286,15035.424720456125
2019-04-19,17842.199586924733,18080.786109548335,16855.995661740064,15329.74769193087,17143.063596243977,17416.117629582943,16911.82838193001,16820.09388967085,18514.221415769054,16571.463420272972,15028.168445199188
2019-04-26,18052.314828742885,18483.18247802262,17090.637270680923,15548.860112120565,17358.0490597048,17606.961647053282,17137.56533547915,17074.355955276482,18737.541635715294,16965.204035323226,15203.836128559835
2019-05-03,18495.117108100258,19358.937672532054,17359.222177793075,15872.088948772316,17758.923817110623,18298.89402347556,17422.475385562615,17329.32795739259,19007.01392951501,17152.062277551042,15235.955222287486
2019-05-10,18182.34423397067,19047.003825716376,17117.867048557022,15681.786439460566,17482.42462398583,17954.25673104057,17192.415312640373,17232.630670686485,18923.922300495742,17076.300617342047,14928.68021235917
2019-05-17,18159.317370965407,19043.541338230378,17107.819569628093,15744.814192874981,17487.175409849908,17974.70884144601,17226.66709828656,17269.839311989184,18908.55269809729,17172.32295179186,14811.574876603321
2019-05-24,18039.572664401763,18901.896988848726,16999.214826238935,15705.492952303888,17398.63815137911,17927.63866644966,17152.737062563025,17146.16432944393,18709.805455725458,17066.436886607047,14653.008630708517
2019-05-31,17618.634825493365,18742.006021333247,16579.10914639654,15345.121619912747,16978.732665439875,17504.79262828098,16696.044612534944,16723.009432778,18253.900212377335,16796.18608641455,14263.86337083117
2019-06-07,18302.577603222773,19445.49518497613,17251.81168489068,16071.461073658247,17685.37761273707,18289.372685598737,17419.84228232407,17379.0977651174,18810.189553311004,17579.94924439212,14905.360870337725
2019-06-14,18144.441808495827,19178.250088930632,17119.01974956239,15969.825197568209,17537.964030814583,18129.70812400163,17306.99988256591,17389.063498895284,18935.483433342197,17448.201982377046,14988.78779636358
2019-06-21,18342.095310634755,19438.633897084947,17345.185015641116,16076.339995383507,17718.176454668126,18211.844900395095,17485.296582297673,17594.043812209937,18991.35314425169,17643.167543694723,15308.49685545277
2019-06-28,18444.38873330633,19424.378727640455,17375.71710266511,16138.176001560003,17789.050329360885,18448.40878001828,17531.103700739324,17618.617158375127,19241.030102517794,17579.35703466813,15256.428724607149
2019-07-05,18812.864913685567,19843.441100303247,17724.968236977227,16405.964352911284,18148.213048559875,18787.599938563348,17866.326150470482,17945.08317954055,19439.65766278828,18002.19170149584,15540.731102731248
2019-07-12,18840.164298477444,19850.029301282768,17732.24473770329,16337.054402949278,18138.04165507388,18687.629235813212,17841.981284349476,17942.877396154454,19578.752593565398,17930.33788145303,15654.758285340267
2019-07-19,19013.22369883807,19808.590196443816,17845.419526233098,16336.795753131806,18266.83542829619,18836.862039933094,17943.000482158208,18080.408948443983,19842.211813399786,17768.918897097567,15473.562597957784
2019-07-26,19059.153109152277,19403.200138028937,17986.95657263676,16299.472888844984,18296.409923349845,18662.807403680243,18066.425567724564,18448.934434548206,20171.240731580805,18133.763317867862,15725.580447022156
2019-08-02,18810.159730054027,19021.258820597144,17717.38579188446,16074.727641684205,18046.771677474288,18487.951391560386,17825.08728263278,18185.928207841276,19861.96390220915,17947.56476169595,15236.639842970239
2019-08-09,18710.87104743237,19217.786763938588,17646.27074676603,16101.941593387523,17965.64419920644,18389.27199489653,17760.435548575333,18032.04597509732,19641.767992178746,17963.931091094255,15184.575232025301
2019-08-16,18582.811535517976,18764.760556151163,17563.175781629023,16043.660618110749,17859.465340703493,18201.952513776498,17699.38491908226,17879.328827008438,19444.029890728885,17734.22979951961,15040.347301560587
2019-08-23,18303.439908991593,18514.926431904714,17326.042403696818,15850.334117351069,17604.077995437256,17876.726481434183,17458.761253287536,17534.259355149985,18921.942673779937,17419.473533082957,14832.06245852572
2019-08-30,18587.3403489628,18842.06035347846,17612.62979995957,16193.660100596186,17889.06554589241,18206.443491887105,17757.09459562218,17836.780237736675,19171.402702403502,17777.860982119688,15227.796092505503
2019-09-06,18585.712908176487,18711.503516471017,17665.172083865375,16267.352524644419,17904.37962908516,18186.287106680586,17797.958228051506,17854.125095853946,19238.873635374515,17892.97029146938,15519.382905092001
2019-09-13,18327.914155792467,18124.92626229065,17449.66055907719,15942.817504160463,17651.674535151902,17921.29904881231,17554.62906397277,17756.106197462468,19070.075684434592,17703.00443599067,15677.676358683917
2019-09-20,18278.98690802276,18071.504519545706,17397.60230448105,15829.508535623198,17587.51813394181,17828.163659859267,17501.071438401064,17753.636073379217,19054.39652418912,17858.461551485452,15603.082623420752
2019-09-27,17990.053926692643,17567.770220340873,17176.54828596633,15697.197296160692,17345.154469739675,17527.044317248485,17331.427087866483,17537.653153094736,18920.31103690819,17686.30722764075,15452.429114260167
2019-10-04,18078.434580718415,17757.205766408348,17269.69205298861,15828.961346983755,17445.788016453418,17609.571306436905,17432.080983387285,17640.48935800534,18987.575507176185,17681.897859224435,15397.50282406037
2019-10-11,18003.91810290724,17709.928231324302,17208.830959116774,15755.172882957198,17373.53973676786,17534.979037960926,17361.99205909348,17645.7543570391,19022.29083515327,17747.264043966577,15498.458855484987
2019-10-18,17988.00499019301,17480.651033137754,17202.887944654994,15693.151602794635,17353.77210984257,17463.146628202696,17355.782917497007,17694.616452340055,19140.506744350678,17735.016888254093,15586.868200926896
2019-10-25,17769.308678280795,17340.697550148197,17001.403205361687,15513.456103050015,17140.212516731528,17249.216345934972,17131.22948319189,17625.599018627156,19081.460860619372,17634.675961027155,15776.747483293064
2019-11-01,17891.627495893626,17564.01397953439,17051.02374036919,15524.357154521029,17230.694662292164,17440.16227860983,17140.047181115082,17543.037641851075,19088.446381335467,17489.328350994714,16014.240462191172
2019-11-08,17943.81877766291,17866.771811984,17076.857605927235,15563.392323402735,17281.566985972022,17592.628201600877,17150.96493766221,17641.010078840736,19172.771286796036,17625.532154108194,16160.707049489944
2019-11-15,18025.85325164309,18114.78913823605,17174.857850404722,15560.61415011978,17348.64398241144,17515.466646077763,17208.152324785056,17795.813530704247,19194.558781222306,17785.74474110658,16309.788922995802
2019-11-22,18205.266384638988,18230.147095677,17288.6806602326,15696.986749917647,17502.46971272939,17835.915791317257,17330.681489558254,17965.71329428118,19496.007404336513,17815.59671570209,16266.374467978067
2019-11-29,18599.56010395912,18624.802175290668,17623.98747513443,16009.252409148363,17869.812912465004,18292.520698210323,17685.18675322572,18375.213580906366,20073.916758514522,18264.406064145274,16441.618003306474
2019-12-06,18597.807124336083,18442.08145121732,17606.46167615093,15829.912182331278,17818.008571004946,18077.38153544628,17632.15510483633,18312.067527163057,20062.942132705564,18233.111962137384,16470.905336935066
2019-12-13,18753.62705227138,18609.4755461697,17740.973083299043,15924.931082821731,17952.120844768622,18210.03271294609,17738.03233810159,18362.970470893822,20114.17754477049,18425.21514943537,16599.070200635273
2019-12-20,19057.34752441817,18763.688221562872,18043.204353480625,16140.086674568553,18241.408238714303,18463.70052338952,18017.902404542034,18662.429888382736,20415.463773058487,18721.590142090037,16859.930040214043
2019-12-27,19250.688477707194,19004.85379896351,18205.73204090041,16310.152641853996,18420.034001287422,18707.299035481043,18172.446908434333,18859.961727437207,20724.441033895477,18830.174223298407,16971.898080923806
2020-01-03,19294.03242698479,19023.39796205268,18206.77909623707,16264.588905754976,18434.493450853923,18760.27031764644,18156.76350020034,18882.97784732715,20719.05233488857,18845.037845718936,16948.247868238202
2020-01-10,19506.69053654025,19137.199870205826,18388.14087185752,16289.325910226844,18583.41264258009,18784.71341957643,18254.610371794442,19093.824349825794,20850.5416893906,18927.789473395344,17121.713853721954
2020-01-17,19867.073793302025,19499.4083619038,18743.46623498218,16629.07458785615,18921.686936140264,19090.103942046288,18648.388765818512,19548.28532879155,21386.760111984775,19362.441322418326,17449.738678173508
2020-01-24,19814.218857538515,19364.71612538737,18641.715819749435,16518.939866547447,18831.83680925159,19043.300234586877,18554.049440623163,19478.93481750389,21348.60898634642,19425.90766982819,17282.57507486174
2020-01-31,19313.706970165444,19171.180173091,18222.823011728764,16221.05867687994,18413.47492720623,18632.955697859827,18174.539395017684,18959.11498350227,20717.875747662754,18986.564583037394,16912.49975690691
2020-02-07,19563.946665225412,19584.177059329002,18494.021132916147,16313.395762331966,18632.44951994525,18651.355483234656,18456.59404373095,19088.455527091817,20785.290816533303,19154.839510200236,17462.883747272237
2020-02-14,19914.168092804164,19923.357425002578,18804.19685127164,16588.20547890941,18951.690499298085,19011.079072516386,18776.493685978912,19443.261393330737,21363.726796711962,19625.75349194565,17746.74085796
2020-02-21,20090.050418898198,19848.903230709562,18921.70432439776,16780.56761149042,19125.013111771597,19349.904968542418,18894.266738604467,19680.106020399682,21966.454713734525,20213.52030620175,17530.166648817885
2020-02-28,18167.781478300625,18129.888248510368,17051.138717515052,15108.109357594434,17276.820425922637,17603.966184050103,16942.370395576156,17723.026501475917,20085.383074501482,18514.428461693504,15573.608735055977
2020-03-06,18253.47789825687,18189.58276152359,17186.787960924805,15334.852667292844,17399.75810633371,17742.90948544281,17123.11630857274,17728.396658532518,19987.63936992908,18363.125526006384,15636.688875186741
2020-03-13,16247.678275960125,16486.820176629786,15310.834485612751,13480.545644149875,15452.039612693226,15605.538716294137,15080.41030604076,15805.983934351378,18009.83963088644,16441.16199199323,14157.44621349768
2020-03-20,14375.273379271997,15103.889674070057,13417.112815258512,11847.705788748073,13649.193755862332,14226.332176695165,13199.419782070017,13494.812826186118,15173.626102127511,14119.034221130823,12098.136238987914
2020-03-27,15988.544880871863,16588.200696753134,14937.886640199175,13200.18857401054,15174.238934133735,15667.889751435789,14733.315005240505,15060.621873144688,17046.406081875004,15641.182357103604,13399.957426801284
2020-04-03,15855.171962011253,16556.989307178377,14810.017821688853,12918.787484734612,15032.441904817939,15460.77028887777,14512.02373962297,14922.209785707406,16775.814273956534,15494.162969340849,13123.412029806204
2020-04-10,17506.378481956886,18144.256913325757,16405.612296905405,14528.94835177997,16652.875190723382,17193.851789494962,16249.064495857341,16733.01509779509,18747.737613995305,17329.07174809803,14710.23781592983
2020-04-17,17807.47747720292,18714.500939811587,16729.80126052423,14723.043229430023,16937.847045193947,17372.963588865146,16496.875474618595,16966.05042865855,19318.95271128714,17667.474701697985,15156.51458378455
2020-04-24,17811.04094197905,18603.63657602568,16606.91317719463,14550.45248919353,16851.55768206435,17445.07390900495,16322.654704889203,16986.576281769703,19450.284153196906,17656.042443004266,14962.455419357933
2020-05-01,17907.482066482546,18514.127059758364,16645.888884333173,14462.77715962344,16882.164950422448,17391.100046813433,16341.127606143753,17178.357590401713,19694.238152858,17889.372192280436,14952.942887763526
2020-05-08,18537.430856377094,19271.756242230575,17193.623927296154,14787.006574232495,17416.246562871213,17855.7745212214,16835.38559539051,17762.23545031412,20437.95730158219,18430.774664995643,15463.19121059685
2020-05-15,18384.102421723375,19111.53783729747,16955.004423119495,14469.552704038944,17194.949475719306,17772.76126376387,16541.317995150755,17673.910161247564,20773.8155594401,18624.535403753063,15137.477200943344
2020-05-22,19316.616930357024,19709.39243329737,17627.568265165406,14945.57980643413,17928.304716635892,18763.026541335897,17194.653707237667,18695.310642334633,22219.16787391347,19895.987257561042,15621.827854505305
2020-05-29,19716.426943715425,19954.231222191498,17992.222216008064,15296.699533726765,18308.73151817147,19135.188463735234,17573.963445253212,19074.75412816647,22470.7967579811,20230.412265002295,16091.36676599538
2020-06-05,20378.694862788172,20480.143279599466,18621.3408971931,15887.163676075414,18942.451156993462,19780.30480959675,18244.972387472284,19782.034678658692,23090.682330757445,20877.321065527394,16885.574276636264
2020-06-12,19797.621068298355,20260.437140353784,18064.682218718444,15383.707766393942,18381.617611348716,19249.1085731188,17628.655360216937,19038.88087844457,22348.86408148738,20109.40240337232,16085.558929869288
2020-06-19,20366.074652684434,20668.439601505117,18453.78791097577,15512.791322320303,18783.588040098788,19722.79646108871,17943.66427668986,19653.08864911665,23030.43818527909,20691.48742099597,16391.61781411181
2020-06-26,20044.406826125298,20466.192696378697,18016.27216061228,15000.151430530568,18381.51334720918,19458.230676906118,17463.634266337773,19188.254825438446,22831.210926030133,20469.094826194505,15935.403486655274
2020-07-03,20703.327105618686,21106.334052961145,18657.068262460558,15467.355835041633,18992.789677031287,19958.22174417079,18080.381573527106,19825.749196531942,23540.221671992756,21091.738438595465,16582.271474628124
2020-07-10,21617.934744723807,21860.74802920982,19305.965769549653,15811.021321873211,19688.89320817851,20826.40070740365,18618.786204310883,20727.255907217434,24953.720182026216,22285.24715756412,16866.943442323885
2020-07-17,21722.43009832055,21759.355546093913,19363.838560887267,15954.312595706104,19779.7656101177,21041.95732908932,18719.12263828917,21092.283140453932,25628.432372960357,22956.71957118687,17086.28253345209
2020-07-24,21737.358315458965,21968.80133254046,19473.082233369278,16239.750931874314,19896.95058227357,21189.029613105235,18889.977022391184,21003.34248892691,25580.764822923422,22943.128679188834,17041.67131220231
2020-07-31,22135.853361505153,22485.37669680304,19730.674871109088,16292.969036105178,20173.46693463031,21518.011884638843,19086.53102831691,21391.49369809247,26233.272938171176,23421.19214848665,17341.20254062917
2020-08-07,23384.131317969594,23368.14829866555,20366.77287721295,16417.2643965808,20957.408525948464,23028.72421922123,19525.994081942456,22570.489915398048,28650.088802333692,25511.773993090315,17768.734957374498
2020-08-14,23402.392551407054,23153.830133134303,20428.17957793742,16581.683790322208,21020.499033681328,23121.096898974454,19642.343524716405,22722.906926017502,28799.268446672275,25682.855193687676,17889.289795799177
2020-08-21,23724.58510557611,23521.845407510413,20714.11916715077,16721.17074245473,21290.645561795835,23380.908428851097,19846.84192696899,22913.514369418714,29154.06071385651,25937.19535991433,18029.49975963484
2020-08-28,24127.86761417442,24248.60454073882,21171.760415731223,17010.843067242666,21689.87396455198,23570.073926579502,20292.442532214158,23326.83701663592,29272.094848454,26167.28648801199,18619.010965986643
2020-09-04,23671.262388102736,23878.805682844108,20818.796858241938,16849.842523912866,21339.663147457748,23231.098189717388,20047.113652464766,22746.844736231404,27991.53459421902,25110.70348874629,18193.604569253534
2020-09-11,23899.86030097379,23576.00749768195,20826.712826402818,16769.39494218885,21415.817811941095,23485.017952877053,20015.745641354013,22933.14168224511,28408.235993776147,25592.489311101715,17741.649321622805
2020-09-18,23924.571489382237,23525.028712077685,20720.022075493092,16731.079841529605,21376.875826300926,23759.986356300436,19883.574150760087,22808.5802757097,28593.361226659716,25601.775245563964,17630.84284813826
2020-09-25,23549.995402003886,23465.75900997789,20483.275540784824,16490.91396951535,21086.122102989182,23225.82326348369,19605.389404682104,22440.130366337384,27989.92145240422,24883.31151834855,17528.459496986896
2020-10-02,24362.66086270964,23693.21420209022,21020.929795777734,16902.28505047161,21695.296283516604,24114.560920421387,20135.060649277064,23292.928239807447,29410.18253116793,26265.476672545377,17800.9367687682
2020-10-09,24712.740118935802,24456.546534584963,21396.309641315227,17142.938533871802,22047.76167158381,24310.02161946005,20492.44002424623,23546.209670634486,29372.053079412053,26262.5721590062,18494.65287487455
2020-10-16,24747.059724757182,24818.6948320271,21452.71123525571,17200.76020506409,22099.406688626685,24319.588521001875,20529.292804410587,23518.68765831221,29450.25359498373,26309.54332246194,18518.114772873636
2020-10-23,25463.469836627777,24621.87018622628,21765.176330637278,17190.84247585108,22455.973713378746,24743.50168550747,20774.30437380126,24414.497749732844,29792.98122830195,26669.942850222298,18437.598804712194
2020-10-30,24143.78291185839,23470.472251018426,20618.482903819047,16180.175388564288,21269.962592634907,23396.02726146241,19559.939115763264,22954.51884574039,28264.14842263881,25320.41663762729,17411.688551795887
2020-11-06,26091.140482943312,25150.55187920906,22123.29683867181,17129.11904017762,22825.740950085587,25182.868502376074,20956.876610197975,25028.699273942584,31048.981457472804,27688.14281521607,18671.151254796267
2020-11-13,27327.382565882865,25051.152936305018,22970.916570333517,17829.309777280083,23795.795956274953,26638.061342090856,21900.83775521249,26731.576757212995,34429.38880747591,30972.540467350555,19094.523148934903
2020-11-20,27732.934185556616,25181.6761587072,23135.86974750143,17927.09674758055,24039.557846334195,27181.304056745255,22037.93766159743,27190.622820390385,35118.49510566842,31480.65766519863,18946.82459639726
2020-11-27,28017.326416349544,25792.14670495085,23430.07096883905,18230.207071422337,24345.728653773935,27517.78609757376,22327.777381846845,27331.62451677386,34963.31721208176,31324.32898553389,19391.52708867174
2020-12-04,28770.13833149941,25876.699027729435,23894.624749726034,18379.650875923846,24855.507150934256,28162.48021212146,22751.419315041516,28239.247598263966,36366.15129835258,32526.63572877219,19721.053150764375
2020-12-11,29406.17105460257,26347.03879335487,24202.696425268816,18462.208626437296,25258.60499592512,28831.931911706706,22931.97332390527,28718.025574903062,36902.138970620384,32868.59067030754,19531.76169181218
2020-12-18,30443.237651787134,27293.3151414046,24946.22595266982,18984.52363840198,26087.609945764016,30090.041657101807,23623.103518860768,29713.464082696377,38651.484202956184,34287.24377464518,19769.237071206877
2020-12-25,30795.265647016884,27497.23492745389,24996.929843288133,18843.435834279146,26225.265533684815,30564.333475495725,23631.370701269538,30291.041948302583,40493.01638965176,36047.200337354014,19759.599583138242
2021-01-01,31062.11192103697,27972.301157277194,25188.000895179684,18990.410128222,26418.46705128203,30867.179550675857,23779.42075222944,30557.701160152614,41330.30862978291,36656.91344597421,20020.91876975607
2021-01-08,31680.893863789395,28730.1289706697,25551.946076739292,19374.79880997084,26872.357545895396,31940.48520255673,24148.42264865551,31178.393140678047,42303.431943564436,37548.680726206054,20416.11209898109
2021-01-15,31199.555753588225,29046.42056717435,25055.113485294532,19160.778051768844,26453.99267826463,31983.45469977084,23724.67345322423,30483.541607214283,41654.26947790148,37040.59840407854,20118.379539802983
2021-01-22,31665.296416377347,29893.524404246757,25414.976792330202,19346.91627800007,26837.27133854483,32282.43636042874,24011.519030682233,30821.31810820599,42232.41044422969,37684.99297671947,20502.861811251212
2021-01-29,30656.253366763467,28769.996180638675,24744.0603581027,18910.406739407357,26072.322586703125,31055.227710545285,23395.198375487867,29864.620949073385,40671.222659762665,36079.87867101782,19816.903566249053
2021-02-05,32341.76362437072,30570.86709466209,25939.749242958078,19564.692264352387,27336.556864043938,32701.067145253943,24451.127899534462,31675.571463179316,43191.67914104444,38299.87377923449,20761.502353449676
2021-02-12,32644.933143102462,31121.09152749208,26187.405904322128,19894.524703615614,27653.78709713111,33487.34823680361,24703.445580094227,31982.087917571404,43280.54793115657,38440.62089130585,21025.496664586197
2021-02-19,32110.435700600625,30269.907691173474,25781.479213615105,19631.190000589,27197.293725680785,32789.05416644831,24295.98413440701,31425.270356499066,42537.04274790542,37770.21576738743,20885.737248037898
2021-02-26,30960.392820557776,28984.78809386276,24847.05959571919,18831.366327972202,26174.336628240326,31459.29410498358,23385.04221505766,30487.147117133907,41415.84973947286,36754.648486545215,20367.915858886212
2021-03-05,30776.463512335707,28024.62170368618,24911.26420233594,18956.570226183572,26119.742650597986,30840.469695352047,23364.401170338537,30383.547118092643,40992.689338226985,36191.77210280754,20543.02387803834
2021-03-12,31433.36760569435,28136.141874764857,25430.490900665238,19360.439888067813,26687.391650849306,31602.03905625295,23920.453847912686,31238.65472751317,41463.16278751659,36660.67733485949,21101.53883898021
2021-03-19,31678.664855001476,28104.56654409086,25673.22405275623,19655.404695742684,26924.718471714892,31862.52985674912,24159.329528316168,31541.633987046884,41761.68917893258,37084.27486996868,20924.593431671827
2021-03-26,31935.22341097007,28593.800948252967,25978.837122086356,19982.30886260843,27237.78096235968,32091.00880562721,24480.40575969454,31808.83353883122,42215.700701550115,37423.86157197382,21273.808058231923
2021-04-02,32204.032090620807,29176.312174791437,26130.619137691,20021.95659432759,27405.72853304215,32349.843697363667,24610.85844049808,32064.66960356212,43046.232192907795,38269.25135796586,21522.54535986022
2021-04-09,33040.35680135392,29396.993805312213,26791.37533626116,20216.64742034978,27987.31931241513,32530.92444604366,25175.963190899754,33159.837640747806,44680.64703970522,39882.80905931542,22107.063587093926
2021-04-16,33714.768945369986,30695.807503632914,27284.205117056634,20600.64521559309,28542.686740264486,33389.74542644428,25613.347751648358,33746.26545619776,45672.13275090037,40680.06296948547,22417.055960349127
2021-04-23,33545.820115830546,30347.52192274722,27191.938734266627,20542.781258505212,28406.90901190249,33132.97461385203,25502.367962834884,33553.10101817068,45615.160694522674,40515.9393346983,22389.123788483288
2021-04-30,33536.375149778694,29901.917570801088,27170.125713548994,20408.677519967667,28366.94209668861,32922.91211007815,25449.648397915953,33650.43437775269,45462.39065548527,40680.311875348714,22419.20661966612
2021-05-07,33337.83212872627,28880.189449657726,27205.687029139375,20577.154415486522,28325.596537494806,32505.693998974875,25474.729486989803,33480.523737303934,44705.84126556277,40044.926545066824,22678.15867307498
2021-05-14,33109.75633213441,28802.81674127426,27021.63965246812,20516.204278872872,28121.777072628243,32409.744035655578,25281.98777789793,33379.68445563802,44784.672187755,40012.90308439482,22380.526431066315
2021-05-21,33507.6947645499,29212.22154424625,27265.41504689066,20690.486824810894,28413.284670499244,32949.286064823136,25555.61291466649,33753.44522101192,45574.23785219235,40653.41640532032,22292.4197970831
2021-05-28,34081.270938997855,30308.016852758494,27636.084379625663,20883.049481987895,28825.696781442457,33449.02968637293,25873.818195966312,34186.89352984355,46323.27934047066,41244.84708321162,22566.415906008893
2021-06-04,34413.42578349646,31064.247596363755,27816.167962439256,20978.97376931799,29021.237983300412,33943.967835383744,26032.322667615535,34683.429394067294,47524.14684040463,42304.14199254688,22703.94722542518
2021-06-11,34223.71056095434,30211.955841455052,27763.9020023616,20873.42543145174,28935.06871284163,33388.538935051234,25973.250053326494,34465.3678191541,46259.50980674599,41720.09043105172,22795.81663323797
2021-06-18,33432.52981422278,29793.96356890515,27108.201446013634,20343.62164909141,28243.07893959986,32545.592821445265,25351.455499508953,33671.45436850187,45663.07879618495,41275.795620728895,22364.276809565636
2021-06-25,34189.38215393109,30515.19980793666,27637.82191565479,20581.34046635586,28772.830061619345,33174.51305557284,25779.19752681659,34562.43019014099,47198.97609342635,42586.71602697801,22994.365430985094
2021-07-02,34441.05715408613,30993.350329425535,27833.657639068737,20688.321681151338,28988.024811286454,33440.17761576953,26037.62581423958,34939.355903816395,48001.5841949563,43393.97703578913,23377.598137691042
2021-07-09,34160.9581320816,30802.700603438087,27638.67011482424,20473.48323431729,28752.506562413968,32947.83032615894,25826.998906370223,34706.4648349886,47635.5002705575,43168.804662675975,23474.617160202302
2021-07-16,33672.275071201395,30004.25146941425,27466.033766503366,20547.160527157812,28494.81818807946,32238.5623111484,25700.62659307227,34234.75448037769,46900.198060792325,42475.670743003444,23249.317117268314
2021-07-23,34810.43752384094,30685.074876266484,28182.423098222687,20627.524740238197,29217.63736924575,32879.58046382634,26272.88434449798,35665.91544307028,48627.43304121524,44513.55125774436,23712.856358045097
2021-07-30,34830.61886133363,30804.2407621835,28155.054366351134,20374.144722031822,29152.463444508765,32684.12001653957,26150.507946458107,35899.06338476328,48720.15106890933,44963.351556503956,23635.779332850438
2021-08-06,34571.68924567687,30782.086572735207,27885.031190908754,19901.750682489444,28817.17440538464,32084.421184555813,25812.05754818009,35805.593711591704,49053.23895750197,45505.01685541039,23850.303199845006
2021-08-13,34535.82488616585,30468.17569777553,27952.942863866534,19946.826487861465,28818.218357146347,31681.385710783034,25812.732854240763,35723.25583721323,49012.632003702034,45397.84727237319,24035.178943391027
2021-08-20,34086.93912125078,30363.12508873009,27653.799779862642,19740.735674899734,28506.728590904826,31242.924617888086,25602.982694255054,35373.99977163564,48650.768900213814,44957.255386265744,23897.19531673704
2021-08-27,34747.80421568723,31356.90617284687,28055.443443525946,19974.11234719436,28989.856334209402,32091.638611652877,25976.863349831165,35981.75985975071,49918.17495368992,45985.54864112845,24268.567718093364
2021-09-03,35574.57156632604,32855.97778638823,28594.959415160425,20386.323622212436,29633.356415989543,33253.527118501304,26486.857549556276,36678.44131726293,51261.248342972336,47132.44357262102,24421.10437411908
2021-09-10,35308.64714958563,32815.63042899384,28337.9618640041,20176.0722007177,29373.90385334113,32964.13970138881,26213.705075539005,36281.24910071661,50887.80972410743,46758.41091593837,24009.30591342445
2021-09-17,34891.280260942716,32662.858659387173,27990.99487109546,19917.044917735042,28996.827709824676,32467.752095660253,25889.68252405492,35927.43833117735,50581.25104881018,46428.30371071569,23867.770706981835
2021-09-24,35024.75271985864,32849.23684273009,27976.223266106914,19753.686297878045,28982.21595816914,32500.205087346018,25785.358603799603,36104.34537839846,50640.37508751782,46466.050831866036,24003.491037496988
2021-10-01,34124.39527424323,31798.194832792145,27336.478193403476,19458.90450717265,28287.624056456607,31786.742341581747,25212.696105173374,35286.32854310896,49335.29395465405,45241.838356661174,23480.60979111423
2021-10-08,34436.76159817207,32254.96803752764,27662.963178207214,20036.774728492208,28638.119812647885,32421.64351946889,25585.80718582626,35620.98974147009,49977.95744983446,45639.90000613166,23676.351468067078
2021-10-15,34533.77020879739,32425.630348385766,27793.85849169582,20125.27420219463,28758.585379034088,32391.149706380314,25642.32124926025,35676.243688508315,49838.01186286324,45296.11156778171,24109.477006996873
2021-10-22,34269.77684962295,33124.14096730237,27706.599008382003,20140.699608390274,28648.396346428905,32103.27767843819,25581.50585005554,35257.42346486244,50085.15714909868,45680.64242757453,24501.502425607665
2021-10-29,33991.76713503142,33181.07262002461,27620.02067193286,20215.86722280972,28471.412323650908,31545.763261001837,25578.93655941148,35157.41408903255,50874.347493262656,46449.46667332408,24832.971472877027
2021-11-05,35005.51238104947,34381.93946072962,28339.648097623507,20602.978007363454,29220.25153911245,32525.64539489713,26233.48386665714,36319.94556958908,53054.19841621679,48278.375963384344,25334.766754221368
2021-11-12,34498.85631630492,32864.341604192996,28154.5103103289,20638.132595105657,29006.59674909564,31914.940032772723,26109.96364084052,35603.664324391066,51092.776914088216,46722.08833109502,25266.63555661124
2021-11-19,33907.95602925455,31706.987818598198,27868.32601743378,20575.096455190658,28621.835234366412,31034.323009869113,25827.328306949516,34941.837582599816,49663.52374028095,45588.61521656317,25354.238844796862
2021-11-26,33173.72916618989,30676.54213161095,27267.93739162275,20139.30267711412,27990.277998648948,30354.42207927029,25274.98188865756,34288.45397840692,48444.37232156308,44445.12739176714,24817.832380041666
2021-12-03,32529.607850427223,29656.88651632197,26883.536247206957,20087.75220346356,27571.73315263511,29779.096623093817,24937.216982868,33627.76069081226,47024.311894521685,43256.79780495317,24517.729167753903
2021-12-10,33863.93036762978,30812.45218761707,27976.82217728079,20802.529338712422,28648.16330249842,30750.08434832068,25898.995256635335,35040.10516527292,48976.28170940936,45270.755010079636,25454.270902292326
2021-12-17,33765.86880804404,30114.5214447743,27917.564303196465,20739.73276887989,28565.491084870766,30675.428581492375,25855.579433918185,35115.7798359537,49115.821807865206,45241.54728081378,24953.8589419162
2021-12-24,34687.98190062327,31491.450793354164,28586.086100409557,21280.83358576699,29312.231286173035,31797.414178988183,26493.19290042512,35957.71200859853,50479.5897278783,46667.781060309775,25536.099793408335
2021-12-31,34931.76442586197,31301.153002479397,28834.043152717844,21415.70402303067,29506.049763675754,31831.51697681338,26707.38178286518,36378.74590183348,50925.61950843146,47172.57549364967,25772.688157831046
2022-01-07,33848.30986580338,29071.680017508625,28153.00542118659,21100.453393787844,28770.45639673897,30867.680918831036,26092.523611249813,35229.275057001476,48891.41434432917,45032.364482753,25291.37341860773
2022-01-14,33781.7664730232,28531.899741304154,28177.390021862117,21153.72024892595,28798.85462421969,30856.00805518863,26145.642303412536,34971.70565900397,48523.06360431479,44231.88006657312,25217.02959629302
2022-01-21,33041.38737549903,27472.37914741161,27618.613838530262,20918.39166710661,28309.627479572264,30455.6267688658,25702.645119715024,33700.02550363409,46540.11843370588,42066.157825976115,23766.049097158775
2022-01-28,32882.712245209026,27975.717562425336,27513.65634959749,20899.132221793425,28205.1597312903,30362.04934547918,25631.620910488728,33627.16730316173,46906.12403414113,42347.76673043581,23981.472298777717
2022-02-04,33423.52272801179,28669.01655134253,27830.30994067844,21199.751426679504,28617.628501424853,31122.29362524759,25927.984524314714,33932.5965797303,47244.59716502809,41850.322292654026,24347.74084414444
2022-02-11,33427.6120503899,28699.009743579125,27707.738248419042,20966.209951632896,28519.985264549647,31294.328138249235,25787.274172374302,34132.899131909086,48189.79726197565,42133.443400613716,23900.618420150757
2022-02-18,33039.55966191563,28128.34122420623,27498.713528914366,21022.508859436643,28298.3569472739,31145.51870885178,25629.27273632715,33743.43340850456,47835.04364538265,41456.5496328152,23562.561878754128
2022-02-25,33187.611318089075,28883.420410820705,27532.39537403143,20841.46809811723,28301.029277812413,30971.149268796344,25621.15656413404,34082.05001929337,48303.817343744464,42030.88708914198,23753.562249487662
2022-03-04,31836.611790677816,28035.461700967157,26536.269691531004,20489.05570463448,27327.24841133171,30289.69861011044,24882.792016266645,32823.0274963314,46573.22396718306,40583.34921698254,23450.780392780533
2022-03-11,30190.761936317947,26473.033274948095,25187.55659562733,19448.82411187834,25931.320857248546,28567.591794850636,23637.69208398307,31040.628377800793,43652.051630279784,37947.84698871823,22794.19923887437
2022-03-18,32297.78342332228,28874.71740086629,26789.91012124025,20490.965549549815,27571.10658024073,30388.44091854969,24999.198925872664,33268.06206907113,47317.78686063844,41348.81272947697,24195.857129695327
2022-03-25,32419.664302033132,28570.002380069924,26976.408016485,20585.327132817205,27724.447727679548,30306.56463528273,25183.197160969168,33542.28095181662,47839.38971847384,41380.0137572446,24640.56138192015
2022-04-01,32944.043840940634,28995.00930318184,27402.533350770078,20904.14318582176,28137.11681628054,30728.077408478868,25516.38702085663,34054.82920932962,48386.02513118749,42286.240915940994,24653.085188548426
2022-04-08,32516.784927510886,27909.21938842023,27171.73727844689,20741.190690470143,27825.651047372907,30069.879013905378,25218.896956231034,33622.950918780334,47383.26065275854,41221.316581633626,24361.873245384613
2022-04-15,32345.425109699147,27291.16623727013,27030.112868189764,20541.969607597825,27627.55099306677,29803.728987588463,25010.812636400322,33637.66248914179,47552.3604459112,41136.07561845053,23829.53402586803
2022-04-22,31770.661912872216,26563.358206099037,26612.87481543216,20181.786997604082,27170.421445274016,29181.44535920515,24640.95728447645,33090.32630380492,46961.786374847805,40380.987672304276,23189.966311910644
2022-04-29,31510.566000816725,26790.800272797558,26353.583133573415,19961.830545467412,26950.929720808977,28953.322922124473,24344.098508664887,32499.664929182225,46058.08654764229,39869.291384390155,22425.74835508451
2022-05-06,30967.981675828705,26331.56987021252,25952.969824477612,19598.236160780772,26536.33114857223,28291.32881770331,24027.381775840975,31809.796459031553,45212.617093912275,39290.37769925719,22389.82600866944
2022-05-13,31053.174350208174,26453.900004734172,25994.545453061106,19783.26816073632,26615.930556195275,28838.90880637921,24078.740239850602,31986.91449754684,45710.466763362725,39821.655628980596,21866.193263490975
2022-05-20,30389.468145419993,25965.015058701614,25325.727448535705,19223.68273945438,26041.198415896717,28509.377710515677,23556.89892295163,31007.317039147834,44848.27334319122,38757.2266486795,21208.114391844414
2022-05-27,31681.08496347385,27696.75629800326,26451.56744482657,19975.604446680383,27139.66079248273,29475.635033567934,24542.315278877148,32520.34851340043,47772.14573461993,41439.53616916596,22603.1971081905
2022-06-03,31200.482381660553,27023.624405453575,26108.178432682333,19753.515043961823,26740.310293265982,28926.94984516322,24207.064976985374,32119.434412676612,47225.77797360673,40855.97664748289,22346.279557376114
2022-06-10,30297.554432611465,26279.900749342392,25384.980842869423,19495.571717597857,26071.908914457937,28666.744441434945,23675.02033784242,31054.844843519215,45228.320788104305,39269.845985873704,21217.37173063935
2022-06-17,29111.314887226617,25086.827119516427,24469.85625144117,18824.388772774037,25078.98298558784,27428.34447361663,22839.003745450114,30023.883940663047,43711.22882403867,38020.40295728167,20000.30623135947
2022-06-24,30899.846439662655,27127.192483037434,25888.54078770164,19781.796785739898,26531.327656698213,29035.570654253177,24119.398254512744,31855.901890051195,46416.91479467962,40757.64152412443,21324.327432777256
2022-07-01,30382.10001575754,26681.153511652734,25496.878287743697,19607.517019350795,26112.072257549913,28685.24582725411,23783.89293800954,31492.62422950304,45442.944836007126,40240.19410776982,20841.07850812891
2022-07-08,30596.811527685142,28045.473823523007,25538.645060183808,19438.785031999425,26157.656200885034,28569.65944088311,23750.694605427994,31669.767055804332,45532.54254816763,40809.342290377775,21247.2504075826
2022-07-15,30375.27096368455,27751.804568933167,25370.89912583829,19468.05289327267,25984.74582146958,28536.974295592154,23658.351337895627,31572.565098258707,45394.623198442925,40439.36393669268,21053.73154791075
2022-07-22,30679.693672009467,28209.48112572783,25607.086254009926,19623.868322800787,26284.422258364364,28956.831627069787,23896.748563596742,31713.314588502624,46078.632905466875,40924.02625796909,21598.212664831557
2022-07-29,31288.752791307466,29242.768332380358,26182.944137545688,20056.180962153594,26768.442199129877,29058.34052295074,24397.783643855808,32500.44752547995,47227.729816438994,42052.18222854407,22522.075717111675
2022-08-05,31427.537007877774,29784.904017978686,26179.485177369454,19752.531501892045,26750.101373775484,28845.453931949723,24289.394974249062,32587.183772759316,47288.90958905125,42152.508792372384,22602.982394248873
2022-08-12,31986.029861083236,30644.30363741951,26596.657370941844,20016.460069832232,27171.226241113414,29332.843286421325,24668.139046463137,33310.930369067806,48693.80380441422,43494.16691833814,23348.085530418783
2022-08-19,31833.402861690138,30224.762681280266,26548.108660987993,20196.9965474119,27129.847974549273,29404.430128909775,24658.34059192001,33131.04530608865,48032.49795017326,42772.79928999559,23076.942300996143
2022-08-26,31266.17192380611,29864.644633138574,25938.383005760443,19641.10968171895,26537.718289171018,28999.88533923461,24048.154907693675,32579.797290620136,47645.077698002024,42205.687355745606,22156.900100906856
2022-09-02,30347.21793166733,28243.205283705454,25259.620644033133,19123.66396069863,25794.148935431745,27920.90638253204,23368.21596021637,31553.154801936173,45736.87030752034,40627.72652192773,21442.40778102215
2022-09-09,31055.23108964521,29445.71138199585,25785.09062862965,19417.558351197706,26309.071337220026,28480.296937271614,23808.887973330162,32591.659045160468,47348.44203460623,42119.23438750058,22227.423071030735
2022-09-16,29921.59985819228,27939.715713587142,24869.41292464533,18854.586576374404,25381.641475858516,27580.1941263711,22978.779899782156,31345.963778761237,45385.19877595002,40227.68458961355,21163.821721606408
2022-09-23,28549.66103943627,26633.45879359992,23858.510353311583,18307.721667198486,24325.233294222457,26373.04702037074,22091.096158803946,29928.207487899206,42953.50614070463,38283.69167180273,20197.1865961831
2022-09-30,27868.206828490143,26366.645103139,23235.154337359392,17839.735843208662,23719.444803531846,25834.05902945819,21517.150736524018,29150.49977912633,42144.315250650936,37252.48786658655,19606.0069569078
2022-10-07,27980.93807671562,26394.305094164065,23354.013465485583,17984.88632169916,23867.421853689902,26021.245333467126,21686.095018732452,29283.35777639826,42395.66331219522,37143.36521953348,19913.94898801545
2022-10-14,27829.46809792408,25873.261900603207,23310.35344403084,18132.723320651312,23775.122363122544,25883.04529508733,21659.936490698718,29392.350706950005,42446.486180374006,37300.7829155407,19630.70785994712
2022-10-21,28325.337898416597,26739.35598229836,23727.33841996532,18393.130997007273,24189.213158226758,26210.981583206023,22023.50469944762,29919.043906641196,43081.23839652645,38154.76232058718,20545.197416709794
2022-10-28,29517.790454526683,27726.965699857785,24671.862313440557,19058.937362288576,25153.24395189932,27425.88996619429,22845.378727862528,31365.043702249288,44901.86938352318,39504.149324589045,21353.741482830428
2022-11-04,29305.1405863364,26759.754861391735,24506.85333045983,19027.473770830486,25015.661930060935,27415.535510372814,22654.56192730189,30805.554208556325,44125.27176037186,38788.11637786888,20658.272466184197
2022-11-11,30328.98844284405,28521.50784039065,25261.671053431757,19441.588485547745,25836.491866532273,28369.115629828935,23324.501408741075,31672.98437077101,45621.7058309289,40431.64213039122,21874.660384582698
2022-11-18,30608.985049976458,28584.68067354235,25490.471012866008,19621.717086352463,26043.1469001481,28606.542362928132,23474.163854011047,32033.366596947897,46206.19479159486,40864.01244212196,21738.529985638033
2022-11-25,31298.857021822074,29571.634427795,26024.445018451766,19947.130237755337,26568.789458823812,29192.16928417696,23972.322543924925,32900.90650239287,47797.23644048253,42136.92995945783,22084.34262818851
2022-12-02,32324.177574089168,30373.941407706716,26837.504400523743,20352.16343784471,27373.085114860565,29897.583226197523,24624.197456509624,33971.818410975175,49650.9071014777,43481.11652687806,22335.742734683106
2022-12-09,31396.49174376638,29612.845494380363,26063.878449271182,19914.876623343756,26623.664031634224,29213.458130155952,23905.23596615341,32821.94245934383,47873.726127273396,41958.209881019306,21587.575524969092
2022-12-16,30716.22831285738,28690.650446502168,25556.22517592471,19395.93431458573,26045.38616121815,28259.001189117673,23362.05213337191,32125.721967280497,46703.101991733034,40968.11038035223,21134.72622256501
2022-12-23,30877.646810706075,28505.47270457809,25713.534559299496,19573.939288935806,26223.06280323226,28519.382360711814,23532.524844132677,32218.67000616779,46755.45740237308,40918.51673308329,21114.87398271581
2022-12-30,30774.429125331837,28340.972002094477,25612.78957935392,19446.023056513142,26134.527667105223,28429.769172205437,23422.243804536432,32030.25273327594,46390.36739386484,40662.28522267667,21088.402569633203
2023-01-06,30980.522101195344,27625.46164275577,25780.784509159304,19806.699465544185,26356.02111658803,28924.405789313005,23644.272325353453,32151.986021443056,46652.01662038465,40976.77839874829,21399.961298692106
2023-01-13,31329.60322346588,28672.022816628112,25983.372905236673,19773.698550697663,26519.544648009643,28967.051530526864,23753.79997316037,32668.601792896457,47715.33830395567,40999.85468004016,21974.55692590189
2023-01-20,31335.70151821973,28181.90152084023,25986.734320294112,19850.722717569908,26569.0988198772,29147.68033374354,23814.618209869364,32619.38671782493,47794.229853843244,40992.15456981613,21830.0826023894
2023-01-27,31715.340165231093,28493.907003194003,26202.014957682375,19906.499980155266,26823.10551199633,29482.275613967857,24054.87452373782,33053.36582237639,48630.68711174859,41194.85365420425,22370.482394468872
2023-02-03,32256.273958275782,28607.913471302814,26629.41388327182,19919.76028114425,27236.973498171898,29668.541370024188,24387.912253395538,33733.06025238921,50620.55837306999,41914.68795638583,22738.289136433843
2023-02-10,31725.306762224944,28905.15908760687,26221.898744906175,19735.211224047423,26795.670843506345,29241.30848117768,24013.618679056864,33235.67908765328,49659.94038855352,41490.361635525216,22500.625442352633
2023-02-17,31868.526825474382,28988.46792716868,26400.647829285248,19917.371849136896,26960.62256744001,29314.027596690394,24166.579737392978,33318.998914787386,49657.88624640309,41678.30009600167,22457.61049606236
2023-02-24,30986.74715144191,28162.927652160917,25706.137728460748,19222.91141138532,26184.807872698075,28108.288869811488,23416.767549935772,32506.542632204037,48616.60329912195,40955.52790426774,21857.653984435292
2023-03-03,31629.44427625225,28256.397968262416,26155.39410911593,19379.192317455767,26653.982660260262,28556.799499979636,23823.07640677927,33101.70165057543,49407.0266096796,40983.314645041755,22288.324392639053
2023-03-10,30667.89699883311,27364.122031581883,25433.415394487627,18946.824008643292,25915.102139447958,27735.484977858854,23190.025433091647,32012.731091499874,47650.18204909759,40049.82456715486,21280.304034941462
2023-03-17,31440.43237763178,28933.29813160732,26047.28972772369,19294.113917179362,26550.56897058928,28328.48030828783,23806.42909872296,32788.951239696755,48727.526326170504,40554.07372948778,21587.36433092815
2023-03-24,32201.79170411343,29550.554722079367,26605.57598985032,19675.804686695516,27120.023344440095,28952.376584102178,24286.731455369398,33517.27803631507,49469.67369774681,40887.37314366172,21906.200454648082
2023-03-31,33064.60456630265,30044.927357199187,27325.736879761964,20073.271943968328,27833.29143197422,29574.01177091467,24931.434914384277,34412.73517626647,51267.67938247219,42240.525990745824,22661.224430891572
2023-04-07,33000.91477416356,29812.869576926056,27374.581530563788,20241.18293166339,27863.060128875597,29476.61272078075,24996.132449318386,34336.6134372565,51251.90667526881,42210.11512802983,22650.14906339414
2023-04-14,33279.49574784547,29781.302477250607,27566.621757328554,20288.543105462588,28068.743316663993,29710.688892541726,25153.304641815263,34736.054066537195,52357.304260263794,42882.20892620416,22831.159955990795
2023-04-21,33548.961047405486,30283.312663045144,27808.599458791123,20426.802458715887,28315.579121758165,29941.21060936779,25357.31720040705,34927.935470577,52746.956306232845,43554.90788139052,22816.768842050464
2023-04-28,34220.20384723814,30977.588518134082,28348.7216018844,20379.961612877683,28816.7181589584,29922.460672534155,25718.362567817338,35671.54971213767,55334.76308775278,45261.9108769473,23023.233896432495
2023-05-05,34095.5634077391,31753.65325067242,28271.258573656058,20401.687794361635,28720.51173426678,29778.516037487796,25661.763445202607,35445.72083396825,54348.46808328384,44968.020657776055,22840.572170415755
2023-05-12,34183.9529997102,33110.090629704835,28211.537740415755,20164.50096638344,28640.36996173421,29571.0026278584,25509.064214812697,35659.77437440452,54039.7063171915,44463.59488298075,22783.00243480342
2023-05-19,34728.17939364931,33643.45716759993,28516.097270375078,20288.85070281813,29011.95561015019,30208.77055246842,25841.738128883208,36342.47603122583,55108.927574447196,44804.9089285364,23172.13977490423
2023-05-26,34366.41689435888,33382.71914355693,28160.67062699868,19914.72504460717,28668.175166777026,29861.40426057947,25539.36595000213,35998.929834161114,54912.596352407716,44043.608515688895,23249.62862847874
2023-06-02,35039.8223660531,34516.54674270573,28614.430737159284,20109.700647413207,29162.37453174192,30457.753166759445,25907.3167489537,36622.50194625623,56257.54364973925,44657.36645293656,23686.927009667612
2023-06-09,34553.251153476835,34122.849648780335,28223.992433909807,19880.174758114477,28760.705063895493,30011.15013320651,25526.93938213251,36158.75752423431,55561.74758915468,44134.081687226404,23796.527917168412
2023-06-16,35555.61181554419,34933.120398593026,29023.854379562996,20385.64771390587,29561.649793128017,30774.247096772757,26279.489642245622,37212.356570806856,56855.49055065703,44824.94408497816,24416.067396242473
2023-06-23,35256.32259360107,34393.744427709265,28725.71606675027,19949.297023054613,29217.663844887677,30181.94910477539,25938.730757907244,37190.07400321742,56833.746103419144,44787.97959929786,24068.820394163882
2023-06-30,35951.1197486404,35130.12268127701,29229.15010407352,20405.28427713138,29793.466334736557,31074.736824300722,26435.22231656497,37810.31342100341,58018.126346998724,45475.0412239514,24628.30156784309
2023-07-07,35581.87040318771,34827.634904309416,28936.80460923948,20299.04874723357,29509.3847937036,30904.89102560504,26195.709817854982,37484.88159796431,57693.00533970114,44965.21440543294,24365.5075428393
2023-07-14,36871.712846314775,35733.20945477101,29889.55562392577,20852.953762329686,30513.54928382563,32018.90680483823,27089.46702409241,38750.267663433246,58758.05394481137,45542.99202808121,24961.657281878266
2023-07-21,36788.481436637616,35322.093023176516,29900.41439436848,20849.931400582547,30500.882646238777,31916.17987342701,27115.66302482042,38627.30619215065,58736.40035327444,45886.32620428651,25122.782495569234
2023-07-28,37233.401675551664,36329.903836463774,30322.999779998125,21307.460779709505,30998.1394708642,32530.705188314696,27585.51339386441,38853.376123284186,59195.75540819857,45263.05323230432,25386.136184781542
2023-08-04,36151.70996459272,35392.27914940589,29404.145812586157,20660.069428835774,30072.47608921151,31690.42298644467,26758.44108355268,37832.94837382932,57945.34308416784,44232.90915346332,24824.426913970325
2023-08-11,36160.846718784676,36553.27686652248,29346.01919032384,20484.15240661727,29957.17696014364,31388.527843121836,26605.119726731577,38019.7948535462,57316.798490661975,44122.82814105564,24759.97753247407
2023-08-18,35225.16572442731,36048.31259422317,28625.671806650873,20115.055667918663,29233.345497696704,30784.285388015764,26005.363538728867,37052.13966952997,55627.48403608675,43376.621871469426,24251.615876406555
2023-08-25,35534.35458986124,36620.40367923758,28841.685459788707,20171.35298300276,29449.140632777275,30947.48502090474,26172.5573811349,37389.14748100464,55955.92941349499,43571.30580930843,24444.40259673645
2023-09-01,36130.05418796603,37942.36659735997,29134.085928957662,20330.80754880148,29837.10576820961,31712.646031074648,26457.744797828676,38031.25521880359,56691.311866306845,43815.59936502732,25067.778767554417
2023-09-08,35681.04802361968,38189.24662323158,28804.066166711847,20161.787402500842,29473.918850172966,31213.68758051444,26163.96115899854,37703.27714009228,56059.607883511795,43352.12563827536,24752.75821617429
2023-09-15,35633.465451604214,37157.466621249274,28812.482727063827,20147.883544496453,29445.679986877552,31062.93067345411,26163.422585742926,37803.617617938624,56391.31184526283,43683.410216346245,24720.192095059967
2023-09-22,34599.53459758964,34635.60527057499,28097.81019489773,19752.14234900935,28707.978738813257,30237.59196036963,25582.718637063295,36665.40095298314,55358.274013242124,42898.31670847502,23998.163667814064
2023-09-29,34227.71842953682,34612.22789187583,27688.200674099677,19372.574544971074,28347.847208440377,30060.491056900966,25227.72760590295,36226.52434705649,54594.33421218566,42005.61336699618,23834.243652981204
2023-10-06,33614.60234661802,33864.76353525258,27227.168173171434,18952.69817715835,27895.172003763408,29460.388051730362,24804.633325193023,35476.899361551215,54271.39411300174,41090.86805796388,23949.099772200945
2023-10-13,33306.622745839595,33718.29069107977,26929.84937263452,18672.885469236382,27573.45848872569,29057.50805975207,24480.031786589694,35208.91269870049,53460.87030952275,40484.712306885405,24058.37684883895
2023-10-20,33441.84819723482,33584.201218922375,27077.26666551689,18668.936396045337,27643.003425499643,28862.120743451407,24536.040726950025,35531.44104551302,53968.59504749316,41187.390993559064,23483.545388283437
2023-10-27,32773.19552147089,33161.566103547375,26574.170777317606,18448.537356585068,27101.573257115382,28287.610121076104,24132.403357552244,34781.29045748828,52831.17796953653,40512.081922093326,22897.55584256446
2023-11-03,34986.45107313707,35434.934628055365,28282.43002844645,19538.524325516337,28866.75613517799,30281.740729979672,25687.578244782042,37168.88918801238,56181.86436396447,43122.85564917142,24236.23567037444
2023-11-10,35347.589311721254,35925.53588493813,28479.303618447444,19715.843648849223,29158.31826535744,30896.914703659913,26000.551816612184,37573.681474574565,56958.52013075216,43511.54831305469,24566.30731707286
2023-11-17,35851.33974699337,35126.691004884495,28951.330472541147,20159.4431990093,29677.87263165444,31576.123612535248,26510.67636501734,38006.76038722141,58228.336978333165,44459.85479747787,25133.896581974168
2023-11-24,36426.078781555705,35973.93783280523,29370.09006494693,20431.372269290234,30094.794422191473,32046.20100925061,26872.651726552802,38744.59413773795,59070.876920620554,45205.91055189836,25385.353006879683
2023-12-01,36487.182690625916,35603.236474150784,29382.749126130188,20640.871245713905,30132.760088514497,32459.170349374952,26929.908122963785,39072.85985146881,59346.45398509054,45783.78366917705,25597.226388660347
2023-12-08,36253.45244934448,35452.720681564075,29115.310939748197,20503.388145353412,29896.177491583556,32436.81659555733,26741.408078631026,38935.1509793095,59174.2417307398,45446.53505303537,25658.55713815192
2023-12-15,36791.715601293356,34917.87996419348,29491.227862206895,20753.064605743297,30292.020507776324,33065.39585772486,27096.291436999076,39593.44853440768,60161.89218539009,46115.24586059156,26273.693221472193
2023-12-22,37406.67964044362,35255.161502163384,29982.676934281153,20968.55363435829,30770.222335707946,33365.86365158045,27531.770597198174,40450.341096676944,61587.78293871228,46867.41107385306,26515.53151776283
2023-12-29,37839.98172263706,36358.47010537037,30283.57282799416,21384.887493455066,31139.262322998886,34097.83048300128,27850.09166832199,40862.23737647693,62129.01809023836,47478.47968232083,26608.46217563139
2024-01-05,37311.550969781165,36173.82259660961,29819.5392119683,20924.017177253274,30646.433331828273,33439.90488866942,27325.808172342193,40432.23713801061,61390.91344365053,47341.787203958884,26194.759448667533
2024-01-12,38126.905414803434,38411.21302314541,30411.082388161838,21315.28111943262,31312.668427397115,34163.12763344772,27886.23847238924,41079.32507549301,62832.68079118363,48217.04892316728,26685.157291601994
2024-01-19,37506.09311687813,37498.1924604187,30024.790072088264,21122.767256009804,30866.77593101137,33387.80050326885,27578.47881316827,40641.419515616944,62110.77873439821,47362.93876226099,27007.048689114323
2024-01-26,37754.80723594222,37671.4603876317,30219.298837934086,21191.053901886888,31065.32972906097,33532.920930518056,27735.424586092897,40768.32376657223,61889.23658913377,47296.615549083275,27285.833622918628
2024-02-02,38420.48686421089,38580.147514407865,30687.12850515181,21472.90687426364,31560.592665100252,34015.460971296525,28117.798726329296,41565.602187305245,63936.79112179841,49169.92384577002,27674.342660747614
2024-02-09,37950.51300093228,39410.41131099373,30425.349113111282,21140.75691589168,31249.580206524704,33191.23286931495,27851.349740777896,40664.05768714675,63939.3996946247,49082.994790695826,28057.820000550997
2024-02-16,38051.03541926016,39943.82523616178,30402.95647900375,20987.031678722462,31247.42496902859,33299.123741720374,27772.02891014065,40620.07654788455,64092.72208828755,49097.733651649825,27963.2103500569
2024-02-23,38229.27762332478,39837.04515344847,30626.361633728135,20991.13323770913,31375.0573166631,32928.54621333841,27859.905956334424,41030.6023177238,64791.62124490464,49712.17972120524,28430.09349648204
2024-03-01,38699.98066417186,42042.6310044941,30741.287332803073,20703.562932083216,31527.16292919682,33238.988890437875,27878.67170780522,41777.858992129826,66384.94450325363,50582.857658253786,28709.99951865372
2024-03-08,38896.99917241039,42956.52112123037,30729.280042507824,20603.024210736636,31528.03174369688,33476.011066334926,27789.213767921505,42252.76499593838,68049.699414058,51805.67526779528,28646.739863588147
2024-03-15,39053.05150459028,43644.63787104956,30867.12177756471,20678.565834911224,31660.397318560066,33629.111733719415,27878.92553968941,42438.631317005005,68403.93109096892,52210.66256448705,28629.613786817536
2024-03-22,39616.72627828281,44750.588642358,31264.221935929865,21112.883600895457,32138.31055556534,34389.98395449372,28352.133572420124,43068.21964059898,69348.3342001841,52818.017173503285,29268.66055547391
2024-03-29,39498.42674259122,42454.83049118627,31355.504336282927,21314.726392177166,32153.22510770412,34233.93360224144,28511.30536357433,43124.95194655811,69107.49205407542,52174.77020491889,29373.110088325895
2024-04-05,38845.91134239774,42350.532619110054,30748.81688964343,20772.78637060497,31561.55653820233,33634.38583172299,27997.803739148665,42420.15270996695,68867.61163812267,51553.38289063824,29112.544160454116
2024-04-12,38220.892828087795,41243.231327068876,30292.405269853294,20464.491383136257,31073.479096030464,33044.779826327765,27598.95864532958,41803.04118557859,67936.56232463714,50622.08550726256,28686.89313062357
2024-04-19,37893.23163911138,39013.660726145754,30226.500815261166,20661.47390660319,30952.631662410276,32864.2711790524,27551.52525113955,41445.330118527294,66380.57529214698,49845.67539575173,27805.81799103971
2024-04-26,39193.55483585628,40907.559033869846,31078.11818608287,21375.010192019654,31933.2128048896,34554.51691809856,28462.28245881967,42742.32562223133,68122.61621026082,50853.51365849418,28541.450834423402
2024-05-03,39887.32462390423,41673.6653261889,31450.512256064223,21640.977133974608,32439.496249942396,35687.96256330933,28893.72960924442,43463.173438753314,68818.4492050675,51589.89534540406,28711.601073464255
2024-05-10,40822.649461687884,43026.70975918303,32151.536863287423,21986.29962333179,33138.083651182176,36307.204949876745,29455.335109668875,44524.998790702506,70835.59077218181,53256.11154447287,29247.88962154659
2024-05-17,41427.90715576766,44791.63522851038,32522.502106717864,22423.00626105671,33605.99935359578,37215.38550388925,29807.334510563145,44987.40332331375,71790.30494110103,54252.98454562913,29731.376139491003
2024-05-24,40545.12814910837,44911.461905388955,31788.201079664377,21818.41912886021,32841.620037264845,36220.72701904225,29143.0136050799,44101.8199933034,70684.52769235661,53220.61836043646,29730.81999518317
2024-05-31,40227.533542249694,43336.35502533625,31671.88951314691,21938.800490938014,32782.48714458124,36353.304274929076,29159.376114265688,43579.77515894929,69084.60917589512,52113.50758735654,29614.585834846235
2024-06-07,40468.09137342122,43098.03202153297,31905.870883165662,22145.56349111572,33040.59521461633,36607.61406240816,29429.738518340273,43712.68818837666,69273.07390432348,52167.01007973409,29987.448914141598
2024-06-14,39544.93468344146,41281.6290147183,31299.8465780545,21689.75618569227,32352.83180743982,35483.48749392017,28900.57160636342,42907.60896742697,68286.9212416051,51163.339293747005,30479.92525842907
2024-06-21,39850.04311516703,41993.88626282587,31537.38367307873,21947.637052773018,32605.774098753656,35865.91399251662,29110.174977202598,43343.78966519869,68604.96173947217,51659.949212061605,30675.723253792832
2024-06-28,39649.856022295,41291.58532524589,31364.195157025726,21727.34535736311,32449.24997085899,35667.395835349525,28935.288671714217,43087.89138921541,67730.02937861081,51270.78018655074,30659.383874824754
2024-07-05,40021.437205833296,42046.25953836222,31643.701493192315,21795.36759221926,32735.926523520717,35756.79894319339,29115.947498401656,43395.99159488191,68174.35167025655,52110.48965765804,31246.40827134439
2024-07-12,40610.0590184332,42352.79302692284,32064.482378328397,22179.618675585865,33274.76988216665,36863.782650156834,29540.08571851103,43661.57953583634,67760.95078859176,52074.107981897956,31547.810326983992
2024-07-19,39221.424978305935,40169.06428799112,31227.415159887747,21847.48701267127,32304.279735842658,35427.26571387562,28677.603407021747,42445.386572928546,64442.47502295293,51121.90579190352,30928.103652627517
2024-07-26,39311.47433013445,39518.46688695153,31421.012040396163,22127.417879798737,32496.7388895857,35732.338986447,28877.314588630194,42678.0979866038,64439.39355401137,51159.46668529031,30671.77744512779
2024-08-02,39001.64492196912,38208.22458412607,31441.977013632353,22074.656757395158,32344.17064515931,34719.93613711008,28816.777101223986,42647.89031480052,65227.37767886836,52116.0983983133,30021.658828874664
2024-08-09,38859.1400227624,38375.0518381131,31296.403743714633,22213.490988718728,32315.730131718465,35133.03273234576,28817.26098425464,42183.756720270205,65216.39068184833,51822.80511874732,30026.71692615539
2024-08-16,39530.1262186208,39411.60559149418,31806.950688137935,22665.752277003747,32886.77071023224,35966.05069185592,29332.570581755357,42867.64012487895,65935.93021671928,52404.454345056496,31227.81615593953
2024-08-23,40060.28048608051,39887.982925485674,32261.049282046424,23156.856030007624,33377.43455514131,36571.508407428046,29766.247795064144,43309.98930306629,65974.21575857299,53021.91717244681,31668.36692535902
2024-08-30,40208.41008776923,40142.93268020481,32397.868292661184,23200.74296279984,33517.09447939235,36757.3466709389,29887.191843168865,43505.76525902546,66040.01058768774,53577.71254804154,31755.68862149004
2024-09-06,39503.67552470788,39066.55790731684,31967.674663547994,23051.687067575636,33028.670647283965,36013.422572652016,29484.984158209427,42872.51155891371,64742.02712508009,52588.22728241836,30441.92793056169
2024-09-13,40121.21969457744,40593.51192061126,32459.505494217945,23273.363661411156,33472.815998988866,36130.030512852965,29872.131623069654,43742.3973858972,66346.62064289182,53866.36501735267,31661.601676247294
2024-09-20,40349.54189605548,40835.65315308761,32523.280737548866,23152.407275876016,33590.63262664673,36376.32266190714,29994.94382033861,43886.59005844686,66586.98144251619,53760.99810310713,32111.33938644806
2024-09-27,41290.80597722359,40870.3747767369,33275.76334181286,23701.01499451481,34362.673694195066,37271.29947148256,30701.137046862226,44712.97746008251,67832.98896929492,54256.18527474499,32293.293612427628
2024-10-04,40992.814736968794,39666.95714912818,32951.013910218615,23427.119511794965,34091.98934939936,37172.71017752222,30467.033616704375,44149.69027522567,67151.4581258816,53760.504690658396,32378.630084573728
2024-10-11,40735.93298904678,39744.86374613654,32748.733485986144,23302.008081073145,33844.20608728879,36757.18480054974,30253.7788552872,44223.86348442237,67092.15490776754,53778.51530544546,32751.5917210882
2024-10-18,40904.82577504455,40211.388272723394,32932.65408437062,23437.236348622377,34000.37620109838,36780.2828931419,30428.021528505684,44477.978543048324,67269.60694126764,53932.42911925352,33034.70437278162
2024-10-25,40541.48794261299,39543.32725227501,32559.400210345393,22771.949355354413,33629.937494423815,36228.390694893205,29990.737595545572,44208.69100514528,66833.12899888653,53544.57674608405,32721.07418217108
2024-11-01,40380.35370032999,38468.11449082302,32284.6464676942,22596.439076706716,33433.573615749854,36499.570703614925,29726.625775986147,44173.48355976816,65815.56431494682,53421.177573861336,32268.999257917145
2024-11-08,40829.34144891888,39189.22140028962,32599.002488163886,22944.109542003942,33860.67505358944,37351.836029994,30181.792085332017,44714.73389320779,66392.32146536042,53374.730636248714,33803.2254081921
2024-11-15,40674.19620079446,39645.89226302427,32375.489299566052,22670.808365190987,33763.21847826055,37711.614182434416,29985.717551719485,44485.14524833913,64930.13882077859,52854.13894276953,33100.255483191504
2024-11-22,41331.94552079116,40365.14115778959,32850.33470474464,23018.964067264144,34258.61756804251,38478.25615073664,30467.645147956584,45558.14663197472,66616.28030101313,54055.82720578035,33651.77816142762
2024-11-29,42006.52641366551,41266.577267858396,33402.686317797416,23573.833939036933,34889.1672459315,39312.59650960096,31022.358910953502,46049.26379778013,67391.87497460049,54602.84023143706,34049.60789626382
2024-12-06,42564.891794077164,42285.58157394718,33747.008883517396,23688.731629570957,35286.83606697478,39760.39154570638,31346.472011073056,46567.16486057583,68221.40748504386,55334.778747559496,34346.84590939605
2024-12-13,42294.649389610604,42215.754085005494,33640.77200767489,23599.893153043762,35065.59922190898,39059.7644034729,31200.245535984825,46406.8256481772,68311.88838879696,55095.13839137265,34143.4097295513
2024-12-20,41114.261368056694,40598.00496859377,32724.32498510279,23116.399691918006,34153.11214729255,38215.85791750224,30407.460578782648,44924.27154438245,65301.989183392005,53242.40593505604,33517.831860856444
2024-12-27,41100.11676597819,40350.54450537975,32711.70055038983,23097.12657939463,34151.74039526471,38210.49574323171,30420.05748530709,44886.94741285145,65116.62634349895,53042.82464655247,33736.69576539252
2025-01-03,40990.41771858123,40521.76743826317,32470.192521776968,22986.2490380862,33967.0838354101,38372.73736536161,30212.89810866881,44925.95274384194,65137.655242135974,52957.236840246944,33563.18930105092
2025-01-10,39047.141520762125,38806.76769907351,30936.563790671673,21953.280779454257,32361.482302180328,36407.12168147243,28798.43944593466,42788.673394535836,61913.82366586279,50224.987850004494,32913.412115164
2025-01-17,39615.12013498812,39750.90161365335,31509.923857976228,22570.522376091874,32969.40768282718,37166.800066640055,29451.64044818185,43400.58881324454,63704.591730912936,51375.06500007745,33882.41261384593
2025-01-24,40212.838305649704,40160.92202690924,32024.55842850035,22910.451777589475,33517.13976995468,37616.60149089764,29903.61705217677,43796.46495457313,64713.86581907592,52332.13834912275,34471.51375176823
2025-01-31,40750.54245943199,40548.96447515966,32394.616782435234,23315.331683642587,33997.813432602285,38643.497195791526,30351.9076701179,44441.72658022161,66220.87355429464,53511.82614647867,34122.814790658114
2025-02-07,41003.060426482516,40777.720816262394,32570.310552062936,23556.496702944747,34323.09313739645,39380.70324310496,30602.67813036367,44578.90145445845,68796.09282196622,55301.33214925429,34063.28271041529
2025-02-14,41765.88602674815,41266.90839797387,33173.15367002091,24062.944486114277,34998.894201111434,40263.56780883172,31246.463880976655,45162.99767849129,70527.3857511279,56639.59224460195,34569.59930418628
2025-02-21,42797.51306952735,43472.01834377965,33861.00082441907,24894.916342784494,35790.810416706714,41820.39745520152,31928.665917103895,46050.88166966644,70693.40419973503,55822.72817879862,34016.2216382905
2025-02-28,42740.770568443426,41576.18024532347,34023.7103232408,24675.84062787198,35823.50761031155,41102.316931440124,31998.942612138573,46239.03369748343,72053.95677765152,57372.036199121045,33689.63117336706
2025-03-07,43267.752804040894,40099.53686990726,34540.687749276134,24939.45709980363,36250.4038060181,41201.19464000064,32253.693267353246,46559.892359191275,71329.11252523605,57007.06753057429,32654.29814632374
2025-03-14,42147.744313793664,39562.680965325344,33672.614608314725,24578.093761232794,35408.258153941635,40663.26109429694,31549.484619177107,45299.9332382672,69747.6353151367,55427.39527393228,31910.972559998485
2025-03-21,42554.17131113523,40775.66168976902,33830.59071152054,24610.939699839073,35596.816585686836,40962.20541953179,31721.02595475911,45969.20464411669,70343.63556137407,55703.38638471234,32073.500454111425
2025-03-28,42661.85315706624,41196.920920344404,33919.17778674948,24788.44839547309,35726.117516360675,41418.68908257838,31801.695215632608,45984.436560090544,70356.50747496625,55658.90096028215,31600.344844670097
2025-04-04,40613.377129216766,39559.44584597142,32416.541529711798,23733.513142185304,33983.398608094954,38956.385432015835,30361.948213374482,44430.69955793825,67388.9727857682,53353.94490666103,28735.238966497534
2025-04-11,42037.763906844964,42181.87229387288,33540.13206115181,24512.971848137313,35189.35177490761,40198.475364120204,31475.414092617542,45878.13164788006,69509.73217101254,54612.172089447384,30365.127217570658
2025-04-18,42362.45008699877,42334.2407143821,33785.805787967976,24739.3288793185,35510.5630212598,40764.72750006608,31717.85283140797,45997.3590439327,70005.53676561073,54873.00620026175,29936.899620440538
2025-04-25,43521.55565174945,43236.836001818716,34594.112163456826,25330.912202347365,36496.21121037397,42369.77520286981,32609.136768171153,46990.88655854365,72484.75728654074,56973.29786897759,31314.85977991669
2025-05-02,44462.46976086725,45150.29820419381,35338.2692799569,25920.460286319834,37359.59629961708,43491.2838936521,33350.36947162171,47649.24039133251,73994.98591702945,58578.67248554487,32231.603833066496
2025-05-09,44462.72196997476,45790.49988675749,35210.873402400466,25429.409809487704,37201.95069370749,43169.01814789618,33135.37061981971,47932.87299768476,75043.94517162457,59287.82054776855,32093.97923628212
2025-05-16,45189.83621274301,46884.44103038412,35748.66929185536,25596.81565610945,37684.12440787826,43298.03055114419,33572.94069947079,49114.64559918055,75933.91044193534,60395.915523222684,33792.11308173755
2025-05-23,44876.096551837676,46204.849976091966,35576.58300777659,25615.621700887834,37566.93914760663,43303.71106874712,33456.423789877226,48601.875504499825,76012.68730969401,60466.25745513625,32933.94017594426
2025-05-30,45376.736965172284,47189.29863491811,35916.69496205834,25973.65655441357,37988.458552101314,44241.05384518688,33844.51394239989,49237.39092491859,77407.29135850075,61518.80367235335,33518.571039999806
2025-06-06,45495.56435879158,48191.91972849574,35850.88321746182,25831.4060823757,37974.02560519673,44288.48311364655,33760.7580121598,49295.798331491824,77535.72855270637,61764.21765205285,34073.0504348092
2025-06-13,45274.97770436019,48938.93427185259,35698.17969214053,25860.49655191775,37846.73020375804,44261.99630706681,33649.405120348354,48926.29080171719,77226.07615115595,61097.074018014726,33951.35338861306
2025-06-20,45155.968951654264,49687.46699000667,35492.36316976718,25939.25391243088,37736.280874753145,44629.46293985341,33573.24737979843,48694.98328877901,76756.83084135172,60547.806818101926,33896.58021409295
2025-06-27,46097.95416519765,51651.064806694456,36085.68585687881,26352.096684580378,38448.747199026686,45727.462772377985,34131.569527324624,49481.71283364465,77707.30524096267,61476.962691142595,35073.27245254476
2025-07-04,46442.71936474512,50980.29009370138,36448.19967504484,26419.048043413,38660.325516240766,45396.724837368085,34336.33504299359,50277.13370072028,77774.92592557725,61824.19839991217,35668.18142659316
2025-07-11,45966.22184917211,49657.839080847225,36165.99418517099,26098.73464182079,38274.060222806125,44563.07364303074,33980.636952982255,49894.67083508688,77347.67737549057,61478.501234037896,35570.071234870324
2025-07-18,46370.37824517238,50580.090065149736,36421.94080960595,26345.281864812354,38592.896692836875,45004.08991416518,34201.96456175577,50158.88290764601,77396.96598608229,61549.75223476384,35795.94326166522
2025-07-25,46716.339090588976,50222.62225218869,36696.1367450818,26540.660656471056,38851.87340806722,45238.812807017384,34402.561285428164,50338.832340506575,77162.72927633667,61056.674884196065,36338.940740448365
2025-08-01,45264.94103004056,48971.385099669074,35667.03483318415,26166.67759343994,37762.30391229365,44117.86417860068,33472.34525047402,49244.25571403889,76317.6936451778,60046.10001388076,35461.69701275738
2025-08-08,47216.90401854915,52455.11785335515,37132.49107847721,27269.65235257732,39398.63319579268,46187.42165419007,34838.93101057316,51004.271299557004,78499.95842898428,61425.78992873171,36343.509571534225
2025-08-15,48186.064431254126,54262.502989146196,37747.075001155215,27797.700640856354,40124.19581352196,47523.19026371263,35436.779939657645,51945.06567043001,79805.66519163041,62331.36690161765,36700.56829676524
2025-08-22,48672.26328916946,54400.642216809254,38070.79193200255,27972.91433149969,40455.348534774566,48056.356491035294,35669.256725501655,52556.94598752166,80516.02943220575,62775.46654912481,36807.228327245815
2025-08-29,47900.97397200567,53360.56399111103,37345.06176355226,26879.656691280517,39631.64529411543,46522.73400458196,34724.55134717051,51853.252798737114,79083.86694228936,62240.447645400636,36792.395465769834
2025-09-05,47430.70274647071,52382.38641719963,37043.29902136472,26802.943613185722,39342.702880807716,46154.56635810073,34539.51592081582,51345.690926544325,78712.15331625853,61752.92108052365,36917.30618128909
2025-09-12,47394.77271376745,52598.319180848564,36966.58755377611,26849.53940236466,39357.10731151052,46394.98168254152,34519.058617200666,51125.60454908053,78895.62030927122,61755.95632124261,37497.3822938615
2025-09-19,47095.376859360185,52159.054560334764,36683.84569289945,26425.760276729914,39048.60242240069,45887.72637961882,34234.551531915815,50894.06275187537,78692.23970235365,61606.126497777484,37961.11160927514
2025-09-26,46975.48184387498,51449.11881475052,36557.38053569122,26292.80866395452,38935.48716142079,45858.82704148824,34088.86344336571,50666.11161677082,78529.55125346733,61719.08300532458,37853.585683226665
2025-10-03,47261.32330473598,52134.49886350001,36694.35106108157,26406.999116500014,39065.88016218176,46118.32805456172,34172.21704722174,50766.89808795898,76752.79694275436,60556.47591161079,38276.26239698051
2025-10-10,46378.45389064126,51217.87458851155,36105.38871923805,25797.567450283244,38269.48899483003,44518.56456870138,33476.07022501732,50453.510356505554,75967.59375502689,59800.21128904906,37350.25396523441
2025-10-17,47518.87459902059,53109.14372752853,36996.02807013876,26570.328777814895,39202.96988796621,45632.452943017066,34395.84343282863,51793.536041713225,77574.13693444502,60760.54968072663,38000.57673572713
2025-10-24,47446.855813098286,53148.858771088344,36922.58426992391,26446.108774308912,39140.50105685316,45502.93936436134,34308.159494439664,51631.4867677898,77275.84967530474,60742.041965820485,38736.11982164342
2025-10-31,45776.2271882726,51223.84380863584,35686.8095284754,25825.849734349697,37864.84574299764,43995.23458244476,33294.46260338554,49684.46792654343,73906.97499041226,57157.397974937616,39011.23173908557
2025-11-07,45279.9073968147,48641.09631876006,35730.513381113444,25800.84066309408,37837.37150394038,43241.7818216302,33342.80849685669,49174.141485517044,75426.52522056403,59204.404623969815,38376.92451669814
2025-11-14,45647.53005442988,48651.11921824,36043.33352729693,26005.11245415913,38101.18400308416,43362.05884175236,33617.959754026786,49734.9536727395,75876.59964394536,59470.5831559809,38431.83848724555
2025-11-21,45335.304897830436,47018.99567229987,35973.63726822589,25915.444739005343,37964.36845803048,42887.65217218794,33525.03477217007,49493.03411517882,75063.70934063787,58843.162512822135,37694.00746588565
2025-11-28,46325.54736025691,48230.82934051331,36723.89816121878,26258.636881637474,38723.778109128754,43498.138971317894,34184.52957986226,50892.07946188795,76661.03987722268,60211.05954295547,39087.30383263537
2025-12-05,45848.00450344622,47898.31237429801,36272.50610443837,25888.597586075237,38227.28168367482,42967.72492286093,33772.15168471612,50671.05278689067,76058.83065941546,59603.70538656579,39218.853080841785
2025-12-12,46092.214536302374,48266.278273129414,36498.647308402426,25932.675509185254,38396.167721817146,43069.21826719775,33938.081471702,51225.49442815517,77463.69206742606,60759.14360300763,38994.07222325847
2025-12-19,45909.7722697072,47977.77584373888,36303.07864372216,25419.418182571506,38151.76858199486,42487.78807275425,33697.57262070683,51233.34261876975,78198.25578725507,61497.74507914294,39042.18222578663
2025-12-26,46175.22766800767,48748.53837065593,36394.82405166864,25436.023996593714,38301.52748051259,42854.05273755142,33793.91360773693,51500.49172011725,78315.88156480642,61401.634532649136,39599.76969289867
