Date,Equal Weight,Max Sharpe,Inverse Volatility,Minimum Variance,Risk Parity,Maximum Diversification,Hierarchical Risk Parity,Eligible Universe Equal Weight,Partitioning Selection,Density Selection,SPY
2016-01-01,-0.0035810385222817534,-0.0013954442692846172,-0.006443002923427143,-0.008368940475587672,-0.006217016775796446,-0.007303970632860811,-0.007002654281400455,-0.011055508562183625,-0.010875611032142962,-0.010875611032142962,-0.008800015698756948
2016-01-08,-0.046968582534236414,-0.023242405592978632,-0.043110902436694465,-0.04254668975019393,-0.046147003003164766,-0.05410854379150387,-0.045332293222457354,-0.046045477218306874,-0.04689045721562102,-0.04689045721562102,-0.05861591764312952
2016-01-15,-0.012422609044439259,-0.02695377690685341,-0.012963866253215328,0.0034370762874431637,-0.007773195374026987,0.009661605476190882,-0.008413672025882724,-0.006282086669372244,-0.00423682061078956,-0.00423682061078956,-0.021415152267032535
2016-01-22,0.034256009609125115,0.038912765806126126,0.028039174125571664,0.01849173781464697,0.02734283194381537,0.02328781230199861,0.026596680802161377,0.019002843201096464,0.01860724975123973,0.01860724975123973,0.01442935165733521
2016-01-29,0.026589197834676392,0.036794758677481054,0.032411863326917256,0.028262513851983417,0.02875401862469462,0.02388982438270637,0.0308517657727736,0.03711884263748377,0.03763192167799545,0.03763192167799545,0.016796317433717494
2016-02-05,-0.0407441717721303,-0.05542989351239158,-0.03904446300470055,-0.035332216436138264,-0.03848839003018678,-0.03329552584611317,-0.039156026875975636,-0.03565201940379259,-0.038943795955601934,-0.038943795955601934,-0.029785785673182984
2016-02-12,-0.01735405706439186,-0.008170432312654685,-0.008770918549297901,0.004119039087155274,-0.009656877021152921,-0.010532909186550476,-0.007696016418880736,0.004458718218545155,0.006099032170488794,0.006099032170489016,-0.0070228710357318905
2016-02-19,0.027472951900952003,0.014218313961352758,0.023984126783470838,0.015146198678875678,0.024761295791443372,0.02598025854828956,0.02378178015136334,0.025481803635734046,0.025852881172683695,0.025852881172683473,0.028773703431406134
2016-02-26,0.014408602688856798,0.04690149435286606,0.010830552282816264,0.015304967263950253,0.01313428231870617,0.016553953002644395,0.01603432196958887,0.017183144422437957,0.02269301386442879,0.02269301386442879,0.016093604460052084
2016-03-04,0.025875675593346914,0.010646094391881356,0.021847329702967322,0.01855228911559914,0.0234289734174411,0.02768268532181084,0.021465228937175285,0.015270971314331971,0.007745848646438791,0.007745848646438791,0.027372215032215753
2016-03-11,0.006434530873526301,-0.0018950619072908292,0.008298136118064514,0.009336798710824601,0.005983041050546367,0.0016759492864688585,0.00694592660578186,0.006640994258584998,0.004834345636192117,0.004834345636192117,0.01162482094143779
2016-03-18,0.010379351084442545,0.015002596225663023,0.007801821451615787,0.0026908594208554515,0.0066794519453654555,0.0010646905751918734,0.006245079379585183,-0.003411939448318302,-0.005621109048341788,-0.005621109048341788,0.013188696968558159
2016-03-25,0.000925739549616944,-0.002814159865542676,-0.001874474787378233,-0.0015051972524755541,0.000385400426287541,0.0056637313691401125,-0.0011556378571638826,-0.0015694138007746883,-0.0025957246288287328,-0.0025957246288287328,-0.006164908618405418
2016-04-01,0.020441819709464237,0.029852190171657078,0.02382311934805359,0.024104439359676322,0.022677589310014845,0.019126235551965243,0.024128991388921772,0.030209770067165742,0.029817765706821264,0.029817765706821264,0.018708118162862487
2016-04-08,-0.0038745139848352927,0.0025745089611157734,-0.0028367016196622075,6.165429779603215e-06,-0.003989605736023916,-0.007098965794709811,-0.00361020781928989,-0.01016412226858232,-0.013991526529321341,-0.013991526529321341,-0.011695322219197685
2016-04-15,0.004004014913067566,-0.011425112331619358,0.0018902800948694676,0.0026590034366347215,0.003150812898430999,0.005946356194005853,0.003927933672421391,-0.00645128049883803,-0.005603318568531024,-0.005603318568531024,0.0160393081434275
2016-04-22,-0.016104897144989527,-0.01338557600157475,-0.018527838993411816,-0.02292380304695185,-0.01829241278246785,-0.019033752111109692,-0.019477135026393033,-0.023392855775231536,-0.02441538724088954,-0.024415387240889652,0.0057270026202000494
2016-04-29,-0.0014522314714150442,0.012897774265031137,-0.0015332778966407057,-0.005918909196093947,-0.003553613340829598,-0.00958132659885802,-0.007599118763671364,0.006838982865013055,0.009187977404391034,0.009187977404391257,-0.012633301393848323
2016-05-06,0.012756024150235135,0.011649999394351074,0.013182987294382498,0.013821468585748953,0.012668779953803666,0.012348098238463168,0.012988175693784854,0.017603382883636165,0.01796340718924161,0.01796340718924161,-0.0029566266303051925
2016-05-13,0.008923983557918458,0.01420669677009756,0.006871271408083857,-5.84196411475002e-05,0.007566962169678559,0.007405041594208184,0.005681181221264264,0.009922064565887734,0.01382651749701469,0.01382651749701469,-0.004666607380373191
2016-05-20,-0.012637919239023243,-0.01837562407579163,-0.01724658292628467,-0.024239745036029325,-0.01557626387066513,-0.013819759428047362,-0.01684438549915057,-0.02093432674479656,-0.019647307826399896,-0.019647307826399896,0.0035654132054836127
2016-05-27,0.02323765625757379,0.02095294639626699,0.02256861474028793,0.010634902078186848,0.020887814826284767,0.01360256764754042,0.02031021821737733,0.019249472383129573,0.017701858553005323,0.017701858553005323,0.023115720910685564
2016-06-03,0.003210752688962204,0.0002018759990176644,0.0024712063389751293,-0.0008745098692115594,0.0017879296300828962,0.00023216493198985333,0.0006267970088613684,0.0019172033210828054,0.0008236967699519759,0.000823696769952198,0.00018970840063053593
2016-06-10,-0.00012774327499276428,0.007117561747951084,-0.00013524814296927978,0.003500064639299305,0.0004938642512868352,0.000964892579440324,0.0004659109688984753,0.0018080921652494641,-5.357597057997765e-06,-5.357597057997765e-06,-0.0009983705298214022
2016-06-17,-0.014332608308480488,-0.010284363145904418,-0.012821286516358832,-0.007949365442447509,-0.01343749681204287,-0.013733359115234656,-0.011813902031236112,-0.009802424949274857,-0.011994347458161303,-0.011994347458161525,-0.011786871151866326
2016-06-24,-0.01263867754452841,-0.007173317870367124,-0.010392529241710746,-0.018148042603847725,-0.012745969095534937,-0.01808906435001012,-0.01187047028999244,-0.010209578027097321,-0.0085291221026903,-0.008529122102690523,-0.015881882510499625
2016-07-01,0.03625827739891574,0.03905980290420774,0.0408445808056348,0.027915453915769328,0.036389227272042524,0.023670934811672817,0.03830599442294247,0.031170031675432197,0.0324483214211706,0.032448321421171045,0.03286734427662846
2016-07-08,0.01158432526534825,0.01292571949964505,0.011638559198141163,0.012048607272161282,0.012314884101654489,0.014776995944048243,0.012663878660645889,0.018982985502585814,0.01887894982629512,0.01887894982629512,0.013004894328833429
2016-07-15,0.034296448203691154,-0.0007187057070551228,0.021145652057346087,0.008691628429243758,0.023836179955274872,0.03150222391037194,0.01874000353702998,0.009935096761122253,0.00861533618918986,0.00861533618918986,0.01495417639445155
2016-07-22,0.007052535158474482,0.026757484733597847,0.010617590163162216,0.02904201237793047,0.013178296810074208,0.019991402437018913,0.018638446080740723,0.019607185574027186,0.02195408309608604,0.02195408309608604,0.006533131229412975
2016-07-29,-0.010403858274252276,-0.004031438199967208,-0.01039105462823664,-0.031370101929804606,-0.01349928554135138,-0.026383816077194422,-0.014292589812365919,-0.012969555673450928,-0.011519237126744852,-0.011519237126744852,-0.0005523075124210998
2016-08-05,-0.0001819212034370743,-0.003341433956479345,-0.003690726182187354,-0.006215368571387936,-0.0033801558335603277,-0.0030914066210762092,-0.003643365078040306,-0.0006452227297891744,0.00037432244945190263,0.00037432244945212467,0.004882017430814351
2016-08-12,0.005361394678049303,0.002243677042035319,0.006014321932768185,0.0013968093932592573,0.004672296645075624,0.002431941500043777,0.004725093100383715,0.0008556968736181947,-0.0011381129892994446,-0.0011381129892996666,0.0012832747266226646
2016-08-19,0.0024036615268514527,0.0005947596456774562,0.0015049558290740617,-0.005377804113060769,0.0013868228930704607,-0.0018852938314558587,0.0002474855330301118,-0.0056612019934744184,-0.005912470954628435,-0.005912470954628213,0.0003659574461105322
2016-08-26,-0.0022888216466298017,0.00047520900267361554,-0.002815920668331029,0.008411965347248307,0.0010638002929952428,0.011121260212303863,0.00107808984549429,0.004055972948085573,0.006507179617866399,0.006507179617866399,-0.0057197330791229455
2016-09-02,0.01325990951435485,0.013491086106375727,0.012655125257025501,0.009948510316216908,0.011944660264633145,0.011345742817372662,0.012032643622297723,0.008146651119836257,0.006877997108221345,0.006877997108221123,0.004970531958130515
2016-09-09,-0.014737580445639886,-0.022903833684799202,-0.022109700235230734,-0.01868268541308804,-0.017985786349785315,-0.009878850638571413,-0.02132318519041787,-0.031471442522719384,-0.02963120120167706,-0.02963120120167706,-0.023309111780983348
2016-09-16,0.004033744939087702,0.012360886472158272,0.005601922797483283,0.002435183433623589,0.004066194327928541,-0.0015393499353365536,0.004451300088289756,0.008245637179987941,0.007814359839176,0.007814359839176,0.005475114049477903
2016-09-23,0.023149470447612952,0.015068130026950843,0.024666540467576548,0.02787985941107829,0.025051616139153632,0.02768386087247121,0.026815782005852107,0.01997921400603797,0.019556282982037487,0.019556282982037487,0.012279324498071434
2016-09-30,-0.00579998086820066,-0.005548927691978789,-0.005989549928235305,-0.003510280340384586,-0.005156212944256278,-0.00454474629066548,-0.005729740342969358,-0.006832593543124488,-0.009108467610378645,-0.009108467610378645,0.0014355825942726577
2016-10-07,-0.016021848113227155,-0.009301769814472949,-0.017941006893931077,-0.0157616216266101,-0.016401162419693693,-0.013625707795511088,-0.017727091190163136,-0.01442136323130061,-0.011625226459856752,-0.01162522645985653,-0.005825480960416188
2016-10-14,-0.009707110461527502,-0.0070700789340144565,-0.008543910033707691,-0.009274277831551325,-0.01032882832918025,-0.013353644068848203,-0.00925626802194468,-0.007309152207801373,-0.011287039150728484,-0.011287039150728706,-0.008928544047409375
2016-10-21,0.009349906538172359,0.027899118590249294,0.010147857187962961,0.020854661232437177,0.012793804822748278,0.02066558963431131,0.014932043318578003,0.019923611813535747,0.027060161219322643,0.027060161219322643,0.0040350741770724214
2016-10-28,-0.010039163795860229,-0.0005332802869254527,-0.008155755922633956,-0.011484008684877423,-0.010448296395325851,-0.016015851807325454,-0.011146847800722504,-0.00594032918951326,-0.007413547761867978,-0.0074135477618682,-0.006729414900484301
2016-11-04,-0.017652579821930248,-0.02583353322011428,-0.015978302447720694,-0.01080354693824015,-0.014935142336609086,-0.010707764860525715,-0.013636773975935546,-0.013290089051176013,-0.011976155148459622,-0.01197615514845951,-0.01877321987622657
2016-11-11,-0.02053617724918433,-0.03214873932695128,-0.023534564153794846,-0.012006601952989082,-0.02023051811200227,-0.01003904544681633,-0.019159063813942168,-0.015803225142560606,-0.017809339840611282,-0.017809339840611282,0.037737145511863086
2016-11-18,0.015459257380959324,0.01262735009327276,0.010433650858799215,0.013934471570078655,0.012493079638468574,0.019526996107488426,0.01273559583698547,0.010770623146232783,0.012702194385451282,0.012702194385451282,0.009610746603288353
2016-11-25,0.011316924086274271,0.024864393824270747,0.012770995035461308,0.007169814335524105,0.011197477184617943,0.006292674352050387,0.011492738345079356,0.022015974513728942,0.02422466093073261,0.02422466093073261,0.01382156105445917
2016-12-02,-0.015541487448411773,-0.027505219101138123,-0.018822289552806515,-0.01607333483531348,-0.01773464203363606,-0.013656345184296814,-0.01835242663249048,-0.018046357081567987,-0.019027007683719233,-0.019027007683719233,-0.008306343369625173
2016-12-09,0.02907729865326636,0.026828394276499745,0.028683221970130734,0.014583520105456937,0.026187059737460272,0.020540003549013974,0.025703363959118875,0.025805664719833254,0.02370381461508919,0.02370381461508919,0.03109101755821302
2016-12-16,-0.010186878640263908,-0.001311975780829866,-0.0031272383152699534,0.007995999000872445,-0.004188425968846721,-0.004775308085817165,-0.0009200603966941223,0.006361490553665972,0.006989059618697668,0.006989059618697668,-0.0006342128065663576
2016-12-23,-0.003604243709277477,-0.004639524307349929,-0.0003599885412023385,0.007479483483362692,0.0004329614330189635,0.003991678424372314,0.002298289543130716,0.003342923242867002,0.005684111816185222,0.005684111816185222,0.0029771015686807178
2016-12-30,0.0020198013001586634,0.0007940644137942598,0.0008399234914044929,-0.004519493156370791,0.0005881819863500226,-0.0015276083669317764,7.1892506958715074e-06,-0.008875455416920253,-0.009776565374976398,-0.009776565374976398,-0.009658262928861043
2017-01-06,0.01804353474371386,0.013865370805854847,0.01446241343814445,0.01669286509075399,0.018040421940582314,0.023863035359918287,0.014623182740871888,0.019649696883309153,0.01776684044182792,0.01672078784623624,0.016463385826896517
2017-01-13,0.006755343106610079,0.016940182200598786,0.003825927850659605,0.0017935864712206318,0.005886672089852052,0.007290958979796036,0.004528218264293615,0.003431581734327116,0.003939260688912594,0.004206721967381144,-0.0007043549599627532
2017-01-20,0.013245325529393837,0.03638366894367229,0.012256144930068213,0.016424804709215035,0.01324218933513932,0.018418402749782903,0.014701341141285962,0.012914664977228263,0.019698155612408286,0.01916178912332489,-0.0013652204205883576
2017-01-27,0.016592993808146828,0.011607071972685734,0.015369573203166675,0.012016582626310557,0.01524853890147404,0.01065638649365419,0.011468694549430669,0.014551910093721476,0.014388216785856223,0.012473967912075112,0.009834757076006444
2017-02-03,-0.006374895739831521,-0.021344816914734444,-0.0021814470356055216,-0.009241488061008551,-0.007849221958203811,-0.018483984050747138,-0.005911532653721019,-0.0014239306738533797,-0.0008818093435919439,-0.002441897942440985,0.001616030452535588
2017-02-10,0.026003843890855416,0.05802778775092787,0.021841063290701346,0.023872872686464985,0.025691386178772424,0.03697073486912439,0.02605546954637994,0.026505670392785063,0.03052269444833766,0.03126578913492817,0.009461892526844724
2017-02-17,0.011068756375209654,0.004562892237711891,0.011136750401191664,0.011051438713300055,0.011744984297239469,0.00965082402415618,0.008197513971791803,0.007768049166372082,0.0019822593475939954,0.004184593710106821,0.0154637818125487
2017-02-24,0.0036727628091552944,-0.0035922475116975106,0.004597029412438225,0.005000902485902126,0.0031398549810632836,0.001273833293616411,0.0034546348965105445,0.004957536150519637,0.007110929786604547,0.003946551195753933,0.007018871701582368
2017-03-03,0.003223257056624629,-0.0005366763582851375,0.003898346807711839,-0.001276949684391182,0.0023438884978130847,0.00048058135663442414,0.0022775095968003978,0.008500333698720164,0.013600736896057342,0.010565911172455422,0.007096289052398835
2017-03-10,0.009960056277418694,0.03527335056841219,0.0021566733371440883,0.003647991939617956,0.006784893688647209,0.016804985158513475,0.0007679664551190069,-0.003638193979922044,-0.0024366685465643245,-0.004145702487169278,-0.003061964633680422
2017-03-17,0.012393974521763162,0.006474876857965439,0.013497208398400629,0.010340057639547151,0.011382382781793376,0.008551829818820522,0.012724973581222265,0.0032661642636300225,0.005458115252385376,0.003192346746545116,0.0015612910738117805
2017-03-24,-0.004035330086698874,-0.016931504409846365,-0.0014034244613764235,-0.0026240956858144537,-0.003210185691005396,-0.007423968977520512,-0.0013079327849855327,-0.0009194664024751997,-0.004705492107762388,-0.002182789218717174,-0.013373467853742077
2017-03-31,0.0064494751831700725,0.004930167150860365,0.0049355322031072735,0.010585652196931639,0.00825695650067959,0.012567445474644723,0.00633670940195441,0.009643256678008028,0.0036616270132225903,0.009886563058927544,0.008039044632826375
2017-04-07,-0.003333873692224487,-0.005540527092253167,-0.0015722406206388762,-0.0036652686321970718,-0.002958430025639891,-0.007560182816256034,-0.0024905917913656817,-0.005148329931923934,-0.007730367289193074,-0.0075259882310529935,-0.0022907616374581723
2017-04-14,0.00046907579644117625,-0.006046902852157809,0.0012996862407455012,0.008481451090589731,0.002605290767848212,0.004902211883011098,0.0027522315733570224,-0.0003444390393713137,-0.004452974054587444,-0.0005201832270217421,-0.011437276314196504
2017-04-21,0.015587458789505737,0.025102730365495596,0.014306594415153695,0.010551973540531279,0.015246075675207083,0.016229026500713895,0.017162337518495496,0.019384267175900582,0.021207553843190174,0.021561420216063443,0.008946012904044313
2017-04-28,0.02413147717014108,0.03203916779823546,0.019222211521982002,0.012314870126699295,0.02067956561360429,0.01827586506606682,0.01597816500626026,0.011139695690533635,0.021313271887485774,0.011076723078555784,0.014876987836745145
2017-05-05,0.02406010450677165,0.02506664123274538,0.02327686061707901,0.012736231733974979,0.0217071454996014,0.015517784316161132,0.021694243727382823,0.020697695668802307,0.020067372971743325,0.020098120725520863,0.006804518679988491
2017-05-12,0.0018734084090739067,-0.008100600037386663,0.004058628055641389,-0.0010808610756082304,0.0020993193524176945,-0.004404475392925877,0.0038040222785813427,0.0037585017783081653,0.003326510935240723,0.005496086111265397,-0.003003717570617981
2017-05-19,0.012264514980065977,0.011651943986460411,0.011193062016113142,0.007325299232757043,0.010688389446090074,0.008484580527401864,0.009543446659800559,0.007019639907057229,0.006483370285493395,0.007029371717111266,-0.0028037019584868546
2017-05-26,0.02825553254069657,0.03800795997917428,0.025899866125350002,0.01938819600186026,0.025355545209435615,0.027809365062637426,0.02356646366634929,0.03206376548264078,0.03755271244221792,0.03348142675812049,0.014267058729467678
2017-06-02,0.01847496542008331,0.03431995979005564,0.01618860515391729,0.017779408719071688,0.017781518975736876,0.021219002996339276,0.01739259409305327,0.01397948191223386,0.01827882103770806,0.016365503837183715,0.010177683573757897
2017-06-09,-0.01841346447886838,-0.0071032810358453435,-0.021531469213581622,-0.0162310175072381,-0.019109026073067636,-0.012147723340240058,-0.021608577213007796,-0.026004438791088158,-0.025374927706269257,-0.026353838283476816,-0.003112888092240276
2017-06-16,0.007809389538973699,0.0015555270574658664,0.008822350983326732,0.006411571383282411,0.006760942415960924,0.004303712605057131,0.008493756357967674,0.007299769133689349,0.0048654281685285294,0.0037811756981822597,0.0016980356551247419
2017-06-23,0.01294900871178628,0.027903131074185517,0.006487628389753697,-0.004892577547707777,0.0065418195214870245,0.006697151410310909,0.004254376229162693,0.0033433521260972654,0.007404155722763095,-0.002032232272912826,0.002019601684361597
2017-06-30,-0.018624658270943617,-0.014493697689234475,-0.01546735830063617,-0.013123092926117907,-0.01692350166242984,-0.020623065282799447,-0.01408516165882956,-0.017060031758218797,-0.02123018673291055,-0.01953060744468016,-0.005470428153774977
2017-07-07,-0.010106321496232806,-0.014850320972575659,-0.006661680555077321,-0.007113279566848485,-0.008849728727158834,-0.014443536856981964,-0.007039697952056723,0.001012045696921371,0.005992077344687763,0.0039581296975665925,0.0012820287551418166
2017-07-14,0.01609615468772896,0.01356636848870707,0.015072992067571178,-0.00024381681359830765,0.011618186008163667,0.0027770343732347325,0.010314322500325046,0.00870088184326967,0.013390674719616857,0.006369435896332654,0.014249810320384061
2017-07-21,0.011267574814515902,0.015485003020329735,0.011028067343944903,-0.011433651194862837,0.004690728450651882,-0.008013229421491963,0.007503733619984132,0.00544858142208704,0.014164586570933668,0.0022385965207756264,0.005375327387423054
2017-07-28,-0.006381832715700364,-0.03660881545330574,-0.003235352574953443,-0.004671961932218638,-0.0060863117680234335,-0.017258687717015553,-0.007016286761448942,-0.009114119916921681,-0.01329340537492052,-0.018178700604318587,0.00012139052526681007
2017-08-04,0.007503302300178705,0.028079071204926587,0.0038420892787411898,-0.00024115810362845824,0.00559270846226001,0.009944013138572405,0.004326330383196408,0.00031267351478336813,-0.00016939847917796236,0.00047277892496122575,0.0020251341035397346
2017-08-11,-0.005766079613899411,0.005146052619329433,-0.006999978034023968,-0.0042692718014579745,-0.006323839331708214,-0.003880406568674055,-0.007557457590809724,-0.006444084496447844,-0.0026087374406010833,-0.005512588629454029,-0.013297884985077968
2017-08-18,0.01276774086233523,0.021829162352808185,0.010706847684474718,0.007175745260104227,0.011013023113250808,0.011984751610687017,0.010546129982758501,0.004427765453521193,0.006976520683219745,0.004685953105649565,-0.005775613160420883
2017-08-25,0.00697379887725047,0.016294144119321174,0.0031830063254612018,-0.0013735489218766883,0.005084791054366988,0.006356373432951923,0.0006284214613299088,-0.00014090110410081014,-0.0006240061673522534,0.000170866393945035,0.007622100851855088
2017-09-01,0.013505612103016373,0.012954599508203879,0.012484048069513642,0.009566756361575557,0.012872341277632149,0.012660478898100624,0.0107918312305606,0.01711689921626114,0.019295484845665678,0.019436091660713917,0.013412006268239806
2017-09-08,0.020863611647415237,0.05543303115011211,0.011176037522275584,0.005190186141454722,0.01630496906339851,0.024730548717872836,0.007605697140263823,0.0021845056411968766,0.0033935457847398265,0.0009327308094246867,-0.005083895107473469
2017-09-15,0.0025273540495986957,-0.0034640101981037175,0.004057756783732325,-0.0009552874907269304,0.0021916877719303507,-8.522970538737962e-05,0.006608783951844499,0.005216964785871747,0.005120014300665998,0.007984957201262244,0.015600250253346971
2017-09-22,-0.007533489617304712,-0.01026768449337856,-0.007138440799566381,-0.015958817408204373,-0.00894519143865502,-0.016257192414344646,-0.006973799995820151,-0.0008381312519939454,-0.0014004988675910823,-0.0007423893242499702,0.0010029394130932224
2017-09-29,0.004743443142940729,0.016467853735939952,0.001094662575193306,0.0032182056377447754,0.0041972867697936955,0.012960753545100179,0.001111676970424913,-0.002847350304555518,0.001981246431945083,0.0007729977852821701,0.007176235283867506
2017-10-06,0.015281009137704027,0.020459463813680356,0.0151754609040462,0.003671516710941569,0.013007455823192293,0.00671474799486016,0.014671939967400682,0.013663006057037519,0.013288465669719418,0.013667442743963365,0.012498502347880469
2017-10-13,0.015800194035734183,0.0054385444777032,0.015911996805197726,0.02246532575791793,0.017355678689619403,0.018107507946377943,0.015186504308097648,0.011271672033072555,0.008911483498708295,0.0111584747466269,0.002279785244847893
2017-10-20,-0.004224689996566222,-0.014002577417875472,-0.0017892789959221833,-0.011927363651624945,-0.0050004384023742965,-0.01724005979822174,-0.004688811393792958,-0.0017900908576091723,-0.0038521432943788847,-0.00457400317230483,0.008472378329475555
2017-10-27,-0.007608319187934365,-0.005281771143593406,-0.005446125595265583,-0.024008718835486387,-0.01188740858207471,-0.02676328919558535,-0.008497573384896095,-0.004503929727418421,0.00908116284846261,-0.002702216065886942,0.0023338328094303536
2017-11-03,0.006843409730583616,0.004336823286580582,0.006832254752976441,0.001918084303794254,0.00603836910574973,0.0013135320111243853,0.0072521283497399835,0.0038123859646677083,0.0013844956544619702,0.0005460975225550779,0.0028713166536162176
2017-11-10,0.017700311077234465,0.03209444520977334,0.013799223375156933,0.01356084555157655,0.017343590802204156,0.02757919528051689,0.014246339973707833,0.011184726130727629,0.012723915953227527,0.013731428988252192,-0.0013929177026070511
2017-11-17,0.0028463551755333327,-0.006177954493225557,0.00394970867019051,0.0015400552714031068,0.002976727794365752,0.0006202578962357652,0.002870964767637707,0.0043843073816765,0.005749948173178421,0.007085294996607816,-0.0008910537834620196
2017-11-24,0.015760206341630667,0.01727946182180551,0.01339734889649713,0.0060213429872322255,0.012672759395715882,0.009225472800279189,0.010652139937136429,0.0038556489720478204,0.005066800397630633,3.4559146228962945e-05,0.009695092021838107
2017-12-01,-0.013416209716316185,-0.027933234348132885,-0.006951211217943842,0.018470406530413097,-0.005618904661410795,0.001372970373068938,-0.0012260907604547677,0.005906715041499311,-9.732127188333273e-05,0.010963109964558404,0.01574721786044557
2017-12-08,0.009893840704596535,0.002197906772156477,0.011173294814737167,0.014231858223383131,0.011695007421976822,0.013184489363562202,0.010968841323137912,0.00989361850079562,0.013296071216675198,0.016254095790566137,0.003970631542330159
2017-12-15,0.006150943821637167,0.012843230505561243,0.007204051178959947,0.011563278594357795,0.00745763078050099,0.011572859951883174,0.008836203860976166,0.012218156360192634,0.015837770391181838,0.013926775552011161,0.008897008827461328
2017-12-22,0.00038142456455414475,-0.0017172930173617873,0.0014209022608040467,-0.005586683127405179,-0.0010542618144731009,-0.006395999631165994,0.0012627112680692054,-0.0050748631700293645,-0.005161674946347894,-0.0046692946793787105,0.0037521179970120837
2017-12-29,0.0010540476250724407,0.0030537468619755703,0.0020515866270904848,0.0019484284961686082,0.001071267829536593,-0.002093674312787286,0.00020469718827520467,-0.001027255835409635,-0.000952831247884367,-0.001793398715842942,-0.0024294058491043146
2018-01-05,0.02011343951452952,0.02195182770834323,0.016179420292266915,0.010224931888769315,0.01887319896658208,0.02089177079154676,0.016056072424145626,0.01766332380893502,0.02459747545219069,0.029193715963379527,0.02458176787681584
2018-01-12,0.011997634314144356,0.019660263639100117,0.006415646108318684,0.011768700073890859,0.011905385400848845,0.027761674607215125,0.008747293085652696,0.004216334071660999,0.00862108946108009,0.005852000711826788,0.016458167975480654
2018-01-19,0.017351652418632346,0.016671612442471728,0.014817934673241107,0.014947306841408992,0.016743865526471335,0.020313002996413365,0.012990381328376044,0.0217798055691516,0.018413726561069987,0.02065074358120844,0.00895950941148111
2018-01-26,0.015257736643966568,0.018576606184345312,0.015486804113679309,0.009073875033875689,0.012859020835490842,0.006061799271612323,0.013683634267570355,0.013155009136285312,0.013896015799563344,0.01978173966427277,0.02200357027744036
2018-02-02,-0.022735767391815154,-0.02431867442777469,-0.02038342484390987,-0.017636150238236614,-0.020792391851315206,-0.011169526842952138,-0.021074525558915314,-0.017950390731499732,-0.03439108852789674,-0.03132928366597143,-0.03883725731414507
2018-02-09,-0.05636633843528105,-0.06944324528211543,-0.053308692339470665,-0.058808215335950376,-0.05837742820480685,-0.06389044517339892,-0.05166675272302024,-0.05920819155863888,-0.05515627677146118,-0.06538971063640242,-0.050644466700555626
2018-02-16,0.04622060503033154,0.04413387941346336,0.03894384871818923,0.04284621488901985,0.0473758538640312,0.06483306004116951,0.04102540074296179,0.03600890917328692,0.03853607595810149,0.039144505211250014,0.04439753551076374
2018-02-23,0.013189761075147466,0.01518884491249195,0.010848966893277412,0.011919807445403885,0.013432927882965684,0.020156786303593188,0.012615598492160762,0.012561720922576125,0.01956023654357142,0.022191566955525266,0.005858387325100709
2018-03-02,-0.02337833062359662,-0.019297585950688867,-0.023423040324515587,-0.019067738118303423,-0.022163520640496093,-0.020833869429911278,-0.02399067553795109,-0.022714047659276537,-0.02779947390114812,-0.028527223476167762,-0.020494073742069924
2018-03-09,0.03342575419230531,0.04337513489284062,0.034589327413607096,0.03406603078994608,0.033501917546605586,0.03268982391762432,0.0351662209717829,0.02834233036232603,0.03428981545981413,0.035705890980781696,0.03638316016354641
2018-03-16,-0.011304319734211865,-0.016085561718124475,-0.011565664012763155,-0.007597339308847761,-0.011096428604068564,-0.01101871584725922,-0.011145019629404729,-0.014822766604206561,-0.01602138596265046,-0.011761332563951288,-0.012808298469054768
2018-03-23,-0.0376245597957543,-0.04253826779090919,-0.03911370613875609,-0.022645600885060846,-0.03337065040192211,-0.01474295201899023,-0.03078891406817852,-0.04642138372249416,-0.04490999864584755,-0.054131723401602994,-0.058898444570125004
2018-03-30,0.014466538839860155,-0.006200869736712966,0.019866934078507814,0.017415004240385334,0.015921583226657043,0.006141207538802984,0.01987072375688359,0.01644243657101563,0.024927697174392804,0.02206580876308606,0.01976372778138683
2018-04-06,-0.0157762966822943,-0.021072481979646507,-0.010063955862251395,-0.02034430122547315,-0.01782003308724911,-0.04177914910075886,-0.01711121316493225,0.001227314690899206,-0.0037890939202087637,-0.007765598251638028,-0.013034578842505435
2018-04-13,0.033313948147112526,0.05056527685610579,0.02450563393606764,0.040351583628804644,0.03441170644926195,0.0643457314611573,0.03171647741261374,0.02021100097678241,0.01140812875621755,0.014403345822790126,0.020906956378807993
2018-04-20,-0.02233673503871958,-0.006910254289278939,-0.02634795575690252,-0.037257509331929284,-0.026017719109239112,-0.02961975576616882,-0.02908846645977703,-0.01358045350626047,-0.01202473863033171,-0.006384281313382978,0.005506413354328741
2018-04-27,0.010816181031342076,-0.0034998454826495884,0.009324080386697187,0.032873660866618915,0.021081804704554452,0.04450508034742895,0.017136801649705102,0.018442638953374724,0.03151489510245575,0.03327916805981501,-0.0001873296339247373
2018-05-04,-0.00019073517465184597,0.021686725002905805,-0.002499364656908032,-0.0056143566408217715,-0.0020639038926211217,-0.0017816586422593206,-0.0026888036850160058,-0.0021337347123147055,-0.0017501672323607664,-0.0007517643734897828,-0.0020259420598104923
2018-05-11,0.01379780187484525,0.025720669316827927,0.012387284229263829,0.011332985950577301,0.013574420372535867,0.01445190602516111,0.01314307322980457,0.007912537587994484,0.00908607921037019,0.01640688352080133,0.025675003806962853
2018-05-18,-0.004805782036830575,-0.010706925365593367,-0.0025505855250423926,0.0009829239378849053,-0.001729944218884838,0.0018358814895973463,0.000728502574194545,-0.009516869783025128,-0.0020677167956406617,-0.006238301269685054,-0.005571305637792059
2018-05-25,0.012348825235352301,-0.01815978643314997,0.014814065654889852,0.02157889476914243,0.01423897365057658,0.017462791434136093,0.02366431973486094,0.020390858655252364,0.029400485870147763,0.0021640196022707503,0.0030224636064359813
2018-06-01,0.012459529224695398,0.026538080372351613,0.007479810819455812,0.004013679763875677,0.00975185675805501,0.014352591685275806,0.0051047098501524335,0.017228740967034417,0.008729182114168621,0.01331908144801952,0.005327823308395263
2018-06-08,0.011801196871088493,0.018015348265961517,0.01207043811704911,0.020940539054798757,0.013631333202278384,0.01775442373139735,0.013892646552287502,0.015150309177850652,0.01790849974886566,0.01835922309042548,0.01677592291176985
2018-06-15,0.009990389845381253,0.012377700743674724,0.012902884586197372,0.013800600157019005,0.01145283331495306,0.008822201712257893,0.01209081249403976,0.016729897795874304,0.01773770884174497,0.020119945063038047,0.0006631789151793851
2018-06-22,0.002534108371066379,-0.01036764654709077,0.0002907825980618117,0.00909690245293171,0.004387974789047844,0.017249177847887598,0.00463304348811211,0.0023441869433566964,0.0005293324291444357,0.0010752830963627336,-0.008624007608847777
2018-06-29,-0.02045220968699335,-0.028127414358601555,-0.017229167541965684,-0.02680421667888666,-0.02285595419534958,-0.033511334296897344,-0.020143310965791028,-0.02135271329640709,-0.023086509609692163,-0.02638467510655662,-0.012593755776962964
2018-07-06,0.018734084327399092,0.012916479088598498,0.018443497785983087,0.020882623217741925,0.020609290551570236,0.02398620354909542,0.020531160716819485,0.0239552513734842,0.024506077243025004,0.022258126527129107,0.015261181032434974
2018-07-13,0.0178160919135244,0.004700919004847703,0.021287789638958277,0.012349952188524416,0.01721349361950031,0.013308987569276898,0.013946462720977104,0.028106517939690212,0.016811285274973997,0.020660357338532886,0.015140219548076093
2018-07-20,0.008841978644739124,0.011762103978054217,0.008388680914177327,0.00828205894285805,0.008007014308148541,0.008095300591412613,0.0070962138660382035,0.00285116330938906,-0.0009117285796321761,0.00415757831844954,0.0003221975562296684
2018-07-27,-0.014094332936331111,-0.02705168898458854,-0.01218653463215258,-0.005633430102917503,-0.010078627728567713,-0.00814675995604719,-0.009379669045699646,-0.014071407566576988,0.0012325664822658844,-0.013983258518547204,0.006221271832298243
2018-08-03,0.006863403787100486,-0.0037931787425247165,0.007562648630973001,0.012122284221983914,0.007574392523734597,0.010153246335334876,0.011644082598548211,0.008320027675625896,0.010948431011105875,0.009616670052512655,0.00774620704454175
2018-08-10,-0.006629215495979945,0.01165686095816354,-0.008597930722736402,-0.005697347614124881,-0.005357459894626659,-0.002124270524987981,-0.010191620596605389,-0.0037027093924448806,-0.0036749354957865688,0.01450013918488069,-0.0015512004940310953
2018-08-17,-0.010797711487446238,-0.03893796020662588,-0.007570205420199816,-0.0044848618735736645,-0.008317568867274971,-0.014822953144472795,-0.00876239547085067,0.009616535435597928,0.00989519087695001,0.002182252378326144,0.006709873503023223
2018-08-24,0.008336923699793886,0.039884365168896485,0.003283753674527823,0.0026825492649542593,0.00725167623757117,0.018358481587835263,0.0058852484812803585,-0.0015623978160064222,0.008469273960039825,0.008652341523211815,0.00859461341832942
2018-08-31,-0.009263266890890631,0.0015281203405868027,-0.010258076197671606,-0.014968974579269045,-0.013306358346894753,-0.016706720939345332,-0.0108678491598877,-0.007266276635416569,-0.007085499629459813,-0.0065933284054013885,0.00973881760535188
2018-09-07,-0.009188605703750796,-0.01634279163515795,-0.005821041983393949,0.008994303587487762,-0.004105339868514579,0.0004150101424673647,-1.7491776641787027e-05,-0.004316033675689002,-0.0031515910624193566,-0.008977415272998002,-0.00933470648179819
2018-09-14,0.01788430860464918,0.027238782458963273,0.016201547661261584,0.01966492538681419,0.018416420834971525,0.026881560643489344,0.015279777304953113,0.012152419517370339,0.003066149473798463,-0.0027877849732189652,0.011404717821936737
2018-09-21,0.004104310264763766,-0.0015636940366570151,0.006315073093118073,0.0007874289395695122,0.0018981071521191328,-0.006314901998264899,0.006719403611034069,0.0007860661260847834,0.0073536104011899805,0.0030461848125991065,0.008359964550432341
2018-09-28,-0.0053564898241434955,0.004462509607014997,-0.005546644196886552,-0.009578433117896745,-0.007045723441291729,-0.011235083298600457,-0.00534616785926012,-0.0037564836464839546,0.0012747546013576194,0.005232696280203841,-0.0043490977992923134
2018-10-05,-0.02082782767032576,-0.020396651905001062,-0.019155366851210887,-0.01829470374583453,-0.019827663991141886,-0.022154359377770216,-0.018850104985756788,-0.020222880814371846,-0.021240750442028555,-0.024864972110094197,-0.009975719297516712
2018-10-12,-0.022764925620636145,-0.017204425878320384,-0.021194211151207676,-0.015320579983925109,-0.020917382165522524,-0.01562972322999856,-0.019150637826154338,-0.02304725321033263,-0.02489816615197904,-0.027106078706574777,-0.041240922206967734
2018-10-19,0.005402345320891122,-0.015218612646934138,0.009786855280632833,0.019155975051226903,0.007532582998027282,0.003560494836516215,0.009978317723414953,0.015228932734795642,0.005610489937925012,-0.00036586861761367384,0.0010872131866705534
2018-10-26,-0.01962762617662639,-0.029986180649564265,-0.017016814037468908,-0.005008825567680897,-0.015403880727084762,-0.012998273327341492,-0.014482854597315353,-0.010731063582445355,-0.009543404036907788,-0.012720532878330193,-0.03952929527009173
2018-11-02,0.018205671445456595,0.014208267311820233,0.019363721033465398,0.022210175233661866,0.021132219720428225,0.02363139224670885,0.018189270280303482,0.02875194431314254,0.023066183622298286,0.02626844099042236,0.024723639899777848
2018-11-09,0.007140665210989994,-0.045039074035447935,0.012903032805984926,0.0298742333727553,0.01217089483931022,0.012732929546702243,0.016507552479778864,0.02017953020276675,0.018823319805754135,0.01594505815394509,0.02158970988407316
2018-11-16,-0.022456289377023042,-0.014070507970488921,-0.01987341291295497,-0.01808822039339375,-0.022802552338970328,-0.030741132849798625,-0.020503056640774786,-0.021050114796498876,-0.015445924162002522,-0.015981350799800564,-0.014508817651869668
2018-11-23,-0.026699053925154592,-0.040623782003936126,-0.027177999795817365,-0.02387560342115158,-0.026028153934090525,-0.02403496234306768,-0.026014466233607814,-0.026698527949471917,-0.024681820594574466,-0.02636260214212449,-0.038285857582965176
2018-11-30,0.03729292183498334,0.044029798529581,0.03575218443064587,0.02804545788448487,0.03339984764894566,0.02589137346605841,0.03215054624107094,0.03692466814867035,0.037995568653374834,0.046268196205401235,0.047103356738352975
2018-12-07,-0.0325033233363774,-0.03492717449721405,-0.03259575306041251,-0.023948225729491956,-0.02994147806877756,-0.02400988704039353,-0.030451513829707788,-0.03383673836071144,-0.03761886419115468,-0.0391882415839192,-0.04382359450781474
2018-12-14,-0.0107558489669205,-0.017119990035209254,-0.00730388231259349,-0.01257284365307354,-0.011404023318944745,-0.02514693656242517,-0.00972916109442934,-0.013530063437161344,-0.011278673457909005,-0.006873157206744751,-0.011761770574392302
2018-12-21,-0.05855278707047473,-0.051862930308167576,-0.056406852042905964,-0.06276425484932935,-0.06189247224670169,-0.07403178573821234,-0.05704407363679442,-0.0664334114697901,-0.07019642374625312,-0.07309486716985247,-0.0705047259705119
2018-12-28,0.02430991854759501,0.026691797913816817,0.02035578526275028,0.019207281378464947,0.024171419190358368,0.029734276830999384,0.018983097004217298,0.026983547776078476,0.02831340854419917,0.03602071648679317,0.02928967248910313
2019-01-04,0.015314899268353561,0.0020915461020490915,0.013822651391289223,0.007874192038728257,0.01403291366710276,0.013576879785329038,0.014009599469840683,0.013935577872193388,0.013654234292774226,0.010243919166847412,0.018728548882042766
2019-01-11,0.02788784390423671,0.03709417012841487,0.022107564047378903,0.010737339582922889,0.02395069231364899,0.02807463231869245,0.018561444732095644,0.029279709276539112,0.02727133685159777,0.031153578009136318,0.026110309217178572
2019-01-18,0.023210619156701418,0.029508122963590733,0.020085077331476686,0.014548734402507923,0.02080951515082674,0.02077951581472548,0.01805571353211577,0.014287895679500284,0.020651354491639573,0.019996100301604258,0.028882323473750676
2019-01-25,-0.0008680580383607639,-0.003774665752745987,-4.8851413652295506e-05,0.0006946547837383132,-0.0008131095961924073,-0.0008890444707631007,0.0001332897443671044,-4.350250627527252e-05,0.002269892620367475,0.0004081417288146483,-0.002551499526878874
2019-02-01,0.02795485970899869,0.017923390341784362,0.027762794311387173,0.028706707356896732,0.028670835409041695,0.027895611858138825,0.028227346957874877,0.030402877411698448,0.03421940054585493,0.014958621162979524,0.016103134816054472
2019-02-08,0.0019173328408472745,-0.005257497610109407,0.003891600091152192,0.008294077227964047,0.004151282956357472,0.004866986637030779,0.007113933085701962,0.009271808731512898,0.017656595484888626,0.013037562473889208,0.0015184881713989015
2019-02-15,0.004702935299796485,-0.001315464471962069,0.004175046477839173,0.0005105707165071749,0.004967534786916472,0.005891166804532277,0.005093418468468336,0.004102063879745321,-0.002365437272483617,0.01171625069249349,0.025510984338358668
2019-02-22,0.0013166903351631287,-0.0036198307819824693,0.0013801233364665322,0.0021462279521033967,0.0017774717458391986,6.66803206097466e-05,0.001910897181944149,0.0009112665364718886,0.006407669384370873,-0.0034454540513170206,0.006381177043579296
2019-03-01,0.009736860901445876,-0.008968899307874367,0.010356848701008614,-0.001149998800800689,0.008138186653332324,0.00033375913807520696,0.008947599754146829,0.012888446434033085,0.0037924931942872053,0.009796584099797556,0.00458546547619649
2019-03-08,0.004485028984886785,0.013516059044133444,0.002995076442247946,0.0041624810424145675,0.004294317429114791,0.004401400490873675,0.0017507509085952222,-3.428447253062128e-05,0.005748880147013136,-0.0027312020533912795,-0.02125347524052121
2019-03-15,0.04186465412389695,0.060281481474191434,0.034359819602974184,0.03860170153945908,0.039343456000707766,0.05569174960813661,0.03413432574781705,0.03777103541100946,0.048054382832452,0.028955291610513134,0.029472586755538925
2019-03-22,-0.0031300551829506196,-0.008350856539458329,-0.0012561210881953944,-0.0024674422817507757,-0.002987674968153886,-0.008210045498371676,-0.0016548225820809392,-0.0025122730131986737,-0.0017999887802151449,-0.004436868547840533,-0.007322825067589486
2019-03-29,0.013369133602282535,0.012420017226263402,0.01410956731602564,0.014838506545846952,0.014032350483231815,0.013314045397209373,0.015376857044424153,0.01149240377490246,0.007237663425568863,0.015701086734932312,0.011566703268207768
2019-04-05,0.001503902461403639,-0.006324936178890073,0.003338849465507998,0.002211317097885912,0.0011147416035692803,0.0005709604285044634,0.0025247991496364364,-0.0019325130821594705,-0.0006959092275582446,-0.002576717831003883,0.02155891756811603
2019-04-12,0.005781628234798886,0.006870359648930124,0.006091573684875007,0.0018010729053381525,0.0047949643063947,-0.00120717151414651,0.004087593430085468,0.004251181488245548,0.0025009201564190064,-0.0005856086177624675,0.005510057871202575
2019-04-19,0.0017622008170410375,-0.0028049344753120486,0.0034360873910346257,0.0009777143564138058,0.0010979608852532685,-0.004371815252014799,0.0036959528420674737,-0.003029884625826651,-0.010398399985132256,0.00033424399820347617,-0.00048261192429532857
2019-04-26,0.01177630822895459,0.022255468652537358,0.013920364815556363,0.014293282876731705,0.012540667673188066,0.01095789667532876,0.013347873952548994,0.015116566368382323,0.012062090807449799,0.023760159562526306,0.011689227732655865
2019-05-03,0.02452883652640181,0.0473811907419488,0.015715324294718558,0.02078794421719632,0.023094459292456904,0.03929879500464972,0.016624884836682563,0.014933037754628398,0.014381411341927608,0.01101420541944309,0.002112565108967207
2019-05-10,-0.016911105363728862,-0.016113169642478553,-0.013903568187796478,-0.011989758243288517,-0.015569591714695408,-0.01883377716668866,-0.013204786795846801,-0.005579979035762461,-0.004371629827147228,-0.0044170583678529995,-0.020167754856540352
2019-05-17,-0.0012664408235238955,-0.00018178646456334935,-0.0005869585796192123,0.0040191692226987374,0.0002717463948083143,0.0011391232013564512,0.0019922614143115247,0.002159196817581144,-0.0008121784772943119,0.00562313445994822,-0.007844319396626756
2019-05-24,-0.006594119377807628,-0.007437920650677166,-0.00634825162535424,-0.0024974089938062383,-0.005062982236738178,-0.002618689148823017,-0.004291604133390026,-0.007161327926160421,-0.010510970646200324,-0.0061660886230749945,-0.010705562859846831
2019-05-31,-0.023334135832333347,-0.008458990524062737,-0.024713240237069334,-0.022945560097066386,-0.02413438812197788,-0.023586265098035963,-0.026625048140266783,-0.024679274532513173,-0.024367182460927617,-0.015835221024054325,-0.02655736236050595
2019-06-07,0.03881928336126084,0.03753542512162955,0.04057531273568782,0.047333574261344324,0.04161941655018597,0.04482087128813972,0.04335144560201476,0.03923267130696173,0.030475094881720954,0.0466631623360918,0.0449736149897779
2019-06-14,-0.008640083279805366,-0.013743290849799417,-0.007697274799526865,-0.006323997278419369,-0.008335336974445995,-0.008729909130389735,-0.00647780834805034,0.000573432171944388,0.006660957864145445,-0.007494177610160135,0.005597108768555692
2019-06-21,0.010893336054371261,0.013577036848873014,0.013211344422013882,0.006669753519375821,0.010275561264517785,0.004530507376714343,0.010301999245482918,0.011787886870829656,0.002950529945864311,0.011173962882513377,0.02132988093718638
2019-06-28,0.005576975854675981,-0.0007333421432782483,0.0017602629776771739,0.0038463982594454382,0.004000065970337863,0.012989561514333392,0.0026197507274783316,0.001396685516273255,0.013146875652811252,-0.003616726354185529,-0.0034012569187727368
2019-07-05,0.019977684579693067,0.021574042523505588,0.020099955141336112,0.016593470744487693,0.02019010079510486,0.018385930330883316,0.01912158272824671,0.018529605259640647,0.010323125072419836,0.024052908533221062,0.018634923235052142
2019-07-12,0.0014511019409924053,0.000332008997140143,0.00041052263839236325,-0.004200298652348056,-0.0005604625347287451,-0.005321100251072353,-0.0013626117600211707,-0.00012291853785384443,0.0071552150346441135,-0.0039913928945018995,0.007337311343671422
2019-07-19,0.009185663013278944,-0.0020876092528625545,0.006382428745141722,-1.583209623312598e-05,0.007100754076517335,0.007985646666934576,0.005661882287554043,0.007664966396025319,0.013456384341920646,-0.00900256232886909,-0.011574480044969016
2019-07-26,0.0024156561265840093,-0.020465366509912264,0.007931281536732504,-0.0022845890253397894,0.0016190267421933857,-0.009240107820711496,0.006878731664143212,0.020382585767560357,0.016582270226488394,0.020532730375053543,0.01628699580131806
2019-08-02,-0.013064241504974428,-0.019684449715241303,-0.014987014599367576,-0.013788497866982441,-0.013644110889588723,-0.009369223415196304,-0.013358385929031269,-0.014255903376967693,-0.01533256349905332,-0.010268059249921135,-0.031092054484036815
2019-08-09,-0.005278460366448523,0.010332015624992863,-0.004013856556140616,0.0016929650262158535,-0.004495401156380252,-0.005337497626097143,-0.003627007993416087,-0.008461610041856749,-0.011086311057383114,0.0009118969406498589,-0.0034170664583213733
2019-08-16,-0.006844123482533826,-0.023573276847753788,-0.0047089249807774625,-0.003619499855887498,-0.005910105828970891,-0.01018634566784482,-0.003437451143926129,-0.008469208003339723,-0.010067225187091022,-0.012786805427489223,-0.009498318409363726
2019-08-23,-0.015033872887986188,-0.013314005446477761,-0.013501736865848768,-0.012050024328079223,-0.014299831511987215,-0.017867645358164874,-0.013595029821363847,-0.01929991193725289,-0.026850772184725202,-0.017748516287139804,-0.013848406480165311
2019-08-30,0.015510769635806998,0.017668659002070486,0.016540845831106044,0.021660488712934134,0.016188723461064924,0.018443925446605114,0.01708788716487364,0.01725313151010477,0.013183637268346704,0.020573954106941406,0.026680957896877567
2019-09-06,-8.755640967239575e-05,-0.006929010657974133,0.002983216277328671,0.004550695987840303,0.0008560583085497342,-0.0011071017365639202,0.002301256672890606,0.0009724209126362737,0.0035193529664137024,0.006474868346955098,0.019148326574323003
2019-09-13,-0.01387080246303618,-0.03134848322926187,-0.01219979764505219,-0.019950082227104704,-0.014114149675576892,-0.014570761822567668,-0.013671745992482665,-0.005489986088102361,-0.008773795916490412,-0.010616787061300648,0.010199726017455099
2019-09-20,-0.0026695480649795433,-0.002947418487218134,-0.002983339098195814,-0.00710721103767864,-0.0036345787524199036,-0.005196910597795812,-0.0030509118350793285,-0.00013911406339783827,-0.0008221865767565895,0.008781397307833894,-0.004757958613034348
2019-09-27,-0.015806837806930374,-0.027874508105288354,-0.012706004807213178,-0.00835851846977742,-0.013780435781578615,-0.016890093021120434,-0.009693369410649244,-0.01216555974177791,-0.0070369841999828875,-0.009639930256499785,-0.009655368288215633
2019-10-04,0.00491275092258836,0.010783129770682853,0.005422729029812112,0.008394113187026653,0.005801824762605046,0.004708551407450079,0.005807594205053723,0.0058637380961348295,0.0035551461145000296,-0.00024930972642078775,-0.0035545408293837393
2019-10-11,-0.004121843485865306,-0.002662442261804676,-0.003524156289822389,-0.004661611233299112,-0.004141302165165617,-0.00423589349098541,-0.004020686019104658,0.0002984610532572596,0.0018283181001157445,0.003696785563549909,0.006556649644957999
2019-10-18,-0.0008838694234927225,-0.012946252248555945,-0.000345346785955325,-0.003936566143914133,-0.0011378007720243,-0.004096520993992714,-0.0003576284089602533,0.00276905675508643,0.006214598978738328,-0.000690086972400139,0.005704395918734807
2019-10-25,-0.01215789700033143,-0.008006193975513165,-0.011712262495781167,-0.011450568011629914,-0.012306234734402177,-0.012250385730726787,-0.012938248615608994,-0.003900476390590213,-0.003084865229533884,-0.005657785828971584,0.012182003460764212
2019-11-01,0.006883712800956676,0.012878168755344088,0.0029186140936801053,0.0007026836185697327,0.00527893953895342,0.011069832324287487,0.0005147148330386653,-0.004684174233671401,0.00036608940830684666,-0.008242148047044373,0.015053354891406006
2019-11-08,0.002917078492790104,0.017237394185769972,0.0015150917593809154,0.0025144467170634677,0.0029524244191492244,0.008742230751949132,0.0006369735410738375,0.005584690575817675,0.00441758872230813,0.007787823544735062,0.009146021482852897
2019-11-15,0.0045717399956302085,0.013881485075311506,0.005738775056803869,-0.00017850692350518393,0.003881418652247559,-0.004386016383617464,0.0033343539171528658,0.008775203413617927,0.001136376901406555,0.009089801408409759,0.009224959839276608
2019-11-22,0.009953100721018071,0.006368164517987829,0.006627292686745445,0.008763959987839964,0.008866729323277811,0.01829521026842018,0.007120413770205891,0.00954717598517174,0.01570489983906853,0.0016784214003990883,-0.0026618649219012614
2019-11-29,0.02165822301028375,0.021648485749588664,0.01939458663685656,0.019893350501321683,0.020988078012124545,0.02560030627164922,0.02045535623518635,0.0227934332423938,0.02964244638363578,0.025191934662936122,0.010773361677698285
2019-12-06,-9.424844529881682e-05,-0.009810612878120128,-0.0009944287016898645,-0.011202286167628972,-0.002898986224076361,-0.011761045200571751,-0.002998647915307795,-0.003436479987852792,-0.0005467107361748491,-0.0017133928088317596,0.001781292669778807
2019-12-13,0.008378403265157042,0.009076746320374252,0.007639888673958373,0.006002490689525741,0.007526782425164802,0.007337964142633657,0.006004781187310515,0.0027797485813798595,0.0025537337308771946,0.010535951717781655,0.007781288343197772
2019-12-20,0.016195292318666787,0.00828678245179848,0.01703577750569374,0.013510613680388861,0.01611438539474741,0.013930112836265884,0.015777965735200405,0.016307787346473646,0.014978799288083655,0.016085293455243344,0.015715328414526778
2019-12-27,0.010145218427763503,0.012852781103210642,0.00900769532039547,0.01053686827800071,0.009792323061660113,0.013193374306680106,0.008577275002518592,0.010584465165355272,0.015134471803904592,0.005799939021432277,0.006641073862269714
2020-01-03,0.002251553201735648,0.0009757593131381088,5.751239962816976e-05,-0.002793581218982542,0.0007849849552660965,0.0028315836543227105,-0.0008630322769969126,0.0012203693847619439,-0.00026001661507279767,0.0007893512956529392,-0.0013934924999450175
2020-01-10,0.011021962897607152,0.005982207194537903,0.009961222392044666,0.0015209117559138452,0.008078290413738864,0.0013029184290056506,0.005389004025581068,0.011165956143325495,0.006346301576767521,0.004391162721660624,0.010235039446693234
2020-01-17,0.01847485385010339,0.01892693257919542,0.01932361545415806,0.020857135494845913,0.018203023312579836,0.016257395875499236,0.021571448856147812,0.023801464318482735,0.02571724181473045,0.022963687842889602,0.019158410615549754
2020-01-24,-0.002660428823762051,-0.006907503756861666,-0.005428580496111279,-0.006623021667671702,-0.004748526238274375,-0.0024517261719211314,-0.005058845907817577,-0.0035476518846140337,-0.0017838665341822768,0.0032778070881165355,-0.00957971958175281
2020-01-31,-0.02526023816390044,-0.009994257134636864,-0.022470721690590723,-0.018032706219286432,-0.022215670530865705,-0.021547973915874707,-0.020454297420085532,-0.026686255633162626,-0.029544465360111016,-0.022616347933804515,-0.021413204707735944
2020-02-07,0.01295658546785039,0.021542590623486513,0.014882333050857843,0.005692420408023979,0.011892084118000135,0.0009874861333427631,0.015519218538797785,0.006822077069636334,0.003253956616578124,0.008862842270748628,0.03254303020111246
2020-02-14,0.01790136896055161,0.0173191022857917,0.01677167534990187,0.0168456476248795,0.017133602267973336,0.01928672635107298,0.017332539334721897,0.018587458044227345,0.027829102093609004,0.024584595527132658,0.016254881770721524
2020-02-21,0.008832019759720033,-0.0037370304966560797,0.006249002499576051,0.011596319615499118,0.009145496148743604,0.017822549405723143,0.006272366640716287,0.012181321964338077,0.02821267669062899,0.029948751496207127,-0.012203604643551991
2020-02-28,-0.09568263396638077,-0.08660503616842619,-0.09885819875489688,-0.09966636961378927,-0.09663745980447891,-0.09022983768296156,-0.10330627645052914,-0.09944456177701111,-0.08563382957090948,-0.08405719631067654,-0.1116109135159788
2020-03-06,0.004716944667052525,0.0032926023699084705,0.00795543603609361,0.015008053246876374,0.007115758419680818,0.007892727124106713,0.010668277742515775,0.0003030045154055472,-0.004866409777191993,-0.008172163456202197,0.004050451067822909
2020-03-13,-0.1098858876909311,-0.09361196500315871,-0.10915090589219723,-0.1209210850194834,-0.11193940063635088,-0.1204633755755945,-0.11929522440429219,-0.10843691966108504,-0.09895114187512266,-0.1046642921049149,-0.09460076065313383
2020-03-20,-0.1152413818692185,-0.08388097205791356,-0.1236850723018218,-0.12112565014090526,-0.11667364969411087,-0.0883792969068673,-0.12473072587536127,-0.14622127402915785,-0.15748133169908363,-0.14123866500392568,-0.14545772898974
2020-03-27,0.11222544845137161,0.09827342854809773,0.11334583273468302,0.11415566940790667,0.11173152096374883,0.10133023444385114,0.11620929165796512,0.11603043829701609,0.12342336414134447,0.10780823334890033,0.10760510231469127
2020-04-03,-0.008341779683789241,-0.0018815415936501712,-0.008560034065743571,-0.021317959792632735,-0.009344589203536868,-0.01321935920177364,-0.015019787844000043,-0.00919033016054216,-0.015873833265428572,-0.009399506022381154,-0.020637781762049407
2020-04-10,0.10414308491272761,0.09586692222233983,0.10773751216422234,0.12463715104439888,0.10779574577208839,0.11209541751383134,0.1196966589498909,0.12134967528884943,0.11754561107057948,0.11842580863438834,0.12091564164255364
2020-04-17,0.017199387957729906,0.03142834833136776,0.019760857306129198,0.013359182850028573,0.01711247164269336,0.010417200378545655,0.015250784365120396,0.013926679053446023,0.03046848153376236,0.019528048502488016,0.030337835012527365
2020-04-24,0.00020011058729063613,-0.005923981843943382,-0.00734545984234547,-0.01172249089722821,-0.005094470560476627,0.004150720731724844,-0.010560834383301243,0.0012098191737355268,0.006798062186519793,-0.0006470793866549807,-0.01280368011747467
2020-05-01,0.005414682096215762,-0.00481139888438098,0.0023469567596745566,-0.006025608456864617,0.001816287190511412,-0.003093931414280604,0.0011317338746996697,0.011290168510168286,0.01254243885280193,0.013215291593763778,-0.0006357600626231884
2020-05-08,0.03517796569924392,0.0409216799704788,0.03290512430841108,0.022418198872221184,0.03163584848372181,0.026719096155916056,0.030246259692686905,0.0339891550655953,0.037763286040910504,0.030263916860583162,0.034123605410870374
2020-05-15,-0.008271288283779321,-0.008313637995379763,-0.013878371725802086,-0.021468433695480904,-0.012706359338278794,-0.004649098663228934,-0.017467232845576608,-0.004972644874212229,0.0164330638772745,0.010512891741084385,-0.021063828624863286
2020-05-22,0.0507239617818791,0.03128239083058748,0.039667571016897885,0.03289853612837046,0.04264945599009429,0.05571814434884881,0.03949719800311202,0.05779142655860192,0.06957567859105063,0.06826757426398777,0.031996788311052106
2020-05-29,0.020697724389309613,0.012422442230156872,0.020686571474709092,0.023493215508539667,0.02121934045345486,0.01983485561774634,0.022059748598245,0.020296185128510613,0.011324856335554134,0.016808666145187612,0.030056592343940144
2020-06-05,0.03358965196702868,0.02635591677533977,0.03496614668449882,0.03860075443377631,0.034612973498083344,0.0337136133821796,0.03818199259998534,0.037079405885909855,0.02758627473038633,0.031977044859546666,0.04935612506945136
2020-06-12,-0.028513788463993772,-0.010727763778124233,-0.029893587231334284,-0.03168947711161496,-0.029607231978406867,-0.02685480540321261,-0.03378010194625081,-0.03756710633086968,-0.03212630266373473,-0.03678243294457262,-0.04737862826933396
2020-06-19,0.028713226827860483,0.020137890329063657,0.021539581352510107,0.008390926159449474,0.021868066089129057,0.024608302569990803,0.017869140330680544,0.032260707685159984,0.03049703561248518,0.028945913257274913,0.019026935002811756
2020-06-26,-0.0157942967432233,-0.009785301117346545,-0.023708723242845453,-0.033046270083716744,-0.021405638370649127,-0.01341421256892017,-0.026752061504833224,-0.023651947639237725,-0.008650606542792705,-0.010748023584607025,-0.027832172066858143
2020-07-03,0.03287302464019892,0.031277989320197985,0.03556762998114582,0.031146645863863842,0.0332549512260325,0.025695607970054768,0.03531609158685556,0.033223155356908673,0.031054452094535057,0.03041871747079683,0.040593135185723765
2020-07-10,0.04417684338556893,0.035743486971998806,0.034780250463827045,0.02221876127353295,0.03665093664408059,0.04349981548263049,0.029778388724500005,0.04547150787336651,0.060046100233422495,0.056586550342605735,0.017167248053520517
2020-07-17,0.004833734342835294,-0.004638106755561422,0.0029976636252455613,0.009062746227194163,0.004615414435862997,0.01035016202339012,0.005388988996235078,0.017610977298224695,0.027038541187943688,0.030130803974271148,0.013004080548335788
2020-07-24,0.0006872259259596003,0.009625550995886245,0.005641633095551102,0.01789098304649195,0.005924487401201883,0.006989477343564143,0.009127264530685686,-0.0042167389340813655,-0.0018599479415380982,-0.0005920223904766209,-0.0026109378188285148
2020-07-31,0.018332266518456874,0.02351404414119851,0.013228138958834013,0.0032770271203119705,0.013897423688788324,0.015526065966236402,0.010405200900601486,0.018480449450852587,0.025507764125294097,0.02083689090457197,0.01757639981076186
2020-08-07,0.056391679872402456,0.03925980933145867,0.032239039478334064,0.0076287728897159734,0.03886003302547958,0.0702068733246144,0.02302477348940757,0.05511518895993284,0.09212788163561125,0.08926026614485338,0.024654138935500804
2020-08-14,0.0007809241741398854,-0.009171379896775522,0.003015043232164505,0.010015029895946048,0.0030104155127170795,0.0040111939712286215,0.005958694972746592,0.0067529331968763096,0.0052069522495312714,0.006705970374451198,0.006784660737743959
2020-08-21,0.01376750490195855,0.01589435839599873,0.01399731131804649,0.00841211024744859,0.012851575392270442,0.011236989793860674,0.010411099978740346,0.008388338869749434,0.012319488873170803,0.009903111017390609,0.007837648416237618
2020-08-28,0.016998506266966418,0.03089719878000552,0.022093203427457242,0.017323686794995963,0.01875135263500538,0.008090596578145925,0.022451965248922345,0.018038378598476568,0.004048634451165434,0.008871087444298542,0.03269703620239238
2020-09-04,-0.018924392050437167,-0.015250315013939586,-0.016671431688175753,-0.009464583424429462,-0.016146281793365302,-0.014381615344865484,-0.0120896673409292,-0.024863734418467676,-0.0437467923243835,-0.040378011673077085,-0.022847958869042336
2020-09-11,0.009657191455321179,-0.01268062520311497,0.0003802317787517939,-0.004774381814539264,0.003568691031208715,0.010930166154265342,-0.0015647145845804067,0.008190012644565536,0.01488669362354944,0.019186472516444786,-0.02484143512685327
2020-09-18,0.0010339469811646573,-0.0021623163128564604,-0.005122783984156665,-0.002284823083440468,-0.001818374903173381,0.011708247529344629,-0.006603375810334433,-0.005431502070727734,0.006516604301799234,0.00036283826670291397,-0.006245556513705659
2020-09-25,-0.015656543213097396,-0.0025194316583072585,-0.011425978883887744,-0.01435447528127376,-0.013601319747295282,-0.02248162456015479,-0.01399068115061941,-0.01615400454208471,-0.021104191615390122,-0.02806304329774567,-0.005807059369380935
2020-10-02,0.03450809424092727,0.009693067759522167,0.026248451031299913,0.024945317264810862,0.028889815659421947,0.03826506586464018,0.027016614343220446,0.03800324951540168,0.05074187439856903,0.05554586869105593,0.015544849895573434
2020-10-09,0.0143695000393822,0.03221733978277208,0.017857433005313172,0.014237925977557353,0.01624616614869634,0.008105505204249353,0.017749108442938644,0.010873747955578272,-0.0012964711019888275,-0.00011058293650600959,0.03897076401751386
2020-10-16,0.0013887414206685822,0.014807826482369668,0.0026360430787359945,0.003372914805594318,0.0023424154257545293,0.00039353735227320996,0.001798359791257198,-0.0011688510680595288,0.0026624123060192684,0.0017885210622690106,0.0012685773643773676
2020-10-23,0.028949302254032583,-0.007930499453453477,0.014565296290757868,-0.0005765866795868213,0.016134687676279125,0.017430934908274187,0.011934730130500837,0.038089289012859684,0.011637510427978004,0.013698433429388368,-0.0043479570760294566
2020-10-30,-0.051826673003971035,-0.046763220116884496,-0.05268477541365535,-0.05879101554833821,-0.05281494963797728,-0.054457709388574194,-0.05845515865115791,-0.059799669809239786,-0.05131520051477145,-0.05060101628915781,-0.055642291807223285
2020-11-06,0.08065668823291405,0.07158269378741333,0.07298373706118011,0.05864853926639246,0.07314438615841268,0.07637370314818037,0.07141829461569871,0.09036044023144907,0.09852881442567774,0.0935105536166505,0.07233432296090968
2020-11-13,0.04738168052668024,-0.003952157526460054,0.03831344567867734,0.040877218230553236,0.04249829209534295,0.05778503110467681,0.0450430263331878,0.06803699483669456,0.10887337333861291,0.11862108896410128,0.022675189567107068
2020-11-20,0.014840485315269936,0.005210268075646951,0.007180957567054502,0.005484618951714815,0.010243905709527601,0.02039347787656065,0.006260030228857794,0.017172427475813823,0.020015060448673294,0.016405409119852665,-0.007735126527413675
2020-11-27,0.01025467514148004,0.024242649393001914,0.012716237796480012,0.016907942658517694,0.012736124740598376,0.012379172100280611,0.013151853167934213,0.005185673653555822,-0.004418694284015978,-0.004965864478668647,0.02347108297814922
2020-12-04,0.026869512956473995,0.003278219674609506,0.019827245999588294,0.008197592266287357,0.0209391349262944,0.023428269711150307,0.018973761962491897,0.03320779856803191,0.040123026020713715,0.038382521898347566,0.01699330127977067
2020-12-11,0.022107391899704343,0.018176188744994937,0.012892927960557854,0.00449180188844589,0.016217647161374193,0.02377104908881944,0.00793594484649951,0.01695434607360169,0.014738641652521478,0.010513074404214118,-0.009598445757693082
2020-12-18,0.035266971523048696,0.03591585208005976,0.030720937631755874,0.02829103616653672,0.03282069417422839,0.04363598489507625,0.030138278341490743,0.03466249813020705,0.0474049819640141,0.04316136090432399,0.012158420891150214
2020-12-25,0.011563421711457966,0.007471418733590696,0.0020325275139618793,-0.0074317273801615125,0.0052766653674669595,0.015762418138160816,0.0003499617398776689,0.01943825411936939,0.04764454003954488,0.051329776586191755,-0.000487499241064495
2021-01-01,0.008665172013086066,0.017276872786542826,0.0076437807798565224,0.007799760894745417,0.0073669994818187385,0.009908479614742135,0.006264979413654832,0.008803236689749337,0.020677447984465625,0.016914298556173456,0.01322492318320177
2021-01-08,0.019920794320921642,0.027092079737435215,0.014449149143442197,0.020241199592503367,0.017180803629987196,0.0347717435640269,0.015517699117690853,0.020312129412889846,0.02354502896405397,0.024327396837328985,0.019739020659831494
2021-01-15,-0.015193324792875607,0.011009055922705846,-0.0194440216002586,-0.011046347386681088,-0.015568595606702429,0.001345298825036867,-0.017547696658972933,-0.02228631637071754,-0.015345385370363895,-0.013531296234674528,-0.014583215341620683
2021-01-22,0.014927797897749118,0.02916379438607053,0.014362868771154558,0.009714544249106893,0.01448849952223319,0.009348010196660983,0.012090601711486126,0.011080618693982913,0.013879512798440352,0.017396980621402935,0.01911099602667082
2021-01-29,-0.03186589622739178,-0.03758433460085664,-0.026398467317505947,-0.022562228125682315,-0.028503223826002455,-0.03801474697206397,-0.025667707836677045,-0.031040111775034407,-0.03696658012283405,-0.04259293100288597,-0.03345670723029174
2021-02-05,0.054980960570825355,0.06259545196726002,0.04832225865727158,0.03459923067553938,0.04848951500721199,0.05299717812565863,0.04513445481842693,0.06063865726586837,0.061971495235508156,0.061530004811239936,0.04766631598336117
2021-02-12,0.009373932796394868,0.017998326024781353,0.009547380703045283,0.01685855493184496,0.011604615558019615,0.024044508641174023,0.01031926549959139,0.009676745840194068,0.0020575442279502365,0.0036748714338497024,0.012715568779282083
2021-02-19,-0.016373059799473677,-0.027350706371165767,-0.015500836248924732,-0.01323654155853038,-0.016507445068805082,-0.020852474355907757,-0.016494113922939868,-0.017410294240558843,-0.017178737765376706,-0.017440018094766252,-0.0066471398406346
2021-02-26,-0.0358152374750037,-0.04245535237246345,-0.03624383264256037,-0.040742495620122776,-0.03761245908355004,-0.040554999077265896,-0.037493518036147644,-0.02985251132998268,-0.026358038453149657,-0.026888045519695036,-0.024793062509695818
2021-03-05,-0.005940793751813778,-0.03312656235633771,0.002583992136752089,0.0066486890027406265,-0.0020857826663479573,-0.019670638748804592,-0.0008826601435781845,-0.0033981532822084937,-0.010217354078396967,-0.01531442707019004,0.008597247767779564
2021-03-12,0.021344365738946713,0.00397936401275345,0.02084304891602451,0.021304996476968263,0.021732564820592604,0.02469383146313353,0.02379914098890179,0.028143771564819398,0.0114770086297038,0.01295612800389967,0.027187572981353894
2021-03-19,0.007803721586060242,-0.001122233844801479,0.00954496525604398,0.015235439348496582,0.008892844380242515,0.008242847875495896,0.009986252013538977,0.009698857462862032,0.007199797877113889,0.011554547430753681,-0.008385426705540594
2021-03-26,0.008098780587594279,0.01740764809144424,0.01190396144645156,0.01663176983257708,0.011627326427708695,0.007170772374488488,0.013289947926826695,0.008471328780686127,0.010871483686214711,0.009157161713310158,0.01668919530983661
2021-04-02,0.008417310134063438,0.020371941022904183,0.0058425253944720534,0.001984141672104256,0.006165978458911869,0.00806565145097804,0.00532886105255348,0.008042925070439466,0.01967352140449452,0.02258959258830573,0.011692185101390463
2021-04-09,0.02596956518922,0.007563725984240266,0.025286664471607656,0.009723866151889693,0.02122150406152401,0.005597577236354567,0.0229616025693673,0.03415497651234256,0.03796882476201269,0.04216329413545439,0.02715841539466954
2021-04-16,0.02041176940281808,0.04418185433933708,0.018395090756257115,0.018994138209918132,0.01984353776972836,0.026400140636183567,0.017373101375787847,0.01768488198896767,0.022190495816098332,0.01998991367394254,0.014022322414459979
2021-04-23,-0.005011122271465163,-0.011346356692016446,-0.0033816775088062467,-0.002808841979574428,-0.0047570058697543605,-0.007690109921859145,-0.00433288884723515,-0.005724024137657602,-0.0012474139687854713,-0.004034498051546431,-0.0012460232028347073
2021-04-30,-0.0002815541852675407,-0.014683385123848591,-0.0008021870353123184,-0.006528022513116238,-0.001406943472699984,-0.006339983240926883,-0.0020672419516399865,0.002900875228471156,-0.003349106672241531,0.004056984568284294,0.0013436359308669373
2021-05-07,-0.005920229010013878,-0.03416931769422937,0.0013088388314907995,0.00825515986295633,-0.0014575261250534544,-0.012672576159371896,0.0009855180976057198,-0.005049285205099174,-0.01664121439753674,-0.01561898867021505,0.011550455723161315
2021-05-14,-0.006841350562663884,-0.0026790928265320035,-0.006765033225374029,-0.0029620294129579783,-0.007195593024731717,-0.002951789410259087,-0.007565996301955091,-0.0030118788599942103,0.0017633248801640633,-0.0007996883359485674,-0.013124180243170703
2021-05-21,0.012018766566073147,0.014214054363138606,0.009021487872601153,0.008494872812194298,0.01036590245055069,0.016647525157063248,0.010822928132564247,0.011197252804191038,0.017630265576739745,0.01600766931543407,-0.003936754314273619
2021-05-28,0.017117744997927398,0.03751153628807358,0.013594853850474431,0.009306820994955611,0.0145147636299654,0.01516705462347856,0.01245148306019317,0.01284160197554618,0.016435633892718515,0.014548117481558265,0.01229099897722373
2021-06-04,0.009745964142391594,0.02495150861500317,0.006516248117492296,0.004593404206259644,0.006783572426385831,0.014796786443477705,0.006126056481062125,0.014524158616233462,0.02592362883265964,0.02568308490023319,0.006094513191156215
2021-06-11,-0.005512825829537049,-0.0274364203499482,-0.001878977727925446,-0.005031148760032189,-0.002969179692071222,-0.01636311061294149,-0.0022692026002938404,-0.006287197624998964,-0.02661041002809672,-0.013806013642779003,0.004046406860473438
2021-06-18,-0.02311791251630757,-0.01383532647616148,-0.02361701738798061,-0.025381736414092915,-0.023915262828964945,-0.025246570844136063,-0.023939805474513687,-0.023035107439387414,-0.012893154576274046,-0.01064942107585043,-0.018930658664937677
2021-06-25,0.02263820129418792,0.02420746193649248,0.019537278070472563,0.011685176875822822,0.01875684740861283,0.019324282632613654,0.01687248400060981,0.02646086539322723,0.03363543014908843,0.031760027554520676,0.028173887614821418
2021-07-02,0.007361203516984327,0.015669257435585005,0.007085787151085876,0.0051979711899892145,0.007479095702656036,0.008008092228864339,0.010024683163785797,0.010905648462847806,0.01700477781427412,0.018955699901813006,0.016666374545371898
2021-07-09,-0.008132706866441075,-0.006151310650867048,-0.007005458167697043,-0.010384527568023327,-0.008124673909509883,-0.014723225913082838,-0.008089328473034896,-0.006665579911344532,-0.007626496719607467,-0.0051890236501588305,0.004150085134487701
2021-07-16,-0.014305308972621278,-0.025921400344186663,-0.006246188677083819,0.0035986691662230896,-0.008962292514398174,-0.021527002172504694,-0.004893031271503312,-0.013591426175314836,-0.015436013174813912,-0.016056361186943202,-0.009597602439964416
2021-07-23,0.03380117471221822,0.022690897906460172,0.02608273687455398,0.003911207729854871,0.02536668865178715,0.019883583718504516,0.022266295701131478,0.041804329676524477,0.036827882436318626,0.04797759468169405,0.01993775724416829
2021-07-30,0.0005797496075383712,0.003883512958581248,-0.0009711277052426581,-0.012283588137558143,-0.002230636376012618,-0.005944736658115679,-0.004657897337621453,0.006536995862763018,0.0019067020793694933,0.010104794743406309,-0.0032504319189074955
2021-08-06,-0.0074339654051971404,-0.0007191928416392379,-0.009590575529667245,-0.02318595680885438,-0.011501224922632836,-0.01834832425288746,-0.012942402456234348,-0.0026036799949284983,0.006836758123379472,0.012046817689418399,0.009076234126809924
2021-08-13,-0.001037391006732502,-0.010197842638702714,0.002435416783034494,0.002264916594080235,3.622672185077391e-05,-0.01256171870623568,2.6162426587372778e-05,-0.002299581317983135,-0.0008278139153077291,-0.0023551157749863716,0.007751504959786935
2021-08-20,-0.012997684763420225,-0.003447879849698854,-0.01070166692146679,-0.010332010111339995,-0.010808779445738326,-0.01383970691489389,-0.008125840885198965,-0.009776714282962007,-0.007383057972909612,-0.009705127282005899,-0.005740902823273146
2021-08-27,0.01938763384080011,0.03272986826002455,0.014523995503713083,0.011822085870455412,0.016947849409094218,0.027164998288248032,0.014603011689727996,0.017180982982942128,0.02605110015991019,0.022872687534587488,0.015540417878922429
2021-09-03,0.023793369661774255,0.04780674487712888,0.019230349102144606,0.020637276283067107,0.022197422241819753,0.03620533438347184,0.019632632040943898,0.019362072901040195,0.02690549865912395,0.024940333765351985,0.006285358814644502
2021-09-10,-0.007475126334118065,-0.0012280065946204122,-0.008987512359261096,-0.01031335641437825,-0.008755422740719943,-0.008702457819925069,-0.010312755052433564,-0.010829037502184558,-0.007285008284744654,-0.007935779016132294,-0.01686240124058627
2021-09-17,-0.011820529030034166,-0.004655457402752972,-0.012243893706038622,-0.012838340406684523,-0.01283711369789764,-0.015058412269368215,-0.01236080708737508,-0.009751890530479979,-0.006024206523316256,-0.00705984653362457,-0.005895014497835859
2021-09-24,0.00382538152563372,0.005706119763934092,-0.0005277270442359816,-0.008201950667467539,-0.000503908627583538,0.0009995453824505063,-0.00402955579537867,0.004924009487968339,0.0011688923757655623,0.0008130196051430172,0.005686342984493689
2021-10-01,-0.025706318409063678,-0.03199593387724475,-0.02286745664767731,-0.014922874964206634,-0.02396614195115576,-0.021952561340668475,-0.022208824295421814,-0.02265701889110905,-0.025771553441464423,-0.026346385227239977,-0.02178354996637517
2021-10-08,0.00915375412277597,0.014364752689182358,0.011943198479843709,0.02969695550469198,0.012390427541449034,0.019973773061248812,0.014798539557073775,0.009484160358374405,0.013026445038943013,0.008798529501219399,0.008336311479734989
2021-10-15,0.0028170073527027384,0.0052910395279128775,0.004731789311411383,0.004416852257992154,0.004206476094600342,-0.0009405387814550581,0.0022088051795097208,0.0015511625993338551,-0.00280014618668023,-0.007532629087788623,0.01829359306115911
2021-10-22,-0.007644498633606944,0.02154192875856853,-0.003139523911006803,0.0007664693678541834,-0.00383151782860347,-0.008887366782335038,-0.0023716807309895893,-0.011739470873184388,0.004958971616193297,0.008489268647649872,0.016260220762856818
2021-10-29,-0.0081123876531628,0.0017187359750232556,-0.0031248272811452704,0.0037321252926154624,-0.006177798597793438,-0.017366277145302256,-0.00010043547315463641,-0.002836548051492249,0.01575697050953906,0.016830416668690784,0.013528519252065486
2021-11-05,0.029823258143390374,0.03619132071035858,0.026054557823771862,0.019148858680519742,0.02630144254696809,0.03106224204461272,0.025589308833280144,0.03306646722118223,0.04284774214043341,0.03937417199906412,0.0202068158412862
2021-11-12,-0.014473608020056816,-0.044139390631817044,-0.006532818850003119,0.0017062867188246678,-0.00731187374382547,-0.018776118189501645,-0.004708494931304874,-0.01972142947807043,-0.03697014676842314,-0.03223570804182918,-0.002689237215841978
2021-11-19,-0.01712811235342593,-0.03521609529056058,-0.010164776078173343,-0.0030543528889793725,-0.013264621081107153,-0.02759262658802819,-0.01082480763967486,-0.018588725468289935,-0.02797368356412755,-0.024259898369685784,0.003467152877926371
2021-11-26,-0.02165352763909434,-0.03249900914216852,-0.021543763534108362,-0.021180643260926058,-0.022065574431060497,-0.021908031645562542,-0.02138612293642972,-0.01869917695794754,-0.024548226281596697,-0.025082749703276397,-0.02115648069889793
2021-12-03,-0.01941660862231742,-0.03323893582641646,-0.014097184502627091,-0.002559695063779066,-0.014953222187862547,-0.018953596107809778,-0.013363606244209958,-0.019268681172115,-0.02931321759347716,-0.026737004854082036,-0.012092241082629955
2021-12-10,0.041018708966238826,0.038964497188844094,0.040667489575052285,0.035582733598516825,0.03904107673987234,0.032606352620980994,0.038567987535581105,0.0419993614040004,0.041509800701944544,0.046558166746588636,0.038198551265921275
2021-12-17,-0.002895752457590328,-0.022650931467351976,-0.002118105970321471,-0.0030186987750412397,-0.002885777240052456,-0.0024278231559512475,-0.0016763516224062025,0.002159658777387774,0.002849136226465321,-0.000645178753024167,-0.019659253344831085
2021-12-24,0.02730902906190158,0.04572310242767608,0.023946279480282273,0.026090057327017524,0.026141339530401764,0.03657603656669828,0.024660575414159558,0.023975892791730402,0.027766366718813718,0.031524867410996915,0.02333269787440031
2021-12-31,0.00702786705600511,-0.006042839757478657,0.008674046927492185,0.006337648227928483,0.006612204837307845,0.001072502236604267,0.008084676061699714,0.01170914025715164,0.008835844010571137,0.010816765268687911,0.009264859016715693
2022-01-07,-0.031016313600708095,-0.07122654506670002,-0.023619224259469208,-0.014720535402609355,-0.024930255755291137,-0.030279300188062606,-0.023022031010536795,-0.03159731915810956,-0.039944632657154165,-0.045369814738751776,-0.018675379777063385
2022-01-14,-0.001965929555833079,-0.01856721991571819,0.0008661455610410318,0.0025244412593421472,0.0009870621129228763,-0.0003781581024210334,0.0020357820866290233,-0.007311231854210676,-0.00753405776769267,-0.0177757580658785,-0.0029394932842994894
2022-01-21,-0.02191652997528737,-0.037134596837193,-0.01983065794590322,-0.01112469008052075,-0.01698772923545322,-0.012975796661924499,-0.016943442373939743,-0.03636311502131351,-0.04086603407359013,-0.04896292532303359,-0.0575397071884922
2022-01-28,-0.004802314396993523,0.018321617225537823,-0.0038002446301758086,-0.0009206943640637233,-0.0036901844913835857,-0.0030725824195574347,-0.00276330350030074,-0.0021619627695682597,0.007864303159361485,0.006694428942730646,0.009064325363389707
2022-02-04,0.016446650713295652,0.024782170014769456,0.011508960752342201,0.014384291256485549,0.014623876413540238,0.025039293992241918,0.011562421856228244,0.009082813125917077,0.0072159688709432235,-0.01174665103234973,0.015272979940659867
2022-02-11,0.00012234863486360048,0.0010461883888790435,-0.004404251785936397,-0.011016236480617447,-0.0034119961012963884,0.0055276939120607604,-0.005426968371122665,0.005902953866443683,0.020006522516128555,0.006765087876261955,-0.01836402099298731
2022-02-18,-0.01160873794662054,-0.019884606628302604,-0.007543911294044525,0.0026852210262906517,-0.00777098288165079,-0.004755156549137385,-0.006127108859625641,-0.011410273762548218,-0.007361591804680989,-0.01606547467204289,-0.014144259175804823
2022-02-25,0.0044810420504517445,0.026844070917508622,0.0012248516673931675,-0.008611758117449853,9.443412363108195e-05,-0.00559854024861306,-0.00031667586812211823,0.010035037237895894,0.009799796605956868,0.013853961832659634,0.008106095241950715
2022-03-04,-0.04070794714517134,-0.029357974152392052,-0.036180131404039306,-0.01690919237664379,-0.03440796647082123,-0.022002756590387973,-0.028818548687259415,-0.03694092703488361,-0.03582725903930084,-0.03443986012213829,-0.012746797870860884
2022-03-11,-0.05169676550950675,-0.05573043321648463,-0.05082527090588451,-0.05077010906465762,-0.05108189207605407,-0.056854537822472184,-0.050038594200747855,-0.054303312475664334,-0.0627221413523279,-0.06494048123464036,-0.02799826457409899
2022-03-18,0.06979027198613674,0.09072190938508551,0.06361687047846054,0.053583776154106255,0.06323571915287984,0.06373827856316772,0.05759897527441571,0.07175865334167408,0.08397624151566507,0.08962210008303861,0.06149186800256172
2022-03-25,0.003773660783880306,-0.01055300443519569,0.006961497608642064,0.00460503352266195,0.005561660972603466,-0.002694323262138143,0.007360165245378081,0.008242706839254765,0.011023399284747493,0.0007545809832982808,0.018379355186348843
2022-04-01,0.016174736851751303,0.014875984868954584,0.015796222166593932,0.015487538815756485,0.014884663985172741,0.013908299349290498,0.013230641755204386,0.015280661987456146,0.011426471280894246,0.021900117385479145,0.0005082597930362704
2022-04-08,-0.012969230963042255,-0.037447475991754686,-0.008422435596331601,-0.007795224798409217,-0.011069569456647832,-0.021420096865281568,-0.011658784779460918,-0.012681851607435624,-0.020724258206996526,-0.025183707779187214,-0.011812393497065518
2022-04-15,-0.005269888096063213,-0.022145124969225716,-0.005212195628339855,-0.009605093836963507,-0.007119332229419295,-0.008851050787195947,-0.00825112693040686,0.0004375454848384308,0.0035687664973478306,-0.002067885508078904,-0.021851325394997474
2022-04-22,-0.01776953602797393,-0.02666826418642232,-0.01543604552419875,-0.01753398612081103,-0.016546148006657213,-0.020879388235024554,-0.014787818264872743,-0.016271528543743363,-0.012419448067886085,-0.018355857596867753,-0.026839287468361908
2022-04-29,-0.008186669600047325,0.008562248226818614,-0.009743091780087698,-0.010898759964257931,-0.008078333451953856,-0.007817379649041833,-0.012047371877008328,-0.017849971293718347,-0.019243301777155608,-0.012671713036505716,-0.032954681630288536
2022-05-06,-0.017219123419552562,-0.01714134695152525,-0.01520147401077454,-0.018214481074692812,-0.015383460850207142,-0.02286418405934698,-0.013010000461145976,-0.02122694100551248,-0.018356590929053618,-0.014520290304422812,-0.0016018349018408105
2022-05-13,0.0027509921463808595,0.004645759258738336,0.0016019603484562772,0.009441257796751534,0.002999638766089552,0.019355046636524653,0.0021374973140546594,0.005568034323746751,0.011011299532083019,0.013521833100969438,-0.02338708415937269
2022-05-20,-0.021373216061685296,-0.01848063786228371,-0.02572916713366269,-0.028285792657481434,-0.02159353921836793,-0.01142661458087646,-0.021672284833046063,-0.030624943786751735,-0.018862056794015425,-0.02672990269963671,-0.030095721908089283
2022-05-27,0.04250211987499086,0.06669517561944538,0.044454399131423905,0.03911434231500133,0.042181713723108194,0.033892613611690825,0.04183132759318431,0.04879594943162413,0.0651947594292972,0.06920798396646499,0.06578061069316753
2022-06-03,-0.01517001650566574,-0.02430363632864163,-0.012981802037269952,-0.011118031662639694,-0.014714645929817971,-0.018614872513513347,-0.013660092704469218,-0.01232809976063498,-0.011436952487927754,-0.01408219240922115,-0.011366425270931593
2022-06-10,-0.02893955093398881,-0.027521240117631685,-0.027700040111094282,-0.013058097548203862,-0.024996021791727996,-0.00899525892363584,-0.021978899120929873,-0.033144717166539994,-0.04229590853153875,-0.03882248796289389,-0.05051882680686025
2022-06-17,-0.03915298008700052,-0.045398711403269565,-0.03604984368878528,-0.034427456375540455,-0.038084128482033686,-0.04319988167293709,-0.035312180537222404,-0.0331980696748293,-0.03354296462106665,-0.03181685584001226,-0.05736174653160981
2022-06-24,0.06143767670284128,0.0813321411193404,0.057976823471405314,0.05085997875004433,0.057910828040554474,0.058597272692945124,0.056061749598762756,0.061018686090341,0.0618991056401732,0.0719939388837676,0.06620004644437831
2022-07-01,-0.016755630967814183,-0.01644250401745795,-0.015128797840317287,-0.008810108013784457,-0.015802277389705077,-0.01206536737888253,-0.013910186023833648,-0.011403778860256009,-0.0209830826322851,-0.0126957153801045,-0.02266186008312507
2022-07-08,0.007067039862821867,0.051134232681297576,0.0016381131826710416,-0.008605474481284237,0.0017457037835033606,-0.004029471703574483,-0.0013958325774539038,0.005624898865536299,0.0019716528601709804,0.01414377329005112,0.01948900577747274
2022-07-15,-0.007240642176069123,-0.010471181782763295,-0.006568317698539383,0.0015056425195847378,-0.006610316233516378,-0.0011440509243239028,-0.003888023869047741,-0.0030692350017714753,-0.00302902807544303,-0.009066020987364198,-0.00910794836788822
2022-07-22,0.010022057373212379,0.016491776441342143,0.009309371615099815,0.008003647328385766,0.011532783077954134,0.01471274870028827,0.010076662667497516,0.00445796816970323,0.015068077645094435,0.011984914550959402,0.025861501828393776
2022-07-29,0.019852190370912126,0.03662907524059844,0.022488223682441966,0.022029939879412375,0.018414707236393157,0.0035055249548110456,0.02096666326490637,0.02482026704527107,0.024937738785123287,0.02756708158340837,0.042774977106529256
2022-08-05,0.0044355943970020295,0.018539136905107112,-0.0001321073809753548,-0.015139944181523868,-0.0006851659584057312,-0.0073261785487328535,-0.004442562127320193,0.002668770859581615,0.001295420568594885,0.0023857635564086266,0.0035923277300646483
2022-08-12,0.01777081204503772,0.028853529926504917,0.015935080111239452,0.013361759120085859,0.015742926034320925,0.016896574261629604,0.015592980912682464,0.022209547205901625,0.029708746248787277,0.0318286660605247,0.032964815136939433
2022-08-19,-0.004771676886939913,-0.013690666986700406,-0.0018253688528128142,0.009019400880566408,-0.0015228707823841114,0.002440501310746912,-0.0003972109336934926,-0.0054001812914294955,-0.01358090357650421,-0.016585387868146673,-0.011613081897844794
2022-08-26,-0.017818733999269032,-0.011914669171736225,-0.022966820838861923,-0.027523244081763543,-0.021825764963140815,-0.013757953747160823,-0.02474561019026067,-0.01663841301642277,-0.008065794383067981,-0.013258705150556604,-0.039868462125052455
2022-09-02,-0.029391317695630192,-0.054292939673353025,-0.026168260433835466,-0.026345034949931456,-0.028019340081799515,-0.0372063180278438,-0.028274058865937035,-0.03151162910947691,-0.04005046234947607,-0.037387398065987454,-0.03224694414068604
2022-09-09,0.023330413996172972,0.042576828168443326,0.020802766280682228,0.015368100543027063,0.019962759890905568,0.020034827919825027,0.018857751651389254,0.032912849752842144,0.03523572374432704,0.036711575893074944,0.036610407656894266
2022-09-16,-0.03650371263316465,-0.05114482203780368,-0.03551190558809314,-0.02899292303599943,-0.03525133401609104,-0.03160440401597653,-0.03486547017558583,-0.0382212904434579,-0.041463735115535694,-0.04490940600877513,-0.04785086179470497
2022-09-23,-0.04585111843143608,-0.04675269188053999,-0.04064842923300194,-0.029004343689039702,-0.04162095594332815,-0.043768622529242296,-0.03863058634312555,-0.045229309293805975,-0.05357897950937185,-0.04832475290692584,-0.045673940091663916
2022-09-30,-0.023869082368607297,-0.010017988745984363,-0.026127197663271873,-0.02556220989683844,-0.02490370732989,-0.020437076932985132,-0.02598084849000093,-0.02598577643139266,-0.018838762251514152,-0.02693585075484506,-0.029270395481072714
2022-10-07,0.004045156149416584,0.0010490523506827554,0.005115486921258849,0.008136358058561388,0.006238638862914092,0.007245717902691462,0.007851610293442057,0.004557657614058019,0.005963984941964373,-0.002929271393735444,0.015706514426138695
2022-10-14,-0.00541332740082745,-0.019740743001264383,-0.0018694868665408704,0.00822006857912605,-0.0038671747259995115,-0.005311046285784382,-0.001206235055741356,0.0037220093195593495,0.0011987751625568421,0.004238110765591996,-0.014223252667704904
2022-10-21,0.017818155875192865,0.0334744836202876,0.0178884021186414,0.014361200562707843,0.017416978502979408,0.012669926756297745,0.01678528507712973,0.01791939695271294,0.014954175793376656,0.022894409669097948,0.046584645000424085
2022-10-28,0.04209844063949353,0.036934686019110874,0.03980741020157885,0.036198642057713615,0.039853747509959625,0.04635112115628215,0.037318039959167715,0.04833041457207532,0.042260414388262335,0.03536614886141676,0.0393544072476534
2022-11-04,-0.0072041255431323226,-0.03488340011438795,-0.006688144611233238,-0.001650857592949917,-0.005469752613280643,-0.0003775431110618621,-0.008352533912161286,-0.0178379950305263,-0.017295440787066352,-0.018125512356608864,-0.03256895365177223
2022-11-11,0.03493748318631229,0.06583591621538809,0.030800270960684717,0.021764040760476888,0.032812641087260674,0.03478247284629288,0.029571945976665015,0.0281582391390236,0.03391331114477025,0.04237188876385045,0.05888139583741184
2022-11-18,0.009231979749673158,0.0022149191236739973,0.009057198114499565,0.009265117453680194,0.007998571736572258,0.008369197552621443,0.006416533526152124,0.011378221324462867,0.012811641959028064,0.010693859782799464,-0.006223200568663854
2022-11-25,0.02253821780497578,0.03452736679217705,0.02094798504571549,0.016584336119554566,0.02018352700198167,0.020471782776787295,0.021221573343868316,0.02708238307763855,0.034433513862454745,0.031150086378296526,0.015907820941845938
2022-12-02,0.032759041378163545,0.027130965042554633,0.031242141052210792,0.020305336921234707,0.030272198034586806,0.024164492030502194,0.027192814187705583,0.032549617090471994,0.0387819631225621,0.031900439085465804,0.011383635489050402
2022-12-09,-0.028699441097812084,-0.025057528857062916,-0.028826299931131616,-0.021486011344023503,-0.027378027726202236,-0.0228822875369441,-0.029197357259095114,-0.03384793647842699,-0.03579352479043463,-0.03502455243800762,-0.03349641060076564
2022-12-16,-0.021666861267837678,-0.03114172354876199,-0.019477272898372866,-0.026058022782312062,-0.021720446506873103,-0.032671823266723465,-0.022722379044932794,-0.021212044135588193,-0.024452329706449616,-0.023597276992386007,-0.020977311781969255
2022-12-23,0.005255153601691598,-0.006454288733166558,0.006155423279138317,0.009177437470295757,0.00682180870401794,0.00921409677049767,0.0072969921386849546,0.0028932591454897683,0.0011210264073961973,-0.001210542707693829,-0.0009393185244104635
2022-12-30,-0.0033427963603251953,-0.00577084632794711,-0.003917974781461497,-0.006535027545271244,-0.0033762317083770865,-0.0031421854573480124,-0.004686324154619559,-0.005848077305977695,-0.007808500414535846,-0.006261994101058321,-0.001253685582223975
2023-01-06,0.006696890298896101,-0.025246500341831127,0.006559025102865132,0.01854756666609223,0.008475127322143759,0.017398544958681927,0.009479387315318496,0.003800572202187149,0.005640162844548244,0.007734272049624865,0.014773936908219801
2023-01-13,0.011267761115525854,0.037883934299674626,0.007858116032326112,-0.0016661491180763877,0.006204408878648815,0.001474386078126999,0.004632312058488353,0.016067927222562783,0.022792619925167346,0.0005631550891411763,0.02685031151177367
2023-01-20,0.0001946496005822418,-0.017094060608226047,0.00012936792577700196,0.0038952837616474945,0.0018685906008297781,0.006235664096717608,0.002560358207011726,-0.001506494688187976,0.001653379242226416,-0.00018780823210529096,-0.006574618273290044
2023-01-27,0.012115211360135936,0.01107112953762357,0.00828425129278898,0.002809835358588142,0.009560229868583292,0.011479310751084437,0.01008860657564048,0.013304330590443447,0.01750121846221342,0.004944826309212225,0.024754821221808915
2023-02-03,0.01705590386943734,0.004001082340025608,0.016311681612262152,0.0006661292041394429,0.015429532795539602,0.006317889381920239,0.013844916519064387,0.020563546649542186,0.0409180165756009,0.01747388904992797,0.01644160977306013
2023-02-10,-0.01646089677740381,0.010390328417422934,-0.015303195937843794,-0.009264622389633659,-0.016202338145065,-0.014400198631880468,-0.015347503732573986,-0.014744620292808985,-0.01897683501309444,-0.010123571033193501,-0.01045213615919759
2023-02-17,0.00451437914605024,0.0028821443019675375,0.0068167864622616925,0.009230234377603619,0.00615590947123601,0.0024868625683944767,0.006369762940789725,0.0025069392117538225,-4.136416867106529e-05,0.004529689621108002,-0.0019117222496983412
2023-02-24,-0.02766929512812033,-0.028478230621979406,-0.026306555252561092,-0.034867071971730446,-0.028775844949473606,-0.04113180022437568,-0.031026822810884647,-0.024384174466381525,-0.02096913553900137,-0.01734169076159764,-0.026715064442508867
2023-03-03,0.020741032340996668,0.0033189133337254706,0.017476619218365963,0.00812992905839871,0.017917824329403587,0.01595652557313265,0.017351193155804134,0.018308899383897348,0.016258299776609864,0.0006784613017065677,0.01970341412259711
2023-03-10,-0.030400384812991565,-0.03157783726300645,-0.02760343474911242,-0.02231095608783551,-0.02772120512834053,-0.02876073427350878,-0.02657301529316669,-0.032897721409335,-0.035558597250979096,-0.022777320135569545,-0.045226385794640535
2023-03-17,0.0251903604224335,0.057344288196580884,0.024136527623777715,0.018329716282667663,0.024521100774440585,0.02138038440295409,0.026580551513829764,0.02424723295173603,0.022609447241205727,0.01259054609558663,0.014429319030522653
2023-03-24,0.02421593053609916,0.021333779082646,0.021433564411594608,0.019782757122435157,0.021447916030786773,0.022023640838644498,0.020175321324112483,0.022212567620538914,0.015230557090227581,0.008218642013554156,0.014769571626821458
2023-03-31,0.026793939607994144,0.016729724357777975,0.02706804356298753,0.020200813313702826,0.02630042306657354,0.02147095541558519,0.02654550120091792,0.02671628462732545,0.036345614400267845,0.03309463883457786,0.034466222374190246
2023-04-07,-0.00192622270777143,-0.007723692506033886,0.0017874961987942584,0.008364903746820973,0.001069535630528362,-0.003293399992141177,0.002595018504000457,-0.002212022340568498,-0.0003076540111307535,-0.0007199451712001093,-0.0004887364992658248
2023-04-14,0.008441613682176108,-0.0010588413703014332,0.007015275340386484,0.0023397927857820022,0.007381931016803067,0.00794108108615732,0.006287860444633031,0.01163308169603261,0.021567930964964344,0.0159225767599962,0.007991598293240072
2023-04-21,0.008097036734021623,0.016856555759373393,0.008777923664086362,0.006814651625531187,0.008793974219274192,0.007758881581636068,0.008110765622924676,0.005523983918042541,0.007442171660178021,0.01568713394275001,-0.000630327761185499
2023-04-28,0.020007856543878377,0.022926020769721278,0.01942284593992838,-0.0022931071043974516,0.017698350263129603,-0.0006262250741381203,0.014238310959981737,0.021289956922506237,0.04906077928925234,0.039191978093612745,0.00904882964854866
2023-05-05,-0.00364230558226486,0.025052457911113324,-0.0027325051660599398,0.0010660560552884224,-0.003338562849555915,-0.004810588160568119,-0.0022007280776715765,-0.006330784055972094,-0.017824147957493097,-0.0064931023343279826,-0.007933799692885149
2023-05-12,0.00259240743184308,0.04271752192808509,-0.0021124221648891606,-0.011625843428686666,-0.0027904019703433036,-0.006968561138780638,-0.00595045740780753,0.00603891063293438,-0.005681149386201567,-0.011217433354120288,-0.0025205032160667985
2023-05-19,0.01592052253125087,0.016108881846931267,0.010795566436742288,0.00616676488260226,0.01297419163622715,0.02156734192060128,0.013041400157569605,0.01914486753767375,0.019785845078057918,0.007676258441404071,0.017080160580870737
2023-05-26,-0.01041697277561826,-0.00775003658940554,-0.01246407038124564,-0.018439963095543743,-0.01184961289727371,-0.011498855648084949,-0.011700922645877077,-0.009453021218739588,-0.0035626028427836465,-0.016991450960469057,0.003344052570338251
2023-06-02,0.019594870008248,0.033964507033503066,0.016113256540331466,0.009790524467162331,0.01723860559975976,0.01997055801448777,0.014407201794746971,0.017321962485211673,0.024492509673011753,0.013935232782505524,0.01880883295715205
2023-06-09,-0.013886235138214076,-0.011406039452906636,-0.013644804149203216,-0.01141369000578607,-0.01377355151272841,-0.014663032795220854,-0.014682237087966676,-0.012662827425129586,-0.012368049072967291,-0.011717770376397652,0.004627063166786558
2023-06-16,0.029009156261884605,0.023745694106812598,0.028339787417608342,0.02542598150879294,0.027848577684487452,0.02542711492825811,0.029480630201984104,0.029138142975914105,0.023284778064736056,0.015653716387435512,0.02603486866783968
2023-06-23,-0.008417496048043538,-0.01544024595367921,-0.010272181940888525,-0.021404798953413073,-0.011636222966158738,-0.01924654696294692,-0.012966723820640458,-0.000598794853183815,-0.00038245114108215184,-0.000824640976912705,-0.01422206928098625
2023-06-30,0.019707022852276213,0.02141023799009467,0.017525552231784758,0.022857309385378555,0.019707341863666183,0.029580187695170235,0.019140934970627965,0.016677552664518425,0.020839383725021143,0.015340312976839465,0.023245059978712783
2023-07-07,-0.010270871895906586,-0.008610495890149839,-0.01000184725840858,-0.005206275416455242,-0.009535028178367488,-0.005465719618351295,-0.009060355000680476,-0.008606959149360827,-0.005603783296155962,-0.011211134829052893,-0.01067040795646738
2023-07-14,0.03624998991091566,0.026001609151746985,0.03292523233135691,0.027287240007815905,0.03402864875503209,0.03604658493408741,0.03411845727609353,0.03375723789234697,0.018460619252526955,0.01284943550893991,0.024466953458318768
2023-07-21,-0.0022573241992873694,-0.011505163904038995,0.0003632964832041008,-0.00014493686513616932,-0.00041511518273507075,-0.0032083210097508807,0.0009670179448237892,-0.0031731773403627095,-0.00036852125084452236,0.0075386829217019,0.006454908497119019
2023-07-28,0.012094009362151992,0.02853202421005996,0.014133094613873798,0.02194392731259409,0.016303030649729155,0.019254350530820696,0.01732763711563723,0.005852593758647107,0.007820619788773353,-0.01358297827564936,0.01048266406234072
2023-08-04,-0.02905164884972633,-0.02580862011852625,-0.030302211986891536,-0.030383317729263393,-0.02986190130935895,-0.025830433032600242,-0.029982124983604197,-0.026263554194543737,-0.021123344324406546,-0.022759049716641444,-0.022126615358974932
2023-08-11,0.00025273366601186176,0.03280370027077151,-0.0019768172363446856,-0.008514832093108438,-0.0038340417571811614,-0.009526384152460432,-0.005729831433092913,0.004938723724903449,-0.010847197722047786,-0.0024886677027223802,-0.002596208231497235
2023-08-18,-0.025875527794854025,-0.013814473436765451,-0.02454668140851235,-0.01801864833711031,-0.02416220538437097,-0.019250423534548755,-0.022542886262605477,-0.025451352058675658,-0.02947328704778307,-0.016912022665470983,-0.02053158793867126
2023-08-25,0.00877749924167226,0.01587012106375485,0.007546151391550904,0.002798765065009645,0.007381814547964494,0.005301394228644618,0.00642920611961606,0.009095502027155922,0.0059043723278076055,0.004488222674782882,0.007949438145169152
2023-09-01,0.016764047215163114,0.03609908098506032,0.010138120033817755,0.00790500101471081,0.013174073235961536,0.024724497310623095,0.01089642913150457,0.017173639439764576,0.013142172072196923,0.005606753141345955,0.025501796100396
2023-09-08,-0.012427497673000998,0.006506711310116042,-0.011327616835158594,-0.008313498905290762,-0.012172323980015887,-0.015733737578103257,-0.011103880586762815,-0.008623908856659424,-0.011142871138434263,-0.010577824643930311,-0.012566751697516181
2023-09-15,-0.0013335530947401475,-0.027017553191390986,0.00029220042417854586,-0.0006896143544625755,-0.0009580966629839649,-0.004829833279757834,-2.0584545755264472e-05,0.002661319796513073,0.005916986833734095,0.007641714753160667,-0.001315656252524027
2023-09-22,-0.02901572555211651,-0.06786957185159925,-0.024804267613314668,-0.01964182464193376,-0.025052953383758014,-0.026569891996372386,-0.022195259308163684,-0.030108670457384412,-0.018319095587904677,-0.017972349319409386,-0.029208042739691686
2023-09-29,-0.010746276572133895,-0.000674952220887648,-0.014577987322031083,-0.019216538506635183,-0.01254464947356182,-0.005856977754735926,-0.013876204331389808,-0.01196977517004194,-0.01379992087314208,-0.020809752222806233,-0.006830523247606148
2023-10-06,-0.017912852829527592,-0.021595384121421923,-0.016650865339888465,-0.021673751562448995,-0.015968591948040012,-0.01996318037635114,-0.016771002419216252,-0.02069271063168343,-0.005915267652661371,-0.02177673971905414,0.004818953808310735
2023-10-13,-0.009162077766165067,-0.004325228611749665,-0.010919931101387337,-0.014763739986066615,-0.011532946095271113,-0.013675311787165412,-0.0130863268304654,-0.007553835528849917,-0.0149346412917154,-0.014751592743755704,0.004562888696336157
2023-10-20,0.004060016904959829,-0.003976757700616895,0.005474122444671936,-0.00021148703544238145,0.002522169527714002,-0.006724159411704567,0.0022879439393135304,0.0091604176923199,0.009497128180496084,0.017356642708663994,-0.023893193799699407
2023-10-27,-0.019994489294381412,-0.01258434323389157,-0.018580010102717703,-0.011805655918724955,-0.01958651742902906,-0.0199053502506622,-0.016450794726405427,-0.02111230408763498,-0.02107553618832747,-0.0163960147796528,-0.024953197484879924
2023-11-03,0.0675324916124278,0.06855431729036465,0.06428269259814234,0.05908256832849723,0.06513211839460897,0.07049484210112933,0.06444343168759037,0.06864606514362559,0.06342251911096919,0.06444432384637078,0.05846387435472477
2023-11-10,0.010322231249727087,0.013845129447320526,0.006960985665056985,0.009075369274501144,0.010100273436132401,0.020315013564302875,0.012183848895670701,0.010890621038326387,0.013823958595539976,0.009013611413991374,0.013618932048176255
2023-11-17,0.014251337787979601,-0.022236129827323037,0.016574381888605938,0.022499648407689143,0.01781839273337904,0.02198306579766296,0.019619758534479725,0.011526124022206874,0.022293712067414262,0.02179436313321581,0.02310437859363773
2023-11-24,0.016031173133788768,0.024119744948447375,0.01446426072898288,0.01348891770454741,0.014048237072503023,0.014887115419346397,0.013653946679878404,0.01941322393698708,0.014469586218835317,0.016780436144447686,0.01000467333369468
2023-12-01,0.0016774769921474864,-0.010304720055317351,0.00043101880706752915,0.010253788813713749,0.0012615359915875146,0.012886686319078189,0.002130656735837011,0.008472555230901957,0.004665193388618594,0.012783131900755862,0.008346284635996229
2023-12-08,-0.006405817715860129,-0.004227587362626184,-0.009101877609680842,-0.006660721765271216,-0.007851341736899609,-0.0006886729875413833,-0.006999654193844851,-0.0035244124101178054,-0.0029018120340266185,-0.007366115010907781,0.0023959919938334106
2023-12-15,0.014847224625047062,-0.015086027449755623,0.012911314024316223,0.012177326918842324,0.013240589580530981,0.0193785743528736,0.013270930136683345,0.016907538266591082,0.016690546862339062,0.014714230837968412,0.02397391560282333
2023-12-22,0.0167147421396312,0.00965927880832873,0.01666424586899118,0.010383479871949097,0.015786395886298266,0.009087076868773858,0.016071541052458116,0.021642281589203005,0.023700896057728293,0.01631055411772775,0.00920457943434423
2023-12-29,0.011583548349074935,0.03129495246077019,0.010035658069242448,0.019855153882172738,0.011993413088298599,0.021937595833403822,0.011561954215767445,0.010182764066575922,0.008788027847417057,0.013038241167297793,0.003504763153863305
2024-01-05,-0.013964878649499166,-0.005078528008071739,-0.015322948142925535,-0.02155121537781501,-0.01582661098579131,-0.01929523330406172,-0.01882519821563615,-0.01052316921622719,-0.011880191724835941,-0.0028790407628162843,-0.01554778792675717
2024-01-12,0.02185260124090349,0.061851091920418266,0.019837435179284046,0.018699274564001778,0.02173940074380254,0.021627535939055642,0.020509193964637573,0.016004257574806946,0.023485028429434784,0.018488142736089896,0.01872121955902939
2024-01-19,-0.01628278747438716,-0.02376963628241968,-0.012702353409951073,-0.009031729975510716,-0.014240003129072476,-0.02269485213700928,-0.01103625573329603,-0.010659998894122724,-0.011489276721847408,-0.017713862212249687,0.01206256324423564
2024-01-26,0.006631299034240534,0.004620700781668097,0.006478272300282972,0.003232845632839876,0.0064326056758690076,0.004346510553607574,0.005690878528430199,0.0031225349032535377,-0.0035668872581974265,-0.0014003187916743487,0.010322673055226305
2024-02-02,0.017631652152495958,0.0241213671417555,0.015481155592877549,0.013300564175888319,0.015942626083764733,0.014390039023988388,0.013786489514500788,0.01955632086563086,0.03308417821111309,0.039607660610359474,0.014238488850956786
2024-02-09,-0.01223237656877263,0.021520493053475365,-0.008530592622785771,-0.01546832761474215,-0.0098544555824982,-0.024230984336125583,-0.009476168036649857,-0.021689677346569014,4.0799245325295885e-05,-0.0017679314563686654,0.013856782237046337
2024-02-16,0.0026487762714935137,0.013534847960829266,-0.0007359861023872316,-0.007271510560421968,-6.896852635673856e-05,0.0032505834546801005,-0.002848006698975669,-0.0010815728130373348,0.0023979329551906403,0.00030028446749930104,-0.003371953006051171
2024-02-23,0.004684293136853812,-0.002673256306375049,0.0073481391481997616,0.0001954330202316168,0.004084571697060335,-0.011128747148312246,0.003164228529291657,0.010106474549729239,0.01090450107040808,0.012514754222973545,0.01669633567034952
2024-03-01,0.0123126323621634,0.05536519695549513,0.0037525090459447075,-0.013699608418916487,0.004847978794063845,0.00942776747835028,0.0006735755497597751,0.0182121790126204,0.02459150161293877,0.017514378607646375,0.009845413354209184
2024-03-08,0.005090920069139138,0.021737224690780543,-0.00039059165497057347,-0.004856107215767125,2.7557649320053557e-05,0.007130847953237041,-0.0032088307800787197,0.011367408844431548,0.02507729611377152,0.02417454580765388,-0.00220340146729954
2024-03-15,0.004011937565882473,0.016018912422568254,0.004485680590830876,0.0036665308646883776,0.004198345648064317,0.004573444162182749,0.0032282947087718394,0.004398914984250046,0.005205484814202244,0.007817431094147453,-0.0005978368516685722
2024-03-22,0.014433565418729977,0.025339900277693506,0.012864826245438277,0.02100328279299646,0.015094985454434218,0.0226254034539779,0.016973682578155236,0.014835264570412843,0.013806269525054482,0.011632769614177363,0.022321180209235788
2024-03-29,-0.0029861007408995555,-0.05130118330999356,0.002919708046473346,0.009560171651453064,0.00046407393173297784,-0.0045376686554657875,0.005614102753418226,0.0013172661055542711,-0.0034729334004396373,-0.012178551998106468,0.0035686475181881537
2024-04-05,-0.016520035201550543,-0.0024566785656551238,-0.019348674482568273,-0.02542561474169791,-0.01840153102899833,-0.01751325972307194,-0.0180104564795448,-0.016343188914496043,-0.003471120262402927,-0.011909727859655495,-0.008870900190284544
2024-04-12,-0.016089685959504885,-0.026146100735024214,-0.014843225397197624,-0.014841291965769665,-0.01546430200871407,-0.017529857936015136,-0.014245585029992291,-0.014547602612551724,-0.013519407619040136,-0.018064719154342712,-0.014620880520938418
2024-04-19,-0.008572829275605764,-0.054059066886444684,-0.0021756098271177304,0.009625576310645867,-0.0038890860352881473,-0.005462546526987189,-0.001718666084456144,-0.008557058455706423,-0.022903529104914444,-0.015337379006233332,-0.030713508624721265
2024-04-26,0.03431544738989167,0.04854449114678605,0.028174527247683434,0.03453462655384043,0.03168005722984035,0.05143110370034676,0.0330565077388032,0.031294128916208974,0.026243233211627803,0.020219171567857686,0.026456076337000756
2024-05-03,0.017701119251710473,0.01872774397721333,0.011982516693952228,0.0124428919362225,0.01585444747279774,0.032801663756355515,0.015158557682398932,0.016864964786732717,0.010214419726027435,0.014480448526232426,0.005961513310165733
2024-05-10,0.023449174558654695,0.03246761287742661,0.02228976754068701,0.015956880653741567,0.021535087840367284,0.01735157577205193,0.019436933480708296,0.024430460731209136,0.029311058159761316,0.03229733628868958,0.018678461946797422
2024-05-17,0.014826516702395987,0.04101929892398193,0.01153802522746683,0.01986267108183548,0.014120179891479845,0.025013783221988106,0.011950276565644069,0.010385278948234378,0.01347788814227191,0.018718471406306003,0.016530646285953986
2024-05-24,-0.021308800450383858,0.0026752021056446473,-0.022578245199092795,-0.026962804414255692,-0.022745323187335797,-0.02672707729288626,-0.022287162417955253,-0.019685139941193808,-0.01540287716637545,-0.019028744572096357,-1.8705636268712134e-05
2024-05-31,-0.007833113899423316,-0.03507137851292497,-0.003658954032220274,0.005517419083703068,-0.0018005473730134947,0.0036602593817935958,0.0005614556341879684,-0.011837262825737604,-0.02263463545268185,-0.020802290675805968,-0.003909551110792255
2024-06-07,0.005979929913398241,-0.005499378147145517,0.007387666906378598,0.009424535323301342,0.007873352284003321,0.006995506806088736,0.009271885756921616,0.003049878732567679,0.002728027713792436,0.0010266530666329654,0.012590521487443032
2024-06-14,-0.022811965147090607,-0.04214584568286417,-0.01899413143525619,-0.020582330434098406,-0.020815708757942253,-0.03070745245979678,-0.017980686836448823,-0.018417517986545784,-0.014235728359339173,-0.019239568923981598,0.016422748920640006
2024-06-21,0.0077154870571407574,0.01725361292921912,0.007589081768559769,0.011889523555403514,0.00781824270652165,0.010777590524662095,0.00725256834688448,0.010165579212368714,0.004657414510486069,0.009706362508189459,0.0064238344977442345
2024-06-28,-0.00502351006982571,-0.016723885309983255,-0.005491530871688743,-0.010037148640658522,-0.004800503353197483,-0.005535009011857439,-0.006007738037484889,-0.005903920214635483,-0.012753193627363824,-0.0075332831612617834,-0.000532648532290429
2024-07-05,0.00937156451033161,0.01827670715890184,0.008911637450514265,0.0031307200091563736,0.008834612600265856,0.002506577947450017,0.006243546720307691,0.00715050553027563,0.00656019635193128,0.016377934333200894,0.019146646877064452
2024-07-12,0.014707663035002705,0.007290386634296153,0.013297460956854357,0.017629942772967144,0.016460305721262447,0.03095869148471886,0.014567213384783617,0.006120103060065718,-0.006063876979194971,-0.0006981641508091441,0.009645974443597447
2024-07-19,-0.034194336912856005,-0.0515604422486039,-0.026105745558718252,-0.014974633593687114,-0.02916594614360113,-0.03896824560610035,-0.02919701451471468,-0.027854992325909156,-0.048973276304699054,-0.01828552090273816,-0.01964341321738011
2024-07-26,0.0022959224933394307,-0.016196478871779108,0.0061995807055170715,0.012812954962056367,0.005957698339563944,0.00861125651172956,0.00696401225632215,0.005482607945516582,-4.781735866710157e-05,0.0007347318689505666,-0.008287808731459444
2024-08-02,-0.00788139883951966,-0.033155190624514996,0.000667227815871696,-0.0023844229222853563,-0.00469487861365947,-0.02833295770872757,-0.002096368317781261,-0.0007078026722925346,0.012228298272182414,0.018699016526261936,-0.021195987660519434
2024-08-09,-0.0036538176656863985,0.004366265530598268,-0.004629901925524704,0.006289304193917378,-0.0008793087865155425,0.011897965295913915,1.6791712305508355e-05,-0.010882920376702354,-0.0001684414951359514,-0.005627690647991401,0.00016848160554862971
2024-08-16,0.017267139608991622,0.027011136239081468,0.016313278311596235,0.020359757433656034,0.017670669243313508,0.023710391467094194,0.017881976978390668,0.016212008075613626,0.011033108814333836,0.011223808224513965,0.04000101751843192
2024-08-23,0.013411398297280996,0.012087234885307607,0.014276709463942439,0.02166721611539635,0.01491979401785426,0.016834145087529118,0.014784834902213717,0.010318953338665837,0.0005806476336631672,0.01178264014208863,0.014107639394940337
2024-08-30,0.003697667612192257,0.00639164319728569,0.004240996919182782,0.001895202558384712,0.004184261795804334,0.00508150392487261,0.004063127100782049,0.004520341822049412,0.000997280958299207,0.010482370408958941,0.0027573791959917575
2024-09-06,-0.01752704375833336,-0.026813555986624493,-0.013278454780638715,-0.006424617326402093,-0.014572379846608863,-0.020238786682474252,-0.013457526791743946,-0.014555627198865828,-0.019654501128284818,-0.018468225285578233,-0.041370877091901195
2024-09-13,0.015632574986175873,0.03908596239568962,0.015385255131827646,0.009616501958649604,0.013447266965357585,0.0032379022006505664,0.013130326364866995,0.02029005988576449,0.02478441885533944,0.024304636246250233,0.04006558810820675
2024-09-20,0.005690809083476189,0.005965023005398029,0.0019647632445380925,-0.005197202574361626,0.003519770420911783,0.006816826489159933,0.004111263260975662,0.003296405345083908,0.0036228039543730883,-0.001956079906479724,0.014204515450592679
2024-09-27,0.02332775136810472,0.0008502771712532997,0.023136737352429382,0.023695493609013463,0.022983820404022248,0.02460327883864477,0.023543742263813616,0.018830066326299022,0.01871247952355981,0.009210899892300173,0.005666354299016056
2024-10-04,-0.00721689085989663,-0.029444741678603004,-0.009759338298519937,-0.011556276504750329,-0.007877278328357495,-0.0026451799469932036,-0.007625236479043673,-0.012597845566417853,-0.010047188746493574,-0.009135927665694599,0.0026425447082071432
2024-10-11,-0.006266506693192508,0.0019640174746822225,-0.006138822458805815,-0.005340453001865253,-0.007268078714067094,-0.011178237340998098,-0.006999524932425838,0.001680039174325021,-0.0008831262904653858,0.0003350157311710067,0.011518758994444224
2024-10-18,0.004146039469457685,0.011737982788586176,0.005616113321242677,0.005803288157773423,0.004614382544734674,0.0006283966717661738,0.0057593689056807396,0.005746107160344849,0.002644899895435593,0.0028619944774206374,0.008644240991534127
2024-10-25,-0.008882517540344081,-0.016613726835726927,-0.011333853417006212,-0.02838589769595723,-0.010895135526841404,-0.015005110206794958,-0.014371093189560646,-0.0060544014526743295,-0.006488486587445053,-0.007191450107167818,-0.009493960868284607
2024-11-01,-0.003974551760682399,-0.027190750909564132,-0.008438538206360868,-0.0077073014658900485,-0.005838960560260342,0.007485289948579998,-0.008806446280889446,-0.0007963919441321687,-0.015225453292133984,-0.0023046063620576485,-0.013816017216826662
2024-11-08,0.01111896522553768,0.018745574588497904,0.009737012941561707,0.01538607318246088,0.0127746271681346,0.02335000960147382,0.015311738129174524,0.01225283337021188,0.008763233384335267,-0.0008694480302011698,0.047544894033196075
2024-11-15,-0.00379984693895985,0.011652971057273254,-0.006856442576087529,-0.011911605299504968,-0.002878163981511195,0.00963214103187604,-0.006496451007884985,-0.005134518868366356,-0.022023369755864275,-0.00975352357329995,-0.02079594229579749
2024-11-22,0.016171169474367142,0.018141826396378846,0.014666817875242044,0.015357004323133028,0.014672744842170182,0.02032906797872669,0.016071904746180143,0.024120442400390907,0.025968548825818116,0.022735934915371514,0.016662187955503338
2024-11-29,0.016321053470251368,0.022332044041293964,0.01681418524399403,0.024104901947428647,0.018405578585785953,0.021683424414969288,0.0182066503762639,0.010780007575214245,0.01164271961872898,0.010119409024569093,0.011821952852767876
2024-12-06,0.013292348310666613,0.024693211154259487,0.010308229776612832,0.004873950110582559,0.011398059983493969,0.011390624783485181,0.010447725817688047,0.011246674106887067,0.012309087864909918,0.013404770026981705,0.008729557592492576
2024-12-13,-0.0063489508154739305,-0.001651330934625439,-0.0031480382812354435,-0.003750242010268634,-0.006269670781644754,-0.017621233468691266,-0.004664846335389106,-0.003443181754326119,0.001326283157862651,-0.00433073668334516,-0.005922994512549882
2024-12-20,-0.02790868439835925,-0.03832098114732796,-0.02724215194475965,-0.02048710381823904,-0.026022286653133997,-0.021605519102814497,-0.025409574302478366,-0.03194689753258273,-0.04406113308234316,-0.03362787553332891,-0.01832206782070204
2024-12-27,-0.00034403152599227216,-0.006095384820151706,-0.00038578136351807846,-0.000833741965887258,-4.01647739137756e-05,-0.0001403128063252046,0.0004142702575180568,-0.0008308232999197918,-0.002838548139360464,-0.0037485400030008442,0.00652977511924538
2025-01-03,-0.002669068996119608,0.004243385931522763,-0.007382924902997194,-0.004800490698585182,-0.005406944352394137,0.004245996262915407,-0.006809960064616532,0.0008689682243646422,0.00032294207820435884,-0.0016135604933530114,-0.0051429596291284185
2025-01-10,-0.04740806037061207,-0.04232292537097593,-0.047231895224419396,-0.044938530724191184,-0.047269337014912094,-0.0512242758491217,-0.046816384765429375,-0.04757337838759734,-0.049492594786982314,-0.05159349605955976,-0.019359816495942445
2025-01-17,0.01454597166668381,0.02432910470413585,0.018533411505690323,0.028116143679776773,0.018785461523988856,0.02086620282191176,0.022681819390717006,0.014300873809909964,0.028923557923260956,0.022898505291979898,0.029440900727381383
2025-01-24,0.015088132223879613,0.0103147449897103,0.01633245998447097,0.01506076801561651,0.016613343266485225,0.01210223703550195,0.015346398269058925,0.009121446324888982,0.01584303518380814,0.01862914137517624,0.01738663490809265
2025-01-31,0.013371454899435475,0.009662189727377646,0.011555455315991114,0.017672279446237615,0.014341130118700862,0.027299002679504802,0.01499118374740216,0.014733189683636905,0.02328724634426793,0.022542319778448228,-0.010115568571230154
2025-02-07,0.006196677438145004,0.005641484167687505,0.005423548326182637,0.010343623782601119,0.009567665445279427,0.019077104838061132,0.008262098810107421,0.0030866234233546397,0.038888331268540854,0.03344131814670592,-0.0017446415428518452
2025-02-14,0.018604113749834728,0.011996442467093082,0.018508976664325605,0.021499282748024928,0.019689398650923673,0.022418710003136777,0.021036908857144265,0.013102526194584296,0.02516557057450952,0.02419941877233245,0.014863998812897126
2025-02-21,0.024700231239402237,0.05343530764504867,0.020735054654142715,0.034574815112519364,0.02262689246822358,0.03866596357683716,0.0218329356795659,0.019659545132408418,0.002353957215895708,-0.014422138886093006,-0.016007638995941993
2025-02-28,-0.0013258364099739683,-0.04361053778234458,0.004805218241050735,-0.008800018120004971,0.0009135639351036673,-0.017170581043152833,0.002201053286007504,0.004085742139892989,0.019245820643640554,0.027754072057532442,-0.009601021195011637
2025-03-07,0.012329731742987127,-0.035516571428716226,0.015194622253828616,0.010683181007170583,0.011916649825313819,0.002405648049608633,0.00796122104103647,0.006939129909311115,-0.010059742515629466,-0.00636143830210345,-0.030731503758990024
2025-03-14,-0.02588552484617679,-0.013388082419096503,-0.025131900883461733,-0.014489623295515952,-0.023231345410189674,-0.013056260877965964,-0.02183342671299382,-0.027061040244766632,-0.022171553158464197,-0.02771011253639377,-0.022763483783801483
2025-03-21,0.009642912188032815,0.030659720090930875,0.004691530641247166,0.0013363908090417986,0.0053252670867180996,0.007351705622960392,0.005437215144799223,0.014774224993429286,0.008545096096010951,0.004979326728526079,0.005093166427546331
2025-03-28,0.002530465113365521,0.010331143950046195,0.0026185494656105757,0.007212593171937121,0.0036323734276235697,0.01114402064955522,0.0025430848607654877,0.000331350435400779,0.0001829861861624149,-0.0007986125676984202,-0.014752228560717418
2025-04-04,-0.048016573970842025,-0.039747511168106375,-0.044300491789181495,-0.042557534721715085,-0.04877996909313331,-0.05944909665425013,-0.045272649539462195,-0.03378832314541769,-0.04217853892554202,-0.04141217332454916,-0.09066691810661702
2025-04-11,0.035071862482559224,0.06629077813961648,0.03466102423079809,0.03284211238691648,0.03548653802169732,0.03188411651465928,0.03667307089182681,0.03257729687677635,0.03147042160720126,0.02358264576288649,0.05672088730403146
2025-04-18,0.007723678663625,0.003612177748955503,0.007324769215823146,0.009234173342323126,0.009128080801455107,0.014086408273366935,0.007702479722015543,0.00259878490623211,0.007132880232920247,0.004776116767286842,-0.014102611659151217
2025-04-25,0.027361627157311608,0.021320691530201108,0.02392443680525469,0.023912666585042874,0.027756478784188188,0.03937344369102269,0.02810038691776162,0.021599664312510036,0.035414634834253444,0.038275498540224495,0.04602881984931054
2025-05-02,0.021619496247946568,0.044255370635691405,0.02151109162692011,0.02327385919871605,0.023656841644912774,0.026469545458110533,0.022730828746563292,0.014010244985879217,0.02083512019663125,0.02817766702322877,0.02927504895735602
2025-05-09,5.672404363998851e-06,0.014179345608490657,-0.003605040092574452,-0.01894451222732696,-0.004219681729034197,-0.007409892670539153,-0.006446670762821571,0.005952510554687596,0.01417608560357464,0.012105908722985781,-0.004269864990186578
2025-05-16,0.016353345241869377,0.023890133244494294,0.015273574253861888,0.006583158943755274,0.012960979335213452,0.0029885415231361012,0.013205528456933902,0.024654741674943415,0.011859254844283962,0.018690094613299735,0.05291129008819489
2025-05-23,-0.006942704094529573,-0.014495023068564206,-0.00481378153334433,0.000734702512650065,-0.0031096718343052165,0.00013119575025988262,-0.0034705601346205484,-0.01044026864950609,0.0010374398908232774,0.0011646802818399138,-0.02539565678291603
2025-05-30,0.011156059724497291,0.021306175852438214,0.0095599949609384,0.013977207256825164,0.011220488388432814,0.0216457840057096,0.011599869578412303,0.013075944370910753,0.01834699045864263,0.017407166600281965,0.01775162221502326
2025-06-06,0.0026186852904495073,0.02124678947518288,-0.0018323441136786078,-0.005476721066972723,-0.0003799297853791517,0.001072064617304136,-0.002474726934552196,0.0011862408928673407,0.0016592389676932662,0.003989251497908963,0.016542453261139928
2025-06-13,-0.00484853100605076,0.015500825606562074,-0.004259407624493838,0.0011261667076614135,-0.0033521703166826677,-0.0005980517894860204,-0.003298293591966872,-0.00749572057419301,-0.00399367372088244,-0.010801458504606454,-0.0035716510451267993
2025-06-20,-0.002628576726929288,0.015295239450782372,-0.005765462669197752,0.003045469771046916,-0.00291833213623105,0.008302079965786024,-0.0022632715282051574,-0.004727673182412073,-0.00607625472108364,-0.008990073726785175,-0.0016132839799686612
2025-06-27,0.020860702038127066,0.03951897602433041,0.016716911304937465,0.015915753534902377,0.018880141544372675,0.024602577763580546,0.016629971513037134,0.01615627507663464,0.012382929169854284,0.015345822117587948,0.0347141874200802
2025-07-04,0.007478969637393584,-0.012986657980885163,0.010045917364680745,0.0025406463718613548,0.005502866351375646,-0.0072328074849954405,0.005999299724703144,0.016075047154285205,0.0008701972665876578,0.005648224856424244,0.016961889565717755
2025-07-11,-0.010259896967504512,-0.025940437185106302,-0.007742645518567737,-0.012124335481954462,-0.009991258176870965,-0.01836368586773307,-0.010359232852485745,-0.007607093672245768,-0.005493397068555228,-0.005591615820687568,-0.002750636219700393
2025-07-18,0.008792464982795956,0.01857211270915382,0.007076996781133715,0.009446711741974534,0.008330353983212024,0.009896450919592459,0.0065133449110963415,0.0052953966453133106,0.0006372345268033097,0.0011589579982553833,0.00635005832019424
2025-07-25,0.007460815686846756,-0.0070673621280746834,0.007528317530062445,0.007416082798478607,0.006710476212541394,0.005215590256349767,0.005865064368164807,0.0035875885272782515,-0.003026432712979199,-0.008011037131182452,0.015169246269441262
2025-08-01,-0.031068317612259255,-0.02491381565535611,-0.028043876091005004,-0.01409094776772013,-0.02804419453161644,-0.024778471380283995,-0.0270391505805746,-0.021744179901982075,-0.010951344503803195,-0.01655142328389192,-0.024140597106468153
2025-08-08,0.0431230648729477,0.07113812988127255,0.04108713416035403,0.042151884021145225,0.04333234771108119,0.04690973858596781,0.04082730833089099,0.035740525671430934,0.02859448025188538,0.022977177777274704,0.02486662041186611
2025-08-15,0.020525708596316417,0.03445583976846289,0.016551109414639553,0.01936395379932776,0.018415933723476385,0.028920614350885554,0.017160369498795625,0.018445403628013057,0.016633215975870197,0.01474261827054435,0.009824552703921293
2025-08-22,0.010090030461171517,0.002545758489811867,0.00857594743003065,0.006303172082722908,0.00825319273167846,0.011219074821451347,0.0065603247879710835,0.011779373251229908,0.008901175610398049,0.007124818042384851,0.002906222857861717
2025-08-29,-0.015846588283381036,-0.019118859324363968,-0.019062649648751706,-0.039082722209894394,-0.02036079951087566,-0.03191299962034011,-0.026485143371539177,-0.013389156762488086,-0.017787296517425277,-0.008522738788496298,-0.00040298773230366085
2025-09-05,-0.009817571262951574,-0.018331469923637655,-0.008080392103730571,-0.002853945605625241,-0.007290699418694424,-0.007913714753844059,-0.005328662838714138,-0.009788428783105263,-0.004700245959167515,-0.007832954024600602,0.003395014484323472
2025-09-12,-0.0007575268891822917,0.004122239905779201,-0.002070859497270039,0.001738457904153945,0.00036612712518624413,0.005208917414053271,-0.0005922869232461991,-0.004286365096900724,0.002330859788266082,4.9151370750566414e-05,0.015712850491415686
2025-09-19,-0.006317064884252432,-0.008351305276571352,-0.007648578881276125,-0.015783478415924646,-0.007838606802782033,-0.010933408841361403,-0.008242029090071434,-0.00452888135499474,-0.002577844069421409,-0.00242615987817818,0.012366978360768211
2025-09-26,-0.0025457916143923898,-0.013610978028043452,-0.0034474345538071383,-0.005031136715959228,-0.002896781292101025,-0.0006297836134110391,-0.004255586301876391,-0.004478933745491798,-0.002067401429946325,0.001833527182579342,-0.002832528382077118
2025-10-03,0.006084907480268464,0.013321511904164751,0.00374672701881984,0.004343029837738044,0.0033489500264984873,0.005658692771158602,0.00244518577143249,0.0019892284600502297,-0.022625295603411644,-0.018837076591262547,0.011166094469648467
2025-10-10,-0.018680590223893567,-0.017581913991125075,-0.01605049073801934,-0.02307841430706059,-0.02038584985274927,-0.03468823683216993,-0.02037171955341477,-0.006173072282463443,-0.010230287611709077,-0.012488583775343565,-0.024192760049088415
2025-10-17,0.02458945076238206,0.036925959036988365,0.024667767956370046,0.029954813725011187,0.024392300959709345,0.02502076122864927,0.027475543026073135,0.026559612517325748,0.021147743399623442,0.016059113688339677,0.017411468502946014
2025-10-24,-0.0015155827348612982,0.0007478004873053834,-0.0019851806814400463,-0.004675139872928558,-0.001593471905102506,-0.0028381901542189336,-0.0025492597255305505,-0.0031287547888777523,-0.003845189530015114,-0.00030460084715167035,0.01935610322526378
2025-10-31,-0.035210523357050105,-0.03621930944450824,-0.033469345818654794,-0.023453697678267327,-0.032591696054237396,-0.03313422831531254,-0.02954681644226398,-0.03770991236419341,-0.043595440219003856,-0.05901421609928659,0.007102206382798917
2025-11-07,-0.010842304443670958,-0.05042080597318144,0.0012246500378010339,-0.0009683736067879201,-0.0007255869796415348,-0.01712578118892938,0.0014520700948701393,-0.01027134761271642,0.020560308825369855,0.035813503090706966,-0.01625960509603448
2025-11-14,0.0081188915514665,0.00020605825605279904,0.008754986049230196,0.007917253307069272,0.0069722734074249,0.0027815000921631583,0.008252191989047253,0.011404615724458278,0.005967057637418893,0.004495924478958857,0.0014309111852752086
2025-11-21,-0.006839913489889882,-0.03354750254806527,-0.0019336796086925068,-0.0034480802692874457,-0.003590847597875313,-0.01094059374108003,-0.0027641469778840744,-0.004864175789778158,-0.010713320142468397,-0.010550100736580137,-0.019198431571385097
2025-11-28,0.0218426337852613,0.025773278456633797,0.02085585306258597,0.013242764926028716,0.020003220965937984,0.014234558624914628,0.01967171136954815,0.02826752030302493,0.021279664309368895,0.023246490700347122,0.036963338748492156
2025-12-05,-0.010308412615117502,-0.006894282573241872,-0.012291507148799563,-0.014092098429564937,-0.012821487202378412,-0.012193948086071327,-0.012063290038341501,-0.004343046645653326,-0.007855479377421704,-0.010087086342607576,0.003365523720174765
2025-12-12,0.005326513890867357,0.007682230972063442,0.006234507296323466,0.0017025998787096874,0.004417945265892342,0.002362083273411253,0.004913213363925806,0.010941979903128063,0.01847072057025767,0.01938534205127218,-0.005731449033452833
2025-12-19,-0.003958201367206593,-0.00597730837579713,-0.005358244184442418,-0.019791915663771587,-0.006365196172518295,-0.013499901271398995,-0.0070866955515945795,0.000153208684507522,0.009482684083655935,0.012156219333195883,0.001233777335506613
2025-12-26,0.0057821109793574355,0.01606499078713819,0.002527207371222362,0.0006532727815773409,0.0039253461656927335,0.008620469113854501,0.0028589889282086833,0.005214360174298438,0.0015041995037761158,-0.00156283041549099,0.014281667553504664
