date,close
2011-01-03,43.04999923706055
2011-01-04,43.0
2011-01-05,43.07500076293945
2011-01-06,44.005001068115234
2011-01-07,43.685001373291016
2011-01-10,43.59000015258789
2011-01-11,44.025001525878906
2011-01-12,44.20500183105469
2011-01-13,44.0099983215332
2011-01-14,43.17499923706055
2011-01-17,42.849998474121094
2011-01-18,42.93000030517578
2011-01-19,42.150001525878906
2011-01-20,41.09000015258789
2011-01-21,41.02000045776367
2011-01-24,41.35499954223633
2011-01-25,41.849998474121094
2011-01-26,41.915000915527344
2011-01-27,41.220001220703125
2011-01-28,40.404998779296875
2011-01-31,40.415000915527344
2011-02-01,40.36000061035156
2011-02-02,40.80500030517578
2011-02-03,41.060001373291016
2011-02-04,40.584999084472656
2011-02-07,41.54999923706055
2011-02-08,41.369998931884766
2011-02-09,40.95000076293945
2011-02-10,40.900001525878906
2011-02-11,41.2599983215332
2011-02-14,40.69499969482422
2011-02-15,40.7400016784668
2011-02-16,40.439998626708984
2011-02-17,40.22999954223633
2011-02-18,40.040000915527344
2011-02-21,39.82500076293945
2011-02-22,40.040000915527344
2011-02-23,40.09000015258789
2011-02-24,39.994998931884766
2011-02-25,40.01499938964844
2011-02-28,40.415000915527344
2011-03-01,41.119998931884766
2011-03-02,40.16999816894531
2011-03-03,41.11000061035156
2011-03-04,41.5
2011-03-07,41.0099983215332
2011-03-08,41.06999969482422
2011-03-09,41.42499923706055
2011-03-10,41.375
2011-03-11,41.06999969482422
2011-03-14,40.369998931884766
2011-03-15,39.119998931884766
2011-03-16,38.849998474121094
2011-03-17,39.43000030517578
2011-03-18,38.91999816894531
2011-03-21,39.71500015258789
2011-03-22,39.47999954223633
2011-03-23,39.939998626708984
2011-03-24,40.54499053955078
2011-03-25,40.81999969482422
2011-03-28,40.28499984741211
2011-03-29,40.400001525878906
2011-03-30,40.70000076293945
2011-03-31,40.19499969482422
2011-04-01,41.55500030517578
2011-04-04,41.849998474121094
2011-04-05,41.93000030517578
2011-04-06,41.849998474121094
2011-04-07,41.25
2011-04-08,40.935001373291016
2011-04-11,41.27000045776367
2011-04-12,40.93000030517578
2011-04-13,41.56999969482422
2011-04-14,41.6150016784668
2011-04-15,42.560001373291016
2011-04-18,42.29999923706055
2011-04-19,43.13999938964844
2011-04-20,42.880001068115234
2011-04-21,42.880001068115234
2011-04-26,43.665000915527344
2011-04-27,42.81999969482422
2011-04-28,43.0099983215332
2011-04-29,43.04999923706055
2011-05-02,43.04499053955078
2011-05-03,42.86000061035156
2011-05-04,41.45000076293945
2011-05-05,40.70000076293945
2011-05-06,41.290000915527344
2011-05-09,41.130001068115234
2011-05-10,41.19499969482422
2011-05-11,40.88999938964844
2011-05-12,41.38999938964844
2011-05-13,42.0
2011-05-16,42.13499069213867
2011-05-17,42.22499084472656
2011-05-18,42.07500076293945
2011-05-19,42.14500045776367
2011-05-20,42.56999969482422
2011-05-23,41.619998931884766
2011-05-24,41.54499053955078
2011-05-25,41.63499069213867
2011-05-26,41.04999923706055
2011-05-27,41.025001525878906
2011-05-30,41.22999954223633
2011-05-31,41.91999816894531
2011-06-01,41.75
2011-06-02,40.97499084472656
2011-06-03,40.630001068115234
2011-06-06,40.38499069213867
2011-06-07,40.33000183105469
2011-06-08,40.13499069213867
2011-06-09,40.41999816894531
2011-06-10,39.720001220703125
2011-06-13,39.94499969482422
2011-06-14,40.125
2011-06-15,39.69499969482422
2011-06-16,39.66999816894531
2011-06-17,40.0
2011-06-20,39.834999084472656
2011-06-21,40.10499954223633
2011-06-22,39.42499923706055
2011-06-23,39.46500015258789
2011-06-24,39.150001525878906
2011-06-27,39.3650016784668
2011-06-28,39.56999969482422
2011-06-29,40.04999923706055
2011-06-30,40.0
2011-07-01,40.040000915527344
2011-07-04,40.755001068115234
2011-07-05,40.31999969482422
2011-07-06,40.349998474121094
2011-07-07,40.970001220703125
2011-07-08,40.349998474121094
2011-07-11,39.75
2011-07-12,39.029998779296875
2011-07-13,38.72999954223633
2011-07-14,39.23500061035156
2011-07-15,39.279998779296875
2011-07-18,39.220001220703125
2011-07-19,39.380001068115234
2011-07-20,40.0
2011-07-21,40.31999969482422
2011-07-22,41.29999923706055
2011-07-25,41.31999969482422
2011-07-26,41.040000915527344
2011-07-27,40.70000076293945
2011-07-28,41.119998931884766
2011-07-29,40.20000076293945
2011-08-01,40.0
2011-08-02,39.834999084472656
2011-08-03,38.63999938964844
2011-08-04,37.814998626708984
2011-08-05,37.54499053955078
2011-08-08,36.400001525878906
2011-08-09,36.599998474121094
2011-08-10,35.14500045776367
2011-08-11,36.04999923706055
2011-08-12,38.3650016784668
2011-08-15,38.150001525878906
2011-08-16,38.939998626708984
2011-08-17,39.25
2011-08-18,38.16999816894531
2011-08-19,37.505001068115234
2011-08-22,38.0
2011-08-23,38.06999969482422
2011-08-24,37.334999084472656
2011-08-25,37.34000015258789
2011-08-26,37.154998779296875
2011-08-29,37.55500030517578
2011-08-30,37.79999923706055
2011-08-31,39.22999954223633
2011-09-01,38.35499954223633
2011-09-02,38.369998931884766
2011-09-05,36.150001525878906
2011-09-06,37.119998931884766
2011-09-07,37.91999816894531
2011-09-08,38.0
2011-09-09,37.67499923706055
2011-09-12,36.20000076293945
2011-09-13,36.349998474121094
2011-09-14,36.82500076293945
2011-09-15,36.650001525878906
2011-09-16,37.650001525878906
2011-09-19,37.75
2011-09-20,38.650001525878906
2011-09-21,38.345001220703125
2011-09-22,37.040000915527344
2011-09-23,37.915000915527344
2011-09-26,38.7400016784668
2011-09-27,39.88999938964844
2011-09-28,39.68000030517578
2011-09-29,39.70000076293945
2011-09-30,39.775001525878906
2011-10-03,40.35499954223633
2011-10-04,39.80500030517578
2011-10-05,39.625
2011-10-06,39.459999084472656
2011-10-07,38.84000015258789
2011-10-10,39.17499923706055
2011-10-11,39.185001373291016
2011-10-12,39.279998779296875
2011-10-13,39.45000076293945
2011-10-14,40.0
2011-10-17,39.61000061035156
2011-10-18,39.459999084472656
2011-10-19,39.70000076293945
2011-10-20,39.625
2011-10-21,40.0
2011-10-24,40.23500061035156
2011-10-25,39.650001525878906
2011-10-26,39.38499069213867
2011-10-27,40.21500015258789
2011-10-28,39.935001373291016
2011-10-31,40.21500015258789
2011-11-01,40.0
2011-11-02,39.48500061035156
2011-11-03,39.900001525878906
2011-11-04,39.494998931884766
2011-11-07,39.8650016784668
2011-11-08,40.88999938964844
2011-11-09,41.54999923706055
2011-11-10,41.939998626708984
2011-11-11,43.04999923706055
2011-11-14,42.33000183105469
2011-11-15,42.22999954223633
2011-11-16,42.77000045776367
2011-11-17,42.40999984741211
2011-11-18,42.83000183105469
2011-11-21,42.154998779296875
2011-11-22,42.755001068115234
2011-11-23,42.70000076293945
2011-11-24,42.45000076293945
2011-11-25,42.70500183105469
2011-11-28,43.80500030517578
2011-11-29,44.0
2011-11-30,44.29999923706055
2011-12-01,44.3650016784668
2011-12-02,44.5099983215332
2011-12-05,44.900001525878906
2011-12-06,44.369998931884766
2011-12-07,44.720001220703125
2011-12-08,44.6150016784668
2011-12-09,44.20500183105469
2011-12-12,44.09000015258789
2011-12-13,44.525001525878906
2011-12-14,44.2599983215332
2011-12-15,44.599998474121094
2011-12-16,43.994998931884766
2011-12-19,45.154998779296875
2011-12-20,45.25
2011-12-21,45.165000915527344
2011-12-22,45.45500183105469
2011-12-23,45.96500015258789
2011-12-27,46.57500076293945
2011-12-28,46.61000061035156
2011-12-29,47.20000076293945
2011-12-30,47.30500030517578
2012-01-02,48.31999969482422
2012-01-03,47.189998626708984
2012-01-04,46.349998474121094
2012-01-05,47.0
2012-01-06,46.41999816894531
2012-01-09,47.494998931884766
2012-01-10,47.93000030517578
2012-01-11,47.595001220703125
2012-01-12,47.72499084472656
2012-01-13,46.88499069213867
2012-01-16,47.88499069213867
2012-01-17,47.939998626708984
2012-01-18,48.14500045776367
2012-01-19,48.09000015258789
2012-01-20,47.89500045776367
2012-01-23,47.400001525878906
2012-01-24,46.900001525878906
2012-01-25,47.20000076293945
2012-01-26,47.275001525878906
2012-01-27,46.599998474121094
2012-01-30,46.599998474121094
2012-01-31,46.35499954223633
2012-02-01,47.05500030517578
2012-02-02,47.57500076293945
2012-02-03,48.935001373291016
2012-02-06,48.849998474121094
2012-02-07,48.95000076293945
2012-02-08,48.7599983215332
2012-02-09,48.755001068115234
2012-02-10,48.540000915527344
2012-02-13,49.130001068115234
2012-02-14,49.25
2012-02-15,49.44499969482422
2012-02-16,49.810001373291016
2012-02-17,49.75
2012-02-20,49.75
2012-02-21,49.599998474121094
2012-02-22,49.61000061035156
2012-02-23,49.540000915527344
2012-02-24,49.22999954223633
2012-02-27,49.3650016784668
2012-02-28,49.75
2012-02-29,50.41999816894531
2012-03-01,51.209999084472656
2012-03-02,50.619998931884766
2012-03-05,50.95000076293945
2012-03-06,50.20000076293945
2012-03-07,50.900001525878906
2012-03-08,52.75
2012-03-09,53.11000061035156
2012-03-12,53.810001373291016
2012-03-13,54.33000183105469
2012-03-14,54.79999923706055
2012-03-15,54.4900016784668
2012-03-16,54.779998779296875
2012-03-19,54.779998779296875
2012-03-20,54.599998474121094
2012-03-21,55.0
2012-03-22,54.779998779296875
2012-03-23,54.41999816894531
2012-03-26,54.75
2012-03-27,54.720001220703125
2012-03-28,54.29999923706055
2012-03-30,54.779998779296875
2012-04-02,55.08000183105469
2012-04-03,55.43000030517578
2012-04-04,54.09000015258789
2012-04-05,53.7599983215332
2012-04-10,53.720001220703125
2012-04-11,54.25
2012-04-12,54.70000076293945
2012-04-13,54.119998931884766
2012-04-16,55.0
2012-04-17,55.310001373291016
2012-04-18,56.029998779296875
2012-04-19,55.5
2012-04-20,55.20000076293945
2012-04-23,54.459999084472656
2012-04-24,55.220001220703125
2012-04-25,55.5
2012-04-26,55.95000076293945
2012-04-27,55.099998474121094
2012-04-30,54.45000076293945
2012-05-02,55.5
2012-05-03,56.75
2012-05-04,55.93000030517578
2012-05-07,57.439998626708984
2012-05-08,55.900001525878906
2012-05-09,55.529998779296875
2012-05-10,55.45000076293945
2012-05-11,56.04999923706055
2012-05-14,55.470001220703125
2012-05-15,55.209999084472656
2012-05-16,55.0
2012-05-17,55.02000045776367
2012-05-18,53.38999938964844
2012-05-21,53.33000183105469
2012-05-22,54.0
2012-05-23,53.220001220703125
2012-05-24,54.45000076293945
2012-05-25,54.68000030517578
2012-05-28,53.849998474121094
2012-05-29,55.060001373291016
2012-05-30,54.599998474121094
2012-05-31,54.75
2012-06-01,53.0
2012-06-04,52.77000045776367
2012-06-05,52.93000030517578
2012-06-06,53.84000015258789
2012-06-07,53.560001373291016
2012-06-08,54.38999938964844
2012-06-11,54.27000045776367
2012-06-12,55.09000015258789
2012-06-13,55.90999984741211
2012-06-14,56.47999954223633
2012-06-15,56.18000030517578
2012-06-18,56.11000061035156
2012-06-19,56.43000030517578
2012-06-20,55.209999084472656
2012-06-21,55.849998474121094
2012-06-22,55.630001068115234
2012-06-25,56.75
2012-06-26,57.83000183105469
2012-06-27,58.52000045776367
2012-06-28,59.0099983215332
2012-06-29,61.29999923706055
2012-07-02,62.790000915527344
2012-07-03,62.880001068115234
2012-07-04,62.97999954223633
2012-07-05,62.939998626708984
2012-07-06,62.849998474121094
2012-07-09,62.52000045776367
2012-07-10,64.0
2012-07-11,63.04999923706055
2012-07-12,63.0
2012-07-13,63.0
2012-07-16,63.040000915527344
2012-07-17,62.939998626708984
2012-07-18,63.47999954223633
2012-07-19,64.87000274658203
2012-07-20,63.900001525878906
2012-07-23,63.060001373291016
2012-07-24,63.33000183105469
2012-07-25,63.11000061035156
2012-07-26,65.19000244140625
2012-07-27,65.44999694824219
2012-07-30,66.27999877929688
2012-07-31,64.16999816894531
2012-08-01,65.63999938964844
2012-08-02,65.26000213623047
2012-08-03,66.38999938964844
2012-08-06,66.0
2012-08-07,66.79399871826172
2012-08-08,66.5999984741211
2012-08-09,66.44000244140625
2012-08-10,65.8499984741211
2012-08-13,65.41999816894531
2012-08-14,65.54000091552734
2012-08-15,65.91999816894531
2012-08-16,65.69000244140625
2012-08-17,65.80999755859375
2012-08-20,66.16000366210938
2012-08-21,65.66999816894531
2012-08-22,65.05000305175781
2012-08-23,64.16999816894531
2012-08-24,65.4000015258789
2012-08-27,66.0
2012-08-28,66.55999755859375
2012-08-29,66.72000122070312
2012-08-30,66.5
2012-08-31,66.77999877929688
2012-09-03,68.72000122070312
2012-09-04,68.16000366210938
2012-09-05,68.43000030517578
2012-09-06,69.94000244140625
2012-09-07,68.08999633789062
2012-09-10,66.18000030517578
2012-09-11,66.55000305175781
2012-09-12,65.30000305175781
2012-09-13,65.22000122070312
2012-09-14,65.0199966430664
2012-09-17,65.05000305175781
2012-09-18,65.83000183105469
2012-09-19,66.33000183105469
2012-09-20,67.04000091552734
2012-09-21,67.1500015258789
2012-09-24,67.01000213623047
2012-09-25,67.5
2012-09-26,67.73999786376953
2012-09-27,66.80000305175781
2012-09-28,66.16999816894531
2012-10-01,66.80000305175781
2012-10-02,68.01000213623047
2012-10-03,68.31999969482422
2012-10-04,68.12999725341797
2012-10-05,69.41999816894531
2012-10-08,68.9800033569336
2012-10-09,68.11000061035156
2012-10-10,67.30999755859375
2012-10-11,67.29000091552734
2012-10-12,67.12999725341797
2012-10-15,67.0999984741211
2012-10-16,67.80000305175781
2012-10-17,67.4800033569336
2012-10-18,66.29000091552734
2012-10-19,65.98999786376953
2012-10-22,65.9000015258789
2012-10-23,66.0
2012-10-24,66.25
2012-10-25,65.81999969482422
2012-10-26,65.94000244140625
2012-10-29,66.0
2012-10-30,66.27999877929688
2012-10-31,64.51000213623047
2012-11-01,64.2699966430664
2012-11-02,65.01000213623047
2012-11-05,64.30000305175781
2012-11-06,65.13999938964844
2012-11-07,64.26000213623047
2012-11-08,64.3499984741211
2012-11-09,65.2300033569336
2012-11-12,65.20999908447266
2012-11-13,66.36000061035156
2012-11-14,65.04000091552734
2012-11-15,64.83000183105469
2012-11-16,64.5999984741211
2012-11-19,66.33999633789062
2012-11-20,67.11000061035156
2012-11-21,66.2699966430664
2012-11-22,67.0
2012-11-23,66.88999938964844
2012-11-26,66.9000015258789
2012-11-27,66.54000091552734
2012-11-28,66.12000274658203
2012-11-29,66.55999755859375
2012-11-30,67.38999938964844
2012-12-03,68.08999633789062
2012-12-04,67.66000366210938
2012-12-05,66.81999969482422
2012-12-06,67.19999694824219
2012-12-07,67.58999633789062
2012-12-10,68.05999755859375
2012-12-11,68.44999694824219
2012-12-12,67.27999877929688
2012-12-13,66.87999725341797
2012-12-14,67.13999938964844
2012-12-17,66.13999938964844
2012-12-18,66.48999786376953
2012-12-19,67.04000091552734
2012-12-20,67.05999755859375
2012-12-21,66.47000122070312
2012-12-24,66.0999984741211
2012-12-27,66.4000015258789
2012-12-28,65.76000213623047
2013-01-02,67.3499984741211
2013-01-03,66.54000091552734
2013-01-04,67.62000274658203
2013-01-07,66.93000030517578
2013-01-08,65.9000015258789
2013-01-09,64.66000366210938
2013-01-10,65.05000305175781
2013-01-11,65.66000366210938
2013-01-14,65.23999786376953
2013-01-15,66.6500015258789
2013-01-16,67.23999786376953
2013-01-17,66.33999633789062
2013-01-18,67.19000244140625
2013-01-21,67.08999633789062
2013-01-22,67.93000030517578
2013-01-23,67.66999816894531
2013-01-24,67.5999984741211
2013-01-25,68.08999633789062
2013-01-28,68.2699966430664
2013-01-29,69.18000030517578
2013-01-30,69.30000305175781
2013-01-31,63.900001525878906
2013-02-01,66.56999969482422
2013-02-04,65.26000213623047
2013-02-05,65.06999969482422
2013-02-06,64.37000274658203
2013-02-07,64.52999877929688
2013-02-08,64.12999725341797
2013-02-11,63.9900016784668
2013-02-12,65.08999633789062
2013-02-13,65.69000244140625
2013-02-14,69.58999633789062
2013-02-15,69.69000244140625
2013-02-18,68.5
2013-02-19,69.19999694824219
2013-02-20,69.83999633789062
2013-02-21,69.30000305175781
2013-02-22,70.48999786376953
2013-02-25,70.5
2013-02-26,69.7699966430664
2013-02-27,70.6500015258789
2013-02-28,71.76000213623047
2013-03-01,72.2300033569336
2013-03-04,71.98999786376953
2013-03-05,72.5
2013-03-06,72.48999786376953
2013-03-07,72.75
2013-03-08,74.1500015258789
2013-03-11,74.36000061035156
2013-03-12,73.58999633789062
2013-03-13,73.63999938964844
2013-03-14,74.23999786376953
2013-03-15,73.05000305175781
2013-03-18,74.27999877929688
2013-03-19,73.62000274658203
2013-03-20,74.1500015258789
2013-03-21,74.05999755859375
2013-03-22,74.9800033569336
2013-03-25,75.43000030517578
2013-03-26,76.4800033569336
2013-03-27,76.05999755859375
2013-03-28,77.25
2013-04-02,78.66000366210938
2013-04-03,77.5199966430664
2013-04-04,76.51000213623047
2013-04-05,75.1500015258789
2013-04-08,76.30999755859375
2013-04-09,75.44999694824219
2013-04-10,77.5999984741211
2013-04-11,77.0
2013-04-12,76.12999725341797
2013-04-15,75.87999725341797
2013-04-16,75.16999816894531
2013-04-17,74.31999969482422
2013-04-18,74.4800033569336
2013-04-19,75.5999984741211
2013-04-22,76.0
2013-04-23,77.0199966430664
2013-04-24,76.54000091552734
2013-04-25,75.69999694824219
2013-04-26,71.9000015258789
2013-04-29,73.0999984741211
2013-04-30,72.25
2013-05-02,72.8499984741211
2013-05-03,73.0999984741211
2013-05-06,73.38999938964844
2013-05-07,73.37999725341797
2013-05-08,74.27999877929688
2013-05-09,73.87999725341797
2013-05-10,74.45999908447266
2013-05-13,74.94999694824219
2013-05-14,75.81999969482422
2013-05-15,75.88999938964844
2013-05-16,75.41000366210938
2013-05-17,75.0
2013-05-20,74.5
2013-05-21,74.33999633789062
2013-05-22,74.27999877929688
2013-05-23,73.44999694824219
2013-05-24,73.86000061035156
2013-05-27,74.48999786376953
2013-05-28,74.77999877929688
2013-05-29,72.66999816894531
2013-05-30,72.3499984741211
2013-05-31,71.12999725341797
2013-06-03,70.11000061035156
2013-06-04,70.63999938964844
2013-06-05,69.05000305175781
2013-06-06,69.69999694824219
2013-06-07,71.58999633789062
2013-06-10,71.06999969482422
2013-06-11,70.12000274658203
2013-06-12,69.80000305175781
2013-06-13,69.66000366210938
2013-06-14,70.55999755859375
2013-06-17,71.05000305175781
2013-06-18,70.0199966430664
2013-06-19,69.70999908447266
2013-06-20,66.31999969482422
2013-06-21,66.41999816894531
2013-06-24,65.05000305175781
2013-06-25,66.56999969482422
2013-06-26,68.41999816894531
2013-06-27,69.33999633789062
2013-06-28,68.38999938964844
2013-07-01,69.18000030517578
2013-07-02,68.83000183105469
2013-07-03,66.9000015258789
2013-07-04,69.9000015258789
2013-07-05,67.95999908447266
2013-07-08,69.56999969482422
2013-07-09,70.37999725341797
2013-07-10,70.66999816894531
2013-07-11,71.37000274658203
2013-07-12,70.13999938964844
2013-07-15,70.41000366210938
2013-07-16,69.19000244140625
2013-07-17,69.13999938964844
2013-07-18,68.5199966430664
2013-07-19,68.1500015258789
2013-07-22,67.9000015258789
2013-07-23,66.87000274658203
2013-07-24,67.55999755859375
2013-07-25,66.55000305175781
2013-07-26,66.80000305175781
2013-07-29,67.04000091552734
2013-07-30,67.69999694824219
2013-07-31,72.37999725341797
2013-08-01,73.7699966430664
2013-08-02,74.04000091552734
2013-08-05,74.16000366210938
2013-08-06,74.05000305175781
2013-08-07,74.16999816894531
2013-08-08,74.93000030517578
2013-08-09,74.69000244140625
2013-08-12,75.05999755859375
2013-08-13,75.5199966430664
2013-08-14,74.87000274658203
2013-08-15,73.9800033569336
2013-08-16,73.98999786376953
2013-08-19,73.0999984741211
2013-08-20,72.23999786376953
2013-08-21,72.2300033569336
2013-08-22,72.0
2013-08-23,72.52999877929688
2013-08-26,72.4000015258789
2013-08-27,71.1500015258789
2013-08-28,70.2699966430664
2013-08-29,71.02999877929688
2013-08-30,70.37999725341797
2013-09-02,72.18000030517578
2013-09-03,71.86000061035156
2013-09-04,72.08000183105469
2013-09-05,72.22000122070312
2013-09-06,73.19999694824219
2013-09-09,71.9000015258789
2013-09-10,72.7699966430664
2013-09-11,73.0
2013-09-12,72.69999694824219
2013-09-13,74.0
2013-09-16,74.55000305175781
2013-09-17,74.56999969482422
2013-09-18,75.12000274658203
2013-09-19,76.33999633789062
2013-09-20,74.5999984741211
2013-09-23,73.94999694824219
2013-09-24,73.4800033569336
2013-09-25,73.61000061035156
2013-09-26,74.25
2013-09-27,73.80000305175781
2013-09-30,73.58000183105469
2013-10-01,72.77999877929688
2013-10-02,72.05999755859375
2013-10-03,71.98999786376953
2013-10-04,72.5999984741211
2013-10-07,71.95999908447266
2013-10-08,71.05000305175781
2013-10-09,70.9000015258789
2013-10-10,71.9000015258789
2013-10-11,72.1500015258789
2013-10-14,72.23999786376953
2013-10-15,73.08999633789062
2013-10-16,73.08999633789062
2013-10-17,73.75
2013-10-18,74.9800033569336
2013-10-21,74.94000244140625
2013-10-22,75.80000305175781
2013-10-23,74.80000305175781
2013-10-24,74.83999633789062
2013-10-25,75.69999694824219
2013-10-28,75.55000305175781
2013-10-29,75.68000030517578
2013-10-30,74.55000305175781
2013-10-31,76.5999984741211
2013-11-01,75.58999633789062
2013-11-04,75.79000091552734
2013-11-05,75.7699966430664
2013-11-06,76.76000213623047
2013-11-07,76.5
2013-11-08,75.9000015258789
2013-11-11,77.9000015258789
2013-11-12,77.44999694824219
2013-11-13,76.86000061035156
2013-11-14,77.8499984741211
2013-11-15,77.75
2013-11-18,77.6500015258789
2013-11-19,77.26000213623047
2013-11-20,77.33999633789062
2013-11-21,76.62999725341797
2013-11-22,75.98999786376953
2013-11-25,76.87000274658203
2013-11-26,75.58000183105469
2013-11-27,75.80000305175781
2013-11-28,75.20999908447266
2013-11-29,75.1500015258789
2013-12-02,75.1500015258789
2013-12-03,74.4800033569336
2013-12-04,74.16000366210938
2013-12-05,73.54000091552734
2013-12-06,74.69999694824219
2013-12-09,74.41999816894531
2013-12-10,74.05000305175781
2013-12-11,73.66000366210938
2013-12-12,72.97000122070312
2013-12-13,72.55999755859375
2013-12-16,74.31999969482422
2013-12-17,73.61000061035156
2013-12-18,74.48999786376953
2013-12-19,75.66000366210938
2013-12-20,75.9800033569336
2013-12-23,75.93000030517578
2013-12-24,76.01000213623047
2013-12-27,77.37999725341797
2013-12-30,76.80000305175781
2013-12-31,77.26000213623047
2014-01-02,75.61000061035156
2014-01-03,76.45999908447266
2014-01-06,75.08999633789062
2014-01-07,76.5999984741211
2014-01-08,76.97000122070312
2014-01-09,77.19999694824219
2014-01-10,76.6500015258789
2014-01-13,76.08999633789062
2014-01-14,75.30000305175781
2014-01-15,75.56999969482422
2014-01-16,75.87999725341797
2014-01-17,75.16000366210938
2014-01-20,76.12000274658203
2014-01-21,76.37999725341797
2014-01-22,76.51000213623047
2014-01-23,75.16999816894531
2014-01-24,72.30000305175781
2014-01-27,72.08000183105469
2014-01-28,72.18000030517578
2014-01-29,71.58000183105469
2014-01-30,70.97000122070312
2014-01-31,71.05000305175781
2014-02-03,69.91999816894531
2014-02-04,69.69000244140625
2014-02-05,69.55000305175781
2014-02-06,70.48999786376953
2014-02-07,71.3499984741211
2014-02-10,71.37000274658203
2014-02-11,72.83000183105469
2014-02-12,73.58000183105469
2014-02-13,73.19999694824219
2014-02-14,73.91999816894531
2014-02-17,74.2699966430664
2014-02-18,73.80000305175781
2014-02-19,74.04000091552734
2014-02-20,74.02999877929688
2014-02-21,74.06999969482422
2014-02-24,74.66000366210938
2014-02-25,74.2699966430664
2014-02-26,76.33999633789062
2014-02-27,75.81999969482422
2014-02-28,75.94999694824219
2014-03-03,74.08999633789062
2014-03-04,75.70999908447266
2014-03-05,75.0
2014-03-06,75.23999786376953
2014-03-07,74.19999694824219
2014-03-10,74.30000305175781
2014-03-11,74.4000015258789
2014-03-12,73.33000183105469
2014-03-13,72.79000091552734
2014-03-14,72.16000366210938
2014-03-17,72.30000305175781
2014-03-18,72.91999816894531
2014-03-19,72.44999694824219
2014-03-20,72.87000274658203
2014-03-21,74.12000274658203
2014-03-24,73.55000305175781
2014-03-25,74.37000274658203
2014-03-26,75.27999877929688
2014-03-27,75.94999694824219
2014-03-28,77.38999938964844
2014-03-31,76.0999984741211
2014-04-01,77.2699966430664
2014-04-02,77.68000030517578
2014-04-03,77.93000030517578
2014-04-04,78.26000213623047
2014-04-07,77.13999938964844
2014-04-08,77.06999969482422
2014-04-09,77.4000015258789
2014-04-10,77.04000091552734
2014-04-11,76.16000366210938
2014-04-14,77.87000274658203
2014-04-15,77.58000183105469
2014-04-16,78.94999694824219
2014-04-17,78.5199966430664
2014-04-22,79.27999877929688
2014-04-23,78.41000366210938
2014-04-24,78.93000030517578
2014-04-25,78.4000015258789
2014-04-28,79.73999786376953
2014-04-29,80.83000183105469
2014-04-30,78.44000244140625
2014-05-02,77.72000122070312
2014-05-05,77.22000122070312
2014-05-06,76.61000061035156
2014-05-07,77.63999938964844
2014-05-08,79.3499984741211
2014-05-09,78.97000122070312
2014-05-12,79.94000244140625
2014-05-13,79.87999725341797
2014-05-14,79.87000274658203
2014-05-15,79.22000122070312
2014-05-16,80.38999938964844
2014-05-19,80.11000061035156
2014-05-20,80.43000030517578
2014-05-21,80.77999877929688
2014-05-22,81.12999725341797
2014-05-23,80.83000183105469
2014-05-26,81.6500015258789
2014-05-27,81.2300033569336
2014-05-28,80.91999816894531
2014-05-29,80.62999725341797
2014-05-30,80.51000213623047
2014-06-02,80.5999984741211
2014-06-03,80.58999633789062
2014-06-04,80.70999908447266
2014-06-05,80.86000061035156
2014-06-06,81.05999755859375
2014-06-09,81.41999816894531
2014-06-10,83.33000183105469
2014-06-11,83.29000091552734
2014-06-12,82.86000061035156
2014-06-13,82.22000122070312
2014-06-16,81.83999633789062
2014-06-17,82.66999816894531
2014-06-18,82.62999725341797
2014-06-19,84.04000091552734
2014-06-20,85.12999725341797
2014-06-23,84.55000305175781
2014-06-24,84.56999969482422
2014-06-25,84.29000091552734
2014-06-26,83.70999908447266
2014-06-27,83.70999908447266
2014-06-30,83.9000015258789
2014-07-01,84.23999786376953
2014-07-02,83.83000183105469
2014-07-03,84.94999694824219
2014-07-04,84.56999969482422
2014-07-07,84.37000274658203
2014-07-08,84.0199966430664
2014-07-09,84.30999755859375
2014-07-10,83.3499984741211
2014-07-11,82.83999633789062
2014-07-14,83.37999725341797
2014-07-15,82.94000244140625
2014-07-16,83.51000213623047
2014-07-17,82.38999938964844
2014-07-18,83.08000183105469
2014-07-21,82.4000015258789
2014-07-22,83.83999633789062
2014-07-23,83.69000244140625
2014-07-24,83.66999816894531
2014-07-25,82.52999877929688
2014-07-28,81.62999725341797
2014-07-29,82.04000091552734
2014-07-30,81.69999694824219
2014-07-31,80.9800033569336
2014-08-01,79.62999725341797
2014-08-04,80.05000305175781
2014-08-05,80.69999694824219
2014-08-06,80.5999984741211
2014-08-07,79.86000061035156
2014-08-08,79.26000213623047
2014-08-11,81.0
2014-08-12,80.69999694824219
2014-08-13,81.02999877929688
2014-08-14,81.47000122070312
2014-08-15,81.83000183105469
2014-08-18,82.93000030517578
2014-08-19,83.45999908447266
2014-08-20,83.29000091552734
2014-08-21,83.73999786376953
2014-08-22,83.47000122070312
2014-08-25,84.94000244140625
2014-08-26,85.26000213623047
2014-08-27,85.01000213623047
2014-08-28,84.30000305175781
2014-08-29,84.55000305175781
2014-09-01,84.94999694824219
2014-09-02,84.94999694824219
2014-09-03,85.3499984741211
2014-09-04,87.80000305175781
2014-09-05,87.12000274658203
2014-09-08,86.3499984741211
2014-09-09,86.33999633789062
2014-09-10,86.37000274658203
2014-09-11,86.48999786376953
2014-09-12,85.76000213623047
2014-09-15,88.18000030517578
2014-09-16,87.87000274658203
2014-09-17,87.81999969482422
2014-09-18,88.79000091552734
2014-09-19,89.1500015258789
2014-09-22,88.9000015258789
2014-09-23,88.2300033569336
2014-09-24,89.0
2014-09-25,88.29000091552734
2014-09-26,87.93000030517578
2014-09-29,87.27999877929688
2014-09-30,88.12000274658203
2014-10-01,85.94000244140625
2014-10-02,84.11000061035156
2014-10-03,85.11000061035156
2014-10-06,85.9000015258789
2014-10-07,83.97000122070312
2014-10-08,83.37000274658203
2014-10-09,83.56999969482422
2014-10-10,83.87000274658203
2014-10-13,83.88999938964844
2014-10-14,84.36000061035156
2014-10-15,81.41999816894531
2014-10-16,81.62999725341797
2014-10-17,83.37999725341797
2014-10-20,83.4800033569336
2014-10-21,85.16000366210938
2014-10-22,85.08999633789062
2014-10-23,85.66000366210938
2014-10-24,85.3499984741211
2014-10-27,84.81999969482422
2014-10-28,86.29000091552734
2014-10-29,86.97000122070312
2014-10-30,87.16000366210938
2014-10-31,88.11000061035156
2014-11-03,87.77999877929688
2014-11-04,86.4000015258789
2014-11-05,87.88999938964844
2014-11-06,88.41000366210938
2014-11-07,87.93000030517578
2014-11-10,89.05999755859375
2014-11-11,89.70999908447266
2014-11-12,87.79000091552734
2014-11-13,88.83000183105469
2014-11-14,88.38999938964844
2014-11-17,89.0
2014-11-18,89.2300033569336
2014-11-19,89.70999908447266
2014-11-20,90.19999694824219
2014-11-21,92.73999786376953
2014-11-24,92.9000015258789
2014-11-25,92.44000244140625
2014-11-26,92.13999938964844
2014-11-27,93.30000305175781
2014-11-28,94.45999908447266
2014-12-01,93.33999633789062
2014-12-02,92.6500015258789
2014-12-03,92.54000091552734
2014-12-04,91.5
2014-12-05,94.25
2014-12-08,93.58000183105469
2014-12-09,91.12000274658203
2014-12-10,91.70999908447266
2014-12-11,91.41000366210938
2014-12-12,88.70999908447266
2014-12-15,87.94000244140625
2014-12-16,88.52999877929688
2014-12-17,88.55999755859375
2014-12-18,92.83999633789062
2014-12-19,93.56999969482422
2014-12-22,93.62000274658203
2014-12-23,94.79000091552734
2014-12-24,94.26000213623047
2014-12-29,94.80000305175781
2014-12-30,92.68000030517578
2014-12-31,93.86000061035156
2015-01-02,92.6500015258789
2015-01-05,90.58000183105469
2015-01-06,89.68000030517578
2015-01-07,91.86000061035156
2015-01-08,96.41000366210938
2015-01-09,94.56999969482422
2015-01-12,96.20999908447266
2015-01-13,97.44000244140625
2015-01-14,96.06999969482422
2015-01-15,99.0
2015-01-16,100.75
2015-01-19,101.0999984741211
2015-01-20,100.6500015258789
2015-01-21,102.0999984741211
2015-01-22,103.6500015258789
2015-01-23,107.0999984741211
2015-01-26,107.0999984741211
2015-01-27,106.0999984741211
2015-01-28,107.3499984741211
2015-01-29,108.3499984741211
2015-01-30,108.0999984741211
2015-02-02,108.0999984741211
2015-02-03,108.8499984741211
2015-02-04,109.25
2015-02-05,108.75
2015-02-06,107.4000015258789
2015-02-09,106.1500015258789
2015-02-10,107.19999694824219
2015-02-11,107.5999984741211
2015-02-12,107.8499984741211
2015-02-13,106.4000015258789
2015-02-16,106.1500015258789
2015-02-17,107.75
2015-02-18,106.9000015258789
2015-02-19,108.5
2015-02-20,107.94999694824219
2015-02-23,110.19999694824219
2015-02-24,111.05000305175781
2015-02-25,110.19999694824219
2015-02-26,113.5999984741211
2015-02-27,113.69999694824219
2015-03-02,113.80000305175781
2015-03-03,112.8499984741211
2015-03-04,114.3499984741211
2015-03-05,115.8499984741211
2015-03-06,115.69999694824219
2015-03-09,114.5
2015-03-10,111.5
2015-03-11,115.5
2015-03-12,114.94999694824219
2015-03-13,115.0999984741211
2015-03-16,115.30000305175781
2015-03-17,114.30000305175781
2015-03-18,113.80000305175781
2015-03-19,114.0999984741211
2015-03-20,113.8499984741211
2015-03-23,113.44999694824219
2015-03-24,112.6500015258789
2015-03-25,111.69999694824219
2015-03-26,111.55000305175781
2015-03-27,112.0
2015-03-30,114.44999694824219
2015-03-31,113.80000305175781
2015-04-01,114.5
2015-04-02,115.69999694824219
2015-04-07,117.30000305175781
2015-04-08,115.80000305175781
2015-04-09,117.5
2015-04-10,118.05000305175781
2015-04-13,118.5
2015-04-14,117.5
2015-04-15,117.19999694824219
2015-04-16,115.5999984741211
2015-04-17,114.25
2015-04-20,114.6500015258789
2015-04-21,114.75
2015-04-22,113.9000015258789
2015-04-23,113.0999984741211
2015-04-24,113.5999984741211
2015-04-27,115.4000015258789
2015-04-28,113.0999984741211
2015-04-29,108.80000305175781
2015-04-30,108.9000015258789
2015-05-04,106.5
2015-05-05,104.80000305175781
2015-05-06,105.94999694824219
2015-05-07,106.25
2015-05-08,109.5999984741211
2015-05-11,109.44999694824219
2015-05-12,107.44999694824219
2015-05-13,106.3499984741211
2015-05-14,108.0
2015-05-15,107.44999694824219
2015-05-18,108.05000305175781
2015-05-19,111.19999694824219
2015-05-20,111.5
2015-05-21,111.75
2015-05-22,111.3499984741211
2015-05-25,111.44999694824219
2015-05-26,110.55000305175781
2015-05-27,112.30000305175781
2015-05-28,112.25
2015-05-29,109.44999694824219
2015-06-01,109.44999694824219
2015-06-02,108.8499984741211
2015-06-03,109.19999694824219
2015-06-04,107.9000015258789
2015-06-05,107.1500015258789
2015-06-08,107.69999694824219
2015-06-09,107.19999694824219
2015-06-10,108.5
2015-06-11,109.55000305175781
2015-06-12,108.05000305175781
2015-06-15,106.94999694824219
2015-06-16,107.9000015258789
2015-06-17,107.44999694824219
2015-06-18,107.1500015258789
2015-06-19,108.4000015258789
2015-06-22,110.75
2015-06-23,112.55000305175781
2015-06-24,113.5
2015-06-25,112.8499984741211
2015-06-26,112.5999984741211
2015-06-29,109.1500015258789
2015-06-30,107.5
2015-07-01,110.55000305175781
2015-07-02,109.55000305175781
2015-07-03,108.25
2015-07-06,106.8499984741211
2015-07-07,106.0999984741211
2015-07-08,107.5999984741211
2015-07-09,110.3499984741211
2015-07-10,113.3499984741211
2015-07-13,115.05000305175781
2015-07-14,115.30000305175781
2015-07-15,116.3499984741211
2015-07-16,118.0999984741211
2015-07-17,118.30000305175781
2015-07-20,118.80000305175781
2015-07-21,116.8499984741211
2015-07-22,116.80000305175781
2015-07-23,115.75
2015-07-24,114.1500015258789
2015-07-27,110.69999694824219
2015-07-28,112.30000305175781
2015-07-29,113.44999694824219
2015-07-30,109.1500015258789
2015-07-31,108.3499984741211
2015-08-03,110.9000015258789
2015-08-04,109.55000305175781
2015-08-05,111.80000305175781
2015-08-06,111.6500015258789
2015-08-07,110.19999694824219
2015-08-10,111.0999984741211
2015-08-11,109.1500015258789
2015-08-12,105.5999984741211
2015-08-13,106.69999694824219
2015-08-14,104.94999694824219
2015-08-17,104.25
2015-08-18,105.1500015258789
2015-08-19,103.55000305175781
2015-08-20,100.19999694824219
2015-08-21,96.47000122070312
2015-08-24,91.27999877929688
2015-08-25,95.11000061035156
2015-08-26,93.80000305175781
2015-08-27,96.98999786376953
2015-08-28,97.79000091552734
2015-08-31,97.45999908447266
2015-09-01,94.79000091552734
2015-09-02,95.83000183105469
2015-09-03,97.2300033569336
2015-09-04,95.38999938964844
2015-09-07,95.70999908447266
2015-09-08,95.61000061035156
2015-09-09,97.87000274658203
2015-09-10,95.5999984741211
2015-09-11,94.47000122070312
2015-09-14,94.19000244140625
2015-09-15,94.44999694824219
2015-09-16,100.5
2015-09-17,100.6500015258789
2015-09-18,98.30000305175781
2015-09-21,98.61000061035156
2015-09-22,95.80000305175781
2015-09-23,96.91000366210938
2015-09-24,94.5
2015-09-25,97.22000122070312
2015-09-28,96.23999786376953
2015-09-29,93.55000305175781
2015-09-30,94.91999816894531
2015-10-01,94.29000091552734
2015-10-02,95.72000122070312
2015-10-05,98.37999725341797
2015-10-06,98.05999755859375
2015-10-07,98.6500015258789
2015-10-08,97.5
2015-10-09,98.30000305175781
2015-10-12,98.3499984741211
2015-10-13,100.0
2015-10-14,100.6500015258789
2015-10-15,101.1500015258789
2015-10-16,101.4000015258789
2015-10-19,102.44999694824219
2015-10-20,102.4000015258789
2015-10-21,101.25
2015-10-22,104.5
2015-10-23,107.1500015258789
2015-10-26,106.55000305175781
2015-10-27,106.1500015258789
2015-10-28,107.5999984741211
2015-10-29,107.44999694824219
2015-10-30,108.69999694824219
2015-11-02,108.6500015258789
2015-11-03,108.55000305175781
2015-11-04,109.5
2015-11-05,110.19999694824219
2015-11-06,111.8499984741211
2015-11-09,110.94999694824219
2015-11-10,111.19999694824219
2015-11-11,113.5999984741211
2015-11-12,112.4000015258789
2015-11-13,112.25
2015-11-16,114.0
2015-11-17,117.8499984741211
2015-11-18,117.75
2015-11-19,116.3499984741211
2015-11-20,118.0999984741211
2015-11-23,119.05000305175781
2015-11-24,120.0
2015-11-25,121.69999694824219
2015-11-26,123.25
2015-11-27,122.6500015258789
2015-11-30,121.94999694824219
2015-12-01,120.8499984741211
2015-12-02,121.44999694824219
2015-12-03,117.0999984741211
2015-12-04,116.4000015258789
2015-12-07,118.9000015258789
2015-12-08,117.25
2015-12-09,116.3499984741211
2015-12-10,116.05000305175781
2015-12-11,112.4000015258789
2015-12-14,110.4000015258789
2015-12-15,112.4000015258789
2015-12-16,113.0999984741211
2015-12-17,116.0999984741211
2015-12-18,114.75
2015-12-21,113.0
2015-12-22,112.5
2015-12-23,114.94999694824219
2015-12-24,114.94999694824219
2015-12-28,114.5999984741211
2015-12-29,116.69999694824219
2015-12-30,115.80000305175781
2016-01-04,112.44999694824219
2016-01-05,114.0
2016-01-06,112.5
2016-01-07,110.5999984741211
2016-01-08,107.55000305175781
2016-01-11,109.69999694824219
2016-01-12,108.9000015258789
2016-01-13,109.3499984741211
2016-01-14,106.25
2016-01-15,106.5
2016-01-18,107.44999694824219
2016-01-19,109.8499984741211
2016-01-20,105.30000305175781
2016-01-21,107.5
2016-01-22,111.44999694824219
2016-01-25,112.55000305175781
2016-01-26,112.94999694824219
2016-01-27,114.0
2016-01-28,112.0
2016-01-29,115.8499984741211
2016-02-01,116.1500015258789
2016-02-02,115.75
2016-02-03,112.30000305175781
2016-02-04,109.9000015258789
2016-02-05,107.30000305175781
2016-02-08,102.94999694824219
2016-02-09,103.19999694824219
2016-02-10,104.0
2016-02-11,100.5999984741211
2016-02-12,102.30000305175781
2016-02-15,105.0
2016-02-16,104.4000015258789
2016-02-17,105.94999694824219
2016-02-18,105.5
2016-02-19,104.80000305175781
2016-02-22,106.30000305175781
2016-02-23,105.94999694824219
2016-02-24,103.75
2016-02-25,102.0
2016-02-26,102.0999984741211
2016-02-29,103.5999984741211
2016-03-01,104.5999984741211
2016-03-02,104.30000305175781
2016-03-03,103.55000305175781
2016-03-04,105.94999694824219
2016-03-07,105.5999984741211
2016-03-08,104.30000305175781
2016-03-09,105.5999984741211
2016-03-10,103.8499984741211
2016-03-11,105.4000015258789
2016-03-14,105.8499984741211
2016-03-15,105.05000305175781
2016-03-16,104.25
2016-03-17,104.25
2016-03-18,107.1500015258789
2016-03-21,107.55000305175781
2016-03-22,108.69999694824219
2016-03-23,109.44999694824219
2016-03-24,108.0999984741211
2016-03-29,109.8499984741211
2016-03-30,111.30000305175781
2016-03-31,109.25
2016-04-01,109.1500015258789
2016-04-04,110.75
2016-04-05,109.0
2016-04-06,108.30000305175781
2016-04-07,107.0999984741211
2016-04-08,106.8499984741211
2016-04-11,106.05000305175781
2016-04-12,106.19999694824219
2016-04-13,108.5
2016-04-14,110.1500015258789
2016-04-15,112.0999984741211
2016-04-18,112.44999694824219
2016-04-19,115.44999694824219
2016-04-20,116.0999984741211
2016-04-21,114.5
2016-04-22,113.3499984741211
2016-04-25,114.30000305175781
2016-04-26,113.25
2016-04-27,113.1500015258789
2016-04-28,112.5999984741211
2016-04-29,108.0999984741211
2016-05-02,109.0999984741211
2016-05-03,108.1500015258789
2016-05-04,106.44999694824219
2016-05-05,109.05000305175781
2016-05-06,109.25
2016-05-09,110.80000305175781
2016-05-10,112.05000305175781
2016-05-11,111.19999694824219
2016-05-12,110.80000305175781
2016-05-13,111.44999694824219
2016-05-16,110.69999694824219
2016-05-17,109.6500015258789
2016-05-18,109.1500015258789
2016-05-19,108.25
2016-05-20,109.30000305175781
2016-05-23,108.5999984741211
2016-05-24,111.6500015258789
2016-05-25,113.5999984741211
2016-05-26,114.0
2016-05-27,113.94999694824219
2016-05-30,114.44999694824219
2016-05-31,113.8499984741211
2016-06-01,114.4000015258789
2016-06-02,114.5
2016-06-03,113.0999984741211
2016-06-06,114.4000015258789
2016-06-07,115.55000305175781
2016-06-08,114.94999694824219
2016-06-09,114.25
2016-06-10,111.9000015258789
2016-06-13,109.69999694824219
2016-06-14,108.6500015258789
2016-06-15,110.94999694824219
2016-06-16,110.94999694824219
2016-06-17,110.0
2016-06-20,112.75
2016-06-21,113.94999694824219
2016-06-22,114.4000015258789
2016-06-23,114.0999984741211
2016-06-24,110.3499984741211
2016-06-27,109.5
2016-06-28,110.25
2016-06-29,114.4000015258789
2016-06-30,117.5999984741211
2016-07-01,118.25
2016-07-04,117.25
2016-07-05,115.8499984741211
2016-07-06,115.0999984741211
2016-07-07,115.5999984741211
2016-07-08,116.0
2016-07-11,115.8499984741211
2016-07-12,115.94999694824219
2016-07-13,115.3499984741211
2016-07-14,114.0
2016-07-15,113.44999694824219
2016-07-18,113.25
2016-07-19,113.44999694824219
2016-07-20,112.94999694824219
2016-07-21,113.80000305175781
2016-07-22,114.4000015258789
2016-07-25,114.80000305175781
2016-07-26,115.75
2016-07-27,113.0999984741211
2016-07-28,110.25
2016-07-29,115.30000305175781
2016-08-01,113.19999694824219
2016-08-02,111.0999984741211
2016-08-03,110.9000015258789
2016-08-04,111.5999984741211
2016-08-05,112.0
2016-08-08,110.9000015258789
2016-08-09,110.9000015258789
2016-08-10,110.5
2016-08-11,111.6500015258789
2016-08-12,112.75
2016-08-15,112.94999694824219
2016-08-16,111.44999694824219
2016-08-17,111.5
2016-08-18,111.69999694824219
2016-08-19,111.69999694824219
2016-08-22,110.94999694824219
2016-08-23,112.25
2016-08-24,111.94999694824219
2016-08-25,111.80000305175781
2016-08-26,112.5999984741211
2016-08-29,112.5999984741211
2016-08-30,112.69999694824219
2016-08-31,111.05000305175781
2016-09-01,111.0999984741211
2016-09-02,113.44999694824219
2016-09-05,113.5
2016-09-06,113.3499984741211
2016-09-07,113.8499984741211
2016-09-08,112.5
2016-09-09,111.05000305175781
2016-09-12,110.3499984741211
2016-09-13,109.25
2016-09-14,108.94999694824219
2016-09-15,110.9000015258789
2016-09-16,110.9000015258789
2016-09-19,112.19999694824219
2016-09-20,113.0
2016-09-21,113.25
2016-09-22,116.19999694824219
2016-09-23,116.19999694824219
2016-09-26,116.1500015258789
2016-09-27,117.3499984741211
2016-09-28,118.80000305175781
2016-09-29,116.6500015258789
2016-09-30,116.5999984741211
2016-10-03,115.30000305175781
2016-10-04,116.0999984741211
2016-10-05,115.3499984741211
2016-10-06,114.0
2016-10-07,113.25
2016-10-10,113.25
2016-10-11,115.8499984741211
2016-10-12,115.0
2016-10-13,114.4000015258789
2016-10-14,117.19999694824219
2016-10-17,116.55000305175781
2016-10-18,116.4000015258789
2016-10-19,117.4000015258789
2016-10-20,116.9000015258789
2016-10-21,117.0
2016-10-24,114.75
2016-10-25,113.75
2016-10-26,111.44999694824219
2016-10-27,112.0999984741211
2016-10-28,107.25
2016-10-31,104.55000305175781
2016-11-01,104.5
2016-11-02,103.25
2016-11-03,101.5
2016-11-04,101.6500015258789
2016-11-07,101.9000015258789
2016-11-08,103.5
2016-11-09,102.69999694824219
2016-11-10,98.58999633789062
2016-11-11,99.0199966430664
2016-11-14,97.19000244140625
2016-11-15,95.6500015258789
2016-11-16,96.73999786376953
2016-11-17,97.08999633789062
2016-11-18,95.43000030517578
2016-11-21,96.3499984741211
2016-11-22,96.5
2016-11-23,96.95999908447266
2016-11-24,96.54000091552734
2016-11-25,98.30000305175781
2016-11-28,98.7300033569336
2016-11-29,98.9000015258789
2016-11-30,98.04000091552734
2016-12-01,93.76000213623047
2016-12-02,94.58000183105469
2016-12-05,96.19999694824219
2016-12-06,96.87000274658203
2016-12-07,97.12000274658203
2016-12-08,96.94999694824219
2016-12-09,97.83000183105469
2016-12-12,97.4000015258789
2016-12-13,99.08000183105469
2016-12-14,97.98999786376953
2016-12-15,97.30000305175781
2016-12-16,98.87999725341797
2016-12-19,98.80000305175781
2016-12-20,99.7300033569336
2016-12-21,99.23999786376953
2016-12-22,98.80000305175781
2016-12-23,99.08000183105469
2016-12-27,99.48999786376953
2016-12-28,99.91000366210938
2016-12-29,100.05000305175781
2016-12-30,100.55000305175781
2017-01-02,101.0999984741211
2017-01-03,100.19999694824219
2017-01-04,100.44999694824219
2017-01-05,101.05000305175781
2017-01-06,100.5
2017-01-09,100.05000305175781
2017-01-10,100.19999694824219
2017-01-11,99.69999694824219
2017-01-12,99.01000213623047
2017-01-13,99.61000061035156
2017-01-16,98.88999938964844
2017-01-17,98.83999633789062
2017-01-18,99.05999755859375
2017-01-19,98.8499984741211
2017-01-20,98.75
2017-01-23,98.55000305175781
2017-01-24,98.62999725341797
2017-01-25,99.08000183105469
2017-01-26,98.37000274658203
2017-01-27,98.44999694824219
2017-01-30,97.9000015258789
2017-01-31,96.1500015258789
2017-02-01,96.6500015258789
2017-02-02,97.1500015258789
2017-02-03,98.01000213623047
2017-02-06,97.48999786376953
2017-02-07,98.4800033569336
2017-02-08,99.02999877929688
2017-02-09,99.9800033569336
2017-02-10,99.94999694824219
2017-02-13,100.69999694824219
2017-02-14,101.30000305175781
2017-02-15,101.5
2017-02-16,101.6500015258789
2017-02-17,102.05000305175781
2017-02-20,102.44999694824219
2017-02-21,103.5999984741211
2017-02-22,103.3499984741211
2017-02-23,103.0999984741211
2017-02-24,102.8499984741211
2017-02-27,102.94999694824219
2017-02-28,103.25
2017-03-01,103.9000015258789
2017-03-02,101.30000305175781
2017-03-03,102.3499984741211
2017-03-06,101.44999694824219
2017-03-07,101.5
2017-03-08,100.44999694824219
2017-03-09,100.4000015258789
2017-03-10,100.69999694824219
2017-03-13,100.9000015258789
2017-03-14,101.0
2017-03-15,100.94999694824219
2017-03-16,102.9000015258789
2017-03-17,104.69999694824219
2017-03-20,104.1500015258789
2017-03-21,103.69999694824219
2017-03-22,102.80000305175781
2017-03-23,103.19999694824219
2017-03-24,102.4000015258789
2017-03-27,102.4000015258789
2017-03-28,102.94999694824219
2017-03-29,102.8499984741211
2017-03-30,103.05000305175781
2017-03-31,102.9000015258789
2017-04-03,103.3499984741211
2017-04-04,103.80000305175781
2017-04-05,103.80000305175781
2017-04-06,103.69999694824219
2017-04-07,103.80000305175781
2017-04-10,104.4000015258789
2017-04-11,103.30000305175781
2017-04-12,103.55000305175781
2017-04-13,103.25
2017-04-18,103.1500015258789
2017-04-19,102.9000015258789
2017-04-20,101.30000305175781
2017-04-21,101.55000305175781
2017-04-24,103.8499984741211
2017-04-25,104.5
2017-04-26,103.75
2017-04-27,103.0
2017-04-28,103.4000015258789
2017-05-02,102.69999694824219
2017-05-03,103.69999694824219
2017-05-04,109.0999984741211
2017-05-05,109.30000305175781
2017-05-08,109.0
2017-05-09,109.30000305175781
2017-05-10,109.19999694824219
2017-05-11,109.05000305175781
2017-05-12,109.3499984741211
2017-05-15,108.80000305175781
2017-05-16,108.5
2017-05-17,107.75
2017-05-18,104.4000015258789
2017-05-19,105.69999694824219
2017-05-22,105.30000305175781
2017-05-23,105.5999984741211
2017-05-24,105.55000305175781
2017-05-25,105.55000305175781
2017-05-26,105.55000305175781
2017-05-29,105.05000305175781
2017-05-30,104.1500015258789
2017-05-31,103.8499984741211
2017-06-01,104.1500015258789
2017-06-02,104.9000015258789
2017-06-05,104.69999694824219
2017-06-06,104.80000305175781
2017-06-07,104.05000305175781
2017-06-08,101.6500015258789
2017-06-09,101.55000305175781
2017-06-12,100.94999694824219
2017-06-13,101.30000305175781
2017-06-14,101.19999694824219
2017-06-15,101.55000305175781
2017-06-16,101.5999984741211
2017-06-19,102.1500015258789
2017-06-20,102.80000305175781
2017-06-21,102.30000305175781
2017-06-22,102.19999694824219
2017-06-23,100.94999694824219
2017-06-26,102.05000305175781
2017-06-27,100.8499984741211
2017-06-28,100.25
2017-06-29,97.56999969482422
2017-06-30,96.70999908447266
2017-07-03,97.30000305175781
2017-07-04,97.37000274658203
2017-07-05,97.0999984741211
2017-07-06,96.0199966430664
2017-07-07,97.36000061035156
2017-07-10,98.30000305175781
2017-07-11,96.5
2017-07-12,98.48999786376953
2017-07-13,99.11000061035156
2017-07-14,99.29000091552734
2017-07-17,99.7699966430664
2017-07-18,99.0
2017-07-19,99.44999694824219
2017-07-20,99.3499984741211
2017-07-21,98.5
2017-07-24,97.69999694824219
2017-07-25,97.61000061035156
2017-07-26,99.19000244140625
2017-07-27,105.0
2017-07-28,103.3499984741211
2017-07-31,101.80000305175781
2017-08-01,101.0999984741211
2017-08-02,100.19999694824219
2017-08-03,101.25
2017-08-04,102.1500015258789
2017-08-07,101.6500015258789
2017-08-08,101.55000305175781
2017-08-09,99.95999908447266
2017-08-10,99.43000030517578
2017-08-11,98.19999694824219
2017-08-14,99.1500015258789
2017-08-15,99.43000030517578
2017-08-16,100.19999694824219
2017-08-17,100.44999694824219
2017-08-18,99.08000183105469
2017-08-21,98.98999786376953
2017-08-22,99.52999877929688
2017-08-23,98.37999725341797
2017-08-24,98.48999786376953
2017-08-25,98.2300033569336
2017-08-28,96.9000015258789
2017-08-29,97.11000061035156
2017-08-30,99.02999877929688
2017-08-31,99.5199966430664
2017-09-01,99.88999938964844
2017-09-04,99.27999877929688
2017-09-05,99.81999969482422
2017-09-06,100.05000305175781
2017-09-07,100.75
2017-09-08,101.1500015258789
2017-09-11,101.4000015258789
2017-09-12,101.69999694824219
2017-09-13,102.3499984741211
2017-09-14,102.4000015258789
2017-09-15,101.19999694824219
2017-09-18,100.6500015258789
2017-09-19,100.44999694824219
2017-09-20,98.61000061035156
2017-09-21,98.05000305175781
2017-09-22,97.51000213623047
2017-09-25,98.7300033569336
2017-09-26,99.31999969482422
2017-09-27,99.9000015258789
2017-09-28,100.9000015258789
2017-09-29,101.30000305175781
2017-10-02,101.30000305175781
2017-10-03,101.80000305175781
2017-10-04,102.75
2017-10-05,104.4000015258789
2017-10-06,103.5999984741211
2017-10-09,104.5
2017-10-10,104.5999984741211
2017-10-11,104.75
2017-10-12,104.69999694824219
2017-10-13,106.1500015258789
2017-10-16,106.25
2017-10-17,106.6500015258789
2017-10-18,107.19999694824219
2017-10-19,106.30000305175781
2017-10-20,106.55000305175781
2017-10-23,106.80000305175781
2017-10-24,105.5999984741211
2017-10-25,103.05000305175781
2017-10-26,102.3499984741211
2017-10-27,103.44999694824219
2017-10-30,103.6500015258789
2017-10-31,105.05000305175781
2017-11-01,105.4000015258789
2017-11-02,103.75
2017-11-03,105.19999694824219
2017-11-06,105.25
2017-11-07,102.94999694824219
2017-11-08,101.94999694824219
2017-11-09,101.5
2017-11-10,100.4000015258789
2017-11-13,100.5
2017-11-14,97.6500015258789
2017-11-15,96.25
2017-11-16,97.7699966430664
2017-11-17,97.38999938964844
2017-11-20,98.08999633789062
2017-11-21,98.2300033569336
2017-11-22,97.79000091552734
2017-11-23,98.44999694824219
2017-11-24,98.38999938964844
2017-11-27,98.2300033569336
2017-11-28,99.01000213623047
2017-11-29,97.8499984741211
2017-11-30,96.69999694824219
2017-12-01,96.38999938964844
2017-12-04,97.52999877929688
2017-12-05,97.04000091552734
2017-12-06,95.63999938964844
2017-12-07,94.75
2017-12-08,94.43000030517578
2017-12-11,94.30999755859375
2017-12-12,94.97000122070312
2017-12-13,93.87000274658203
2017-12-14,93.69999694824219
2017-12-15,93.94999694824219
2017-12-18,95.01000213623047
2017-12-19,94.66000366210938
2017-12-20,94.2300033569336
2017-12-21,94.20999908447266
2017-12-22,93.98999786376953
2017-12-27,94.05000305175781
2017-12-28,93.18000030517578
2017-12-29,93.12999725341797
2018-01-02,93.26000213623047
2018-01-03,93.81999969482422
2018-01-04,94.33999633789062
2018-01-05,95.2300033569336
2018-01-08,94.91000366210938
2018-01-09,95.7300033569336
2018-01-10,95.2699966430664
2018-01-11,95.0999984741211
2018-01-12,94.75
2018-01-15,95.33999633789062
2018-01-16,94.81999969482422
2018-01-17,94.55000305175781
2018-01-18,94.12999725341797
2018-01-19,94.36000061035156
2018-01-22,94.13999938964844
2018-01-23,93.20999908447266
2018-01-24,92.02999877929688
2018-01-25,91.51000213623047
2018-01-26,92.55000305175781
2018-01-29,91.4000015258789
2018-01-30,91.37000274658203
2018-01-31,91.13999938964844
2018-02-01,91.4000015258789
2018-02-02,89.69000244140625
2018-02-05,88.26000213623047
2018-02-06,86.26000213623047
2018-02-07,88.0199966430664
2018-02-08,85.52999877929688
2018-02-09,83.91999816894531
2018-02-12,84.63999938964844
2018-02-13,83.70999908447266
2018-02-14,83.58999633789062
2018-02-15,83.19999694824219
2018-02-16,85.20999908447266
2018-02-19,85.30000305175781
2018-02-20,85.4000015258789
2018-02-21,85.66999816894531
2018-02-22,85.73999786376953
2018-02-23,86.61000061035156
2018-02-26,87.88999938964844
2018-02-27,87.08999633789062
2018-02-28,87.4800033569336
2018-03-01,89.43000030517578
2018-03-02,88.76000213623047
2018-03-05,90.16999816894531
2018-03-06,90.61000061035156
2018-03-07,90.5
2018-03-08,93.44999694824219
2018-03-09,93.2699966430664
2018-03-12,93.9000015258789
2018-03-13,92.87999725341797
2018-03-14,91.63999938964844
2018-03-15,91.80000305175781
2018-03-16,91.77999877929688
2018-03-19,91.25
2018-03-20,91.77999877929688
2018-03-21,90.2699966430664
2018-03-22,89.08999633789062
2018-03-23,87.27999877929688
2018-03-26,85.87999725341797
2018-03-27,86.91999816894531
2018-03-28,88.98999786376953
2018-03-29,89.27999877929688
2018-04-03,88.01000213623047
2018-04-04,88.05000305175781
2018-04-05,90.19999694824219
2018-04-06,89.20999908447266
2018-04-09,88.94999694824219
2018-04-10,88.33999633789062
2018-04-11,86.4000015258789
2018-04-12,85.98999786376953
2018-04-13,85.23999786376953
2018-04-16,84.66999816894531
2018-04-17,86.0999984741211
2018-04-18,86.30000305175781
2018-04-19,85.19999694824219
2018-04-20,85.48999786376953
2018-04-23,84.5999984741211
2018-04-24,84.47000122070312
2018-04-25,84.91000366210938
2018-04-26,85.77999877929688
2018-04-27,84.19000244140625
2018-04-30,82.72000122070312
2018-05-02,80.16000366210938
2018-05-03,80.6500015258789
2018-05-04,81.66999816894531
2018-05-07,82.08000183105469
2018-05-08,82.72000122070312
2018-05-09,82.72000122070312
2018-05-10,79.86000061035156
2018-05-11,79.80000305175781
2018-05-14,80.05999755859375
2018-05-15,79.19000244140625
2018-05-16,79.81999969482422
2018-05-17,80.33999633789062
2018-05-18,80.02999877929688
2018-05-21,80.19999694824219
2018-05-22,80.51000213623047
2018-05-23,80.5199966430664
2018-05-24,81.4000015258789
2018-05-25,81.51000213623047
2018-05-28,81.98999786376953
2018-05-29,80.11000061035156
2018-05-30,80.54000091552734
2018-05-31,80.22000122070312
2018-06-01,80.23999786376953
2018-06-04,82.31999969482422
2018-06-05,81.54000091552734
2018-06-06,80.5
2018-06-07,79.8499984741211
2018-06-08,80.0999984741211
2018-06-11,82.04000091552734
2018-06-12,83.0999984741211
2018-06-13,83.45999908447266
2018-06-14,84.02999877929688
2018-06-15,84.58999633789062
2018-06-18,82.9800033569336
2018-06-19,83.0199966430664
2018-06-20,83.2699966430664
2018-06-21,83.88999938964844
2018-06-22,85.20999908447266
2018-06-25,83.58999633789062
2018-06-26,83.75
2018-06-27,85.05999755859375
2018-06-28,85.45999908447266
2018-06-29,86.5
2018-07-02,86.48999786376953
2018-07-03,87.29000091552734
2018-07-04,87.19999694824219
2018-07-05,87.18000030517578
2018-07-06,88.80000305175781
2018-07-09,88.70999908447266
2018-07-10,88.5
2018-07-11,88.30000305175781
2018-07-12,88.75
2018-07-13,88.91000366210938
2018-07-16,88.5199966430664
2018-07-17,88.12999725341797
2018-07-18,88.30000305175781
2018-07-19,88.7300033569336
2018-07-20,89.54000091552734
2018-07-23,89.66999816894531
2018-07-24,89.87999725341797
2018-07-25,91.02999877929688
2018-07-26,87.33000183105469
2018-07-27,87.30000305175781
2018-07-30,86.29000091552734
2018-07-31,86.58999633789062
2018-08-01,86.55000305175781
2018-08-02,85.80999755859375
2018-08-03,86.76000213623047
2018-08-06,86.7300033569336
2018-08-07,86.95999908447266
2018-08-08,85.94999694824219
2018-08-09,86.33999633789062
2018-08-10,84.80000305175781
2018-08-13,84.41999816894531
2018-08-14,85.77999877929688
2018-08-15,86.19000244140625
2018-08-16,86.69999694824219
2018-08-17,86.97000122070312
2018-08-20,87.04000091552734
2018-08-21,87.0999984741211
2018-08-22,85.19999694824219
2018-08-23,84.98999786376953
2018-08-24,84.7300033569336
2018-08-27,84.66999816894531
2018-08-28,84.0999984741211
2018-08-29,84.0
2018-08-30,82.27999877929688
2018-08-31,80.73999786376953
2018-09-03,80.13999938964844
2018-09-04,79.80999755859375
2018-09-05,78.19999694824219
2018-09-06,77.44999694824219
2018-09-07,77.52999877929688
2018-09-10,77.38999938964844
2018-09-11,76.2300033569336
2018-09-12,75.75
2018-09-13,76.30000305175781
2018-09-14,76.52999877929688
2018-09-17,76.66000366210938
2018-09-18,77.44999694824219
2018-09-19,76.91000366210938
2018-09-20,78.0199966430664
2018-09-21,78.06999969482422
2018-09-24,77.20999908447266
2018-09-25,76.9800033569336
2018-09-26,76.69999694824219
2018-09-27,75.9000015258789
2018-09-28,75.22000122070312
2018-10-01,74.91999816894531
2018-10-02,74.19000244140625
2018-10-03,76.61000061035156
2018-10-04,75.5
2018-10-05,75.44000244140625
2018-10-08,75.55999755859375
2018-10-09,75.47000122070312
2018-10-10,74.61000061035156
2018-10-11,73.5199966430664
2018-10-12,73.0
2018-10-15,72.87999725341797
2018-10-16,73.91000366210938
2018-10-17,72.79000091552734
2018-10-18,73.0
2018-10-19,73.18000030517578
2018-10-22,73.12999725341797
2018-10-23,71.30999755859375
2018-10-24,72.36000061035156
2018-10-25,64.8499984741211
2018-10-26,65.94000244140625
2018-10-29,66.5
2018-10-30,65.20999908447266
2018-10-31,65.13999938964844
2018-11-01,67.2300033569336
2018-11-02,66.69000244140625
2018-11-05,66.7300033569336
2018-11-06,66.01000213623047
2018-11-07,66.81999969482422
2018-11-08,65.61000061035156
2018-11-09,65.68000030517578
2018-11-12,64.98999786376953
2018-11-13,65.44000244140625
2018-11-14,66.38999938964844
2018-11-15,68.0
2018-11-16,68.5
2018-11-19,68.36000061035156
2018-11-20,66.95999908447266
2018-11-21,67.22000122070312
2018-11-22,66.72000122070312
2018-11-23,67.27999877929688
2018-11-26,67.30000305175781
2018-11-27,67.33999633789062
2018-11-28,67.19000244140625
2018-11-29,67.37999725341797
2018-11-30,67.63999938964844
2018-12-03,66.98999786376953
2018-12-04,66.38999938964844
2018-12-05,65.58999633789062
2018-12-06,62.54999923706055
2018-12-07,62.65999984741211
2018-12-10,61.93000030517578
2018-12-11,62.93000030517578
2018-12-12,63.599998474121094
2018-12-13,63.209999084472656
2018-12-14,62.27000045776367
2018-12-17,61.06999969482422
2018-12-18,60.959999084472656
2018-12-19,61.349998474121094
2018-12-20,59.66999816894531
2018-12-21,59.58000183105469
2018-12-24,58.459999084472656
2018-12-27,57.349998474121094
2018-12-28,57.5
2018-12-31,57.70000076293945
2019-01-02,57.470001220703125
2019-01-03,58.16999816894531
2019-01-04,60.540000915527344
2019-01-07,60.279998779296875
2019-01-08,61.470001220703125
2019-01-09,60.779998779296875
2019-01-10,61.220001220703125
2019-01-11,63.4900016784668
2019-01-14,63.18000030517578
2019-01-15,63.540000915527344
2019-01-16,61.83000183105469
2019-01-17,62.630001068115234
2019-01-18,64.75
2019-01-21,64.43000030517578
2019-01-22,64.1500015258789
2019-01-23,64.58000183105469
2019-01-24,65.69999694824219
2019-01-25,65.54000091552734
2019-01-28,64.0
2019-01-29,64.56999969482422
2019-01-30,65.19000244140625
2019-01-31,66.61000061035156
2019-02-01,66.77999877929688
2019-02-04,67.58000183105469
2019-02-05,69.12999725341797
2019-02-06,69.1500015258789
2019-02-07,67.37000274658203
2019-02-08,66.66999816894531
2019-02-11,67.73999786376953
2019-02-12,67.52999877929688
2019-02-13,69.0
2019-02-14,66.88999938964844
2019-02-15,68.44999694824219
2019-02-18,68.63999938964844
2019-02-19,67.76000213623047
2019-02-20,68.80999755859375
2019-02-21,68.23999786376953
2019-02-22,65.7699966430664
2019-02-25,66.18000030517578
2019-02-26,66.18000030517578
2019-02-27,65.86000061035156
2019-02-28,68.55000305175781
2019-03-01,72.80000305175781
2019-03-04,71.6500015258789
2019-03-05,72.68000030517578
2019-03-06,72.47000122070312
2019-03-07,71.75
2019-03-08,71.4800033569336
2019-03-11,71.73999786376953
2019-03-12,71.81999969482422
2019-03-13,71.12999725341797
2019-03-14,70.68000030517578
2019-03-15,71.70999908447266
2019-03-18,72.36000061035156
2019-03-19,74.30000305175781
2019-03-20,73.18000030517578
2019-03-21,73.48999786376953
2019-03-22,71.80999755859375
2019-03-25,71.20999908447266
2019-03-26,72.55000305175781
2019-03-27,73.20999908447266
2019-03-28,73.1500015258789
2019-03-29,74.76000213623047
2019-04-01,74.52999877929688
2019-04-02,74.93000030517578
2019-04-03,74.72000122070312
2019-04-04,75.5
2019-04-05,76.9000015258789
2019-04-08,76.52999877929688
2019-04-09,76.5999984741211
2019-04-10,77.51000213623047
2019-04-11,78.08000183105469
2019-04-12,78.41000366210938
2019-04-15,78.62999725341797
2019-04-16,78.98999786376953
2019-04-17,78.36000061035156
2019-04-18,79.83999633789062
2019-04-23,79.81999969482422
2019-04-24,79.26000213623047
2019-04-25,77.66000366210938
2019-04-26,78.27999877929688
2019-04-29,78.79000091552734
2019-04-30,79.26000213623047
2019-05-02,78.75
2019-05-03,78.83000183105469
2019-05-06,78.55000305175781
2019-05-07,75.75
2019-05-08,75.91999816894531
2019-05-09,74.19000244140625
2019-05-10,74.11000061035156
2019-05-13,73.26000213623047
2019-05-14,74.16999816894531
2019-05-15,74.66999816894531
2019-05-16,75.41000366210938
2019-05-17,74.30000305175781
2019-05-20,72.97000122070312
2019-05-21,72.87000274658203
2019-05-22,73.43000030517578
2019-05-23,73.69999694824219
2019-05-24,73.52999877929688
2019-05-27,74.29000091552734
2019-05-28,73.95999908447266
2019-05-29,72.58000183105469
2019-05-30,74.0
2019-05-31,72.61000061035156
2019-06-03,73.0199966430664
2019-06-04,74.30000305175781
2019-06-05,74.3499984741211
2019-06-06,74.25
2019-06-07,75.47000122070312
2019-06-10,75.69999694824219
2019-06-11,75.97000122070312
2019-06-12,76.93000030517578
2019-06-13,76.3499984741211
2019-06-14,75.37999725341797
2019-06-17,74.93000030517578
2019-06-18,77.38999938964844
2019-06-19,77.86000061035156
2019-06-20,78.95999908447266
2019-06-21,79.79000091552734
2019-06-24,79.38999938964844
2019-06-25,78.2300033569336
2019-06-26,77.33999633789062
2019-06-27,76.47000122070312
2019-06-28,77.83999633789062
2019-07-01,78.30000305175781
2019-07-02,79.91999816894531
2019-07-03,83.20999908447266
2019-07-04,82.72000122070312
2019-07-05,82.5
2019-07-08,82.30999755859375
2019-07-09,81.88999938964844
2019-07-10,80.7699966430664
2019-07-11,79.80000305175781
2019-07-12,78.93000030517578
2019-07-15,78.44000244140625
2019-07-16,78.75
2019-07-17,79.16000366210938
2019-07-18,79.22000122070312
2019-07-19,83.61000061035156
2019-07-22,84.5
2019-07-23,85.69999694824219
2019-07-24,86.33000183105469
2019-07-25,90.0
2019-07-26,90.43000030517578
2019-07-29,91.37999725341797
2019-07-30,90.87999725341797
2019-07-31,91.06999969482422
2019-08-01,92.70999908447266
2019-08-02,89.87999725341797
2019-08-05,87.6500015258789
2019-08-06,86.7699966430664
2019-08-07,86.80000305175781
2019-08-08,87.56999969482422
2019-08-09,87.23999786376953
2019-08-12,86.22000122070312
2019-08-13,85.7300033569336
2019-08-14,84.19999694824219
2019-08-15,84.51000213623047
2019-08-16,85.62999725341797
2019-08-19,86.56999969482422
2019-08-20,85.66000366210938
2019-08-21,86.63999938964844
2019-08-22,86.1500015258789
2019-08-23,85.55999755859375
2019-08-26,85.0999984741211
2019-08-27,85.16000366210938
2019-08-28,84.30000305175781
2019-08-29,86.11000061035156
2019-08-30,86.19999694824219
2019-09-02,86.2300033569336
2019-09-03,85.94000244140625
2019-09-04,85.66999816894531
2019-09-05,84.94999694824219
2019-09-06,84.5
2019-09-09,86.05999755859375
2019-09-10,85.13999938964844
2019-09-11,85.41000366210938
2019-09-12,87.9000015258789
2019-09-13,87.19000244140625
2019-09-16,86.9800033569336
2019-09-17,87.41999816894531
2019-09-18,87.63999938964844
2019-09-19,86.4000015258789
2019-09-20,88.06999969482422
2019-09-23,87.47000122070312
2019-09-24,85.33999633789062
2019-09-25,86.22000122070312
2019-09-26,86.81999969482422
2019-09-27,87.04000091552734
2019-09-30,87.41999816894531
2019-10-01,85.44000244140625
2019-10-02,83.11000061035156
2019-10-03,82.93000030517578
2019-10-04,84.22000122070312
2019-10-07,85.38999938964844
2019-10-08,83.88999938964844
2019-10-09,84.29000091552734
2019-10-10,83.58999633789062
2019-10-11,83.94000244140625
2019-10-14,83.12999725341797
2019-10-15,83.91000366210938
2019-10-16,83.66000366210938
2019-10-17,83.5999984741211
2019-10-18,83.54000091552734
2019-10-21,83.69999694824219
2019-10-22,82.83999633789062
2019-10-23,82.22000122070312
2019-10-24,82.8499984741211
2019-10-25,73.68000030517578
2019-10-28,73.12000274658203
2019-10-29,72.19000244140625
2019-10-30,72.52999877929688
2019-10-31,72.04000091552734
2019-11-01,71.31999969482422
2019-11-04,71.02999877929688
2019-11-05,71.52999877929688
2019-11-06,71.7699966430664
2019-11-07,70.91999816894531
2019-11-08,71.0999984741211
2019-11-11,71.19999694824219
2019-11-12,71.88999938964844
2019-11-13,72.2699966430664
2019-11-14,71.9800033569336
2019-11-15,72.1500015258789
2019-11-18,72.5
2019-11-19,71.72000122070312
2019-11-20,71.16000366210938
2019-11-21,70.88999938964844
2019-11-22,71.43000030517578
2019-11-25,71.94999694824219
2019-11-26,71.4800033569336
2019-11-27,71.55000305175781
2019-11-28,71.69999694824219
2019-11-29,71.87000274658203
2019-12-02,71.33000183105469
2019-12-03,71.02999877929688
2019-12-04,71.44000244140625
2019-12-05,70.56999969482422
2019-12-06,71.80000305175781
2019-12-09,71.33000183105469
2019-12-10,70.68000030517578
2019-12-11,71.01000213623047
2019-12-12,70.0999984741211
2019-12-13,70.20999908447266
2019-12-16,71.7699966430664
2019-12-17,71.2300033569336
2019-12-18,72.0999984741211
2019-12-19,72.16999816894531
2019-12-20,74.05999755859375
2019-12-23,74.25
2019-12-24,74.0999984741211
2019-12-27,74.4800033569336
2019-12-30,73.7300033569336
2019-12-31,72.70999908447266
2020-01-02,74.48999786376953
2020-01-03,74.4000015258789
2020-01-06,74.2699966430664
2020-01-07,74.05999755859375
2020-01-08,73.45999908447266
2020-01-09,73.27999877929688
2020-01-10,73.62999725341797
2020-01-13,72.66000366210938
2020-01-14,72.02999877929688
2020-01-15,71.87999725341797
2020-01-16,71.80000305175781
2020-01-17,72.04000091552734
2020-01-20,71.41999816894531
2020-01-21,71.22000122070312
2020-01-22,70.75
2020-01-23,69.98999786376953
2020-01-24,70.70999908447266
2020-01-27,68.47000122070312
2020-01-28,69.29000091552734
2020-01-29,69.2699966430664
2020-01-30,68.5
2020-01-31,68.41999816894531
2020-02-03,68.23999786376953
2020-02-04,69.25
2020-02-05,69.75
2020-02-06,69.88999938964844
2020-02-07,68.5
2020-02-10,68.2300033569336
2020-02-11,67.72000122070312
2020-02-12,68.0199966430664
2020-02-13,68.02999877929688
2020-02-14,67.75
2020-02-17,67.43000030517578
2020-02-18,67.8499984741211
2020-02-19,68.19999694824219
2020-02-20,67.4800033569336
2020-02-21,66.1500015258789
2020-02-24,64.08000183105469
2020-02-25,62.2400016784668
2020-02-26,61.88999938964844
2020-02-27,55.099998474121094
2020-02-28,50.72999954223633
2020-03-02,52.0
2020-03-03,51.2599983215332
2020-03-04,51.220001220703125
2020-03-05,50.20000076293945
2020-03-06,47.8650016784668
2020-03-09,42.70500183105469
2020-03-10,43.0099983215332
2020-03-11,44.28499984741211
2020-03-12,36.93000030517578
2020-03-13,38.904998779296875
2020-03-16,34.54999923706055
2020-03-17,33.97999954223633
2020-03-18,30.969999313354492
2020-03-19,34.96500015258789
2020-03-20,40.0
2020-03-23,39.029998779296875
2020-03-24,40.400001525878906
2020-03-25,41.790000915527344
2020-03-26,42.400001525878906
2020-03-27,38.73500061035156
2020-03-30,38.904998779296875
2020-03-31,40.470001220703125
2020-04-01,39.79499816894531
2020-04-02,40.17499923706055
2020-04-03,39.84000015258789
2020-04-06,41.810001373291016
2020-04-07,43.5
2020-04-08,43.724998474121094
2020-04-09,43.619998931884766
2020-04-14,43.61000061035156
2020-04-15,41.900001525878906
2020-04-16,42.09000015258789
2020-04-17,41.79999923706055
2020-04-20,41.25
2020-04-21,38.26499938964844
2020-04-22,38.564998626708984
2020-04-23,39.33000183105469
2020-04-24,38.119998931884766
2020-04-27,40.255001068115234
2020-04-28,42.54999923706055
2020-04-29,45.05500030517578
2020-04-30,41.880001068115234
2020-05-04,38.46500015258789
2020-05-05,38.529998779296875
2020-05-06,38.959999084472656
2020-05-07,39.4900016784668
2020-05-08,39.96500015258789
2020-05-11,39.70500183105469
2020-05-12,38.834999084472656
2020-05-13,37.0
2020-05-14,35.79999923706055
2020-05-15,37.0
2020-05-18,39.150001525878906
2020-05-19,37.93000030517578
2020-05-20,38.380001068115234
2020-05-21,37.33000183105469
2020-05-22,37.47999954223633
2020-05-25,38.39500045776367
2020-05-26,40.474998474121094
2020-05-27,42.3849983215332
2020-05-28,43.375
2020-05-29,41.90999984741211
2020-06-01,43.88999938964844
2020-06-02,44.689998626708984
2020-06-03,48.13999938964844
2020-06-04,48.76499938964844
2020-06-05,51.16999816894531
2020-06-08,50.70000076293945
2020-06-09,48.880001068115234
2020-06-10,47.46500015258789
2020-06-11,43.849998474121094
2020-06-12,45.20000076293945
2020-06-15,44.21500015258789
2020-06-16,46.64500045776367
2020-06-17,46.13999938964844
2020-06-18,46.095001220703125
2020-06-19,45.814998626708984
2020-06-22,44.95000076293945
2020-06-23,46.29499816894531
2020-06-24,43.95000076293945
2020-06-25,44.11000061035156
2020-06-26,43.34000015258789
2020-06-29,43.599998474121094
2020-06-30,43.8650016784668
2020-07-01,43.43000030517578
2020-07-02,44.814998626708984
2020-07-03,44.875
2020-07-06,46.505001068115234
2020-07-07,46.599998474121094
2020-07-08,46.209999084472656
2020-07-09,45.26499938964844
2020-07-10,47.18000030517578
2020-07-13,47.04499816894531
2020-07-14,46.290000915527344
2020-07-15,47.47999954223633
2020-07-16,47.36000061035156
2020-07-17,46.97999954223633
2020-07-20,47.0
2020-07-21,48.64500045776367
2020-07-22,47.040000915527344
2020-07-23,47.42499923706055
2020-07-24,46.96500015258789
2020-07-27,45.869998931884766
2020-07-28,47.45000076293945
2020-07-29,47.790000915527344
2020-07-30,48.45000076293945
2020-07-31,46.119998931884766
2020-08-03,46.32500076293945
2020-08-04,47.560001373291016
2020-08-05,47.16999816894531
2020-08-06,46.04499816894531
2020-08-07,45.70000076293945
2020-08-10,46.2400016784668
2020-08-11,47.994998931884766
2020-08-12,48.23500061035156
2020-08-13,47.95000076293945
2020-08-14,47.77000045776367
2020-08-17,47.400001525878906
2020-08-18,47.834999084472656
2020-08-19,48.880001068115234
2020-08-20,47.70000076293945
2020-08-21,47.029998779296875
2020-08-24,48.60499954223633
2020-08-25,48.83000183105469
2020-08-26,49.93000030517578
2020-08-27,50.20000076293945
2020-08-28,49.599998474121094
2020-08-31,48.80500030517578
2020-09-01,48.42499923706055
2020-09-02,50.029998779296875
2020-09-03,50.220001220703125
2020-09-04,49.209999084472656
2020-09-07,49.345001220703125
2020-09-08,47.68000030517578
2020-09-09,48.314998626708984
2020-09-10,48.619998931884766
2020-09-11,47.66999816894531
2020-09-14,47.650001525878906
2020-09-15,47.9900016784668
2020-09-16,48.375
2020-09-17,49.0099983215332
2020-09-18,48.650001525878906
2020-09-21,46.099998474121094
2020-09-22,46.19499969482422
2020-09-23,45.67499923706055
2020-09-24,44.779998779296875
2020-09-25,45.060001373291016
2020-09-28,46.79499816894531
2020-09-29,46.29999923706055
2020-09-30,46.224998474121094
2020-10-01,45.79999923706055
2020-10-02,45.810001373291016
2020-10-05,46.790000915527344
2020-10-06,48.810001373291016
2020-10-07,49.65999984741211
2020-10-08,50.33000183105469
2020-10-09,50.5
2020-10-12,50.88999938964844
2020-10-13,49.41999816894531
2020-10-14,49.11000061035156
2020-10-15,46.775001525878906
2020-10-16,47.42499923706055
2020-10-19,47.63999938964844
2020-10-20,48.33000183105469
2020-10-21,46.88999938964844
2020-10-22,47.165000915527344
2020-10-23,48.5099983215332
2020-10-26,47.845001220703125
2020-10-27,47.0
2020-10-28,45.2599983215332
2020-10-29,45.4900016784668
2020-10-30,44.560001373291016
2020-11-02,44.91999816894531
2020-11-03,46.5099983215332
2020-11-04,46.814998626708984
2020-11-05,47.689998626708984
2020-11-06,47.65999984741211
2020-11-09,53.099998474121094
2020-11-10,56.72999954223633
2020-11-11,56.84000015258789
2020-11-12,56.130001068115234
2020-11-13,55.54999923706055
2020-11-16,57.25
2020-11-17,56.4900016784668
2020-11-18,56.15999984741211
2020-11-19,55.16999816894531
2020-11-20,54.84000015258789
2020-11-23,55.52000045776367
2020-11-24,57.720001220703125
2020-11-25,56.959999084472656
2020-11-26,57.06999969482422
2020-11-27,57.25
2020-11-30,55.880001068115234
2020-12-01,56.400001525878906
2020-12-02,56.119998931884766
2020-12-03,56.95000076293945
2020-12-04,58.029998779296875
2020-12-07,57.93000030517578
2020-12-08,58.0099983215332
2020-12-09,58.22999954223633
2020-12-10,58.380001068115234
2020-12-11,57.209999084472656
2020-12-14,57.599998474121094
2020-12-15,57.93000030517578
2020-12-16,57.630001068115234
2020-12-17,58.7599983215332
2020-12-18,58.029998779296875
2020-12-21,56.650001525878906
2020-12-22,57.38999938964844
2020-12-23,58.540000915527344
2020-12-24,58.25
2020-12-28,58.439998626708984
2020-12-29,58.59000015258789
2020-12-30,58.040000915527344
2020-12-31,57.0099983215332
2021-01-04,57.209999084472656
2021-01-05,57.18000030517578
2021-01-06,58.77000045776367
2021-01-07,58.400001525878906
2021-01-08,57.86000061035156
2021-01-11,56.61000061035156
2021-01-12,56.5099983215332
2021-01-13,56.47999954223633
2021-01-14,56.959999084472656
2021-01-15,56.7400016784668
2021-01-18,57.08000183105469
2021-01-19,56.349998474121094
2021-01-20,56.2400016784668
2021-01-21,55.310001373291016
2021-01-22,54.779998779296875
2021-01-25,53.16999816894531
2021-01-26,53.119998931884766
2021-01-27,52.790000915527344
2021-01-28,53.65999984741211
2021-01-29,51.97999954223633
2021-02-01,52.58000183105469
2021-02-02,54.560001373291016
2021-02-03,54.06999969482422
2021-02-04,54.439998626708984
2021-02-05,54.779998779296875
2021-02-08,54.06999969482422
2021-02-09,53.459999084472656
2021-02-10,53.2599983215332
2021-02-11,52.599998474121094
2021-02-12,52.599998474121094
2021-02-15,54.0099983215332
2021-02-16,53.2599983215332
2021-02-17,53.310001373291016
2021-02-18,52.630001068115234
2021-02-19,53.36000061035156
2021-02-22,53.18000030517578
2021-02-23,53.13999938964844
2021-02-24,53.189998626708984
2021-02-25,49.900001525878906
2021-02-26,47.459999084472656
2021-03-01,49.560001373291016
2021-03-02,48.86000061035156
2021-03-03,49.435001373291016
2021-03-04,50.83000183105469
2021-03-05,50.470001220703125
2021-03-08,51.869998931884766
2021-03-09,52.31999969482422
2021-03-10,53.13999938964844
2021-03-11,52.20000076293945
2021-03-12,52.43000030517578
2021-03-15,52.290000915527344
2021-03-16,52.16999816894531
2021-03-17,53.349998474121094
2021-03-18,53.279998779296875
2021-03-19,53.599998474121094
2021-03-22,52.97999954223633
2021-03-23,53.20000076293945
2021-03-24,52.91999816894531
2021-03-25,52.209999084472656
2021-03-26,53.04999923706055
2021-03-29,54.400001525878906
2021-03-30,54.849998474121094
2021-03-31,53.75
2021-04-01,53.77000045776367
2021-04-06,54.02000045776367
2021-04-07,53.560001373291016
2021-04-08,54.560001373291016
2021-04-09,54.83000183105469
2021-04-12,54.689998626708984
2021-04-13,53.97999954223633
2021-04-14,54.459999084472656
2021-04-15,56.5
2021-04-16,56.77000045776367
2021-04-19,57.060001373291016
2021-04-20,55.72999954223633
2021-04-21,57.779998779296875
2021-04-22,58.66999816894531
2021-04-23,58.470001220703125
2021-04-26,58.36000061035156
2021-04-27,58.060001373291016
2021-04-28,59.0
2021-04-29,59.25
2021-04-30,58.83000183105469
2021-05-03,59.15999984741211
2021-05-04,58.70000076293945
2021-05-05,58.689998626708984
2021-05-06,61.7400016784668
2021-05-07,61.279998779296875
2021-05-10,62.08000183105469
2021-05-11,60.869998931884766
2021-05-12,61.68000030517578
2021-05-13,61.91999816894531
2021-05-14,62.31999969482422
2021-05-17,61.95000076293945
2021-05-18,61.41999816894531
2021-05-19,60.79999923706055
2021-05-20,61.65999984741211
2021-05-21,62.279998779296875
2021-05-24,62.2599983215332
2021-05-25,61.90999984741211
2021-05-26,62.119998931884766
2021-05-27,62.130001068115234
2021-05-28,62.34000015258789
2021-05-31,61.560001373291016
2021-06-01,62.380001068115234
2021-06-02,63.369998931884766
2021-06-03,62.81999969482422
2021-06-04,62.849998474121094
2021-06-07,64.05000305175781
2021-06-08,64.69999694824219
2021-06-09,64.73999786376953
2021-06-10,64.52999877929688
2021-06-11,64.55999755859375
2021-06-14,64.61000061035156
2021-06-15,65.20999908447266
2021-06-16,65.33999633789062
2021-06-17,65.0
2021-06-18,63.400001525878906
2021-06-21,63.77000045776367
2021-06-22,63.88999938964844
2021-06-23,62.97999954223633
2021-06-24,63.310001373291016
2021-06-25,63.08000183105469
2021-06-28,62.060001373291016
2021-06-29,61.5
2021-06-30,60.810001373291016
2021-07-01,60.97999954223633
2021-07-02,60.310001373291016
2021-07-05,60.439998626708984
2021-07-06,59.439998626708984
2021-07-07,59.779998779296875
2021-07-08,58.66999816894531
2021-07-09,58.880001068115234
2021-07-12,58.56999969482422
2021-07-13,58.83000183105469
2021-07-14,58.77000045776367
2021-07-15,58.20000076293945
2021-07-16,58.31999969482422
2021-07-19,56.0
2021-07-20,56.599998474121094
2021-07-21,58.040000915527344
2021-07-22,57.880001068115234
2021-07-23,58.09000015258789
2021-07-26,58.15999984741211
2021-07-27,58.209999084472656
2021-07-28,58.119998931884766
2021-07-29,54.849998474121094
2021-07-30,53.400001525878906
2021-08-02,53.31999969482422
2021-08-03,52.40999984741211
2021-08-04,52.25
2021-08-05,52.41999816894531
2021-08-06,52.4900016784668
2021-08-09,51.810001373291016
2021-08-10,52.09000015258789
2021-08-11,52.209999084472656
2021-08-12,52.459999084472656
2021-08-13,52.66999816894531
2021-08-16,52.650001525878906
2021-08-17,52.54999923706055
2021-08-18,52.380001068115234
2021-08-19,50.849998474121094
2021-08-20,51.310001373291016
2021-08-23,51.650001525878906
2021-08-24,51.66999816894531
2021-08-25,51.56999969482422
2021-08-26,51.66999816894531
2021-08-27,51.720001220703125
2021-08-30,51.86000061035156
2021-08-31,51.9900016784668
2021-09-01,52.439998626708984
2021-09-02,51.13999938964844
2021-09-03,50.290000915527344
2021-09-06,50.25
2021-09-07,50.209999084472656
2021-09-08,49.70000076293945
2021-09-09,48.92499923706055
2021-09-10,48.75
2021-09-13,49.470001220703125
2021-09-14,48.63999938964844
2021-09-15,48.17499923706055
2021-09-16,48.404998779296875
2021-09-17,48.994998931884766
2021-09-20,48.849998474121094
2021-09-21,49.32500076293945
2021-09-22,49.9900016784668
2021-09-23,49.994998931884766
2021-09-24,49.55500030517578
2021-09-27,50.650001525878906
2021-09-28,50.34000015258789
2021-09-29,49.720001220703125
2021-09-30,49.14500045776367
2021-10-01,48.69499969482422
2021-10-04,48.584999084472656
2021-10-05,48.36000061035156
2021-10-06,47.52000045776367
2021-10-07,47.89500045776367
2021-10-08,47.51499938964844
2021-10-11,47.345001220703125
2021-10-12,47.0
2021-10-13,48.03499984741211
2021-10-14,48.69499969482422
2021-10-15,47.90999984741211
2021-10-18,47.67499923706055
2021-10-19,47.71500015258789
2021-10-20,48.71500015258789
2021-10-21,48.19499969482422
2021-10-22,48.22999954223633
2021-10-25,48.53499984741211
2021-10-26,49.334999084472656
2021-10-27,49.36000061035156
2021-10-28,54.459999084472656
2021-10-29,52.77000045776367
2021-11-01,52.20000076293945
2021-11-02,51.939998626708984
2021-11-03,52.150001525878906
2021-11-04,51.5
2021-11-05,52.45000076293945
2021-11-08,51.88999938964844
2021-11-09,51.810001373291016
2021-11-10,52.470001220703125
2021-11-11,52.43000030517578
2021-11-12,52.25
2021-11-15,52.63999938964844
2021-11-16,53.02000045776367
2021-11-17,52.5099983215332
2021-11-18,52.040000915527344
2021-11-19,51.86000061035156
2021-11-22,52.439998626708984
2021-11-23,52.040000915527344
2021-11-24,52.380001068115234
2021-11-25,54.349998474121094
2021-11-26,51.189998626708984
2021-11-29,50.84000015258789
2021-11-30,49.255001068115234
2021-12-01,49.755001068115234
2021-12-02,49.90999984741211
2021-12-03,49.7599983215332
2021-12-06,52.040000915527344
2021-12-07,52.130001068115234
2021-12-08,50.900001525878906
2021-12-09,50.959999084472656
2021-12-10,51.040000915527344
2021-12-13,50.86000061035156
2021-12-14,51.54999923706055
2021-12-15,50.83000183105469
2021-12-16,52.38999938964844
2021-12-17,53.15999984741211
2021-12-20,52.0
2021-12-21,52.9900016784668
2021-12-22,52.93000030517578
2021-12-23,53.65999984741211
2021-12-24,53.2400016784668
2021-12-27,53.45000076293945
2021-12-28,53.25
2021-12-29,52.91999816894531
2021-12-30,53.47999954223633
2021-12-31,53.16999816894531
2022-01-03,55.81999969482422
2022-01-04,56.369998931884766
2022-01-05,56.0
2022-01-06,55.13999938964844
2022-01-07,55.47999954223633
2022-01-10,56.72999954223633
2022-01-11,56.63999938964844
2022-01-12,56.470001220703125
2022-01-13,57.900001525878906
2022-01-14,58.97999954223633
2022-01-17,59.529998779296875
2022-01-18,59.13999938964844
2022-01-19,58.5
2022-01-20,58.56999969482422
2022-01-21,58.13999938964844
2022-01-24,56.4900016784668
2022-01-25,57.060001373291016
2022-01-26,57.0
2022-01-27,57.86000061035156
2022-01-28,56.02000045776367
2022-01-31,55.720001220703125
2022-02-01,56.43000030517578
2022-02-02,56.36000061035156
2022-02-03,54.470001220703125
2022-02-04,53.22999954223633
2022-02-07,53.790000915527344
2022-02-08,54.540000915527344
2022-02-09,53.93000030517578
2022-02-10,55.91999816894531
2022-02-11,55.86000061035156
2022-02-14,54.470001220703125
2022-02-15,55.25
2022-02-16,56.29999923706055
2022-02-17,55.869998931884766
2022-02-18,55.81999969482422
2022-02-21,54.38999938964844
2022-02-22,54.41999816894531
2022-02-23,55.15999984741211
2022-02-24,54.380001068115234
2022-02-25,58.25
2022-02-28,55.13999938964844
2022-03-01,52.720001220703125
2022-03-02,53.02000045776367
2022-03-03,52.349998474121094
2022-03-04,50.689998626708984
2022-03-07,48.959999084472656
2022-03-08,48.5
2022-03-09,51.790000915527344
2022-03-10,50.790000915527344
2022-03-11,51.619998931884766
2022-03-14,52.290000915527344
2022-03-15,52.2400016784668
2022-03-16,54.02000045776367
2022-03-17,53.970001220703125
2022-03-18,54.83000183105469
2022-03-21,54.5
2022-03-22,54.439998626708984
2022-03-23,53.349998474121094
2022-03-24,53.279998779296875
2022-03-25,53.970001220703125
2022-03-28,54.220001220703125
2022-03-29,55.63999938964844
2022-03-30,55.20000076293945
2022-03-31,54.2599983215332
2022-04-01,54.95000076293945
2022-04-04,56.29999923706055
2022-04-05,55.869998931884766
2022-04-06,54.77000045776367
2022-04-07,53.290000915527344
2022-04-08,54.369998931884766
2022-04-11,53.91999816894531
2022-04-12,53.970001220703125
2022-04-13,53.959999084472656
2022-04-14,54.61000061035156
2022-04-19,54.58000183105469
2022-04-20,56.9900016784668
2022-04-21,57.52000045776367
2022-04-22,55.52000045776367
2022-04-25,54.7599983215332
2022-04-26,54.9900016784668
2022-04-27,54.83000183105469
2022-04-28,54.459999084472656
2022-04-29,55.400001525878906
2022-05-02,53.68000030517578
2022-05-03,54.189998626708984
2022-05-04,53.810001373291016
2022-05-05,54.31999969482422
2022-05-06,52.09000015258789
2022-05-09,50.91999816894531
2022-05-10,51.86000061035156
2022-05-11,52.77000045776367
2022-05-12,52.290000915527344
2022-05-13,53.47999954223633
2022-05-16,54.08000183105469
2022-05-17,54.439998626708984
2022-05-18,53.5
2022-05-19,51.06999969482422
2022-05-20,51.209999084472656
2022-05-23,51.91999816894531
2022-05-24,51.06999969482422
2022-05-25,52.36000061035156
2022-05-26,52.7599983215332
2022-05-27,52.869998931884766
2022-05-30,52.56999969482422
2022-05-31,52.16999816894531
2022-06-01,51.5
2022-06-02,51.150001525878906
2022-06-03,51.869998931884766
2022-06-06,52.56999969482422
2022-06-07,52.099998474121094
2022-06-08,51.95000076293945
2022-06-09,50.810001373291016
2022-06-10,49.51499938964844
2022-06-13,49.310001373291016
2022-06-14,48.81999969482422
2022-06-15,50.41999816894531
2022-06-16,49.0
2022-06-17,49.220001220703125
2022-06-20,49.60499954223633
2022-06-21,48.89500045776367
2022-06-22,49.505001068115234
2022-06-23,49.82500076293945
2022-06-24,50.810001373291016
2022-06-27,51.04999923706055
2022-06-28,52.09000015258789
2022-06-29,51.810001373291016
2022-06-30,51.36000061035156
2022-07-01,52.279998779296875
2022-07-04,51.540000915527344
2022-07-05,52.18000030517578
2022-07-06,53.54999923706055
2022-07-07,53.58000183105469
2022-07-08,54.630001068115234
2022-07-11,54.59000015258789
2022-07-12,54.849998474121094
2022-07-13,54.61000061035156
2022-07-14,53.91999816894531
2022-07-15,54.029998779296875
2022-07-18,54.439998626708984
2022-07-19,54.779998779296875
2022-07-20,54.0
2022-07-21,53.38999938964844
2022-07-22,53.06999969482422
2022-07-25,53.59000015258789
2022-07-26,54.0
2022-07-27,54.33000183105469
2022-07-28,52.11000061035156
2022-07-29,52.27000045776367
2022-08-01,51.529998779296875
2022-08-02,50.75
2022-08-03,51.970001220703125
2022-08-04,52.27000045776367
2022-08-05,52.11000061035156
2022-08-08,52.90999984741211
2022-08-09,52.54999923706055
2022-08-10,52.959999084472656
2022-08-11,53.02000045776367
2022-08-12,52.97999954223633
2022-08-15,53.220001220703125
2022-08-16,53.5
2022-08-17,53.029998779296875
2022-08-18,52.68000030517578
2022-08-19,52.369998931884766
2022-08-22,51.54999923706055
2022-08-23,51.27000045776367
2022-08-24,52.25
2022-08-25,51.36000061035156
2022-08-26,50.279998779296875
2022-08-29,49.494998931884766
2022-08-30,49.2400016784668
2022-08-31,48.345001220703125
2022-09-01,47.95000076293945
2022-09-02,48.82500076293945
2022-09-05,48.974998474121094
2022-09-06,49.220001220703125
2022-09-07,49.07500076293945
2022-09-08,49.3650016784668
2022-09-09,49.470001220703125
2022-09-12,50.900001525878906
2022-09-13,50.060001373291016
2022-09-14,48.974998474121094
2022-09-15,49.25
2022-09-16,49.28499984741211
2022-09-19,49.81999969482422
2022-09-20,49.42499923706055
2022-09-21,49.220001220703125
2022-09-22,49.5
2022-09-23,48.0099983215332
2022-09-26,47.36000061035156
2022-09-27,47.46500015258789
2022-09-28,47.34000015258789
2022-09-29,46.35499954223633
2022-09-30,46.744998931884766
2022-10-03,46.44499969482422
2022-10-04,48.36000061035156
2022-10-05,47.07500076293945
2022-10-06,46.84000015258789
2022-10-07,46.625
2022-10-10,46.26499938964844
2022-10-11,46.650001525878906
2022-10-12,47.20500183105469
2022-10-13,46.98500061035156
2022-10-14,47.154998779296875
2022-10-17,47.540000915527344
2022-10-18,47.7599983215332
2022-10-19,46.65999984741211
2022-10-20,46.35499954223633
2022-10-21,46.54999923706055
2022-10-24,47.154998779296875
2022-10-25,47.40999984741211
2022-10-26,47.22999954223633
2022-10-27,50.0
2022-10-28,50.20000076293945
2022-10-31,50.599998474121094
2022-11-01,51.59000015258789
2022-11-02,50.720001220703125
2022-11-03,50.310001373291016
2022-11-04,52.22999954223633
2022-11-07,52.619998931884766
2022-11-08,52.470001220703125
2022-11-09,52.189998626708984
2022-11-10,52.900001525878906
2022-11-11,53.380001068115234
2022-11-14,53.310001373291016
2022-11-15,53.040000915527344
2022-11-16,52.91999816894531
2022-11-17,52.970001220703125
2022-11-18,53.58000183105469
2022-11-21,53.939998626708984
2022-11-22,54.20000076293945
2022-11-23,54.04999923706055
2022-11-24,54.529998779296875
2022-11-25,54.56999969482422
2022-11-28,56.18000030517578
2022-11-29,56.20000076293945
2022-11-30,56.04999923706055
2022-12-01,56.88999938964844
2022-12-02,57.150001525878906
2022-12-05,56.41999816894531
2022-12-06,56.58000183105469
2022-12-07,56.36000061035156
2022-12-08,56.540000915527344
2022-12-09,56.880001068115234
2022-12-12,56.540000915527344
2022-12-13,57.59000015258789
2022-12-14,57.540000915527344
2022-12-15,55.900001525878906
2022-12-16,55.9900016784668
2022-12-19,56.220001220703125
2022-12-20,56.13999938964844
2022-12-21,56.95000076293945
2022-12-22,56.86000061035156
2022-12-23,56.779998779296875
2022-12-27,56.849998474121094
2022-12-28,56.790000915527344
2022-12-29,56.97999954223633
2022-12-30,56.27000045776367
2023-01-02,56.900001525878906
2023-01-03,56.84000015258789
2023-01-04,58.02000045776367
2023-01-05,57.13999938964844
2023-01-06,57.439998626708984
2023-01-09,56.77000045776367
2023-01-10,56.34000015258789
2023-01-11,56.93000030517578
2023-01-12,55.9900016784668
2023-01-13,56.290000915527344
2023-01-16,56.349998474121094
2023-01-17,56.70000076293945
2023-01-18,55.709999084472656
2023-01-19,55.04999923706055
2023-01-20,55.02000045776367
2023-01-23,54.959999084472656
2023-01-24,54.7599983215332
2023-01-25,54.86000061035156
2023-01-26,54.70000076293945
2023-01-27,54.13999938964844
2023-01-30,54.5099983215332
2023-01-31,55.09000015258789
2023-02-01,55.02000045776367
2023-02-02,55.0
2023-02-03,54.939998626708984
2023-02-06,54.75
2023-02-07,54.47999954223633
2023-02-08,54.4900016784668
2023-02-09,54.4900016784668
2023-02-10,54.5
2023-02-13,54.790000915527344
2023-02-14,54.709999084472656
2023-02-15,55.40999984741211
2023-02-16,55.380001068115234
2023-02-17,55.0099983215332
2023-02-20,55.56999969482422
2023-02-21,55.560001373291016
2023-02-22,56.65999984741211
2023-02-23,57.130001068115234
2023-02-24,56.689998626708984
2023-02-27,57.209999084472656
2023-02-28,57.22999954223633
2023-03-01,56.619998931884766
2023-03-02,56.88999938964844
2023-03-03,57.849998474121094
2023-03-06,57.119998931884766
2023-03-07,56.939998626708984
2023-03-08,57.0
2023-03-09,57.630001068115234
2023-03-10,57.41999816894531
2023-03-13,55.689998626708984
2023-03-14,56.75
2023-03-15,55.77000045776367
2023-03-16,57.040000915527344
2023-03-17,56.290000915527344
2023-03-20,56.40999984741211
2023-03-21,57.029998779296875
2023-03-22,57.59000015258789
2023-03-23,57.25
2023-03-24,57.470001220703125
2023-03-27,58.13999938964844
2023-03-28,58.459999084472656
2023-03-29,60.119998931884766
2023-03-30,60.650001525878906
2023-03-31,61.33000183105469
2023-04-03,61.15999984741211
2023-04-04,60.9900016784668
2023-04-05,61.220001220703125
2023-04-06,61.08000183105469
2023-04-11,60.61000061035156
2023-04-12,58.63999938964844
2023-04-13,58.13999938964844
2023-04-14,58.7400016784668
2023-04-17,59.41999816894531
2023-04-18,58.790000915527344
2023-04-19,60.20000076293945
2023-04-20,59.86000061035156
2023-04-21,59.66999816894531
2023-04-24,59.81999969482422
2023-04-25,60.08000183105469
2023-04-26,60.209999084472656
2023-04-27,59.689998626708984
2023-04-28,59.099998474121094
2023-05-02,58.29999923706055
2023-05-03,58.029998779296875
2023-05-04,59.47999954223633
2023-05-05,58.720001220703125
2023-05-08,58.779998779296875
2023-05-09,58.20000076293945
2023-05-10,56.45000076293945
2023-05-11,56.5099983215332
2023-05-12,56.279998779296875
2023-05-15,56.279998779296875
2023-05-16,55.560001373291016
2023-05-17,54.36000061035156
2023-05-18,54.7599983215332
2023-05-19,54.849998474121094
2023-05-22,54.5
2023-05-23,54.5099983215332
2023-05-24,53.439998626708984
2023-05-25,53.0099983215332
2023-05-26,53.16999816894531
2023-05-29,52.95000076293945
2023-05-30,51.279998779296875
2023-05-31,49.90999984741211
2023-06-01,50.31999969482422
2023-06-02,50.90999984741211
2023-06-05,50.90999984741211
2023-06-06,51.150001525878906
2023-06-07,51.65999984741211
2023-06-08,50.86000061035156
2023-06-09,51.16999816894531
2023-06-12,51.04999923706055
2023-06-13,51.459999084472656
2023-06-14,52.31999969482422
2023-06-15,53.08000183105469
2023-06-16,53.459999084472656
2023-06-19,52.34000015258789
2023-06-20,52.0
2023-06-21,51.68000030517578
2023-06-22,52.61000061035156
2023-06-23,52.400001525878906
2023-06-26,51.7599983215332
2023-06-27,51.52000045776367
2023-06-28,51.36000061035156
2023-06-29,51.06999969482422
2023-06-30,51.83000183105469
2023-07-03,52.47999954223633
2023-07-04,52.16999816894531
2023-07-05,52.290000915527344
2023-07-06,50.869998931884766
2023-07-07,50.630001068115234
2023-07-10,50.68000030517578
2023-07-11,50.91999816894531
2023-07-12,51.59000015258789
2023-07-13,51.790000915527344
2023-07-14,51.75
2023-07-17,51.290000915527344
2023-07-18,51.47999954223633
2023-07-19,52.0
2023-07-20,52.619998931884766
2023-07-21,52.70000076293945
2023-07-24,52.70000076293945
2023-07-25,52.91999816894531
2023-07-26,52.84000015258789
2023-07-27,53.470001220703125
2023-07-28,53.52000045776367
2023-07-31,52.04999923706055
2023-08-01,51.52000045776367
2023-08-02,51.060001373291016
2023-08-03,51.720001220703125
2023-08-04,51.75
2023-08-07,51.310001373291016
2023-08-08,51.29999923706055
2023-08-09,51.290000915527344
2023-08-10,51.93000030517578
2023-08-11,51.15999984741211
2023-08-14,51.47999954223633
2023-08-15,50.88999938964844
2023-08-16,50.72999954223633
2023-08-17,51.0
2023-08-18,51.11000061035156
2023-08-21,51.369998931884766
2023-08-22,51.630001068115234
2023-08-23,52.130001068115234
2023-08-24,52.189998626708984
2023-08-25,52.25
2023-08-28,52.81999969482422
2023-08-29,52.81999969482422
2023-08-30,53.02000045776367
2023-08-31,52.5
2023-09-01,51.959999084472656
2023-09-04,51.369998931884766
2023-09-05,51.849998474121094
2023-09-06,52.459999084472656
2023-09-07,52.47999954223633
2023-09-08,52.41999816894531
2023-09-11,52.84000015258789
2023-09-12,52.45000076293945
2023-09-13,52.20000076293945
2023-09-14,52.970001220703125
2023-09-15,53.33000183105469
2023-09-18,53.630001068115234
2023-09-19,53.790000915527344
2023-09-20,53.40999984741211
2023-09-21,53.31999969482422
2023-09-22,53.130001068115234
2023-09-25,52.220001220703125
2023-09-26,51.310001373291016
2023-09-27,50.869998931884766
2023-09-28,50.79999923706055
2023-09-29,52.5099983215332
2023-10-02,51.04999923706055
2023-10-03,50.59000015258789
2023-10-04,50.13999938964844
2023-10-05,51.040000915527344
2023-10-06,49.44499969482422
2023-10-09,49.4900016784668
2023-10-10,50.630001068115234
2023-10-11,51.33000183105469
2023-10-12,51.08000183105469
2023-10-13,50.84000015258789
2023-10-16,51.31999969482422
2023-10-17,51.099998474121094
2023-10-18,50.66999816894531
2023-10-19,50.54999923706055
2023-10-20,49.875
2023-10-23,49.814998626708984
2023-10-24,50.189998626708984
2023-10-25,51.099998474121094
2023-10-26,50.720001220703125
2023-10-27,50.400001525878906
2023-10-30,50.849998474121094
2023-10-31,53.630001068115234
2023-11-01,53.380001068115234
2023-11-02,54.38999938964844
2023-11-03,55.11000061035156
2023-11-06,54.84000015258789
2023-11-07,55.36000061035156
2023-11-08,55.65999984741211
2023-11-09,56.279998779296875
2023-11-10,55.40999984741211
2023-11-13,55.91999816894531
2023-11-14,56.20000076293945
2023-11-15,56.4900016784668
2023-11-16,56.439998626708984
2023-11-17,56.22999954223633
2023-11-20,56.41999816894531
2023-11-21,56.81999969482422
2023-11-22,57.630001068115234
2023-11-23,57.529998779296875
2023-11-24,57.720001220703125
2023-11-27,57.20000076293945
2023-11-28,57.27000045776367
2023-11-29,57.18000030517578
2023-11-30,57.61000061035156
2023-12-01,58.25
2023-12-04,58.36000061035156
2023-12-05,58.43000030517578
2023-12-06,58.34000015258789
2023-12-07,58.22999954223633
2023-12-08,58.709999084472656
2023-12-11,58.560001373291016
2023-12-12,58.65999984741211
2023-12-13,57.41999816894531
2023-12-14,57.52000045776367
2023-12-15,57.529998779296875
2023-12-18,57.380001068115234
2023-12-19,57.7599983215332
2023-12-20,58.08000183105469
2023-12-21,57.599998474121094
2023-12-22,58.38999938964844
2023-12-27,58.310001373291016
2023-12-28,58.369998931884766
2023-12-29,58.41999816894531
2024-01-02,58.77000045776367
2024-01-03,58.369998931884766
2024-01-04,58.810001373291016
2024-01-05,58.86000061035156
2024-01-08,59.380001068115234
2024-01-09,59.599998474121094
2024-01-10,60.09000015258789
2024-01-11,59.150001525878906
2024-01-12,59.4900016784668
2024-01-15,59.56999969482422
2024-01-16,58.650001525878906
2024-01-17,57.72999954223633
2024-01-18,57.45000076293945
2024-01-19,57.630001068115234
2024-01-22,57.790000915527344
2024-01-23,57.369998931884766
2024-01-24,57.7599983215332
2024-01-25,57.20000076293945
2024-01-26,57.20000076293945
2024-01-29,57.439998626708984
2024-01-30,57.470001220703125
2024-01-31,57.5099983215332
2024-02-01,57.43000030517578
2024-02-02,57.310001373291016
2024-02-05,57.650001525878906
2024-02-06,58.13999938964844
2024-02-07,60.59000015258789
2024-02-08,60.650001525878906
2024-02-09,59.959999084472656
2024-02-12,59.849998474121094
2024-02-13,59.400001525878906
2024-02-14,57.91999816894531
2024-02-15,58.27000045776367
2024-02-16,57.810001373291016
2024-02-19,58.22999954223633
2024-02-20,58.2599983215332
2024-02-21,58.5
2024-02-22,58.47999954223633
2024-02-23,58.470001220703125
2024-02-26,58.27000045776367
2024-02-27,58.08000183105469
2024-02-28,57.56999969482422
2024-02-29,55.720001220703125
2024-03-01,55.779998779296875
2024-03-04,55.61000061035156
2024-03-05,55.599998474121094
2024-03-06,55.68000030517578
2024-03-07,56.13999938964844
2024-03-08,56.61000061035156
2024-03-11,57.54999923706055
2024-03-12,57.95000076293945
2024-03-13,58.81999969482422
2024-03-14,55.970001220703125
2024-03-15,55.38999938964844
2024-03-18,55.18000030517578
2024-03-19,55.16999816894531
2024-03-20,54.939998626708984
2024-03-21,54.81999969482422
2024-03-22,55.16999816894531
2024-03-25,55.52000045776367
2024-03-26,55.81999969482422
2024-03-27,56.25
2024-03-28,56.459999084472656
2024-04-02,56.220001220703125
2024-04-03,55.880001068115234
2024-04-04,55.279998779296875
2024-04-05,55.36000061035156
2024-04-08,55.540000915527344
2024-04-09,55.720001220703125
2024-04-10,55.279998779296875
2024-04-11,55.540000915527344
2024-04-12,55.459999084472656
2024-04-15,54.79999923706055
2024-04-16,53.86000061035156
2024-04-17,53.86000061035156
2024-04-18,54.15999984741211
2024-04-19,54.959999084472656
2024-04-22,55.70000076293945
2024-04-23,55.84000015258789
2024-04-24,56.040000915527344
2024-04-25,56.060001373291016
2024-04-26,56.119998931884766
2024-04-29,56.41999816894531
2024-04-30,56.15999984741211
2024-05-02,55.97999954223633
2024-05-03,55.52000045776367
2024-05-06,55.47999954223633
2024-05-07,56.540000915527344
2024-05-08,58.779998779296875
2024-05-09,58.959999084472656
2024-05-10,59.47999954223633
2024-05-13,60.02000045776367
2024-05-14,60.41999816894531
2024-05-15,61.060001373291016
2024-05-16,61.2400016784668
2024-05-17,62.119998931884766
2024-05-20,61.619998931884766
2024-05-21,61.20000076293945
2024-05-22,60.5
2024-05-23,59.880001068115234
2024-05-24,60.02000045776367
2024-05-27,59.880001068115234
2024-05-28,58.65999984741211
2024-05-29,57.65999984741211
2024-05-30,57.619998931884766
2024-05-31,57.619998931884766
2024-06-03,57.7599983215332
2024-06-04,57.099998474121094
2024-06-05,57.279998779296875
2024-06-06,58.29999923706055
2024-06-07,57.79999923706055
2024-06-10,57.2599983215332
2024-06-11,56.7599983215332
2024-06-12,57.119998931884766
2024-06-13,56.099998474121094
2024-06-14,55.459999084472656
2024-06-17,55.619998931884766
2024-06-18,55.29999923706055
2024-06-19,55.08000183105469
2024-06-20,55.52000045776367
2024-06-21,55.060001373291016
2024-06-24,56.65999984741211
2024-06-25,55.880001068115234
2024-06-26,55.459999084472656
2024-06-27,55.15999984741211
2024-06-28,54.119998931884766
2024-07-01,54.439998626708984
2024-07-02,54.599998474121094
2024-07-03,55.65999984741211
2024-07-04,55.779998779296875
2024-07-05,55.13999938964844
2024-07-08,55.02000045776367
2024-07-09,54.65999984741211
2024-07-10,55.52000045776367
2024-07-11,56.20000076293945
2024-07-12,56.560001373291016
2024-07-15,55.34000015258789
2024-07-16,54.86000061035156
2024-07-17,56.20000076293945
2024-07-18,56.29999923706055
2024-07-19,55.47999954223633
2024-07-22,56.02000045776367
2024-07-23,55.79999923706055
2024-07-24,55.68000030517578
2024-07-25,55.86000061035156
2024-07-26,56.15999984741211
2024-07-29,55.08000183105469
2024-07-30,55.02000045776367
2024-07-31,54.959999084472656
2024-08-01,56.34000015258789
2024-08-02,57.58000183105469
2024-08-05,55.619998931884766
2024-08-06,55.13999938964844
2024-08-07,55.79999923706055
2024-08-08,55.58000183105469
2024-08-09,55.459999084472656
2024-08-12,55.20000076293945
2024-08-13,54.86000061035156
2024-08-14,54.91999816894531
2024-08-15,55.20000076293945
2024-08-16,55.040000915527344
2024-08-19,55.08000183105469
2024-08-20,54.380001068115234
2024-08-21,54.68000030517578
2024-08-22,55.0
2024-08-23,55.15999984741211
2024-08-26,55.02000045776367
2024-08-27,55.439998626708984
2024-08-28,55.2599983215332
2024-08-29,55.52000045776367
2024-08-30,55.29999923706055
2024-09-02,55.20000076293945
2024-09-03,55.65999984741211
2024-09-04,56.52000045776367
2024-09-05,57.2599983215332
2024-09-06,56.560001373291016
2024-09-09,57.7599983215332
2024-09-10,58.279998779296875
2024-09-11,58.2599983215332
2024-09-12,58.540000915527344
2024-09-13,58.560001373291016
2024-09-16,58.119998931884766
2024-09-17,58.0
2024-09-18,57.31999969482422
2024-09-19,57.439998626708984
2024-09-20,56.599998474121094
2024-09-23,56.84000015258789
2024-09-24,57.7599983215332
2024-09-25,56.7400016784668
2024-09-26,58.560001373291016
2024-09-27,59.619998931884766
2024-09-30,59.380001068115234
2024-10-01,60.31999969482422
2024-10-02,60.040000915527344
2024-10-03,60.2400016784668
2024-10-04,60.20000076293945
2024-10-07,59.380001068115234
2024-10-08,58.52000045776367
2024-10-09,58.84000015258789
2024-10-10,58.7599983215332
2024-10-11,59.380001068115234
2024-10-14,59.599998474121094
2024-10-15,60.47999954223633
2024-10-16,59.91999816894531
2024-10-17,60.560001373291016
2024-10-18,60.720001220703125
2024-10-21,60.18000030517578
2024-10-22,59.720001220703125
2024-10-23,59.7599983215332
2024-10-24,59.86000061035156
2024-10-25,59.540000915527344
2024-10-28,59.7400016784668
2024-10-29,59.5
2024-10-30,58.380001068115234
2024-10-31,54.97999954223633
2024-11-01,55.13999938964844
2024-11-04,53.959999084472656
2024-11-05,53.959999084472656
2024-11-06,52.7400016784668
2024-11-07,53.720001220703125
2024-11-08,53.29999923706055
2024-11-11,53.63999938964844
2024-11-12,52.5
2024-11-13,52.619998931884766
2024-11-14,53.619998931884766
2024-11-15,53.18000030517578
2024-11-18,53.380001068115234
2024-11-19,53.0
2024-11-20,52.31999969482422
2024-11-21,52.2400016784668
2024-11-22,52.58000183105469
2024-11-25,52.65999984741211
2024-11-26,51.279998779296875
2024-11-27,51.29999923706055
2024-11-28,51.040000915527344
2024-11-29,50.939998626708984
2024-12-02,51.099998474121094
2024-12-03,51.2599983215332
2024-12-04,50.540000915527344
2024-12-05,50.47999954223633
2024-12-06,50.279998779296875
2024-12-09,50.5
2024-12-10,50.459999084472656
2024-12-11,50.2400016784668
2024-12-12,50.959999084472656
2024-12-13,51.220001220703125
2024-12-16,50.58000183105469
2024-12-17,49.56999969482422
2024-12-18,48.93000030517578
2024-12-19,48.38999938964844
2024-12-20,48.13999938964844
2024-12-23,48.25
2024-12-24,48.41999816894531
2024-12-27,48.720001220703125
2024-12-30,48.02000045776367
2024-12-31,48.25
2025-01-02,48.7599983215332
2025-01-03,47.380001068115234
2025-01-06,47.540000915527344
2025-01-07,47.7400016784668
2025-01-08,47.400001525878906
2025-01-09,47.619998931884766
2025-01-10,45.650001525878906
2025-01-13,45.459999084472656
2025-01-14,45.060001373291016
2025-01-15,45.20000076293945
2025-01-16,45.439998626708984
2025-01-17,46.66999816894531
2025-01-20,47.11000061035156
2025-01-21,46.58000183105469
2025-01-22,46.08000183105469
2025-01-23,46.099998474121094
2025-01-24,46.619998931884766
2025-01-27,47.4900016784668
2025-01-28,47.439998626708984
2025-01-29,47.189998626708984
2025-01-30,47.84000015258789
2025-01-31,47.689998626708984
2025-02-03,47.38999938964844
2025-02-04,47.06999969482422
2025-02-05,46.959999084472656
2025-02-06,48.61000061035156
2025-02-07,48.900001525878906
2025-02-10,48.779998779296875
2025-02-11,48.790000915527344
2025-02-12,50.18000030517578
2025-02-13,50.900001525878906
2025-02-14,50.7400016784668
2025-02-17,50.720001220703125
2025-02-18,50.84000015258789
2025-02-19,50.5
2025-02-20,50.619998931884766
2025-02-21,51.619998931884766
2025-02-24,52.08000183105469
2025-02-25,52.31999969482422
2025-02-26,56.79999923706055
2025-02-27,57.7599983215332
2025-02-28,57.63999938964844
2025-03-03,58.400001525878906
2025-03-04,58.5
2025-03-05,57.70000076293945
2025-03-06,57.7400016784668
2025-03-07,58.2599983215332
2025-03-10,58.2400016784668
2025-03-11,57.02000045776367
2025-03-12,57.36000061035156
2025-03-13,56.81999969482422
2025-03-14,57.34000015258789
2025-03-17,58.099998474121094
2025-03-18,58.0
2025-03-19,58.02000045776367
2025-03-20,58.060001373291016
2025-03-21,58.13999938964844
2025-03-24,57.040000915527344
2025-03-25,57.20000076293945
2025-03-26,57.099998474121094
2025-03-27,57.2599983215332
2025-03-28,57.720001220703125
2025-03-31,56.91999816894531
2025-04-01,57.2400016784668
2025-04-02,57.29999923706055
2025-04-03,57.400001525878906
2025-04-04,55.900001525878906
2025-04-07,53.81999969482422
2025-04-08,54.900001525878906
2025-04-09,53.08000183105469
2025-04-10,54.20000076293945
2025-04-11,54.459999084472656
2025-04-14,55.400001525878906
2025-04-15,56.060001373291016
2025-04-16,57.540000915527344
2025-04-17,57.779998779296875
2025-04-22,58.41999816894531
2025-04-23,58.29999923706055
2025-04-24,58.2400016784668
2025-04-25,57.31999969482422
2025-04-28,57.29999923706055
2025-04-29,56.779998779296875
2025-04-30,57.599998474121094
2025-05-02,58.439998626708984
2025-05-05,58.34000015258789
2025-05-06,57.86000061035156
2025-05-07,57.58000183105469
2025-05-08,59.41999816894531
2025-05-09,59.84000015258789
2025-05-12,59.63999938964844
2025-05-13,58.81999969482422
2025-05-14,59.220001220703125
2025-05-15,60.2400016784668
2025-05-16,60.31999969482422
2025-05-19,60.7400016784668
2025-05-20,60.84000015258789
2025-05-21,60.7400016784668
2025-05-22,60.79999923706055
2025-05-23,60.70000076293945
2025-05-26,61.47999954223633
2025-05-27,61.959999084472656
2025-05-28,62.0
2025-05-29,61.86000061035156
2025-05-30,62.040000915527344
2025-06-02,61.939998626708984
2025-06-03,62.220001220703125
2025-06-04,62.779998779296875
2025-06-05,62.36000061035156
2025-06-06,62.18000030517578
2025-06-09,62.119998931884766
2025-06-10,61.86000061035156
2025-06-11,61.70000076293945
2025-06-12,61.779998779296875
2025-06-13,61.959999084472656
2025-06-16,61.91999816894531
2025-06-17,61.560001373291016
2025-06-18,61.7599983215332
2025-06-19,61.380001068115234
2025-06-20,62.13999938964844
2025-06-23,61.65999984741211
2025-06-24,61.099998474121094
2025-06-25,58.91999816894531
2025-06-26,59.060001373291016
2025-06-27,58.7599983215332
2025-06-30,58.2400016784668
2025-07-01,59.220001220703125
2025-07-02,58.880001068115234
2025-07-03,58.7400016784668
2025-07-04,58.939998626708984
2025-07-07,58.720001220703125
2025-07-08,57.959999084472656
2025-07-09,57.65999984741211
2025-07-10,58.0
2025-07-11,57.720001220703125
2025-07-14,57.97999954223633
2025-07-15,57.70000076293945
2025-07-16,57.599998474121094
2025-07-17,58.36000061035156
2025-07-18,58.380001068115234
2025-07-21,58.70000076293945
2025-07-22,58.939998626708984
2025-07-23,59.58000183105469
2025-07-24,59.97999954223633
2025-07-25,59.599998474121094
2025-07-28,57.439998626708984
2025-07-29,57.63999938964844
2025-07-30,58.119998931884766
2025-07-31,51.400001525878906
2025-08-01,49.939998626708984
2025-08-04,50.41999816894531
2025-08-05,51.459999084472656
2025-08-06,51.7400016784668
2025-08-07,52.439998626708984
2025-08-08,53.02000045776367
2025-08-11,52.720001220703125
2025-08-12,52.619998931884766
2025-08-13,52.560001373291016
2025-08-14,52.099998474121094
2025-08-15,52.52000045776367
2025-08-18,53.119998931884766
2025-08-19,53.41999816894531
2025-08-20,53.97999954223633
2025-08-21,54.2599983215332
2025-08-22,54.2400016784668
2025-08-25,54.2400016784668
2025-08-26,53.63999938964844
2025-08-27,54.0
2025-08-28,53.7599983215332
2025-08-29,53.540000915527344
2025-09-01,53.400001525878906
2025-09-02,52.540000915527344
2025-09-03,51.380001068115234
2025-09-04,50.959999084472656
2025-09-05,51.31999969482422
2025-09-08,50.63999938964844
2025-09-09,50.779998779296875
2025-09-10,50.439998626708984
2025-09-11,50.439998626708984
2025-09-12,50.0
2025-09-15,50.060001373291016
2025-09-16,49.040000915527344
2025-09-17,49.81999969482422
2025-09-18,50.040000915527344
2025-09-19,50.47999954223633
2025-09-22,49.790000915527344
2025-09-23,49.959999084472656
2025-09-24,50.619998931884766
2025-09-25,51.099998474121094
2025-09-26,50.84000015258789
2025-09-29,50.959999084472656
2025-09-30,50.79999923706055
2025-10-01,50.68000030517578
2025-10-02,51.380001068115234
2025-10-03,50.599998474121094
2025-10-06,50.119998931884766
2025-10-07,51.220001220703125
2025-10-08,51.459999084472656
2025-10-09,51.099998474121094
2025-10-10,51.36000061035156
2025-10-13,51.220001220703125
2025-10-14,51.34000015258789
2025-10-15,52.0
2025-10-16,52.900001525878906
2025-10-17,53.36000061035156
2025-10-20,53.47999954223633
2025-10-21,53.13999938964844
2025-10-22,53.560001373291016
2025-10-23,52.86000061035156
2025-10-24,52.7599983215332
2025-10-27,52.86000061035156
2025-10-28,53.13999938964844
2025-10-29,52.97999954223633
2025-10-30,51.86000061035156
2025-10-31,52.900001525878906
2025-11-03,53.060001373291016
2025-11-04,54.099998474121094
2025-11-05,54.439998626708984
2025-11-06,54.459999084472656
2025-11-07,54.459999084472656
2025-11-10,54.52000045776367
2025-11-11,55.84000015258789
2025-11-12,56.13999938964844
2025-11-13,55.720001220703125
2025-11-14,54.720001220703125
2025-11-17,53.91999816894531
2025-11-18,52.619998931884766
2025-11-19,52.900001525878906
2025-11-20,52.84000015258789
2025-11-21,54.400001525878906
2025-11-24,53.86000061035156
2025-11-25,54.5
2025-11-26,53.41999816894531
2025-11-27,53.720001220703125
2025-11-28,53.02000045776367
2025-12-01,53.70000076293945
2025-12-02,53.060001373291016
2025-12-03,53.040000915527344
2025-12-04,52.540000915527344
2025-12-05,52.720001220703125
2025-12-08,51.7599983215332
2025-12-09,51.97999954223633
2025-12-10,53.0
2025-12-11,54.119998931884766
2025-12-12,54.13999938964844
2025-12-15,54.97999954223633
2025-12-16,54.86000061035156
2025-12-17,55.58000183105469
2025-12-18,55.34000015258789
2025-12-19,55.47999954223633
2025-12-22,54.119998931884766
2025-12-23,54.2599983215332
2025-12-24,54.380001068115234
2025-12-29,54.880001068115234
2025-12-30,54.91999816894531
2025-12-31,54.900001525878906
