date,close
2011-01-03,1.007353663444519
2011-01-04,1.007668375968933
2011-01-05,1.0030090808868408
2011-01-06,1.0035122632980347
2011-01-07,1.0025062561035156
2011-01-10,1.0082677602767944
2011-01-11,1.0074551105499268
2011-01-12,1.0109485387802124
2011-01-13,1.0137875080108643
2011-01-14,1.011091709136963
2011-01-17,1.012719750404358
2011-01-18,1.0129659175872803
2011-01-19,1.007962942123413
2011-01-20,1.004752516746521
2011-01-21,1.0031095743179321
2011-01-24,1.0066438913345337
2011-01-25,1.0065830945968628
2011-01-26,1.0032103061676025
2011-01-27,1.0055404901504517
2011-01-28,1.0048232078552246
2011-01-31,0.9977052807807922
2011-02-01,1.000100016593933
2011-02-02,1.009896993637085
2011-02-03,1.0126582384109497
2011-02-04,1.0092854499816895
2011-02-07,1.0126582384109497
2011-02-08,1.0099989175796509
2011-02-09,1.0048232078552246
2011-02-10,1.0060462951660156
2011-02-11,1.0042177438735962
2011-02-14,1.0131711959838867
2011-02-15,1.0106114149093628
2011-02-16,1.0107033252716064
2011-02-17,1.0158472061157227
2011-02-18,1.0163633823394775
2011-02-21,1.015146017074585
2011-02-22,1.0177081823349
2011-02-23,1.0105092525482178
2011-02-24,1.011725902557373
2011-02-25,1.018288493156433
2011-02-28,1.0229133367538452
2011-03-01,1.0297495126724243
2011-03-02,1.0262304544448853
2011-03-03,1.0279605388641357
2011-03-04,1.0281718969345093
2011-03-07,1.0290712118148804
2011-03-08,1.0276647806167603
2011-03-09,1.0300782918930054
2011-03-10,1.0324605703353882
2011-03-11,1.02574622631073
2011-03-14,1.026915431022644
2011-03-15,1.0266940593719482
2011-03-16,1.0166734457015991
2011-03-17,1.0076582431793213
2011-03-18,1.0160433053970337
2011-03-21,1.0167354345321655
2011-03-22,1.0218679904937744
2011-03-23,1.0185374021530151
2011-03-24,1.019866943359375
2011-03-25,1.0241703987121582
2011-03-28,1.019160270690918
2011-03-29,1.022494912147522
2011-03-30,1.0264726877212524
2011-03-31,1.0293360948562622
2011-04-01,1.0312467813491821
2011-04-04,1.038421630859375
2011-04-05,1.034554123878479
2011-04-06,1.037882685661316
2011-04-07,1.041775107383728
2011-04-08,1.0428615808486938
2011-04-11,1.046156406402588
2011-04-12,1.0461344718933105
2011-04-13,1.0393929481506348
2011-04-14,1.0388531684875488
2011-04-18,1.0416667461395264
2011-04-19,1.0372368097305298
2011-04-20,1.046462893486023
2011-04-21,1.0494170188903809
2011-04-22,1.049428105354309
2011-04-25,1.0492298603057861
2011-04-26,1.048327922821045
2011-04-27,1.0520778894424438
2011-04-28,1.051745891571045
2011-04-29,1.0524100065231323
2011-05-02,1.0577198266983032
2011-05-03,1.0513036251068115
2011-05-04,1.0498688220977783
2011-05-05,1.0438413619995117
2011-05-06,1.0351324081420898
2011-05-09,1.0372368097305298
2011-05-10,1.0379904508590698
2011-05-11,1.0454018115997314
2011-05-12,1.041775107383728
2011-05-13,1.0383245944976807
2011-05-16,1.0317788124084473
2011-05-17,1.0259567499160767
2011-05-18,1.0293360948562622
2011-05-19,1.0315659046173096
2011-05-20,1.0344470739364624
2011-05-23,1.0256409645080566
2011-05-24,1.0230178833007812
2011-05-25,1.0241703987121582
2011-05-26,1.0231225490570068
2011-05-27,1.021346092224121
2011-05-30,1.0235414505004883
2011-05-31,1.0238977670669556
2011-06-01,1.033698558807373
2011-06-02,1.0237510204315186
2011-06-03,1.0256409645080566
2011-06-06,1.0239607095718384
2011-06-07,1.0206164121627808
2011-06-08,1.0266835689544678
2011-06-09,1.0212417840957642
2011-06-10,1.0273269414901733
2011-06-13,1.0208247900009155
2011-06-14,1.0242648124694824
2011-06-15,1.0325244665145874
2011-06-16,1.0222439765930176
2011-06-17,1.018952488899231
2011-06-20,1.0196797847747803
2011-06-21,1.0212210416793823
2011-06-22,1.028510332107544
2011-06-23,1.0268205404281616
2011-06-24,1.0228086709976196
2011-06-27,1.011224627494812
2011-06-28,1.0148162841796875
2011-06-29,1.0186411142349243
2011-06-30,1.033698558807373
2011-07-01,1.0375596284866333
2011-07-04,1.0431879758834839
2011-07-05,1.0423181056976318
2011-07-06,1.0387451648712158
2011-07-07,1.036591649055481
2011-07-08,1.043623447418213
2011-07-11,1.0388314723968506
2011-07-12,1.0328444242477417
2011-07-13,1.0354111194610596
2011-07-14,1.045259714126587
2011-07-15,1.042209506034851
2011-07-18,1.048327922821045
2011-07-19,1.0423181056976318
2011-07-20,1.0526316165924072
2011-07-21,1.0566357374191284
2011-07-22,1.0595802068710327
2011-07-25,1.053629755973816
2011-07-26,1.056155800819397
2011-07-27,1.06022047996521
2011-07-28,1.0538740158081055
2011-07-29,1.0530749559402466
2011-08-01,1.0481081008911133
2011-08-02,1.0468025207519531
2011-08-03,1.0400415658950806
2011-08-04,1.040474534034729
2011-08-05,1.0196797847747803
2011-08-08,1.0145074129104614
2011-08-09,1.0078409910202026
2011-08-10,1.0203040838241577
2011-08-11,1.004722237586975
2011-08-12,1.0146104097366333
2011-08-15,1.0115314722061157
2011-08-16,1.018952488899231
2011-08-17,1.0175009965896606
2011-08-18,1.0204081535339355
2011-08-19,1.009509563446045
2011-08-22,1.0090817213058472
2011-08-23,1.0096930265426636
2011-08-24,1.012248158454895
2011-08-25,1.0126582384109497
2011-08-26,1.0120433568954468
2011-08-29,1.01894211769104
2011-08-30,1.0244851112365723
2011-08-31,1.0218679904937744
2011-09-01,1.022494912147522
2011-09-02,1.0245901346206665
2011-09-05,1.0131711959838867
2011-09-06,1.0088781118392944
2011-09-07,1.0103051662445068
2011-09-08,1.0161775350570679
2011-09-09,1.0119715929031372
2011-09-12,1.0022048950195312
2011-09-13,1.0074551105499268
2011-09-14,1.0146104097366333
2011-09-15,1.010223388671875
2011-09-16,1.0154346227645874
2011-09-19,1.0186411142349243
2011-09-20,1.0064412355422974
2011-09-21,1.0067249536514282
2011-09-22,0.9942927360534668
2011-09-23,0.9727626442909241
2011-09-26,0.9734255075454712
2011-09-27,0.975134015083313
2011-09-28,0.9804018139839172
2011-09-29,0.9670243859291077
2011-09-30,0.9640412926673889
2011-10-03,0.9523810148239136
2011-10-04,0.9494872689247131
2011-10-05,0.948784589767456
2011-10-06,0.959757387638092
2011-10-07,0.9637624621391296
2011-10-10,0.9635768532752991
2011-10-11,0.9740892052650452
2011-10-12,0.9728193879127502
2011-10-13,0.9825113415718079
2011-10-14,0.9772304892539978
2011-10-17,0.9906875491142273
2011-10-18,0.978090763092041
2011-10-19,0.9850857257843018
2011-10-20,0.9817492961883545
2011-10-21,0.9840583205223083
2011-10-24,0.9907857179641724
2011-10-25,0.9967108964920044
2011-10-26,0.9837678074836731
2011-10-27,0.9960159659385681
2011-10-28,1.007962942123413
2011-10-31,1.0063399076461792
2011-11-01,1.0011012554168701
2011-11-02,0.9798158407211304
2011-11-03,0.9822314381599426
2011-11-04,0.9921422004699707
2011-11-07,0.9836710691452026
2011-11-08,0.9864851236343384
2011-11-09,0.9907857179641724
2011-11-10,0.9767532348632812
2011-11-11,0.983932375907898
2011-11-14,0.9906875491142273
2011-11-15,0.983535647392273
2011-11-16,0.977899432182312
2011-11-17,0.9754194021224976
2011-11-18,0.9715340733528137
2011-11-21,0.9730466604232788
2011-11-22,0.9621768593788147
2011-11-23,0.9635396599769592
2011-11-24,0.954280436038971
2011-11-25,0.9544716477394104
2011-11-28,0.9605779647827148
2011-11-29,0.9663702845573425
2011-11-30,0.9688795804977417
2011-12-01,0.9823182821273804
2011-12-02,0.9859696626663208
2011-12-05,0.9831874966621399
2011-12-06,0.983380913734436
2011-12-07,0.9910410046577454
2011-12-08,0.9906384944915771
2011-12-09,0.9781864285469055
2011-12-12,0.9819324612617493
2011-12-13,0.9731412529945374
2011-12-14,0.9667440056800842
2011-12-15,0.9626492261886597
2011-12-16,0.9677731394767761
2011-12-19,0.9630199670791626
2011-12-20,0.9635768532752991
2011-12-21,0.9722898006439209
2011-12-22,0.9734255075454712
2011-12-23,0.9794319272041321
2011-12-26,0.9800077676773071
2011-12-27,0.9799118638038635
2011-12-28,0.9809691905975342
2011-12-29,0.975324273109436
2011-12-30,0.9801038503646851
2012-01-02,0.9795278310775757
2012-01-03,0.9828975796699524
2012-01-04,0.9890217781066895
2012-01-05,0.9867772459983826
2012-01-06,0.9807767271995544
2012-01-09,0.9717229008674622
2012-01-10,0.978090763092041
2012-01-11,0.9835742712020874
2012-01-12,0.9821252822875977
2012-01-13,0.9823182821273804
2012-01-16,0.9762765169143677
2012-01-17,0.9827043414115906
2012-01-18,0.9854158759117126
2012-01-19,0.9886307716369629
2012-01-20,0.9886307716369629
2012-01-23,0.9852216839790344
2012-01-24,0.9926642179489136
2012-01-25,0.9910803437232971
2012-01-26,0.9956192374229431
2012-01-27,0.9976056814193726
2012-01-30,0.9986019730567932
2012-01-31,0.9976056814193726
2012-02-01,0.9970288872718811
2012-02-02,1.0025062561035156
2012-02-03,1.0006003379821777
2012-02-06,1.0065425634384155
2012-02-07,1.003814458847046
2012-02-08,1.0049644708633423
2012-02-09,1.0037137269973755
2012-02-10,1.0048232078552246
2012-02-13,0.9998999834060669
2012-02-14,0.9991008043289185
2012-02-15,1.001502275466919
2012-02-16,0.9997000694274902
2012-02-17,1.0033109188079834
2012-02-20,1.0086746215820312
2012-02-21,1.0051261186599731
2012-02-22,1.0034116506576538
2012-02-23,1.000100016593933
2012-02-24,1.002807855606079
2012-02-27,1.000400185585022
2012-02-28,1.0019036531448364
2012-02-29,1.0063399076461792
2012-03-01,1.0117361545562744
2012-03-02,1.0149707794189453
2012-03-05,1.0107135772705078
2012-03-06,1.0062386989593506
2012-03-07,0.9989012479782104
2012-03-08,1.0018032789230347
2012-03-09,1.009795069694519
2012-03-12,1.009795069694519
2012-03-13,1.0086746215820312
2012-03-14,1.011940836906433
2012-03-15,1.0063399076461792
2012-03-16,1.0078612565994263
2012-03-19,1.0091326236724854
2012-03-20,1.012555718421936
2012-03-21,1.0090817213058472
2012-03-22,1.0081660747528076
2012-03-23,1.001301646232605
2012-03-26,1.003612995147705
2012-03-27,1.0087764263153076
2012-03-28,1.004520297050476
2012-03-29,1.002305269241333
2012-03-30,1.003612995147705
2012-04-02,1.0039153099060059
2012-04-03,1.0101009607315063
2012-04-04,1.009183645248413
2012-04-05,1.0037137269973755
2012-04-06,1.0069479942321777
2012-04-09,1.002606749534607
2012-04-10,1.0035122632980347
2012-04-11,0.9952229857444763
2012-04-12,0.9967108964920044
2012-04-13,1.0053281784057617
2012-04-16,1.0010510683059692
2012-04-17,1.0003000497817993
2012-04-18,1.011224627494812
2012-04-19,1.0092854499816895
2012-04-20,1.0056315660476685
2012-04-23,1.0069479942321777
2012-04-24,1.0090817213058472
2012-04-25,1.013479232788086
2012-04-26,1.01781165599823
2012-04-27,1.014404535293579
2012-04-30,1.0194718837738037
2012-05-01,1.01236093044281
2012-05-02,1.0147134065628052
2012-05-03,1.0135819911956787
2012-05-04,1.0123506784439087
2012-05-07,1.0019036531448364
2012-05-08,1.0077292919158936
2012-05-09,1.0005003213882446
2012-05-10,0.9981036186218262
2012-05-11,0.9971083998680115
2012-05-14,0.9998000264167786
2012-05-15,0.9978048205375671
2012-05-16,0.9931473135948181
2012-05-17,0.9884352684020996
2012-05-18,0.9816432595252991
2012-05-21,0.9792401790618896
2012-05-22,0.9828009605407715
2012-05-23,0.9785692691802979
2012-05-24,0.9745638370513916
2012-05-25,0.9742790460586548
2012-05-28,0.9750390648841858
2012-05-29,0.9752291440963745
2012-05-30,0.9767532348632812
2012-05-31,0.970779538154602
2012-06-01,0.9680542349815369
2012-06-04,0.9581389427185059
2012-06-05,0.963483989238739
2012-06-06,0.9645154476165771
2012-06-07,0.9722898006439209
2012-06-08,0.9735202789306641
2012-06-11,0.9789525270462036
2012-06-12,0.9702144265174866
2012-06-13,0.974373996257782
2012-06-14,0.9724788069725037
2012-06-15,0.9773738384246826
2012-06-18,0.9800751209259033
2012-06-19,0.9783778786659241
2012-06-20,0.9825113415718079
2012-06-21,0.9807767271995544
2012-06-22,0.9721952676773071
2012-06-25,0.9740892052650452
2012-06-26,0.9720912575721741
2012-06-27,0.9764671921730042
2012-06-28,0.9756193161010742
2012-06-29,0.9676794409751892
2012-07-02,0.9824147820472717
2012-07-03,0.983380913734436
2012-07-04,0.9881423115730286
2012-07-05,0.9868746399879456
2012-07-06,0.9859988689422607
2012-07-09,0.9807767271995544
2012-07-10,0.9812001585960388
2012-07-11,0.9781864285469055
2012-07-12,0.9812580347061157
2012-07-13,0.9805845022201538
2012-07-16,0.9862905144691467
2012-07-17,0.9853187799453735
2012-07-18,0.9883375763893127
2012-07-19,0.9902951717376709
2012-07-20,0.992457389831543
2012-07-23,0.9859988689422607
2012-07-24,0.9823182821273804
2012-07-25,0.978062093257904
2012-07-26,0.9845426678657532
2012-07-27,0.9903932213783264
2012-07-30,0.9958176016807556
2012-07-31,0.9986518025398254
2012-08-01,0.9968101382255554
2012-08-02,0.9953022003173828
2012-08-03,0.9929993152618408
2012-08-06,0.999430239200592
2012-08-07,0.9994003772735596
2012-08-08,1.0025665760040283
2012-08-09,1.0050251483917236
2012-08-10,1.0087966918945312
2012-08-13,1.008593201637268
2012-08-14,1.0074551105499268
2012-08-15,1.0081356763839722
2012-08-16,1.0108157396316528
2012-08-17,1.0136847496032715
2012-08-20,1.0117361545562744
2012-08-21,1.0116337537765503
2012-08-22,1.0104684829711914
2012-08-23,1.0095911026000977
2012-08-24,1.006076693534851
2012-08-27,1.0079832077026367
2012-08-28,1.0097848176956177
2012-08-29,1.012248158454895
2012-08-30,1.0106114149093628
2012-08-31,1.0074551105499268
2012-09-03,1.0141987800598145
2012-09-04,1.0140856504440308
2012-09-05,1.0135819911956787
2012-09-06,1.009631872177124
2012-09-07,1.0175009965896606
2012-09-10,1.0221813917160034
2012-09-11,1.0236567258834839
2012-09-12,1.0273269414901733
2012-09-13,1.0244851112365723
2012-09-14,1.032769799232483
2012-09-17,1.0292407274246216
2012-09-18,1.0261672735214233
2012-09-19,1.0259567499160767
2012-09-20,1.0256409645080566
2012-09-21,1.0244851112365723
2012-09-24,1.0229133367538452
2012-09-25,1.0225367546081543
2012-09-26,1.019575834274292
2012-09-27,1.0160536766052246
2012-09-28,1.0196797847747803
2012-10-01,1.0160536766052246
2012-10-02,1.018433690071106
2012-10-03,1.0161569118499756
2012-10-04,1.0136950016021729
2012-10-05,1.0200647115707397
2012-10-08,1.0232900381088257
2012-10-09,1.0250837802886963
2012-10-10,1.0210436582565308
2012-10-11,1.018433690071106
2012-10-12,1.0226516723632812
2012-10-15,1.0199501514434814
2012-10-16,1.0194823741912842
2012-10-17,1.0145074129104614
2012-10-18,1.02228581905365
2012-10-19,1.0155377388000488
2012-10-22,1.0058237314224243
2012-10-23,1.0080645084381104
2012-10-24,1.0074551105499268
2012-10-25,1.0059350728988647
2012-10-26,1.005136251449585
2012-10-29,1.000800609588623
2012-10-30,0.999300479888916
2012-10-31,1.0004903078079224
2012-11-01,1.0
2012-11-02,1.0037137269973755
2012-11-05,1.0044194459915161
2012-11-06,1.0043185949325562
2012-11-07,1.0081660747528076
2012-11-08,1.0035122632980347
2012-11-09,0.9998100399971008
2012-11-12,1.0
2012-11-13,1.0000799894332886
2012-11-14,0.9982830286026001
2012-11-15,0.9961052536964417
2012-11-16,0.9993305206298828
2012-11-19,0.999760091304779
2012-11-20,1.0031095743179321
2012-11-21,1.0035828351974487
2012-11-22,1.0042883157730103
2012-11-23,1.002375602722168
2012-11-26,1.0064311027526855
2012-11-27,1.0073739290237427
2012-11-28,1.0058338642120361
2012-11-29,1.0081660747528076
2012-11-30,1.007049322128296
2012-12-03,1.0064412355422974
2012-12-05,1.0068870782852173
2012-12-06,1.0082677602767944
2012-12-07,1.008684754371643
2012-12-10,1.0132739543914795
2012-12-11,1.0137875080108643
2012-12-12,1.0141987800598145
2012-12-13,1.0156408548355103
2012-12-14,1.0160226821899414
2012-12-17,1.0144662857055664
2012-12-18,1.0165597200393677
2012-12-19,1.0141987800598145
2012-12-20,1.0114291906356812
2012-12-21,1.0126582384109497
2012-12-24,1.0063399076461792
2012-12-25,1.0074551105499268
2012-12-26,1.0088781118392944
2012-12-27,1.0062285661697388
2012-12-28,1.0053281784057617
2012-12-31,1.0056315660476685
2013-01-01,1.0080645084381104
2013-01-02,1.006137490272522
2013-01-03,1.0146104097366333
2013-01-04,1.0117361545562744
2013-01-07,1.0142090320587158
2013-01-08,1.0146104097366333
2013-01-09,1.0136847496032715
2013-01-10,1.0125454664230347
2013-01-11,1.0170559883117676
2013-01-14,1.0157440900802612
2013-01-15,1.0165390968322754
2013-01-16,1.0163633823394775
2013-01-17,1.0140959024429321
2013-01-18,1.014404535293579
2013-01-21,1.0080747604370117
2013-01-22,1.007353663444519
2013-01-23,1.0082677602767944
2013-01-24,1.0003000497817993
2013-01-25,0.9977052807807922
2013-01-28,0.9922603964805603
2013-01-29,0.9941346049308777
2013-01-30,0.9987016916275024
2013-01-31,0.9978048205375671
2013-02-01,1.0033109188079834
2013-02-04,1.0032103061676025
2013-02-05,1.002305269241333
2013-02-06,1.0046011209487915
2013-02-07,1.004520297050476
2013-02-08,1.002305269241333
2013-02-11,0.9963930249214172
2013-02-12,0.9947675466537476
2013-02-13,0.998432457447052
2013-02-14,0.9983327984809875
2013-02-15,0.9991008043289185
2013-02-18,0.9927529096603394
2013-02-19,0.9896091222763062
2013-02-20,0.9884352684020996
2013-02-21,0.983380913734436
2013-02-22,0.9828009605407715
2013-02-25,0.9783778786659241
2013-02-26,0.9750390648841858
2013-02-27,0.975134015083313
2013-02-28,0.9770872592926025
2013-03-01,0.9703086018562317
2013-03-04,0.97364342212677
2013-03-05,0.9741365909576416
2013-03-06,0.9740418195724487
2013-03-07,0.9688045382499695
2013-03-08,0.9714396595954895
2013-03-11,0.9725733995437622
2013-03-12,0.9742790460586548
2013-03-13,0.9747538566589355
2013-03-14,0.9728478193283081
2013-03-15,0.9783778786659241
2013-03-18,0.977392852306366
2013-03-19,0.9782821536064148
2013-03-20,0.9738330841064453
2013-03-21,0.9750390648841858
2013-03-22,0.9762765169143677
2013-03-25,0.9782821536064148
2013-03-26,0.9789525270462036
2013-03-27,0.9837678074836731
2013-03-28,0.9841550588607788
2013-03-29,0.9843488335609436
2013-04-01,0.983235776424408
2013-04-02,0.9837098121643066
2013-04-03,0.9859598875045776
2013-04-04,0.9860473871231079
2013-04-05,0.9871863126754761
2013-04-08,0.983361542224884
2013-04-09,0.9836710691452026
2013-04-10,0.984222948551178
2013-04-11,0.9855226278305054
2013-04-12,0.9900009632110596
2013-04-15,0.9854546785354614
2013-04-16,0.9774883985519409
2013-04-17,0.9786650538444519
2013-04-18,0.9745638370513916
2013-04-19,0.9750674962997437
2013-04-22,0.9750390648841858
2013-04-23,0.975134015083313
2013-04-24,0.9736813902854919
2013-04-25,0.9753623604774475
2013-04-26,0.9802480340003967
2013-04-29,0.983893632888794
2013-04-30,0.9884352684020996
2013-05-01,0.9933346509933472
2013-05-02,0.9928514957427979
2013-05-03,0.9894132614135742
2013-05-06,0.9918962121009827
2013-05-07,0.9933445453643799
2013-05-08,0.9950248599052429
2013-05-09,0.997307300567627
2013-05-10,0.9930880665779114
2013-05-13,0.9880446791648865
2013-05-14,0.9899029731750488
2013-05-15,0.9821252822875977
2013-05-16,0.9847366213798523
2013-05-17,0.9818360805511475
2013-05-20,0.9726679921150208
2013-05-21,0.976085901260376
2013-05-22,0.974373996257782
2013-05-23,0.9637067914009094
2013-05-24,0.9691800475120544
2013-05-27,0.9691143035888672
2013-05-28,0.9666972160339355
2013-05-29,0.9609841108322144
2013-05-30,0.9664636850357056
2013-05-31,0.9706853032112122
2013-06-03,0.9655305743217468
2013-06-04,0.9724788069725037
2013-06-05,0.9663702845573425
2013-06-06,0.9669309854507446
2013-06-07,0.9732359647750854
2013-06-10,0.9789813160896301
2013-06-11,0.9809691905975342
2013-06-12,0.9819419980049133
2013-06-13,0.9798158407211304
2013-06-14,0.9845426678657532
2013-06-17,0.9837872385978699
2013-06-18,0.9816432595252991
2013-06-19,0.978760838508606
2013-06-20,0.9730466604232788
2013-06-21,0.9639483094215393
2013-06-24,0.9541984796524048
2013-06-25,0.9525623321533203
2013-06-26,0.9510133266448975
2013-06-27,0.9553561806678772
2013-06-28,0.9543806314468384
2013-07-01,0.9511852264404297
2013-07-02,0.9525623321533203
2013-07-03,0.9480469822883606
2013-07-04,0.9521089196205139
2013-07-05,0.9502993822097778
2013-07-08,0.9458321332931519
2013-07-09,0.9472388625144958
2013-07-10,0.9496676325798035
2013-07-11,0.9632055163383484
2013-07-12,0.9639390110969543
2013-07-15,0.9622787237167358
2013-07-16,0.9583408832550049
2013-07-17,0.9635768532752991
2013-07-18,0.9607163071632385
2013-07-19,0.963483989238739
2013-07-22,0.9659035801887512
2013-07-23,0.9675859212875366
2013-07-24,0.9718172550201416
2013-07-25,0.969067394733429
2013-07-26,0.9721952676773071
2013-07-29,0.9736813902854919
2013-07-30,0.9744688868522644
2013-07-31,0.970760703086853
2013-08-01,0.9723843336105347
2013-08-02,0.9664636850357056
2013-08-05,0.9626954793930054
2013-08-06,0.9655119180679321
2013-08-07,0.9641342163085938
2013-08-08,0.9596099853515625
2013-08-09,0.9683355093002319
2013-08-12,0.9724788069725037
2013-08-13,0.9697346091270447
2013-08-14,0.9666692614555359
2013-08-15,0.9678949117660522
2013-08-16,0.9706947207450867
2013-08-19,0.9678761959075928
2013-08-20,0.9666505455970764
2013-08-21,0.9620009660720825
2013-08-22,0.953925371170044
2013-08-23,0.9508777260780334
2013-08-26,0.9521089196205139
2013-08-27,0.9524353742599487
2013-08-28,0.9532434344291687
2013-08-29,0.9530980587005615
2013-08-30,0.9488566517829895
2013-09-02,0.9491537809371948
2013-09-03,0.9477505087852478
2013-09-04,0.9492349028587341
2013-09-05,0.9527438879013062
2013-09-06,0.9523810148239136
2013-09-09,0.9603379964828491
2013-09-10,0.9641342163085938
2013-09-11,0.9659035801887512
2013-09-12,0.9700544476509094
2013-09-13,0.968720018863678
2013-09-16,0.9699414968490601
2013-09-17,0.9691143035888672
2013-09-18,0.9713453054428101
2013-09-19,0.9781768321990967
2013-09-20,0.9741082191467285
2013-09-23,0.971071720123291
2013-09-24,0.9724788069725037
2013-09-25,0.9703179001808167
2013-09-26,0.9690110087394714
2013-09-27,0.96983802318573
2013-09-30,0.9697439670562744
2013-10-01,0.9686449766159058
2013-10-02,0.9673517942428589
2013-10-03,0.9685699343681335
2013-10-04,0.9682697653770447
2013-10-07,0.9709868431091309
2013-10-09,0.9657170176506042
2013-10-10,0.9622045755386353
2013-10-11,0.9606793522834778
2013-10-14,0.9648691415786743
2013-10-15,0.9660902619361877
2013-10-16,0.9640876650810242
2013-10-17,0.9682416915893555
2013-10-18,0.9709681272506714
2013-10-21,0.9713830947875977
2013-10-22,0.9702897667884827
2013-10-23,0.9718172550201416
2013-10-24,0.963483989238739
2013-10-25,0.9599600434303284
2013-10-28,0.957762598991394
2013-10-29,0.9575059413909912
2013-10-30,0.9552010297775269
2013-10-31,0.9543806314468384
2013-11-01,0.9588647484779358
2013-11-04,0.9600522518157959
2013-11-05,0.9597204923629761
2013-11-06,0.956937849521637
2013-11-07,0.9597666263580322
2013-11-08,0.9567180275917053
2013-11-11,0.9537706971168518
2013-11-12,0.9551828503608704
2013-11-13,0.9532070159912109
2013-11-14,0.9572309255599976
2013-11-15,0.9552831649780273
2013-11-18,0.9580195546150208
2013-11-19,0.958515465259552
2013-11-20,0.9565259218215942
2013-11-21,0.956571638584137
2013-11-22,0.9507691860198975
2013-11-25,0.948316752910614
2013-11-26,0.9497126936912537
2013-11-27,0.9485596418380737
2013-11-28,0.9441711902618408
2013-11-29,0.9447330832481384
2013-12-02,0.9414511322975159
2013-12-03,0.9396729469299316
2013-12-04,0.939937949180603
2013-12-05,0.9366365671157837
2013-12-06,0.9392316937446594
2013-12-09,0.9385969638824463
2013-12-10,0.9402649998664856
2013-12-11,0.9429692029953003
2013-12-12,0.9441354870796204
2013-12-13,0.9396817684173584
2013-12-16,0.9444565176963806
2013-12-17,0.9440196752548218
2013-12-18,0.9432538151741028
2013-12-19,0.9332972168922424
2013-12-20,0.9371105432510376
2013-12-23,0.9396641254425049
2013-12-24,0.9420453906059265
2013-12-25,0.9406806230545044
2013-12-26,0.9403179883956909
2013-12-27,0.9391434788703918
2013-12-30,0.9339683651924133
2013-12-31,0.9394081830978394
2014-01-01,0.9416816830635071
2014-01-02,0.9394522905349731
2014-01-03,0.9372861385345459
2014-01-06,0.9406895041465759
2014-01-07,0.938007116317749
2014-01-08,0.9282465577125549
2014-01-09,0.9240180253982544
2014-01-10,0.9221009016036987
2014-01-13,0.9170862436294556
2014-01-14,0.918948769569397
2014-01-15,0.9134755730628967
2014-01-16,0.9133921265602112
2014-01-17,0.9147457480430603
2014-01-20,0.9119926691055298
2014-01-21,0.913041889667511
2014-01-22,0.9117432832717896
2014-01-23,0.9007385969161987
2014-01-24,0.8998551368713379
2014-01-27,0.90399569272995
2014-01-28,0.8997175097465515
2014-01-29,0.8971828818321228
2014-01-30,0.8943743705749512
2014-01-31,0.8963866829872131
2014-02-03,0.8990946412086487
2014-02-04,0.9003331065177917
2014-02-05,0.9022827744483948
2014-02-06,0.9027307033538818
2014-02-07,0.9034321904182434
2014-02-10,0.906051516532898
2014-02-11,0.9044862389564514
2014-02-12,0.9083972573280334
2014-02-13,0.9095953106880188
2014-02-14,0.9109708070755005
2014-02-17,0.9113277792930603
2014-02-18,0.9127418398857117
2014-02-19,0.9131252765655518
2014-02-20,0.9033423662185669
2014-02-21,0.9006006717681885
2014-02-24,0.8999280333518982
2014-02-25,0.9042572379112244
2014-02-26,0.9022095203399658
2014-02-27,0.897988498210907
2014-02-28,0.8990380167961121
2014-03-03,0.9039629697799683
2014-03-04,0.9025596976280212
2014-03-05,0.9018758535385132
2014-03-06,0.9067662358283997
2014-03-07,0.9102742671966553
2014-03-10,0.9018433690071106
2014-03-11,0.8997417092323303
2014-03-12,0.9002034664154053
2014-03-13,0.8995475172996521
2014-03-14,0.9027470350265503
2014-03-17,0.9013312458992004
2014-03-18,0.904322624206543
2014-03-19,0.8986502289772034
2014-03-20,0.8892446160316467
2014-03-21,0.8896005749702454
2014-03-24,0.8908129930496216
2014-03-25,0.893096387386322
2014-03-26,0.8956560492515564
2014-03-27,0.9010145664215088
2014-03-28,0.9066511988639832
2014-03-31,0.9049773812294006
2014-04-01,0.9048135876655579
2014-04-02,0.9067827463150024
2014-04-03,0.9067004919052124
2014-04-04,0.9062896370887756
2014-04-07,0.9107550978660583
2014-04-08,0.9111201763153076
2014-04-09,0.9149967432022095
2014-04-10,0.9191175699234009
2014-04-11,0.9146285653114319
2014-04-14,0.9110621213912964
2014-04-15,0.9117432832717896
2014-04-16,0.9103819727897644
2014-04-17,0.9083476662635803
2014-04-18,0.9085044860839844
2014-04-21,0.907375156879425
2014-04-22,0.907605767250061
2014-04-23,0.9069225192070007
2014-04-24,0.9065772294998169
2014-04-25,0.9073586463928223
2014-04-28,0.9062896370887756
2014-04-29,0.9071035385131836
2014-04-30,0.9130752682685852
2014-05-01,0.9119926691055298
2014-05-02,0.9121341109275818
2014-05-05,0.9110787510871887
2014-05-06,0.9125586748123169
2014-05-07,0.9183580279350281
2014-05-08,0.9175995588302612
2014-05-09,0.9233440160751343
2014-05-12,0.9175995588302612
2014-05-13,0.9175995588302612
2014-05-14,0.9169264435768127
2014-05-15,0.9185266494750977
2014-05-16,0.9194557070732117
2014-05-19,0.9204797148704529
2014-05-20,0.9198024272918701
2014-05-21,0.9167247414588928
2014-05-22,0.9162711501121521
2014-05-23,0.9180207252502441
2014-05-26,0.9200478196144104
2014-05-27,0.9211495518684387
2014-05-28,0.9213193655014038
2014-05-29,0.9200478196144104
2014-05-30,0.9227135181427002
2014-06-02,0.9222539663314819
2014-06-03,0.9172461032867432
2014-06-04,0.9160865545272827
2014-06-05,0.913993239402771
2014-06-06,0.9156838059425354
2014-06-09,0.9153066873550415
2014-06-10,0.9169264435768127
2014-06-11,0.9175826907157898
2014-06-12,0.92011559009552
2014-06-13,0.9212259650230408
2014-06-16,0.9211495518684387
2014-06-17,0.921735405921936
2014-06-18,0.920640766620636
2014-06-19,0.922934889793396
2014-06-20,0.9244707822799683
2014-06-23,0.930059552192688
2014-06-24,0.9319403767585754
2014-06-25,0.9308386445045471
2014-06-26,0.9326704740524292
2014-06-27,0.9353224635124207
2014-06-30,0.9376025199890137
2014-07-01,0.9371192455291748
2014-07-02,0.9403976202011108
2014-07-03,0.937505841255188
2014-07-04,0.9401589035987854
2014-07-07,0.9389671087265015
2014-07-08,0.936154305934906
2014-07-09,0.9370051622390747
2014-07-10,0.939020037651062
2014-07-11,0.9391170740127563
2014-07-14,0.932201087474823
2014-07-15,0.9332711696624756
2014-07-16,0.9294371604919434
2014-07-17,0.9313761591911316
2014-07-18,0.9292470812797546
2014-07-21,0.9311593770980835
2014-07-22,0.931306779384613
2014-07-23,0.9312721490859985
2014-07-24,0.9319316744804382
2014-07-25,0.9307520985603333
2014-07-28,0.925026535987854
2014-07-29,0.9260973930358887
2014-07-30,0.9216335415840149
2014-07-31,0.9168423414230347
2014-08-01,0.916985273361206
2014-08-04,0.9156167507171631
2014-08-05,0.9169768691062927
2014-08-06,0.9122339487075806
2014-08-07,0.9160529375076294
2014-08-08,0.9148042798042297
2014-08-11,0.9117432832717896
2014-08-12,0.9151307344436646
2014-08-13,0.9153485894203186
2014-08-14,0.9162711501121521
2014-08-15,0.9169180393218994
2014-08-18,0.9180797934532166
2014-08-19,0.9182483553886414
2014-08-20,0.9140684604644775
2014-08-21,0.9118264317512512
2014-08-22,0.9136090874671936
2014-08-25,0.9116684794425964
2014-08-26,0.9096697568893433
2014-08-27,0.913241982460022
2014-08-28,0.9201748371124268
2014-08-29,0.9212344288825989
2014-09-01,0.9194472432136536
2014-09-02,0.9200478196144104
2014-09-03,0.9149130582809448
2014-09-04,0.9184423685073853
2014-09-05,0.9187798500061035
2014-09-08,0.9186532497406006
2014-09-09,0.910663902759552
2014-09-10,0.9112115502357483
2014-09-11,0.9134088158607483
2014-09-12,0.9061171412467957
2014-09-15,0.9019410014152527
2014-09-16,0.9050101637840271
2014-09-17,0.9113277792930603
2014-09-18,0.9083807468414307
2014-09-19,0.9139180779457092
2014-09-22,0.9136174321174622
2014-09-23,0.9059037566184998
2014-09-24,0.9033423662185669
2014-09-25,0.9029345512390137
2014-09-26,0.9005764126777649
2014-09-29,0.8957362771034241
2014-09-30,0.8960894346237183
2014-10-01,0.89239501953125
2014-10-02,0.8968609571456909
2014-10-03,0.8963786363601685
2014-10-06,0.888123095035553
2014-10-07,0.8973036408424377
2014-10-08,0.896217942237854
2014-10-09,0.9006575345993042
2014-10-10,0.8942463994026184
2014-10-13,0.8938547968864441
2014-10-14,0.8924587368965149
2014-10-15,0.8837825655937195
2014-10-16,0.8877761960029602
2014-10-17,0.8880206346511841
2014-10-20,0.8858965039253235
2014-10-21,0.8855827450752258
2014-10-22,0.8906305432319641
2014-10-23,0.8888888955116272
2014-10-24,0.8910273313522339
2014-10-27,0.8898380398750305
2014-10-28,0.8890469670295715
2014-10-29,0.8954154849052429
2014-10-30,0.8935751914978027
2014-10-31,0.8933357000350952
2014-11-03,0.8859750032424927
2014-11-04,0.8804677724838257
2014-11-05,0.877739667892456
2014-11-06,0.8776394724845886
2014-11-07,0.8751739263534546
2014-11-10,0.882799506187439
2014-11-11,0.8795461654663086
2014-11-12,0.8823010921478271
2014-11-13,0.8831971883773804
2014-11-14,0.8786574006080627
2014-11-17,0.8856846690177917
2014-11-18,0.8853474855422974
2014-11-19,0.8832517862319946
2014-11-20,0.8811349272727966
2014-11-21,0.8842514753341675
2014-11-24,0.8904560208320618
2014-11-25,0.8858180046081543
2014-11-26,0.8890469670295715
2014-11-27,0.888738751411438
2014-11-28,0.8819119334220886
2014-12-01,0.8730650544166565
2014-12-02,0.8833922743797302
2014-12-03,0.8771929740905762
2014-12-04,0.8800957798957825
2014-12-05,0.8781944513320923
2014-12-08,0.8737439513206482
2014-12-09,0.8709966540336609
2014-12-10,0.8742022514343262
2014-12-11,0.8720676302909851
2014-12-12,0.867430567741394
2014-12-15,0.8647377490997314
2014-12-16,0.8580892086029053
2014-12-17,0.8596973419189453
2014-12-18,0.8594018816947937
2014-12-19,0.8633341789245605
2014-12-22,0.8611039519309998
2014-12-23,0.8589220643043518
2014-12-24,0.8607333302497864
2014-12-25,0.8605778217315674
2014-12-26,0.8607333302497864
2014-12-29,0.8597639203071594
2014-12-30,0.859010636806488
2014-12-31,0.8617123961448669
2015-01-01,0.860985279083252
2015-01-02,0.8610298037528992
2015-01-05,0.8479607105255127
2015-01-06,0.8505571484565735
2015-01-07,0.8448086977005005
2015-01-08,0.8461310863494873
2015-01-09,0.8454943895339966
2015-01-12,0.8442879915237427
2015-01-13,0.8355615139007568
2015-01-14,0.836505115032196
2015-01-15,0.8370302319526672
2015-01-16,0.8362602591514587
2015-01-19,0.8354009985923767
2015-01-20,0.8364700675010681
2015-01-21,0.8255524635314941
2015-01-22,0.8101233243942261
2015-01-23,0.8076109290122986
2015-01-26,0.8027614951133728
2015-01-27,0.8013269901275635
2015-01-28,0.806842029094696
2015-01-29,0.7985944747924805
2015-01-30,0.7928956747055054
2015-02-02,0.788140058517456
2015-02-03,0.7947230935096741
2015-02-04,0.8037939071655273
2015-02-05,0.7951021790504456
2015-02-06,0.8041817545890808
2015-02-09,0.7989134788513184
2015-02-10,0.8016738891601562
2015-02-11,0.7946599125862122
2015-02-12,0.7925814390182495
2015-02-13,0.7994115948677063
2015-02-16,0.8029419779777527
2015-02-17,0.8016288876533508
2015-02-18,0.8070504069328308
2015-02-19,0.802890419960022
2015-02-20,0.8006212711334229
2015-02-23,0.7978999018669128
2015-02-24,0.7953551411628723
2015-02-25,0.800256073474884
2015-02-26,0.8044276237487793
2015-02-27,0.7998080253601074
2015-03-02,0.7990731000900269
2015-03-03,0.7975117564201355
2015-03-04,0.8010895252227783
2015-03-05,0.8048678636550903
2015-03-06,0.8011408448219299
2015-03-09,0.7934618592262268
2015-03-10,0.792330265045166
2015-03-11,0.7889795303344727
2015-03-12,0.7849971055984497
2015-03-13,0.7879723906517029
2015-03-16,0.780238151550293
2015-03-17,0.7828891277313232
2015-03-18,0.7820442914962769
2015-03-19,0.7966413497924805
2015-03-20,0.7873395681381226
2015-03-23,0.7948683500289917
2015-03-24,0.7986582517623901
2015-03-25,0.799424409866333
2015-03-26,0.7982757687568665
2015-03-27,0.8013206124305725
2015-03-30,0.7931472063064575
2015-03-31,0.7890604138374329
2015-04-01,0.7881462574005127
2015-04-02,0.7929962873458862
2015-04-03,0.7960705757141113
2015-04-06,0.8016032576560974
2015-04-07,0.8016353249549866
2015-04-08,0.7997441291809082
2015-04-09,0.7973527908325195
2015-04-10,0.7950958609580994
2015-04-13,0.7955765724182129
2015-04-14,0.7941550612449646
2015-04-15,0.8010445237159729
2015-04-16,0.8127438426017761
2015-04-17,0.8195781111717224
2015-04-20,0.818953812122345
2015-04-21,0.8181297183036804
2015-04-22,0.8152284622192383
2015-04-23,0.8168599605560303
2015-04-24,0.8232553601264954
2015-04-27,0.8217331767082214
2015-04-28,0.8269246220588684
2015-04-29,0.830771803855896
2015-04-30,0.8320574760437012
2015-05-01,0.8279516100883484
2015-05-04,0.8222332000732422
2015-05-05,0.8269588947296143
2015-05-06,0.8284592628479004
2015-05-07,0.8307027816772461
2015-05-08,0.8259001970291138
2015-05-11,0.8271024823188782
2015-05-12,0.8268836140632629
2015-05-13,0.8331250548362732
2015-05-14,0.8365400433540344
2015-05-15,0.8345155715942383
2015-05-18,0.8325147032737732
2015-05-19,0.823384165763855
2015-05-20,0.8177216053009033
2015-05-21,0.8192424178123474
2015-05-22,0.819940984249115
2015-05-25,0.8133386969566345
2015-05-26,0.8117344379425049
2015-05-27,0.8048678636550903
2015-05-28,0.802954912185669
2015-05-29,0.8048225045204163
2015-06-01,0.8028194904327393
2015-06-02,0.798441469669342
2015-06-03,0.8055616021156311
2015-06-04,0.802825927734375
2015-06-05,0.8003841638565063
2015-06-08,0.8027614951133728
2015-06-09,0.8058017492294312
2015-06-10,0.8103727698326111
2015-06-11,0.8147303462028503
2015-06-12,0.8134710788726807
2015-06-15,0.8120376467704773
2015-06-16,0.8119518756866455
2015-06-17,0.813312292098999
2015-06-18,0.8177283406257629
2015-06-19,0.8177952170372009
2015-06-22,0.8147303462028503
2015-06-23,0.812116801738739
2015-06-24,0.811477541923523
2015-06-25,0.8074935674667358
2015-06-26,0.8108919262886047
2015-06-29,0.8096510171890259
2015-06-30,0.8056784272193909
2015-07-01,0.8014747500419617
2015-07-02,0.7942118048667908
2015-07-03,0.7971938848495483
2015-07-06,0.7927636504173279
2015-07-07,0.7899330854415894
2015-07-08,0.7863613367080688
2015-07-09,0.7856076955795288
2015-07-10,0.7868068218231201
2015-07-13,0.7876496315002441
2015-07-14,0.7842522263526917
2015-07-15,0.7851142287254333
2015-07-16,0.7735746502876282
2015-07-17,0.7711229920387268
2015-07-20,0.7700007557868958
2015-07-21,0.7694852948188782
2015-07-22,0.7726184129714966
2015-07-23,0.7668241262435913
2015-07-24,0.7681376934051514
2015-07-27,0.7668123245239258
2015-07-28,0.7670006155967712
2015-07-29,0.7734729647636414
2015-07-30,0.7723379135131836
2015-07-31,0.7688995599746704
2015-08-03,0.7621369957923889
2015-08-04,0.7599881887435913
2015-08-05,0.7580351233482361
2015-08-06,0.7593591213226318
2015-08-07,0.7625904083251953
2015-08-10,0.7607455253601074
2015-08-11,0.7685685753822327
2015-08-12,0.7633588314056396
2015-08-13,0.7705941200256348
2015-08-14,0.7654037475585938
2015-08-17,0.7633413076400757
2015-08-18,0.7636502385139465
2015-08-19,0.7657554149627686
2015-08-20,0.7619628310203552
2015-08-21,0.7647247910499573
2015-08-24,0.7564868927001953
2015-08-25,0.7527286410331726
2015-08-26,0.7492882013320923
2015-08-27,0.7518796920776367
2015-08-28,0.7581501007080078
2015-08-31,0.7554011344909668
2015-09-01,0.760861337184906
2015-09-02,0.7545461654663086
2015-09-03,0.753863513469696
2015-09-04,0.7582650780677795
2015-09-07,0.7532389163970947
2015-09-08,0.7520380020141602
2015-09-09,0.7575757503509521
2015-09-10,0.7530631422996521
2015-09-11,0.7556236982345581
2015-09-14,0.7548650503158569
2015-09-15,0.7546600699424744
2015-09-16,0.7550589442253113
2015-09-17,0.7594167590141296
2015-09-18,0.759013295173645
2015-09-21,0.7564868927001953
2015-09-22,0.7547739148139954
2015-09-23,0.753409206867218
2015-09-24,0.7504690289497375
2015-09-25,0.7496814131736755
2015-09-28,0.7499625086784363
2015-09-29,0.7464357614517212
2015-09-30,0.7452120184898376
2015-10-01,0.7509198784828186
2015-10-02,0.7549620270729065
2015-10-05,0.7594744563102722
2015-10-06,0.7643506526947021
2015-10-07,0.7666360139846802
2015-10-08,0.7653979063034058
2015-10-09,0.7693195343017578
2015-10-12,0.7722008228302002
2015-10-13,0.768580436706543
2015-10-14,0.7681671380996704
2015-10-15,0.7739937901496887
2015-10-16,0.7780284881591797
2015-10-19,0.7741795778274536
2015-10-20,0.7680491209030151
2015-10-21,0.7700837850570679
2015-10-22,0.7614116668701172
2015-10-23,0.7630093097686768
2015-10-26,0.759174644947052
2015-10-27,0.7601094245910645
2015-10-28,0.7535794973373413
2015-10-29,0.7580926418304443
2015-10-30,0.7599362134933472
2015-11-02,0.7649587392807007
2015-11-03,0.7637669444084167
2015-11-04,0.7654389142990112
2015-11-05,0.7601730227470398
2015-11-06,0.7597629427909851
2015-11-09,0.7521058917045593
2015-11-10,0.7538124322891235
2015-11-11,0.7540454864501953
2015-11-12,0.7545461654663086
2015-11-13,0.7528986930847168
2015-11-16,0.750750720500946
2015-11-17,0.7501875758171082
2015-11-18,0.7508860230445862
2015-11-19,0.7519361972808838
2015-11-20,0.7521398067474365
2015-11-23,0.7487159371376038
2015-11-24,0.7484861612319946
2015-11-25,0.7517101764678955
2015-11-26,0.7520380020141602
2015-11-27,0.7521964311599731
2015-11-30,0.7481110692024231
2015-12-01,0.7491310238838196
2015-12-02,0.7485030293464661
2015-12-03,0.7491815090179443
2015-12-04,0.7492376565933228
2015-12-07,0.7469375729560852
2015-12-08,0.7402801513671875
2015-12-09,0.736409604549408
2015-12-10,0.7370826601982117
2015-12-11,0.7335143089294434
2015-12-14,0.7280139923095703
2015-12-15,0.7284966111183167
2015-12-16,0.7284169793128967
2015-12-17,0.7251631617546082
2015-12-18,0.7181844115257263
2015-12-21,0.7170514464378357
2015-12-22,0.7167534232139587
2015-12-23,0.718442440032959
2015-12-24,0.7219173908233643
2015-12-25,0.7231965065002441
2015-12-28,0.7226999998092651
2015-12-29,0.7197351455688477
2015-12-30,0.7228567600250244
2015-12-31,0.7208765745162964
2016-01-01,0.7194400429725647
2016-01-04,0.721266508102417
2016-01-05,0.7176535725593567
2016-01-06,0.715103030204773
2016-01-07,0.7108533382415771
2016-01-08,0.7091192603111267
2016-01-11,0.7050197124481201
2016-01-12,0.7031360268592834
2016-01-13,0.7015082240104675
2016-01-14,0.696815550327301
2016-01-15,0.6971264481544495
2016-01-18,0.6859651207923889
2016-01-19,0.687545120716095
2016-01-20,0.6866622567176819
2016-01-21,0.6908462643623352
2016-01-22,0.7007315754890442
2016-01-25,0.7071835994720459
2016-01-26,0.6994963884353638
2016-01-27,0.7083156108856201
2016-01-28,0.7094815373420715
2016-01-29,0.7125399708747864
2016-02-01,0.7156761884689331
2016-02-02,0.7168458700180054
2016-02-03,0.7112375497817993
2016-02-04,0.7249423265457153
2016-02-05,0.7269977927207947
2016-02-08,0.7203054428100586
2016-02-09,0.7181328535079956
2016-02-10,0.7202950716018677
2016-02-11,0.7182360291481018
2016-02-12,0.7185817956924438
2016-02-15,0.7227104902267456
2016-02-16,0.72348952293396
2016-02-17,0.7212300896644592
2016-02-18,0.7311331033706665
2016-02-19,0.7279132604598999
2016-02-22,0.7252157330513
2016-02-23,0.7297672033309937
2016-02-24,0.7247952818870544
2016-02-25,0.7297672033309937
2016-02-26,0.7383342981338501
2016-02-29,0.7381708025932312
2016-03-01,0.7386943101882935
2016-03-02,0.7447680234909058
2016-03-03,0.744657039642334
2016-03-04,0.7459346652030945
2016-03-07,0.7501875758171082
2016-03-08,0.7522755861282349
2016-03-09,0.745323121547699
2016-03-10,0.7548480033874512
2016-03-11,0.7497488260269165
2016-03-14,0.7555323839187622
2016-03-15,0.7534205317497253
2016-03-16,0.7488393187522888
2016-03-17,0.762427568435669
2016-03-18,0.7701786756515503
2016-03-21,0.7665184736251831
2016-03-22,0.7638252377510071
2016-03-23,0.7662776708602905
2016-03-24,0.7570022940635681
2016-03-25,0.7546713948249817
2016-03-28,0.7535226941108704
2016-03-29,0.7590305805206299
2016-03-30,0.7655209302902222
2016-03-31,0.7706179022789001
2016-04-01,0.7697873711585999
2016-04-04,0.7671064734458923
2016-04-05,0.7647189497947693
2016-04-06,0.7609654664993286
2016-04-07,0.7644792795181274
2016-04-08,0.7610350251197815
2016-04-11,0.7704694867134094
2016-04-12,0.774665355682373
2016-04-13,0.7833307385444641
2016-04-14,0.7801589965820312
2016-04-15,0.7788768410682678
2016-04-18,0.7704753875732422
2016-04-19,0.7831344604492188
2016-04-20,0.7876372933387756
2016-04-21,0.7907951474189758
2016-04-22,0.7858979105949402
2016-04-25,0.7892535328865051
2016-04-26,0.7889546155929565
2016-04-27,0.7931472063064575
2016-04-28,0.7946724891662598
2016-04-29,0.7966222763061523
2016-05-02,0.7972574234008789
2016-05-03,0.7981482744216919
2016-05-04,0.7873953580856323
2016-05-05,0.7774840593338013
2016-05-06,0.7780889868736267
2016-05-09,0.7735089063644409
2016-05-10,0.7717954516410828
2016-05-11,0.7742155194282532
2016-05-12,0.7776049971580505
2016-05-13,0.7787554860115051
2016-05-16,0.7719146609306335
2016-05-17,0.7752598524093628
2016-05-18,0.7745693922042847
2016-05-19,0.7678722143173218
2016-05-20,0.7641754746437073
2016-05-23,0.7619628310203552
2016-05-24,0.7607455253601074
2016-05-25,0.761904776096344
2016-05-26,0.767224133014679
2016-05-27,0.7706950306892395
2016-05-30,0.7665184736251831
2016-05-31,0.7669888138771057
2016-06-01,0.7647481560707092
2016-06-02,0.7648124694824219
2016-06-03,0.7637085914611816
2016-06-06,0.7716466188430786
2016-06-07,0.7804147005081177
2016-06-08,0.7839017510414124
2016-06-09,0.7883948683738708
2016-06-10,0.785582959651947
2016-06-13,0.7823318243026733
2016-06-14,0.7795326113700867
2016-06-15,0.7775686979293823
2016-06-16,0.774713397026062
2016-06-17,0.7741795778274536
2016-06-20,0.778337299823761
2016-06-21,0.7813720703125
2016-06-22,0.7811279296875
2016-06-23,0.7803964614868164
2016-06-24,0.7793017029762268
2016-06-27,0.767990231513977
2016-06-28,0.7653627395629883
2016-06-29,0.7681081295013428
2016-06-30,0.7731381058692932
2016-07-01,0.7717240452766418
2016-07-04,0.7745333313941956
2016-07-05,0.7771638035774231
2016-07-06,0.7688995599746704
2016-07-07,0.7716049551963806
2016-07-08,0.7694082856178284
2016-07-11,0.7665772438049316
2016-07-12,0.7620208859443665
2016-07-13,0.7658374905586243
2016-07-14,0.7707544565200806
2016-07-15,0.7746953368186951
2016-07-18,0.7717896103858948
2016-07-19,0.7717240452766418
2016-07-20,0.7676600217819214
2016-07-21,0.7652748823165894
2016-07-22,0.764894425868988
2016-07-25,0.761295735836029
2016-07-26,0.756263792514801
2016-07-27,0.7589845061302185
2016-07-28,0.7611914277076721
2016-07-29,0.7603464126586914
2016-08-01,0.7657964825630188
2016-08-02,0.7620499134063721
2016-08-03,0.7630442380905151
2016-08-04,0.7651402354240417
2016-08-05,0.768320620059967
2016-08-08,0.7587311267852783
2016-08-09,0.7601499557495117
2016-08-10,0.7623810768127441
2016-08-11,0.7659313678741455
2016-08-12,0.7701727151870728
2016-08-15,0.7716823816299438
2016-08-16,0.7735447883605957
2016-08-17,0.7774055004119873
2016-08-18,0.7785554528236389
2016-08-19,0.7827298641204834
2016-08-22,0.7756989002227783
2016-08-23,0.7727975249290466
2016-08-24,0.7740237712860107
2016-08-25,0.7733114361763
2016-08-26,0.7744494080543518
2016-08-29,0.7683559656143188
2016-08-30,0.7686395049095154
2016-08-31,0.7641345262527466
2016-09-01,0.7628230452537537
2016-09-02,0.7637085914611816
2016-09-05,0.7695859670639038
2016-09-06,0.7734430432319641
2016-09-07,0.7784584760665894
2016-09-08,0.7762709259986877
2016-09-09,0.7739339470863342
2016-09-12,0.766400933265686
2016-09-13,0.7674597501754761
2016-09-14,0.7600112557411194
2016-09-15,0.7579432129859924
2016-09-16,0.7599362134933472
2016-09-19,0.7576503753662109
2016-09-20,0.7574610114097595
2016-09-21,0.7586217522621155
2016-09-22,0.7643740773200989
2016-09-23,0.7664656043052673
2016-09-26,0.760363757610321
2016-09-27,0.7560064792633057
2016-09-28,0.7571741938591003
2016-09-29,0.765450656414032
2016-09-30,0.7603002190589905
2016-10-03,0.7614638805389404
2016-10-04,0.7624334096908569
2016-10-05,0.75777667760849
2016-10-06,0.7588980793952942
2016-10-07,0.7564296126365662
2016-10-10,0.7546372413635254
2016-10-11,0.7594744563102722
2016-10-12,0.7559036016464233
2016-10-13,0.7532729506492615
2016-10-14,0.7574437856674194
2016-10-17,0.7609365582466125
2016-10-18,0.7624973058700562
2016-10-19,0.7628987431526184
2016-10-20,0.7614232301712036
2016-10-21,0.7560293078422546
2016-10-24,0.7488954067230225
2016-10-25,0.749119758605957
2016-10-26,0.7489514946937561
2016-10-27,0.7477250695228577
2016-10-28,0.7469766139984131
2016-10-31,0.7461573481559753
2016-11-01,0.7452231645584106
2016-11-02,0.7467702031135559
2016-11-03,0.7466029524803162
2016-11-04,0.746708869934082
2016-11-07,0.7485422492027283
2016-11-08,0.7478983998298645
2016-11-09,0.7521341443061829
2016-11-10,0.7455787062644958
2016-11-11,0.7423684000968933
2016-11-14,0.7393004894256592
2016-11-15,0.7386669516563416
2016-11-16,0.7432236671447754
2016-11-17,0.7448012828826904
2016-11-18,0.7387543320655823
2016-11-21,0.7403020262718201
2016-11-22,0.7458233833312988
2016-11-23,0.7444908022880554
2016-11-24,0.7406584620475769
2016-11-25,0.7412348985671997
2016-11-28,0.7398638129234314
2016-11-29,0.7460849285125732
2016-11-30,0.7445351481437683
2016-12-01,0.7448567748069763
2016-12-02,0.7514898180961609
2016-12-05,0.7507282495498657
2016-12-06,0.7534658908843994
2016-12-07,0.7531821727752686
2016-12-08,0.7560864686965942
2016-12-09,0.7578628659248352
2016-12-12,0.7616783976554871
2016-12-13,0.761806070804596
2016-12-14,0.7613595128059387
2016-12-15,0.7526832818984985
2016-12-16,0.7500131130218506
2016-12-19,0.7496645450592041
2016-12-20,0.7460681796073914
2016-12-21,0.747875988483429
2016-12-22,0.7445018887519836
2016-12-23,0.7417626976966858
2016-12-26,0.7396340370178223
2016-12-27,0.7395082116127014
2016-12-28,0.7366102337837219
2016-12-29,0.7378658056259155
2016-12-30,0.7419443130493164
2017-01-02,0.7443799376487732
2017-01-03,0.7439700961112976
2017-01-04,0.7450565695762634
2017-01-05,0.7519361972808838
2017-01-06,0.7558921575546265
2017-01-09,0.7551843523979187
2017-01-10,0.7567674517631531
2017-01-11,0.7550589442253113
2017-01-12,0.7596937417984009
2017-01-13,0.7604215741157532
2017-01-16,0.7618467211723328
2017-01-17,0.759013295173645
2017-01-18,0.7655971646308899
2017-01-19,0.753863513469696
2017-01-20,0.7506662011146545
2017-01-23,0.751664936542511
2017-01-24,0.7554181814193726
2017-01-25,0.7602481842041016
2017-01-26,0.7651402354240417
2017-01-27,0.7639419436454773
2017-01-30,0.7615275979042053
2017-01-31,0.7632247805595398
2017-02-01,0.7671064734458923
2017-02-02,0.7663598656654358
2017-02-03,0.7674420475959778
2017-02-06,0.7681553363800049
2017-02-07,0.7642338275909424
2017-02-08,0.758132815361023
2017-02-09,0.7606992721557617
2017-02-10,0.761440634727478
2017-02-13,0.7623171210289001
2017-02-14,0.7650231122970581
2017-02-15,0.7644558548927307
2017-02-16,0.7652456164360046
2017-02-17,0.7648066282272339
2017-02-20,0.7640470266342163
2017-02-21,0.7630558609962463
2017-02-22,0.7606703042984009
2017-02-23,0.7596129179000854
2017-02-24,0.7633237838745117
2017-02-27,0.7622358202934265
2017-02-28,0.758328378200531
2017-03-01,0.7512413859367371
2017-03-02,0.7489514946937561
2017-03-03,0.746675431728363
2017-03-06,0.7472724914550781
2017-03-07,0.7461907267570496
2017-03-08,0.7456843256950378
2017-03-09,0.7415096759796143
2017-03-10,0.7403678297996521
2017-03-13,0.7430248856544495
2017-03-14,0.743428111076355
2017-03-15,0.742252767086029
2017-03-16,0.7520606517791748
2017-03-17,0.7506042122840881
2017-03-20,0.7500187754631042
2017-03-21,0.7497544288635254
2017-03-22,0.7486711144447327
2017-03-23,0.7500750422477722
2017-03-24,0.749147891998291
2017-03-27,0.7504971623420715
2017-03-28,0.7469096779823303
2017-03-29,0.7475294470787048
2017-03-30,0.7501313090324402
2017-03-31,0.7500468492507935
2017-04-03,0.7504240274429321
2017-04-04,0.7471272945404053
2017-04-05,0.7463856339454651
2017-04-06,0.7443577647209167
2017-04-07,0.7452453374862671
2017-04-10,0.7458789944648743
2017-04-11,0.7506098747253418
2017-04-12,0.7504352927207947
2017-04-13,0.7551444172859192
2017-04-14,0.7498275637626648
2017-04-17,0.7511454820632935
2017-04-18,0.7504408359527588
2017-04-19,0.7472668886184692
2017-04-20,0.7416747212409973
2017-04-21,0.7420654892921448
2017-04-24,0.7416747212409973
2017-04-25,0.7380618453025818
2017-04-26,0.7367079257965088
2017-04-27,0.734235942363739
2017-04-28,0.733788788318634
2017-05-01,0.733030378818512
2017-05-02,0.7314218878746033
2017-05-03,0.729570209980011
2017-05-04,0.7284753918647766
2017-05-05,0.727209210395813
2017-05-08,0.7314593195915222
2017-05-09,0.730262815952301
2017-05-10,0.7295542359352112
2017-05-11,0.7293573617935181
2017-05-12,0.7297192215919495
2017-05-15,0.7289904952049255
2017-05-16,0.7337672114372253
2017-05-17,0.7346296906471252
2017-05-18,0.7353535890579224
2017-05-19,0.7351049184799194
2017-05-22,0.7398529648780823
2017-05-23,0.7411854267120361
2017-05-24,0.7395793199539185
2017-05-25,0.7455509305000305
2017-05-26,0.7416526675224304
2017-05-29,0.7433065176010132
2017-05-30,0.7422031760215759
2017-05-31,0.7423794865608215
2017-06-01,0.7412678599357605
2017-06-02,0.7398912310600281
2017-06-05,0.7408285140991211
2017-06-06,0.7419663667678833
2017-06-07,0.7435165643692017
2017-06-08,0.7401650547981262
2017-06-09,0.739530086517334
2017-06-12,0.7431573867797852
2017-06-13,0.7512357831001282
2017-06-14,0.755264163017273
2017-06-15,0.7551558613777161
2017-06-16,0.7543753385543823
2017-06-19,0.7568991184234619
2017-06-20,0.7560864686965942
2017-06-21,0.753585159778595
2017-06-22,0.7504690289497375
2017-06-23,0.7558007836341858
2017-06-26,0.754051148891449
2017-06-27,0.7542957067489624
2017-06-28,0.7585526704788208
2017-06-29,0.7669535279273987
2017-06-30,0.7696688771247864
2017-07-03,0.7707366943359375
2017-07-04,0.7698051929473877
2017-07-05,0.7733055353164673
2017-07-06,0.7716525793075562
2017-07-07,0.7705050706863403
2017-07-10,0.7763372659683228
2017-07-12,0.7745453715324402
2017-07-13,0.7843260765075684
2017-07-14,0.7857434153556824
2017-07-17,0.7910266518592834
2017-07-18,0.7875937819480896
2017-07-19,0.7916527986526489
2017-07-20,0.7936508059501648
2017-07-21,0.7938902378082275
2017-07-24,0.7977980375289917
2017-07-25,0.7996545433998108
2017-07-26,0.7995842099189758
2017-07-27,0.8030838370323181
2017-07-28,0.7974608540534973
2017-07-31,0.8024780750274658
2017-08-01,0.7995522618293762
2017-08-02,0.7970350384712219
2017-08-03,0.795418381690979
2017-08-04,0.7956525683403015
2017-08-07,0.79107666015625
2017-08-08,0.7889546155929565
2017-08-09,0.789216160774231
2017-08-10,0.787699282169342
2017-08-11,0.7849663496017456
2017-08-14,0.7890418171882629
2017-08-15,0.7856014966964722
2017-08-16,0.7841353416442871
2017-08-17,0.7921105623245239
2017-08-18,0.7883948683738708
2017-08-21,0.7945525646209717
2017-08-22,0.796279788017273
2017-08-23,0.7958424687385559
2017-08-24,0.7972383499145508
2017-08-25,0.7991752624511719
2017-08-28,0.8018088936805725
2017-08-29,0.7990922331809998
2017-08-30,0.7990731000900269
2017-08-31,0.7919286489486694
2017-09-01,0.801796019077301
2017-09-04,0.8078523278236389
2017-09-05,0.8056135177612305
2017-09-06,0.808531641960144
2017-09-07,0.8174476027488708
2017-09-08,0.8258524537086487
2017-09-11,0.8229504227638245
2017-09-12,0.8259479999542236
2017-09-13,0.8214227557182312
2017-09-14,0.8217467069625854
2017-09-15,0.8221655488014221
2017-09-18,0.8198065161705017
2017-09-19,0.8143255710601807
2017-09-20,0.8136894702911377
2017-09-21,0.8100183010101318
2017-09-22,0.8114314079284668
2017-09-25,0.8099789619445801
2017-09-26,0.8083943724632263
2017-09-27,0.8088194131851196
2017-09-28,0.8011793494224548
2017-09-29,0.8040976524353027
2017-10-02,0.8017188310623169
2017-10-03,0.7989134788513184
2017-10-04,0.8006277084350586
2017-10-05,0.8013462424278259
2017-10-06,0.795620858669281
2017-10-09,0.7976834774017334
2017-10-10,0.7966350317001343
2017-10-11,0.7994883060455322
2017-10-12,0.803316056728363
2017-10-13,0.8016032576560974
2017-10-16,0.8014747500419617
2017-10-17,0.7985306978225708
2017-10-18,0.8001280426979065
2017-10-19,0.8021947741508484
2017-10-20,0.8012371063232422
2017-10-23,0.7913270592689514
2017-10-24,0.7912018299102783
2017-10-25,0.7892037034034729
2017-10-26,0.7816774845123291
2017-10-27,0.7783312201499939
2017-10-30,0.7793442010879517
2017-10-31,0.7797695994377136
2017-11-01,0.7757229804992676
2017-11-02,0.7767412066459656
2017-11-03,0.7807924747467041
2017-11-06,0.7836990356445312
2017-11-07,0.7865592241287231
2017-11-08,0.7836130857467651
2017-11-09,0.7856817841529846
2017-11-10,0.7887492775917053
2017-11-13,0.7879102826118469
2017-11-14,0.7851327657699585
2017-11-15,0.7852375507354736
2017-11-17,0.78382807970047
2017-11-20,0.7817386388778687
2017-11-21,0.7804390788078308
2017-11-22,0.7828401327133179
2017-11-23,0.7870917320251465
2017-11-24,0.7866211533546448
2017-11-27,0.7865345478057861
2017-11-28,0.7837973237037659
2017-11-29,0.780353844165802
2017-11-30,0.7774840593338013
2017-12-01,0.775710940361023
2017-12-04,0.7862809300422668
2017-12-05,0.7888302206993103
2017-12-06,0.7877737283706665
2017-12-07,0.782050371170044
2017-12-08,0.7777259349822998
2017-12-11,0.7776049971580505
2017-12-12,0.7780284881591797
2017-12-13,0.7771215438842773
2017-12-14,0.7802746295928955
2017-12-15,0.7815858125686646
2017-12-18,0.776735246181488
2017-12-19,0.7773088216781616
2017-12-20,0.7765060663223267
2017-12-21,0.7796419858932495
2017-12-22,0.7851759195327759
2017-12-25,0.7857928276062012
2017-12-26,0.7864416837692261
2017-12-27,0.7882084250450134
2017-12-28,0.7905325889587402
2017-12-29,0.7958298921585083
2018-01-01,0.7948620319366455
2018-01-02,0.7964954376220703
2018-01-03,0.7997504472732544
2018-01-04,0.7970095872879028
2018-01-05,0.8006212711334229
2018-01-08,0.806894063949585
2018-01-09,0.805503249168396
2018-01-10,0.8017188310623169
2018-01-11,0.7980464100837708
2018-01-12,0.7987858653068542
2018-01-15,0.8025424480438232
2018-01-16,0.8048613667488098
2018-01-17,0.8048160076141357
2018-01-18,0.80402010679245
2018-01-19,0.8057173490524292
2018-01-22,0.8008905649185181
2018-01-23,0.8030838370323181
2018-01-24,0.805522620677948
2018-01-25,0.8095527291297913
2018-01-26,0.8080155253410339
2018-01-29,0.8121497631072998
2018-01-30,0.8107538223266602
2018-01-31,0.8106289505958557
2018-02-01,0.8128759264945984
2018-02-02,0.8156207203865051
2018-02-05,0.8043758273124695
2018-02-06,0.7977089881896973
2018-02-07,0.7997248768806458
2018-02-08,0.795861542224884
2018-02-09,0.794243335723877
2018-02-12,0.794470489025116
2018-02-13,0.7951021790504456
2018-02-14,0.7943442463874817
2018-02-15,0.8010766506195068
2018-02-16,0.8011536002159119
2018-02-19,0.7963812947273254
2018-02-20,0.7957348227500916
2018-02-21,0.7907013297080994
2018-02-22,0.7875441908836365
2018-02-23,0.7866582870483398
2018-02-26,0.7906075716018677
2018-02-27,0.7883948683738708
2018-02-28,0.7830179333686829
2018-03-01,0.7792409658432007
2018-03-02,0.7792956233024597
2018-03-05,0.7759095430374146
2018-03-06,0.7704219818115234
2018-03-07,0.7722663283348083
2018-03-08,0.774821400642395
2018-03-09,0.7754282355308533
2018-03-12,0.7805061340332031
2018-03-13,0.7786888480186462
2018-03-14,0.7717835903167725
2018-03-15,0.7720815539360046
2018-03-16,0.7661836743354797
2018-03-19,0.7638252377510071
2018-03-20,0.7644909024238586
2018-03-21,0.7648534178733826
2018-03-22,0.7753620743751526
2018-03-23,0.7733294367790222
2018-03-26,0.7763553261756897
2018-03-27,0.7790528535842896
2018-03-28,0.7764879465103149
2018-03-29,0.7740597128868103
2018-03-30,0.7759758234024048
2018-04-02,0.775620698928833
2018-04-03,0.7739339470863342
2018-04-04,0.7808717489242554
2018-04-05,0.7840369939804077
2018-04-06,0.7831344604492188
2018-04-09,0.782552182674408
2018-04-10,0.7872775793075562
2018-04-11,0.7940667271614075
2018-04-12,0.7957348227500916
2018-04-13,0.7943568825721741
2018-04-16,0.793537437915802
2018-04-17,0.7957981824874878
2018-04-18,0.7962861061096191
2018-04-19,0.7920165061950684
2018-04-20,0.7895838022232056
2018-04-23,0.783287763595581
2018-04-24,0.7785736322402954
2018-04-25,0.7799521088600159
2018-04-26,0.7790589332580566
2018-04-27,0.7769826650619507
2018-04-30,0.7788283228874207
2018-05-01,0.7793382406234741
2018-05-02,0.7785009145736694
2018-05-03,0.7762769460678101
2018-05-04,0.7781737446784973
2018-05-07,0.7778589725494385
2018-05-08,0.7764578461647034
2018-05-09,0.7725587487220764
2018-05-10,0.7782282829284668
2018-05-11,0.7830975651741028
2018-05-14,0.7824113965034485
2018-05-15,0.78125
2018-05-16,0.7768740057945251
2018-05-17,0.7823501825332642
2018-05-18,0.7790892124176025
2018-05-21,0.7765724062919617
2018-05-22,0.7827237248420715
2018-05-23,0.7802746295928955
2018-05-24,0.7791802883148193
2018-05-25,0.7762166857719421
2018-05-28,0.7706475257873535
2018-05-29,0.7697222232818604
2018-05-30,0.7674597501754761
2018-05-31,0.7756086587905884
2018-06-01,0.7725527286529541
2018-06-04,0.7719622850418091
2018-06-05,0.7737542390823364
2018-06-06,0.7728572487831116
2018-06-07,0.7724512815475464
2018-06-08,0.7702973484992981
2018-06-11,0.771075427532196
2018-06-12,0.7699888944625854
2018-06-13,0.7682911157608032
2018-06-14,0.7708138823509216
2018-06-15,0.7624217867851257
2018-06-18,0.7577479481697083
2018-06-19,0.7569335103034973
2018-06-20,0.7530800700187683
2018-06-21,0.7515068054199219
2018-06-22,0.7508972883224487
2018-06-25,0.7530800700187683
2018-06-26,0.7520154118537903
2018-06-27,0.7517892718315125
2018-06-28,0.750221312046051
2018-06-29,0.7544208765029907
2018-07-02,0.7605835199356079
2018-07-03,0.7582995891571045
2018-07-04,0.7609191536903381
2018-07-05,0.7610871195793152
2018-07-06,0.7612667679786682
2018-07-09,0.7635977864265442
2018-07-10,0.7627590298652649
2018-07-11,0.760861337184906
2018-07-12,0.7571741938591003
2018-07-13,0.759578287601471
2018-07-16,0.7601094245910645
2018-07-17,0.7612493634223938
2018-07-18,0.7573806643486023
2018-07-19,0.7594225406646729
2018-07-20,0.7541478276252747
2018-07-23,0.7622997164726257
2018-07-24,0.7593591213226318
2018-07-25,0.7604389190673828
2018-07-26,0.7670417428016663
2018-07-27,0.7651694416999817
2018-07-30,0.7656381726264954
2018-07-31,0.7675774693489075
2018-08-01,0.7681671380996704
2018-08-02,0.7693195343017578
2018-08-03,0.7677838206291199
2018-08-06,0.7684150338172913
2018-08-07,0.7691715955734253
2018-08-08,0.7657671570777893
2018-08-09,0.7681081295013428
2018-08-10,0.7665302157402039
2018-08-13,0.7604562640190125
2018-08-14,0.7614870071411133
2018-08-15,0.7659313678741455
2018-08-16,0.7608381509780884
2018-08-17,0.7599072456359863
2018-08-20,0.7657085061073303
2018-08-21,0.7667829990386963
2018-08-22,0.7672065496444702
2018-08-23,0.7687754034996033
2018-08-24,0.7632771730422974
2018-08-27,0.7687104344367981
2018-08-28,0.7714085578918457
2018-08-29,0.7734251022338867
2018-08-30,0.7749414443969727
2018-08-31,0.7700660228729248
2018-09-03,0.7656967639923096
2018-09-04,0.7636677026748657
2018-09-05,0.7590535879135132
2018-09-06,0.75904780626297
2018-09-07,0.760178804397583
2018-09-10,0.7593591213226318
2018-09-11,0.7597455978393555
2018-09-12,0.7655502557754517
2018-09-13,0.7692307829856873
2018-09-14,0.7689114212989807
2018-09-17,0.7667123675346375
2018-09-18,0.7654916644096375
2018-09-19,0.7709149122238159
2018-09-20,0.7741076350212097
2018-09-21,0.774665355682373
2018-09-24,0.7744133472442627
2018-09-25,0.7722783088684082
2018-09-26,0.7717716693878174
2018-09-27,0.7670652270317078
2018-09-28,0.767082929611206
2018-10-01,0.7787798047065735
2018-10-02,0.7805122137069702
2018-10-03,0.7800981402397156
2018-10-04,0.7765181064605713
2018-10-05,0.7739937901496887
2018-10-08,0.772320032119751
2018-10-09,0.7719622850418091
2018-10-10,0.7729169726371765
2018-10-11,0.7662307024002075
2018-10-12,0.7673889994621277
2018-10-15,0.7678545117378235
2018-10-16,0.7696274518966675
2018-10-17,0.7730603814125061
2018-10-18,0.767754316329956
2018-10-19,0.7645902633666992
2018-10-22,0.7631607055664062
2018-10-23,0.7635336518287659
2018-10-24,0.7644851207733154
2018-10-25,0.7664303779602051
2018-10-26,0.7650699615478516
2018-10-29,0.7636210918426514
2018-10-30,0.761684238910675
2018-10-31,0.762543797492981
2018-11-01,0.7600228190422058
2018-11-02,0.7639302611351013
2018-11-05,0.7633179426193237
2018-11-06,0.7628230452537537
2018-11-07,0.7624101042747498
2018-11-08,0.7624449729919434
2018-11-09,0.7608728408813477
2018-11-12,0.7579834461212158
2018-11-13,0.7551729083061218
2018-11-14,0.7561665177345276
2018-11-15,0.7548878788948059
2018-11-16,0.7591862082481384
2018-11-19,0.7606586813926697
2018-11-20,0.7592092156410217
2018-11-21,0.7515971660614014
2018-11-22,0.7561436891555786
2018-11-23,0.7581156492233276
2018-11-26,0.7560864686965942
2018-11-27,0.754517674446106
2018-11-28,0.7521398067474365
2018-11-29,0.7532389163970947
2018-11-30,0.7532956600189209
2018-12-03,0.7543981671333313
2018-12-04,0.7577077746391296
2018-12-05,0.7544322609901428
2018-12-06,0.7485030293464661
2018-12-07,0.746619701385498
2018-12-10,0.7503339052200317
2018-12-11,0.7463856339454651
2018-12-12,0.7474735379219055
2018-12-13,0.7492882013320923
2018-12-14,0.7492320537567139
2018-12-17,0.7469431161880493
2018-12-18,0.74558424949646
2018-12-19,0.7431076765060425
2018-12-20,0.7421205639839172
2018-12-21,0.7408285140991211
2018-12-24,0.735542893409729
2018-12-25,0.7348618507385254
2018-12-26,0.7360517978668213
2018-12-27,0.7367568016052246
2018-12-28,0.734268307685852
2018-12-31,0.7341066002845764
2019-01-01,0.746586263179779
2019-01-02,0.7339233756065369
2019-01-03,0.7336111664772034
2019-01-04,0.7419058084487915
2019-01-07,0.7479823231697083
2019-01-08,0.7521058917045593
2019-01-09,0.7548878788948059
2019-01-10,0.756916344165802
2019-01-11,0.7553440928459167
2019-01-14,0.75372713804245
2019-01-15,0.7532332539558411
2019-01-16,0.7541705369949341
2019-01-17,0.7542217373847961
2019-01-18,0.7530007362365723
2019-01-21,0.7532956600189209
2019-01-22,0.752162516117096
2019-01-23,0.7487271428108215
2019-01-24,0.7495633959770203
2019-01-25,0.7490355968475342
2019-01-28,0.7563723921775818
2019-01-29,0.7541307210922241
2019-01-30,0.7535000443458557
2019-01-31,0.7609770894050598
2019-02-01,0.761852502822876
2019-02-04,0.7634170055389404
2019-02-05,0.7623984813690186
2019-02-06,0.7619628310203552
2019-02-07,0.7568303942680359
2019-02-08,0.7512640357017517
2019-02-11,0.7533524632453918
2019-02-12,0.7518796920776367
2019-02-13,0.7559378743171692
2019-02-14,0.7541990280151367
2019-02-15,0.7520493268966675
2019-02-18,0.7553440928459167
2019-02-19,0.7556294202804565
2019-02-20,0.7570653557777405
2019-02-21,0.7593014240264893
2019-02-22,0.7561208009719849
2019-02-25,0.7615566253662109
2019-02-26,0.7584261298179626
2019-02-27,0.7597629427909851
2019-02-28,0.7607455253601074
2019-03-01,0.7596302032470703
2019-03-04,0.7528079748153687
2019-03-05,0.7512075901031494
2019-03-06,0.748878538608551
2019-03-07,0.7438815832138062
2019-03-08,0.7437875270843506
2019-03-11,0.7452675700187683
2019-03-12,0.7465695142745972
2019-03-13,0.7486711144447327
2019-03-14,0.752162516117096
2019-03-15,0.750485897064209
2019-03-18,0.7495689988136292
2019-03-19,0.7497938275337219
2019-03-20,0.7506380081176758
2019-03-21,0.7526719570159912
2019-03-22,0.7482229471206665
2019-03-25,0.7448789477348328
2019-03-26,0.7467144727706909
2019-03-27,0.7474343776702881
2019-03-28,0.745617687702179
2019-03-29,0.7445738911628723
2019-04-01,0.7492320537567139
2019-04-02,0.751258373260498
2019-04-03,0.7494566440582275
2019-04-04,0.749512791633606
2019-04-05,0.7482397556304932
2019-04-08,0.7478871941566467
2019-04-09,0.751111626625061
2019-04-10,0.7503113746643066
2019-04-11,0.7508748173713684
2019-04-12,0.7475014925003052
2019-04-15,0.7500468492507935
2019-04-16,0.7480550408363342
2019-04-17,0.7485422492027283
2019-04-18,0.7491759061813354
2019-04-19,0.7476076483726501
2019-04-22,0.7473339438438416
2019-04-23,0.7493274807929993
2019-04-24,0.7447291612625122
2019-04-25,0.7411249876022339
2019-04-26,0.7419498562812805
2019-04-29,0.7429420948028564
2019-04-30,0.7432347536087036
2019-05-01,0.7469431161880493
2019-05-02,0.7441085577011108
2019-05-03,0.742434561252594
2019-05-06,0.7422692775726318
2019-05-07,0.7435552477836609
2019-05-08,0.7424456477165222
2019-05-09,0.7422637939453125
2019-05-10,0.7426496744155884
2019-05-13,0.7440808415412903
2019-05-14,0.7420599460601807
2019-05-15,0.7429420948028564
2019-05-16,0.7439590692520142
2019-05-17,0.7428317070007324
2019-05-20,0.743665874004364
2019-05-21,0.7447568774223328
2019-05-23,0.7442414164543152
2019-05-24,0.7421921491622925
2019-05-27,0.7443245053291321
2019-05-28,0.7441583871841431
2019-05-29,0.7414272427558899
2019-05-30,0.7400829195976257
2019-05-31,0.7393770217895508
2019-06-03,0.7396340370178223
2019-06-04,0.7439646124839783
2019-06-05,0.7468036413192749
2019-06-06,0.745156466960907
2019-06-07,0.7488393187522888
2019-06-10,0.7536419630050659
2019-06-11,0.7538521885871887
2019-06-12,0.7530007362365723
2019-06-13,0.7500187754631042
2019-06-14,0.7503395080566406
2019-06-17,0.7457677721977234
2019-06-18,0.745712161064148
2019-06-19,0.7477194666862488
2019-06-20,0.7535965442657471
2019-06-21,0.7585468888282776
2019-06-24,0.7575528025627136
2019-06-25,0.7586677670478821
2019-06-26,0.7588174939155579
2019-06-27,0.7621369957923889
2019-06-28,0.7636910676956177
2019-07-01,0.7639186382293701
2019-07-02,0.7614986300468445
2019-07-03,0.7635919451713562
2019-07-04,0.7658668756484985
2019-07-05,0.7663775086402893
2019-07-08,0.7647832632064819
2019-07-09,0.7632364630699158
2019-07-10,0.761904776096344
2019-07-11,0.7649353742599487
2019-07-12,0.7652572989463806
2019-07-15,0.767283022403717
2019-07-16,0.7664303779602051
2019-07-17,0.7641462683677673
2019-07-18,0.7661073803901672
2019-07-19,0.7671300172805786
2019-07-22,0.766166090965271
2019-07-23,0.7618467211723328
2019-07-24,0.7610871195793152
2019-07-25,0.7608728408813477
2019-07-26,0.7599939703941345
2019-07-29,0.7593591213226318
2019-07-30,0.7596763968467712
2019-07-31,0.7605950832366943
2019-08-01,0.7579776644706726
2019-08-02,0.7567788362503052
2019-08-05,0.757409393787384
2019-08-06,0.7567674517631531
2019-08-07,0.7529950141906738
2019-08-08,0.7512301206588745
2019-08-09,0.755972146987915
2019-08-12,0.7565784454345703
2019-08-13,0.7555038928985596
2019-08-14,0.756887674331665
2019-08-15,0.7513148188591003
2019-08-16,0.7509255409240723
2019-08-19,0.7537556290626526
2019-08-20,0.7503113746643066
2019-08-21,0.7510326504707336
2019-08-22,0.7526719570159912
2019-08-23,0.7521454691886902
2019-08-26,0.7511454820632935
2019-08-27,0.754591703414917
2019-08-28,0.7527172565460205
2019-08-29,0.7514841556549072
2019-08-30,0.7529553771018982
2019-09-02,0.7509198784828186
2019-09-03,0.7500187754631042
2019-09-04,0.7497207522392273
2019-09-05,0.7561265230178833
2019-09-06,0.7559149861335754
2019-09-09,0.7594167590141296
2019-09-10,0.7593648433685303
2019-09-11,0.7607050538063049
2019-09-12,0.7584664225578308
2019-09-13,0.756916344165802
2019-09-16,0.7568303942680359
2019-09-17,0.7552413940429688
2019-09-18,0.7553440928459167
2019-09-19,0.7522190809249878
2019-09-20,0.7543014287948608
2019-09-23,0.7538067698478699
2019-09-24,0.7541080117225647
2019-09-25,0.7552527785301208
2019-09-26,0.7543184757232666
2019-09-27,0.7536931037902832
2019-09-30,0.7555723190307617
2019-10-01,0.7551729083061218
2019-10-02,0.7566013336181641
2019-10-03,0.7502832412719727
2019-10-04,0.7498106360435486
2019-10-07,0.7515237331390381
2019-10-08,0.7517440319061279
2019-10-09,0.7506718635559082
2019-10-10,0.7499062418937683
2019-10-11,0.7526776194572449
2019-10-14,0.7576331496238708
2019-10-15,0.7562008500099182
2019-10-16,0.7574610114097595
2019-10-17,0.7575757503509521
2019-10-18,0.7612783312797546
2019-10-21,0.7614986300468445
2019-10-22,0.7641404271125793
2019-10-23,0.7637085914611816
2019-10-24,0.7649353742599487
2019-10-25,0.7650758028030396
2019-10-28,0.7655209302902222
2019-10-29,0.765954852104187
2019-10-30,0.7640002965927124
2019-10-31,0.7595667243003845
2019-11-01,0.7594455480575562
2019-11-04,0.7610350251197815
2019-11-05,0.760363757610321
2019-11-06,0.7603984475135803
2019-11-07,0.7584031224250793
2019-11-08,0.7560235857963562
2019-11-11,0.7561322450637817
2019-11-12,0.755743682384491
2019-11-13,0.7554752826690674
2019-11-14,0.7546088099479675
2019-11-15,0.754728376865387
2019-11-18,0.7562923431396484
2019-11-19,0.757185697555542
2019-11-20,0.7535057067871094
2019-11-21,0.7517666816711426
2019-11-22,0.7531254291534424
2019-11-25,0.7521228194236755
2019-11-26,0.7517045140266418
2019-11-27,0.7536363005638123
2019-11-28,0.7526946663856506
2019-11-29,0.7530290484428406
2019-12-02,0.7527909874916077
2019-12-03,0.7517101764678955
2019-12-04,0.7523378729820251
2019-12-05,0.7579949498176575
2019-12-06,0.7589556574821472
2019-12-09,0.754728376865387
2019-12-10,0.7554525136947632
2019-12-11,0.7558007836341858
2019-12-12,0.7591457962989807
2019-12-13,0.7603002190589905
2019-12-16,0.7585297226905823
2019-12-17,0.7597051858901978
2019-12-18,0.759924590587616
2019-12-19,0.762549638748169
2019-12-20,0.7620208859443665
2019-12-23,0.7606644630432129
2019-12-24,0.7605603337287903
2019-12-25,0.7596474885940552
2019-12-26,0.7601672410964966
2019-12-27,0.7628929018974304
2019-12-30,0.764911949634552
2019-12-31,0.7656616568565369
2020-01-01,0.7691124677658081
2020-01-02,0.7708317637443542
2020-01-03,0.7702379822731018
2020-01-06,0.7700244784355164
2020-01-07,0.7713727951049805
2020-01-08,0.7690473794937134
2020-01-09,0.7670770287513733
2020-01-10,0.7655502557754517
2020-01-13,0.765380322933197
2020-01-14,0.765954852104187
2020-01-15,0.7653744220733643
2020-01-16,0.7669888138771057
2020-01-17,0.7669299840927124
2020-01-20,0.7654857635498047
2020-01-21,0.7665536999702454
2020-01-22,0.764906108379364
2020-01-23,0.7610929608345032
2020-01-24,0.7617886662483215
2020-01-27,0.7599362134933472
2020-01-28,0.7582823038101196
2020-01-29,0.7596474885940552
2020-01-30,0.7577479481697083
2020-01-31,0.7569277882575989
2020-02-03,0.755264163017273
2020-02-04,0.7522190809249878
2020-02-05,0.7528759837150574
2020-02-06,0.7527682781219482
2020-02-07,0.752785325050354
2020-02-10,0.7513373494148254
2020-02-11,0.7509198784828186
2020-02-12,0.7524227499961853
2020-02-13,0.7543696761131287
2020-02-14,0.7539260387420654
2020-02-17,0.7549905180931091
2020-02-18,0.7555723190307617
2020-02-19,0.7545062899589539
2020-02-20,0.7564067840576172
2020-02-21,0.7541592121124268
2020-02-24,0.7545461654663086
2020-02-25,0.7525926828384399
2020-02-26,0.7530574202537537
2020-02-27,0.7493274807929993
2020-02-28,0.7470380067825317
2020-03-02,0.7458734512329102
2020-03-03,0.7504634261131287
2020-03-04,0.7475182414054871
2020-03-05,0.7471272945404053
2020-03-06,0.7466140985488892
2020-03-09,0.7340958118438721
2020-03-10,0.7321715950965881
2020-03-11,0.7282366156578064
2020-03-12,0.7260582447052002
2020-03-13,0.7172160744667053
2020-03-16,0.724753201007843
2020-03-17,0.7137452960014343
2020-03-18,0.7022866010665894
2020-03-19,0.6922810673713684
2020-03-20,0.689740777015686
2020-03-23,0.6915916204452515
2020-03-24,0.6907556056976318
2020-03-25,0.6925687193870544
2020-03-26,0.7033783197402954
2020-03-27,0.7123826146125793
2020-03-30,0.7119008302688599
2020-03-31,0.7052832841873169
2020-04-01,0.710328221321106
2020-04-02,0.70664381980896
2020-04-03,0.7077491283416748
2020-04-06,0.701655924320221
2020-04-07,0.708601713180542
2020-04-08,0.7135721445083618
2020-04-09,0.7140918970108032
2020-04-10,0.7149956226348877
2020-04-13,0.7159016132354736
2020-04-14,0.7208194136619568
2020-04-15,0.720414400100708
2020-04-16,0.7082604169845581
2020-04-17,0.7122761011123657
2020-04-20,0.7118450999259949
2020-04-21,0.7077541351318359
2020-04-22,0.7047712802886963
2020-04-23,0.7050296664237976
2020-04-24,0.7109847068786621
2020-04-27,0.708817720413208
2020-04-28,0.7124435305595398
2020-04-29,0.7151541113853455
2020-04-30,0.7207571268081665
2020-05-01,0.7166968584060669
2020-05-04,0.7074637413024902
2020-05-05,0.7100406885147095
2020-05-06,0.7121391296386719
2020-05-07,0.706070065498352
2020-05-08,0.7158452272415161
2020-05-11,0.7181792259216309
2020-05-12,0.7133685350418091
2020-05-13,0.7101818919181824
2020-05-14,0.709773600101471
2020-05-15,0.7126059532165527
2020-05-18,0.7096728086471558
2020-05-19,0.7174115777015686
2020-05-20,0.7174630165100098
2020-05-21,0.7191916108131409
2020-05-22,0.7170000672340393
2020-05-25,0.7150058150291443
2020-05-26,0.7157273888587952
2020-05-27,0.7255577445030212
2020-05-28,0.7270188927650452
2020-05-29,0.726005494594574
2020-06-01,0.7257947325706482
2020-06-02,0.7362414598464966
2020-06-03,0.7401924729347229
2020-06-04,0.7410810589790344
2020-06-05,0.7406529784202576
2020-06-08,0.7466698288917542
2020-06-09,0.7480550408363342
2020-06-10,0.7450454235076904
2020-06-11,0.7446903586387634
2020-06-12,0.7332506775856018
2020-06-15,0.7332937121391296
2020-06-16,0.7388853430747986
2020-06-17,0.7389071583747864
2020-06-18,0.7366048693656921
2020-06-19,0.7357051968574524
2020-06-22,0.7343761324882507
2020-06-23,0.7406419515609741
2020-06-24,0.7384324669837952
2020-06-25,0.7329336404800415
2020-06-26,0.733406662940979
2020-06-29,0.7310850024223328
2020-06-30,0.7322466969490051
2020-07-01,0.7366916537284851
2020-07-02,0.7357810139656067
2020-07-03,0.7369359731674194
2020-07-06,0.7380564212799072
2020-07-07,0.7386124730110168
2020-07-08,0.7350779175758362
2020-07-09,0.7397981882095337
2020-07-10,0.7363770008087158
2020-07-13,0.7354022860527039
2020-07-14,0.7347322702407837
2020-07-15,0.7353265285491943
2020-07-16,0.7403623461723328
2020-07-17,0.7369794249534607
2020-07-20,0.736659049987793
2020-07-21,0.7393770217895508
2020-07-22,0.7436160445213318
2020-07-23,0.745311975479126
2020-07-24,0.7460570931434631
2020-07-27,0.7453342080116272
2020-07-28,0.7496870160102844
2020-07-29,0.7474064826965332
2020-07-30,0.749512791633606
2020-07-31,0.7455564737319946
2020-08-03,0.7464246153831482
2020-08-04,0.7466029524803162
2020-08-05,0.7521172165870667
2020-08-06,0.7538748979568481
2020-08-07,0.7508409023284912
2020-08-10,0.747004508972168
2020-08-11,0.7488393187522888
2020-08-12,0.7512865662574768
2020-08-13,0.7550817131996155
2020-08-14,0.7564525604248047
2020-08-17,0.7545803189277649
2020-08-18,0.7563266754150391
2020-08-19,0.7603232860565186
2020-08-20,0.7568761706352234
2020-08-21,0.7591630816459656
2020-08-24,0.7587311267852783
2020-08-25,0.7565669417381287
2020-08-26,0.7597051858901978
2020-08-27,0.7611508965492249
2020-08-28,0.7621021866798401
2020-08-31,0.7645084261894226
2020-09-01,0.7671653032302856
2020-09-02,0.7661073803901672
2020-09-03,0.7666007280349731
2020-09-04,0.7610524296760559
2020-09-07,0.764777421951294
2020-09-08,0.7636036276817322
2020-09-09,0.7553383708000183
2020-09-10,0.7603117227554321
2020-09-11,0.7581788301467896
2020-09-14,0.7586562633514404
2020-09-15,0.758915364742279
2020-09-16,0.7579891681671143
2020-09-17,0.7586389780044556
2020-09-18,0.760444700717926
2020-09-21,0.7577364444732666
2020-09-22,0.7518796920776367
2020-09-23,0.7520493268966675
2020-09-24,0.7471886873245239
2020-09-25,0.7489851117134094
2020-09-28,0.7474511861801147
2020-09-29,0.7486823201179504
2020-09-30,0.747171938419342
2020-10-01,0.7515801787376404
2020-10-02,0.752785325050354
2020-10-05,0.7523888349533081
2020-10-06,0.7543184757232666
2020-10-07,0.7506775259971619
2020-10-08,0.7542729377746582
2020-10-09,0.7580294013023376
2020-10-12,0.7616146206855774
2020-10-13,0.7626311182975769
2020-10-14,0.7609307765960693
2020-10-15,0.7605372667312622
2020-10-16,0.7561379671096802
2020-10-19,0.7587656378746033
2020-10-20,0.7581673860549927
2020-10-21,0.7621660828590393
2020-10-22,0.7602712512016296
2020-10-23,0.7612261772155762
2020-10-26,0.7606182098388672
2020-10-27,0.7572258114814758
2020-10-28,0.7580466866493225
2020-10-29,0.7512865662574768
2020-10-30,0.7510157823562622
2020-11-02,0.7480606436729431
2020-11-03,0.7564010620117188
2020-11-04,0.7632364630699158
2020-11-05,0.7618235349655151
2020-11-06,0.7644032835960388
2020-11-09,0.7679135203361511
2020-11-10,0.7688109278678894
2020-11-11,0.7674008011817932
2020-11-12,0.7658023238182068
2020-11-13,0.7612667679786682
2020-11-16,0.7619860172271729
2020-11-17,0.7648007869720459
2020-11-18,0.7630675435066223
2020-11-19,0.7642806172370911
2020-11-20,0.7641929388046265
2020-11-23,0.764397382736206
2020-11-24,0.7648534178733826
2020-11-25,0.7694438099861145
2020-11-26,0.7691124677658081
2020-11-27,0.7680255770683289
2020-11-30,0.7702617645263672
2020-12-01,0.7697044014930725
2020-12-02,0.7732157707214355
2020-12-03,0.7741615772247314
2020-12-04,0.7773268818855286
2020-12-07,0.7824971675872803
2020-12-08,0.7811279296875
2020-12-09,0.7802624702453613
2020-12-10,0.7797635793685913
2020-12-11,0.7849786281585693
2020-12-14,0.7842767834663391
2020-12-15,0.7836806774139404
2020-12-16,0.7874263525009155
2020-12-17,0.7844982743263245
2020-12-18,0.785484254360199
2020-12-21,0.7806035876274109
2020-12-22,0.7780163288116455
2020-12-23,0.7755966186523438
2020-12-24,0.7784827947616577
2020-12-25,0.7783191800117493
2020-12-28,0.7788404822349548
2020-12-29,0.7788161635398865
2020-12-30,0.7799034714698792
2020-12-31,0.784270703792572
2021-01-01,0.8097231388092041
2021-01-04,0.7860337495803833
2021-01-05,0.7824113965034485
2021-01-06,0.788973331451416
2021-01-07,0.789552628993988
2021-01-08,0.7884072065353394
2021-01-11,0.7854965925216675
2021-01-12,0.7829995155334473
2021-01-13,0.7869244813919067
2021-01-14,0.7875193953514099
2021-01-15,0.7906575798988342
2021-01-18,0.7834105491638184
2021-01-19,0.784436821937561
2021-01-20,0.785996675491333
2021-01-21,0.7920165061950684
2021-01-22,0.7907201051712036
2021-01-25,0.7859843373298645
2021-01-26,0.7850834727287292
2021-01-27,0.7877799868583679
2021-01-28,0.7802746295928955
2021-01-29,0.7793685793876648
2021-02-01,0.781115710735321
2021-02-02,0.7784523963928223
2021-02-03,0.7821605205535889
2021-02-04,0.7822278141975403
2021-02-05,0.7798547744750977
2021-02-08,0.7837973237037659
2021-02-09,0.785071074962616
2021-02-10,0.7875814437866211
2021-02-11,0.7876496315002441
2021-02-12,0.7873644232749939
2021-02-15,0.7881525158882141
2021-02-16,0.7914146780967712
2021-02-17,0.7868439555168152
2021-02-18,0.7874078154563904
2021-02-19,0.7885875701904297
2021-02-22,0.7937326431274414
2021-02-23,0.7930842638015747
2021-02-24,0.7941171526908875
2021-02-25,0.799360454082489
2021-02-26,0.7930276989936829
2021-03-01,0.7876496315002441
2021-03-02,0.7910453677177429
2021-03-03,0.7914146780967712
2021-03-04,0.7892223596572876
2021-03-05,0.7887741923332214
2021-03-08,0.7916465401649475
2021-03-09,0.7900204658508301
2021-03-10,0.7909452319145203
2021-03-11,0.7923867702484131
2021-03-12,0.7979954481124878
2021-03-15,0.8019696474075317
2021-03-16,0.8015710711479187
2021-03-17,0.8036841154098511
2021-03-18,0.8071025013923645
2021-03-19,0.8005828261375427
2021-03-22,0.7985370755195618
2021-03-23,0.7986710071563721
2021-03-24,0.7942748665809631
2021-03-25,0.7951211333274841
2021-03-26,0.793537437915802
2021-03-29,0.7946472764015198
2021-03-30,0.7942559719085693
2021-03-31,0.7923428416252136
2021-04-01,0.7959058284759521
2021-04-02,0.7970667481422424
2021-04-05,0.7959248423576355
2021-04-06,0.7987092733383179
2021-04-07,0.7954563498497009
2021-04-08,0.7928516268730164
2021-04-09,0.7960389256477356
2021-04-12,0.7980336546897888
2021-04-13,0.7962417006492615
2021-04-14,0.79763263463974
2021-04-15,0.7989134788513184
2021-04-16,0.7972129583358765
2021-04-19,0.7988751530647278
2021-04-20,0.7986136078834534
2021-04-21,0.792927086353302
2021-04-22,0.7997632622718811
2021-04-23,0.7998144030570984
2021-04-26,0.8007944226264954
2021-04-27,0.8067118525505066
2021-04-28,0.806048572063446
2021-04-29,0.8128164410591125
2021-04-30,0.8145843148231506
2021-05-03,0.8143919110298157
2021-05-04,0.8143255710601807
2021-05-05,0.8129948973655701
2021-05-06,0.8151886463165283
2021-05-07,0.8227744102478027
2021-05-10,0.8254911303520203
2021-05-11,0.8268768191337585
2021-05-12,0.8266922235488892
2021-05-13,0.8250417113304138
2021-05-14,0.8218074440956116
2021-05-17,0.8256956338882446
2021-05-18,0.8290842175483704
2021-05-19,0.8283150792121887
2021-05-20,0.8242459893226624
2021-05-21,0.8290155529975891
2021-05-24,0.8287063837051392
2021-05-25,0.8298892974853516
2021-05-26,0.8289124369621277
2021-05-27,0.8243955373764038
2021-05-28,0.8284866809844971
2021-05-31,0.8279653787612915
2021-06-01,0.8291392922401428
2021-06-02,0.8285690546035767
2021-06-03,0.8307027816772461
2021-06-04,0.8259684443473816
2021-06-07,0.8281025290489197
2021-06-08,0.827355682849884
2021-06-09,0.8256683349609375
2021-06-10,0.8254503011703491
2021-06-11,0.8269246220588684
2021-06-14,0.8225036859512329
2021-06-15,0.823655366897583
2021-06-16,0.8206407427787781
2021-06-17,0.8144648671150208
2021-06-18,0.8100314736366272
2021-06-21,0.8032193183898926
2021-06-22,0.8084074258804321
2021-06-23,0.8123477101325989
2021-06-24,0.8127900958061218
2021-06-25,0.8115368485450745
2021-06-28,0.8135438561439514
2021-06-29,0.8107669949531555
2021-06-30,0.8066988587379456
2021-07-01,0.8069266676902771
2021-07-02,0.8038132786750793
2021-07-05,0.8110299706459045
2021-07-06,0.8103793859481812
2021-07-07,0.8026906251907349
2021-07-08,0.8011729121208191
2021-07-09,0.7982119917869568
2021-07-12,0.8034064769744873
2021-07-13,0.8028775453567505
2021-07-14,0.7986582517623901
2021-07-15,0.7990092635154724
2021-07-16,0.7943442463874817
2021-07-19,0.7925876975059509
2021-07-20,0.7845598459243774
2021-07-21,0.7889483571052551
2021-07-22,0.7956145405769348
2021-07-23,0.7959248423576355
2021-07-26,0.7957032322883606
2021-07-27,0.7974482178688049
2021-07-28,0.7942054867744446
2021-07-29,0.7987411618232727
2021-07-30,0.8032580018043518
2021-08-02,0.8021368980407715
2021-08-03,0.7999295592308044
2021-08-04,0.7978744506835938
2021-08-05,0.797130286693573
2021-08-06,0.7999167442321777
2021-08-09,0.7954879999160767
2021-08-10,0.795304536819458
2021-08-11,0.7987858653068542
2021-08-12,0.7995650768280029
2021-08-13,0.7987220883369446
2021-08-16,0.7989773154258728
2021-08-17,0.7955702543258667
2021-08-18,0.7919850945472717
2021-08-19,0.7896960377693176
2021-08-20,0.7793442010879517
2021-08-23,0.7796663045883179
2021-08-24,0.7904513478279114
2021-08-25,0.7939028143882751
2021-08-26,0.7943632006645203
2021-08-27,0.7883388996124268
2021-08-30,0.7929584980010986
2021-08-31,0.7930905818939209
2021-09-01,0.7926379442214966
2021-09-02,0.7922863364219666
2021-09-03,0.7966984510421753
2021-09-06,0.7980655431747437
2021-09-07,0.7978107929229736
2021-09-08,0.7907388806343079
2021-09-09,0.7877737283706665
2021-09-10,0.7897272109985352
2021-09-13,0.7886745929718018
2021-09-14,0.7906388640403748
2021-09-15,0.7880220413208008
2021-09-16,0.7925123572349548
2021-09-17,0.7885502576828003
2021-09-20,0.7834534645080566
2021-09-21,0.7811034917831421
2021-09-22,0.7799825072288513
2021-09-23,0.7821115851402283
2021-09-24,0.7897647023200989
2021-09-27,0.7905513048171997
2021-09-28,0.7920039296150208
2021-09-29,0.7888302206993103
2021-09-30,0.7840800285339355
2021-10-01,0.7883948683738708
2021-10-04,0.7920791506767273
2021-10-05,0.7942937612533569
2021-10-06,0.7947419881820679
2021-10-07,0.7945209741592407
2021-10-08,0.7970033288002014
2021-10-11,0.8010188937187195
2021-10-12,0.8012564182281494
2021-10-13,0.8015325665473938
2021-10-14,0.8040653467178345
2021-10-15,0.8081068992614746
2021-10-18,0.8081656694412231
2021-10-19,0.8082636594772339
2021-10-20,0.8094544410705566
2021-10-21,0.8113985061645508
2021-10-22,0.808387815952301
2021-10-25,0.8083224296569824
2021-10-26,0.807819664478302
2021-10-27,0.8070113062858582
2021-10-28,0.808427095413208
2021-10-29,0.8099724054336548
2021-11-01,0.8075653314590454
2021-11-02,0.8081526160240173
2021-11-03,0.8059316277503967
2021-11-04,0.8078980445861816
2021-11-05,0.8031483292579651
2021-11-08,0.8031612634658813
2021-11-09,0.8037163615226746
2021-11-10,0.8041170835494995
2021-11-11,0.8008649349212646
2021-11-12,0.7943758368492126
2021-11-15,0.7971112728118896
2021-11-16,0.7991049885749817
2021-11-17,0.7958171963691711
2021-11-18,0.7929459810256958
2021-11-19,0.7934303879737854
2021-11-22,0.7902951836585999
2021-11-23,0.7873209714889526
2021-11-24,0.7888985872268677
2021-11-25,0.7897833585739136
2021-11-26,0.7896586060523987
2021-11-29,0.7858669757843018
2021-11-30,0.7850525975227356
2021-12-01,0.7828217148780823
2021-12-02,0.7805852890014648
2021-12-03,0.7801711559295654
2021-12-06,0.7802137732505798
2021-12-07,0.7835761904716492
2021-12-08,0.7907763719558716
2021-12-09,0.7903763651847839
2021-12-10,0.7868810892105103
2021-12-13,0.7861697673797607
2021-12-14,0.780786395072937
2021-12-15,0.7771759033203125
2021-12-16,0.7790285348892212
2021-12-17,0.7824910283088684
2021-12-20,0.775283932685852
2021-12-21,0.7730364799499512
2021-12-22,0.7738141417503357
2021-12-23,0.7781374454498291
2021-12-24,0.7797939777374268
2021-12-27,0.7803964614868164
2021-12-28,0.7820442914962769
2021-12-29,0.7804573774337769
2021-12-30,0.7823134660720825
2021-12-31,0.7846583127975464
2022-01-03,0.7899643182754517
2022-01-04,0.7842337489128113
2022-01-05,0.7871288657188416
2022-01-06,0.7836928963661194
2022-01-07,0.785533607006073
2022-01-10,0.7907075881958008
2022-01-11,0.7895776033401489
2022-01-12,0.7950705289840698
2022-01-13,0.7998976111412048
2022-01-14,0.7995011210441589
2022-01-17,0.7973082661628723
2022-01-18,0.7989964485168457
2022-01-19,0.8001599907875061
2022-01-20,0.7993029952049255
2022-01-21,0.7999807596206665
2022-01-24,0.7961149215698242
2022-01-25,0.7920478582382202
2022-01-26,0.7926505208015442
2022-01-27,0.7899830341339111
2022-01-28,0.7845783233642578
2022-01-31,0.7837543487548828
2022-02-01,0.7863242626190186
2022-02-02,0.7880468964576721
2022-02-03,0.788245677947998
2022-02-04,0.7887368202209473
2022-02-07,0.78460294008255
2022-02-08,0.78954017162323
2022-02-09,0.7870669364929199
2022-02-10,0.7888861894607544
2022-02-11,0.7854225635528564
2022-02-14,0.7859472632408142
2022-02-15,0.785632312297821
2022-02-16,0.7859349250793457
2022-02-17,0.7876868844032288
2022-02-18,0.787104070186615
2022-02-21,0.7839078903198242
2022-02-22,0.783944845199585
2022-02-23,0.7832632064819336
2022-02-24,0.7853053212165833
2022-02-25,0.7806706428527832
2022-02-28,0.7839940190315247
2022-03-01,0.7894840836524963
2022-03-02,0.7859472632408142
2022-03-03,0.7907575964927673
2022-03-04,0.7892472743988037
2022-03-07,0.7865283489227295
2022-03-08,0.7811645269393921
2022-03-09,0.7758553624153137
2022-03-10,0.781341552734375
2022-03-11,0.7839509844779968
2022-03-14,0.7852128744125366
2022-03-15,0.77996426820755
2022-03-16,0.7831589579582214
2022-03-17,0.7882208228111267
2022-03-18,0.7916653752326965
2022-03-21,0.7932856678962708
2022-03-22,0.7944073677062988
2022-03-23,0.7947356700897217
2022-03-24,0.7962290048599243
2022-03-25,0.7986965179443359
2022-03-28,0.8008264303207397
2022-03-29,0.798836886882782
2022-03-30,0.8001344799995422
2022-03-31,0.8011344075202942
2022-04-01,0.8000959753990173
2022-04-04,0.7983075976371765
2022-04-05,0.8008841276168823
2022-04-06,0.800999641418457
2022-04-07,0.7959375381469727
2022-04-08,0.7944894433021545
2022-04-11,0.7951654195785522
2022-04-12,0.7911329865455627
2022-04-13,0.7914898991584778
2022-04-14,0.7957854866981506
2022-04-15,0.7934618592262268
2022-04-18,0.792707085609436
2022-04-19,0.7936381697654724
2022-04-20,0.7934178113937378
2022-04-21,0.8008841276168823
2022-04-22,0.7943379878997803
2022-04-25,0.786101758480072
2022-04-26,0.7852005362510681
2022-04-27,0.7808778882026672
2022-04-28,0.7803964614868164
2022-04-29,0.7809693217277527
2022-05-02,0.7780284881591797
2022-05-03,0.7767593264579773
2022-05-04,0.7791924476623535
2022-05-05,0.7851018905639648
2022-05-06,0.7796055674552917
2022-05-09,0.7741016149520874
2022-05-10,0.7687340378761292
2022-05-11,0.7673889994621277
2022-05-12,0.7695622444152832
2022-05-13,0.767866313457489
2022-05-16,0.7747734189033508
2022-05-17,0.7782101631164551
2022-05-18,0.7807559370994568
2022-05-19,0.7761444449424744
2022-05-20,0.7800555229187012
2022-05-23,0.7805182337760925
2022-05-24,0.782038152217865
2022-05-25,0.7798851728439331
2022-05-26,0.7800190448760986
2022-05-27,0.782901406288147
2022-05-30,0.7859349250793457
2022-05-31,0.7901890277862549
2022-06-01,0.7912018299102783
2022-06-02,0.7895588278770447
2022-06-03,0.7955576181411743
2022-06-06,0.7946030497550964
2022-06-07,0.794912576675415
2022-06-08,0.79766446352005
2022-06-09,0.7966857552528381
2022-06-10,0.7872341871261597
2022-06-13,0.7813965082168579
2022-06-14,0.7757951617240906
2022-06-15,0.7725110054016113
2022-06-16,0.776795506477356
2022-06-17,0.7719742655754089
2022-06-20,0.7692011594772339
2022-06-21,0.7703092098236084
2022-06-22,0.7732815742492676
2022-06-23,0.771378755569458
2022-06-24,0.769994854927063
2022-06-27,0.7753680944442749
2022-06-28,0.7770611047744751
2022-06-29,0.7768197059631348
2022-06-30,0.77619868516922
2022-07-01,0.7767775058746338
2022-07-04,0.7760360240936279
2022-07-05,0.7777682542800903
2022-07-06,0.7671771049499512
2022-07-07,0.767224133014679
2022-07-08,0.7712478637695312
2022-07-11,0.7723796963691711
2022-07-12,0.7695385813713074
2022-07-13,0.7673831582069397
2022-07-14,0.7691775560379028
2022-07-15,0.7628929018974304
2022-07-18,0.768674910068512
2022-07-19,0.7703388333320618
2022-07-20,0.776946485042572
2022-07-21,0.7762166857719421
2022-07-22,0.7765181064605713
2022-07-25,0.7737183570861816
2022-07-26,0.7781677842140198
2022-07-27,0.7767775058746338
2022-07-28,0.7802076935768127
2022-07-29,0.7808229923248291
2022-08-01,0.7802990674972534
2022-08-02,0.7786282300949097
2022-08-03,0.7759215831756592
2022-08-04,0.7779921889305115
2022-08-05,0.7769887447357178
2022-08-08,0.7725288271903992
2022-08-09,0.7777864336967468
2022-08-10,0.7760420441627502
2022-08-11,0.7828401327133179
2022-08-12,0.7835209369659424
2022-08-15,0.7825031876564026
2022-08-16,0.7749775648117065
2022-08-17,0.7784887552261353
2022-08-18,0.7741256356239319
2022-08-19,0.7723737359046936
2022-08-22,0.7692130208015442
2022-08-23,0.766395092010498
2022-08-24,0.7717240452766418
2022-08-25,0.7709922194480896
2022-08-26,0.7729409337043762
2022-08-29,0.7656205296516418
2022-08-30,0.7691538333892822
2022-08-31,0.7639711499214172
2022-09-01,0.7609654664993286
2022-09-02,0.7607455253601074
2022-09-05,0.7608786225318909
2022-09-06,0.7616726756095886
2022-09-07,0.7602366209030151
2022-09-08,0.7616204619407654
2022-09-09,0.7644792795181274
2022-09-12,0.7678722143173218
2022-09-13,0.7704219818115234
2022-09-14,0.7597283124923706
2022-09-15,0.7598495483398438
2022-09-16,0.7548878788948059
2022-09-19,0.7542502284049988
2022-09-20,0.7550930976867676
2022-09-21,0.7483349442481995
2022-09-22,0.7419112920761108
2022-09-23,0.7423298358917236
2022-09-26,0.7363336086273193
2022-09-27,0.7293626666069031
2022-09-28,0.7287302017211914
2022-09-29,0.733788788318634
2022-09-30,0.7312881350517273
2022-10-03,0.7253051400184631
2022-10-04,0.7337779998779297
2022-10-05,0.740444540977478
2022-10-06,0.735413134098053
2022-10-07,0.7277491092681885
2022-10-10,0.7282207608222961
2022-10-11,0.7259528040885925
2022-10-12,0.7250842452049255
2022-10-13,0.7238142490386963
2022-10-14,0.7267389297485352
2022-10-17,0.7217611074447632
2022-10-18,0.729240357875824
2022-10-19,0.7285337448120117
2022-10-20,0.7260687947273254
2022-10-21,0.7258316278457642
2022-10-24,0.7328047752380371
2022-10-25,0.7301828861236572
2022-10-26,0.7343923449516296
2022-10-27,0.7378984093666077
2022-10-28,0.7372184991836548
2022-10-31,0.7348564267158508
2022-11-01,0.7347160577774048
2022-11-02,0.7343222498893738
2022-11-03,0.7291180491447449
2022-11-04,0.7276749014854431
2022-11-07,0.740055501461029
2022-11-08,0.7410975694656372
2022-11-09,0.7454119920730591
2022-11-10,0.7392895221710205
2022-11-11,0.7501031160354614
2022-11-14,0.7544892430305481
2022-11-15,0.750485897064209
2022-11-16,0.7533807754516602
2022-11-17,0.7498781681060791
2022-11-18,0.7506718635559082
2022-11-21,0.7475573420524597
2022-11-22,0.7436990141868591
2022-11-23,0.7483629584312439
2022-11-24,0.7494229674339294
2022-11-25,0.7498162984848022
2022-11-28,0.7457343935966492
2022-11-29,0.741295337677002
2022-11-30,0.7361818552017212
2022-12-01,0.7456009387969971
2022-12-02,0.7442968487739563
2022-12-05,0.7438262104988098
2022-12-06,0.7359434366226196
2022-12-07,0.7326329350471497
2022-12-08,0.7326543927192688
2022-12-09,0.735418438911438
2022-12-12,0.7323163747787476
2022-12-13,0.733659565448761
2022-12-14,0.7377133369445801
2022-12-15,0.7379964590072632
2022-12-16,0.7321608662605286
2022-12-19,0.7305349111557007
2022-12-20,0.7329766154289246
2022-12-21,0.7353265285491943
2022-12-22,0.7346081733703613
2022-12-23,0.7333098649978638
2022-12-26,0.7358514070510864
2022-12-27,0.737626314163208
2022-12-28,0.7393715381622314
2022-12-29,0.7353265285491943
2022-12-30,0.7378984093666077
2023-01-02,0.739202082157135
2023-01-03,0.7375174760818481
2023-01-04,0.7313095927238464
2023-01-05,0.7415592074394226
2023-01-06,0.7374685406684875
2023-01-09,0.7443134188652039
2023-01-10,0.746619701385498
2023-01-11,0.7444409132003784
2023-01-12,0.7446016073226929
2023-01-13,0.7476076483726501
2023-01-16,0.7464803457260132
2023-01-17,0.746391236782074
2023-01-18,0.7468259930610657
2023-01-19,0.7409712672233582
2023-01-20,0.7427323460578918
2023-01-23,0.7478871941566467
2023-01-24,0.7479375600814819
2023-01-25,0.7476747632026672
2023-01-26,0.7473729848861694
2023-01-27,0.7509706616401672
2023-01-30,0.7516988515853882
2023-01-31,0.747171938419342
2023-02-01,0.7515406608581543
2023-02-02,0.7532956600189209
2023-02-03,0.7509424090385437
2023-02-06,0.7462853789329529
2023-02-07,0.743992269039154
2023-02-08,0.7468203902244568
2023-02-09,0.743770956993103
2023-02-10,0.7435663342475891
2023-02-13,0.7486487030982971
2023-02-14,0.7500131130218506
2023-02-15,0.7495914697647095
2023-02-16,0.7467925548553467
2023-02-17,0.742225170135498
2023-02-20,0.741729736328125
2023-02-21,0.7433286309242249
2023-02-22,0.7388307452201843
2023-02-23,0.7382580041885376
2023-02-24,0.7383779287338257
2023-02-27,0.7356349229812622
2023-02-28,0.736702561378479
2023-03-01,0.7328584790229797
2023-03-02,0.735856831073761
2023-03-03,0.7355753779411316
2023-03-06,0.7351319789886475
2023-03-07,0.7344193458557129
2023-03-08,0.7273785471916199
2023-03-09,0.7246691584587097
2023-03-10,0.7230135202407837
2023-03-13,0.7265435457229614
2023-03-14,0.7280563712120056
2023-03-15,0.7305188775062561
2023-03-16,0.7264854907989502
2023-03-17,0.7289108037948608
2023-03-20,0.7294052243232727
2023-03-21,0.7314754128456116
2023-03-22,0.7294584512710571
2023-03-23,0.7290382981300354
2023-03-24,0.7290223836898804
2023-03-27,0.7284700274467468
2023-03-28,0.732380747795105
2023-03-29,0.7356564998626709
2023-03-30,0.7372945547103882
2023-03-31,0.7395410537719727
2023-04-03,0.7406419515609741
2023-04-04,0.7443965673446655
2023-04-05,0.7441583871841431
2023-04-06,0.7432568073272705
2023-04-07,0.7410151958465576
2023-04-10,0.7405213713645935
2023-04-11,0.7405542135238647
2023-04-12,0.7428040504455566
2023-04-13,0.7440476417541504
2023-04-14,0.7496252059936523
2023-04-17,0.7482229471206665
2023-04-18,0.7467144727706909
2023-04-19,0.7467758059501648
2023-04-20,0.7425007820129395
2023-04-21,0.7417957186698914
2023-04-24,0.7386397123336792
2023-04-25,0.7388962507247925
2023-04-26,0.7343006730079651
2023-04-27,0.7336380481719971
2023-04-28,0.7353103756904602
2023-05-01,0.7375121116638184
2023-05-02,0.7378984093666077
2023-05-03,0.7342413067817688
2023-05-04,0.7335734367370605
2023-05-05,0.7394808530807495
2023-05-08,0.7473841309547424
2023-05-09,0.7478089332580566
2023-05-10,0.7476635575294495
2023-05-11,0.7478256821632385
2023-05-12,0.7411249876022339
2023-05-15,0.7377895712852478
2023-05-16,0.7426661252975464
2023-05-17,0.7419938445091248
2023-05-18,0.7425724267959595
2023-05-19,0.740867018699646
2023-05-22,0.7413997650146484
2023-05-23,0.7405816912651062
2023-05-24,0.7407736778259277
2023-05-25,0.7359163761138916
2023-05-26,0.7329658269882202
2023-05-29,0.7348078489303589
2023-05-30,0.7352400422096252
2023-05-31,0.7353103756904602
2023-06-01,0.737136960029602
2023-06-02,0.7438815832138062
2023-06-05,0.7446959614753723
2023-06-06,0.7436050176620483
2023-06-07,0.746346652507782
2023-06-08,0.7478536367416382
2023-06-09,0.7483909726142883
2023-06-12,0.7498050332069397
2023-06-13,0.7483349442481995
2023-06-14,0.7510495781898499
2023-06-15,0.7503901720046997
2023-06-16,0.7563209533691406
2023-06-19,0.7576905488967896
2023-06-20,0.7570309042930603
2023-06-21,0.7561094164848328
2023-06-22,0.7598206996917725
2023-06-23,0.7606934905052185
2023-06-26,0.7596071362495422
2023-06-27,0.7604562640190125
2023-06-28,0.7577077746391296
2023-06-29,0.7546144127845764
2023-06-30,0.7547169327735901
2023-07-03,0.7547169327735901
2023-07-04,0.7548308968544006
2023-07-05,0.7562294006347656
2023-07-06,0.7526776194572449
2023-07-07,0.7482005953788757
2023-07-10,0.7531254291534424
2023-07-11,0.7533524632453918
2023-07-12,0.7559893131256104
2023-07-13,0.7585641741752625
2023-07-14,0.7626311182975769
2023-07-17,0.7561436891555786
2023-07-18,0.7574896812438965
2023-07-19,0.7595205903053284
2023-07-20,0.7597051858901978
2023-07-21,0.7590593695640564
2023-07-24,0.7562008500099182
2023-07-25,0.7590363621711731
2023-07-26,0.7583168745040894
2023-07-27,0.7573118805885315
2023-07-28,0.7560293078422546
2023-07-31,0.7546600699424744
2023-08-01,0.7580351233482361
2023-08-02,0.7536646723747253
2023-08-03,0.7494341731071472
2023-08-04,0.7490299940109253
2023-08-07,0.7477753758430481
2023-08-08,0.747875988483429
2023-08-09,0.7448789477348328
2023-08-10,0.7452231645584106
2023-08-11,0.7437819838523865
2023-08-14,0.7440587282180786
2023-08-15,0.7430082559585571
2023-08-16,0.7412843704223633
2023-08-17,0.738737940788269
2023-08-18,0.7382689118385315
2023-08-21,0.7384651899337769
2023-08-22,0.7383888363838196
2023-08-23,0.7380019426345825
2023-08-24,0.7394425868988037
2023-08-25,0.7360084652900696
2023-08-28,0.7356186509132385
2023-08-29,0.7352346181869507
2023-08-30,0.7375229597091675
2023-08-31,0.7388088703155518
2023-09-01,0.7402088642120361
2023-09-04,0.7355915904045105
2023-09-05,0.7353644371032715
2023-09-06,0.7331969141960144
2023-09-07,0.7331916093826294
2023-09-08,0.7308071851730347
2023-09-11,0.7338372468948364
2023-09-12,0.7364475131034851
2023-09-13,0.7379528880119324
2023-09-14,0.7378712296485901
2023-09-15,0.7399295568466187
2023-09-18,0.7395410537719727
2023-09-19,0.7414547204971313
2023-09-20,0.7438981533050537
2023-09-21,0.7420214414596558
2023-09-22,0.7419773936271667
2023-09-25,0.7420048713684082
2023-09-26,0.7434723377227783
2023-09-27,0.7396668791770935
2023-09-28,0.7406858801841736
2023-09-29,0.7412348985671997
2023-10-02,0.7367187738418579
2023-10-03,0.7311919331550598
2023-10-04,0.7294424772262573
2023-10-05,0.7275795936584473
2023-10-06,0.7296234965324402
2023-10-09,0.7320054769515991
2023-10-10,0.7363499402999878
2023-10-11,0.7361818552017212
2023-10-12,0.7355915904045105
2023-10-13,0.7307911515235901
2023-10-16,0.7329068183898926
2023-10-17,0.734516441822052
2023-10-18,0.7324396967887878
2023-10-19,0.7291924953460693
2023-10-20,0.7291126847267151
2023-10-23,0.7297672033309937
2023-10-24,0.7305402159690857
2023-10-25,0.7277172803878784
2023-10-26,0.7244853973388672
2023-10-27,0.7239032983779907
2023-10-30,0.7213237881660461
2023-10-31,0.7231390476226807
2023-11-01,0.7206376194953918
2023-11-02,0.7228358387947083
2023-11-03,0.7274314761161804
2023-11-06,0.7320322394371033
2023-11-07,0.7300708889961243
2023-11-08,0.726295530796051
2023-11-09,0.7249948978424072
2023-11-10,0.7242702841758728
2023-11-13,0.7246954441070557
2023-11-14,0.72455894947052
2023-11-15,0.7299589514732361
2023-11-16,0.7308124899864197
2023-11-17,0.7271616458892822
2023-11-20,0.7289161086082458
2023-11-21,0.7286452054977417
2023-11-22,0.7298737168312073
2023-11-23,0.730326771736145
2023-11-24,0.7301934957504272
2023-11-27,0.7336488366127014
2023-11-28,0.7349158525466919
2023-11-29,0.7373000383377075
2023-11-30,0.7358243465423584
2023-12-01,0.7376535534858704
2023-12-04,0.7413612604141235
2023-12-05,0.7386069893836975
2023-12-06,0.7357810139656067
2023-12-07,0.7357377409934998
2023-12-08,0.735369861125946
2023-12-11,0.7363336086273193
2023-12-12,0.736485481262207
2023-12-13,0.7361059784889221
2023-12-14,0.7402965426445007
2023-12-15,0.7458789944648743
2023-12-18,0.7472947835922241
2023-12-19,0.746391236782074
2023-12-20,0.7499512434005737
2023-12-21,0.748603880405426
2023-12-22,0.7527909874916077
2023-12-25,0.7543298602104187
2023-12-26,0.7547169327735901
2023-12-27,0.7578513622283936
2023-12-28,0.7574610114097595
2023-12-29,0.7558807134628296
2024-01-01,0.7553326487541199
2024-01-02,0.7551729083061218
2024-01-03,0.7506380081176758
2024-01-04,0.7491927742958069
2024-01-05,0.7487832307815552
2024-01-08,0.7485141754150391
2024-01-09,0.749119758605957
2024-01-10,0.7468706369400024
2024-01-11,0.7474679946899414
2024-01-12,0.7473897337913513
2024-01-15,0.7457455396652222
2024-01-16,0.744280219078064
2024-01-17,0.7412898540496826
2024-01-18,0.7405871152877808
2024-01-19,0.7414987087249756
2024-01-22,0.7445129156112671
2024-01-23,0.7419553399085999
2024-01-24,0.7431628704071045
2024-01-25,0.7393496632575989
2024-01-26,0.7419663667678833
2024-01-29,0.7432733774185181
2024-01-30,0.7456343173980713
2024-01-31,0.7461739778518677
2024-02-01,0.7442968487739563
2024-02-02,0.7472166419029236
2024-02-05,0.7423849701881409
2024-02-06,0.7383888363838196
2024-02-07,0.7413282990455627
2024-02-08,0.7427213191986084
2024-02-09,0.7429420948028564
2024-02-12,0.7430635094642639
2024-02-13,0.7432015538215637
2024-02-14,0.7371478080749512
2024-02-15,0.738623321056366
2024-02-16,0.7426496744155884
2024-02-19,0.741960883140564
2024-02-20,0.7408505082130432
2024-02-21,0.7395410537719727
2024-02-22,0.7409054040908813
2024-02-23,0.7417626976966858
2024-02-26,0.74034583568573
2024-02-27,0.7406694293022156
2024-02-28,0.739005446434021
2024-02-29,0.7365126013755798
2024-03-01,0.7367187738418579
2024-03-04,0.7378767132759094
2024-03-05,0.7368110418319702
2024-03-06,0.7358351945877075
2024-03-07,0.7400445938110352
2024-03-08,0.7433839440345764
2024-03-11,0.7415922284126282
2024-03-12,0.7419773936271667
2024-03-13,0.7411195039749146
2024-03-14,0.7425944805145264
2024-03-15,0.7386779189109802
2024-03-18,0.7382198572158813
2024-03-19,0.7388361692428589
2024-03-20,0.7367513179779053
2024-03-21,0.7422857880592346
2024-03-22,0.7392622232437134
2024-03-25,0.7346728444099426
2024-03-26,0.7361276745796204
2024-03-27,0.7363227605819702
2024-03-28,0.7360517978668213
2024-03-29,0.7387706637382507
2024-04-01,0.7395410537719727
2024-04-02,0.7367187738418579
2024-04-03,0.7372292876243591
2024-04-04,0.7394371032714844
2024-04-05,0.7383070588111877
2024-04-08,0.7350725531578064
2024-04-09,0.7368762493133545
2024-04-10,0.7367622256278992
2024-04-11,0.730620265007019
2024-04-12,0.7306256294250488
2024-04-15,0.7268498539924622
2024-04-16,0.7253577709197998
2024-04-17,0.7236518263816833
2024-04-18,0.7261214852333069
2024-04-19,0.72625333070755
2024-04-22,0.7278549671173096
2024-04-23,0.7299004197120667
2024-04-24,0.7320322394371033
2024-04-25,0.7297033071517944
2024-04-26,0.7321715950965881
2024-04-29,0.7322842478752136
2024-04-30,0.7317055463790894
2024-05-01,0.7258474230766296
2024-05-02,0.7287036180496216
2024-05-03,0.7317323088645935
2024-05-06,0.730380117893219
2024-05-07,0.7314807176589966
2024-05-08,0.728162407875061
2024-05-09,0.7284806966781616
2024-05-10,0.7311117649078369
2024-05-13,0.7311545014381409
2024-05-14,0.7317590713500977
2024-05-15,0.7324504852294922
2024-05-16,0.7354563474655151
2024-05-17,0.7345055937767029
2024-05-20,0.7348672151565552
2024-05-21,0.7341604828834534
2024-05-22,0.7331216931343079
2024-05-23,0.7305135726928711
2024-05-24,0.7282207608222961
2024-05-27,0.7317429780960083
2024-05-28,0.7337349057197571
2024-05-29,0.7328155040740967
2024-05-30,0.7290223836898804
2024-05-31,0.7308178544044495
2024-06-03,0.7342737317085266
2024-06-04,0.7337456941604614
2024-06-05,0.7311972379684448
2024-06-06,0.7304602265357971
2024-06-07,0.7316252589225769
2024-06-10,0.7267969846725464
2024-06-11,0.7266808152198792
2024-06-12,0.7270136475563049
2024-06-13,0.7287620306015015
2024-06-14,0.7277491092681885
2024-06-17,0.728173017501831
2024-06-18,0.7292190790176392
2024-06-19,0.7290648818016052
2024-06-20,0.7296181321144104
2024-06-21,0.7307431101799011
2024-06-24,0.7298578023910522
2024-06-25,0.7321769595146179
2024-06-26,0.7320054769515991
2024-06-27,0.7296873331069946
2024-06-28,0.7299643158912659
2024-07-01,0.7313844561576843
2024-07-02,0.7279185652732849
2024-07-03,0.7311652302742004
2024-07-04,0.7334980964660645
2024-07-05,0.7344732284545898
2024-07-08,0.733245313167572
2024-07-09,0.7337026596069336
2024-07-10,0.7336757183074951
2024-07-11,0.7343654036521912
2024-07-12,0.7339772582054138
2024-07-15,0.7328155040740967
2024-07-16,0.7312079668045044
2024-07-17,0.7315556406974792
2024-07-18,0.7310636639595032
2024-07-19,0.7298204302787781
2024-07-22,0.7295542359352112
2024-07-23,0.7266808152198792
2024-07-24,0.7253841161727905
2024-07-25,0.7240972518920898
2024-07-26,0.723625659942627
2024-07-29,0.7231703996658325
2024-07-30,0.7217194437980652
2024-07-31,0.7220425009727478
2024-08-01,0.7242020964622498
2024-08-02,0.7204299569129944
2024-08-05,0.7203002572059631
2024-08-06,0.7243595123291016
2024-08-07,0.7253472805023193
2024-08-08,0.7270241975784302
2024-08-09,0.7280457615852356
2024-08-12,0.7280192971229553
2024-08-13,0.7276802062988281
2024-08-14,0.7294424772262573
2024-08-15,0.729091465473175
2024-08-16,0.728141188621521
2024-08-19,0.7310850024223328
2024-08-20,0.7336757183074951
2024-08-21,0.7343599796295166
2024-08-22,0.7361981272697449
2024-08-23,0.735110342502594
2024-08-26,0.7403020262718201
2024-08-27,0.7417242527008057
2024-08-28,0.7436215877532959
2024-08-29,0.7420048713684082
2024-08-30,0.7413393259048462
2024-09-02,0.7413448095321655
2024-09-03,0.7408888936042786
2024-09-04,0.7383670210838318
2024-09-05,0.7402965426445007
2024-09-06,0.7407352328300476
2024-09-09,0.7373489141464233
2024-09-10,0.7372456192970276
2024-09-11,0.7347754240036011
2024-09-12,0.7364638447761536
2024-09-13,0.7366048693656921
2024-09-16,0.7365017533302307
2024-09-17,0.7360355854034424
2024-09-18,0.7357214689254761
2024-09-19,0.7347160577774048
2024-09-20,0.7373163104057312
2024-09-23,0.7372347712516785
2024-09-24,0.7391256093978882
2024-09-25,0.7451009750366211
2024-09-26,0.7417187094688416
2024-09-27,0.7420765161514282
2024-09-30,0.7402582168579102
2024-10-01,0.7392512559890747
2024-10-02,0.741037130355835
2024-10-03,0.7404720187187195
2024-10-04,0.7381054162979126
2024-10-07,0.7364203929901123
2024-10-08,0.7343222498893738
2024-10-09,0.7324934005737305
2024-10-10,0.7294318675994873
2024-10-11,0.7275002002716064
2024-10-14,0.7256262302398682
2024-10-15,0.7244853973388672
2024-10-16,0.7256314754486084
2024-10-17,0.7270084023475647
2024-10-18,0.7248635292053223
2024-10-21,0.724658727645874
2024-10-22,0.722882866859436
2024-10-23,0.7237879633903503
2024-10-24,0.7227156758308411
2024-10-25,0.7218496799468994
2024-10-28,0.7196522951126099
2024-10-29,0.7199527621269226
2024-10-30,0.7187625765800476
2024-10-31,0.7190106511116028
2024-11-01,0.7176072001457214
2024-11-04,0.7184527516365051
2024-11-05,0.7193882465362549
2024-11-06,0.7229090332984924
2024-11-07,0.7169383764266968
2024-11-08,0.7211209535598755
2024-11-11,0.7190210223197937
2024-11-12,0.7183133959770203
2024-11-13,0.7170771956443787
2024-11-14,0.7146583199501038
2024-11-15,0.7111616730690002
2024-11-18,0.7099298238754272
2024-11-19,0.7131446599960327
2024-11-20,0.716589093208313
2024-11-21,0.7159220576286316
2024-11-22,0.7153075933456421
2024-11-25,0.7177308201789856
2024-11-26,0.7093003392219543
2024-11-27,0.7115867733955383
2024-11-28,0.7129464149475098
2024-11-29,0.7139185667037964
2024-12-02,0.7136434316635132
2024-12-03,0.7120985388755798
2024-12-04,0.7109392285346985
2024-12-05,0.7105754613876343
2024-12-06,0.7131904363632202
2024-12-09,0.7068236470222473
2024-12-10,0.7056167125701904
2024-12-11,0.7054972052574158
2024-12-12,0.7067686915397644
2024-12-13,0.703373372554779
2024-12-16,0.7029432058334351
2024-12-17,0.7025086283683777
2024-12-18,0.6988266706466675
2024-12-19,0.6915150880813599
2024-12-20,0.6942949891090393
2024-12-23,0.6963157653808594
2024-12-24,0.6956908702850342
2024-12-25,0.6962818503379822
2024-12-26,0.6966893672943115
2024-12-27,0.6939432621002197
2024-12-30,0.6942805051803589
2024-12-31,0.6968737840652466
2025-01-02,0.695671558380127
2025-01-03,0.6942998170852661
2025-01-06,0.692520797252655
2025-01-07,0.697418212890625
2025-01-08,0.6961801052093506
2025-01-09,0.6955553889274597
2025-01-10,0.6943672895431519
2025-01-13,0.6937265992164612
2025-01-14,0.6962430477142334
2025-01-15,0.6967912912368774
2025-01-16,0.6980217695236206
2025-01-17,0.6946470737457275
2025-01-20,0.6908797025680542
2025-01-21,0.699173629283905
2025-01-22,0.6972187757492065
2025-01-23,0.6947532296180725
2025-01-24,0.6954876780509949
2025-01-27,0.6951637864112854
2025-01-28,0.6943962574005127
2025-01-29,0.694449245929718
2025-01-30,0.6944926381111145
2025-01-31,0.6899882555007935
2025-02-03,0.6794863343238831
2025-02-04,0.6935774683952332
2025-02-05,0.6976419687271118
2025-02-06,0.6985533237457275
2025-02-07,0.6990025639533997
2025-02-10,0.6977490782737732
2025-02-11,0.6975154280662537
2025-02-12,0.7000301480293274
2025-02-13,0.6992664337158203
2025-02-14,0.7046173810958862
2025-02-17,0.7050197124481201
2025-02-18,0.7049700617790222
2025-02-19,0.7047613263130188
2025-02-20,0.7022274732589722
2025-02-21,0.7054175734519958
2025-02-24,0.7036505341529846
2025-02-25,0.7004762887954712
2025-02-26,0.6992664337158203
2025-02-27,0.6975446939468384
2025-02-28,0.6923529505729675
2025-03-03,0.6924728155136108
2025-03-04,0.6901311278343201
2025-03-05,0.694584310054779
2025-03-06,0.697418212890625
2025-03-07,0.6997361779212952
2025-03-10,0.6958845853805542
2025-03-11,0.6930534839630127
2025-03-12,0.6928854584693909
2025-03-13,0.6962963938713074
2025-03-14,0.6932024359703064
2025-03-17,0.695932924747467
2025-03-18,0.699540376663208
2025-03-19,0.6993251442909241
2025-03-20,0.6983727812767029
2025-03-21,0.6981923580169678
2025-03-24,0.6977052688598633
2025-03-25,0.6985142827033997
2025-03-26,0.7006235718727112
2025-03-27,0.6995453238487244
2025-03-28,0.6989341378211975
2025-03-31,0.698855996131897
2025-04-01,0.6948932409286499
2025-04-02,0.6996872425079346
2025-04-03,0.7034080028533936
2025-04-04,0.7101768255233765
2025-04-07,0.7021929025650024
2025-04-08,0.7023557424545288
2025-04-09,0.7016066908836365
2025-04-10,0.709154486656189
2025-04-11,0.716794490814209
2025-04-14,0.7207778692245483
2025-04-15,0.7194244861602783
2025-04-16,0.7164863348007202
2025-04-17,0.7215163111686707
2025-04-22,0.7228410243988037
2025-04-23,0.7221729159355164
2025-04-24,0.7207674384117126
2025-04-25,0.7216048240661621
2025-04-28,0.7209389805793762
2025-04-29,0.7230605483055115
2025-04-30,0.7232331037521362
2025-05-01,0.7251842021942139
2025-05-02,0.7222041487693787
2025-05-05,0.7234686017036438
2025-05-06,0.72348952293396
2025-05-07,0.726248025894165
2025-05-08,0.722846269607544
2025-05-09,0.7181586623191833
2025-05-12,0.7181844115257263
2025-05-13,0.7156044244766235
2025-05-14,0.7177720069885254
2025-05-15,0.7153587341308594
2025-05-16,0.7166044116020203
2025-05-19,0.7167122960090637
2025-05-20,0.7164915204048157
2025-05-21,0.7189434170722961
2025-05-22,0.7214590907096863
2025-05-23,0.7216048240661621
2025-05-26,0.7279503345489502
2025-05-27,0.7280246019363403
2025-05-28,0.7241129279136658
2025-05-29,0.7219642996788025
2025-05-30,0.7243384718894958
2025-06-02,0.7285337448120117
2025-06-03,0.7293573617935181
2025-06-04,0.7291286587715149
2025-06-05,0.731042206287384
2025-06-06,0.7317055463790894
2025-06-09,0.730428159236908
2025-06-10,0.7299856543540955
2025-06-11,0.7316198945045471
2025-06-12,0.7317590713500977
2025-06-13,0.7354834079742432
2025-06-16,0.7361602187156677
2025-06-17,0.7366753816604614
2025-06-18,0.7308018207550049
2025-06-19,0.7301401495933533
2025-06-20,0.7301668524742126
2025-06-23,0.7278391122817993
2025-06-24,0.7284064292907715
2025-06-25,0.7285125255584717
2025-06-26,0.7292882204055786
2025-06-27,0.7329712510108948
2025-06-30,0.730919361114502
2025-07-01,0.7350022792816162
2025-07-02,0.7329068183898926
2025-07-03,0.7359921932220459
2025-07-04,0.7367568016052246
2025-07-07,0.7351157665252686
2025-07-08,0.7317805290222168
2025-07-09,0.7316145300865173
2025-07-10,0.7307804822921753
2025-07-11,0.7322627305984497
2025-07-14,0.7307804822921753
2025-07-15,0.7296766638755798
2025-07-16,0.7290542721748352
2025-07-17,0.7304975390434265
2025-07-18,0.7280192971229553
2025-07-21,0.7286505103111267
2025-07-22,0.7312186360359192
2025-07-23,0.7350617051124573
2025-07-24,0.735213041305542
2025-07-25,0.7331055402755737
2025-07-28,0.7298151254653931
2025-07-29,0.7281040549278259
2025-07-30,0.726010799407959
2025-07-31,0.7233168482780457
2025-08-01,0.7216569185256958
2025-08-04,0.7257789373397827
2025-08-05,0.7263219356536865
2025-08-06,0.7261795401573181
2025-08-07,0.7278444170951843
2025-08-08,0.7281995415687561
2025-08-11,0.7271299362182617
2025-08-12,0.7260213494300842
2025-08-13,0.7262374758720398
2025-08-14,0.7271616458892822
2025-08-15,0.7239504456520081
2025-08-18,0.7238509058952332
2025-08-19,0.7245274186134338
2025-08-20,0.721188485622406
2025-08-21,0.7208350300788879
2025-08-22,0.7194037437438965
2025-08-25,0.7231285572052002
2025-08-26,0.721537172794342
2025-08-27,0.7228880524635315
2025-08-28,0.7256156802177429
2025-08-29,0.7272832989692688
2025-09-01,0.7278867959976196
2025-09-02,0.7274102568626404
2025-09-03,0.7254524827003479
2025-09-04,0.7250002026557922
2025-09-05,0.7238509058952332
2025-09-08,0.7228567600250244
2025-09-09,0.7249003052711487
2025-09-10,0.7221989631652832
2025-09-11,0.7214747071266174
2025-09-12,0.7228723764419556
2025-09-15,0.7225955128669739
2025-09-16,0.726005494594574
2025-09-17,0.7278655767440796
2025-09-18,0.7262216806411743
2025-09-19,0.7250685691833496
2025-09-22,0.725584089756012
2025-09-23,0.7233325242996216
2025-09-24,0.7225903868675232
2025-09-25,0.719631552696228
2025-09-26,0.7173087000846863
2025-09-29,0.7174527049064636
2025-09-30,0.7185869216918945
2025-10-01,0.7182102203369141
2025-10-02,0.7173858284950256
2025-10-03,0.7162861824035645
2025-10-06,0.7160758972167969
2025-10-07,0.7170514464378357
2025-10-08,0.7167020440101624
2025-10-09,0.7166095972061157
2025-10-10,0.7133278250694275
2025-10-13,0.7143622636795044
2025-10-14,0.7123014330863953
2025-10-15,0.7119971513748169
2025-10-16,0.711946427822113
2025-10-17,0.711946427822113
2025-10-20,0.7134754061698914
2025-10-21,0.7126059532165527
2025-10-22,0.7132717967033386
2025-10-23,0.7148575782775879
2025-10-24,0.714970052242279
2025-10-27,0.7146226167678833
2025-10-28,0.7147247791290283
2025-10-29,0.7174167037010193
2025-10-30,0.7172932028770447
2025-10-31,0.7152512669563293
2025-11-03,0.7135008573532104
2025-11-04,0.7114703059196472
2025-11-05,0.709174633026123
2025-11-06,0.7091041803359985
2025-11-07,0.7086268067359924
2025-11-10,0.7120580077171326
2025-11-11,0.7129870653152466
2025-11-12,0.713480532169342
2025-11-13,0.7138115167617798
2025-11-14,0.7124790549278259
2025-11-17,0.7133584022521973
2025-11-18,0.7117184400558472
2025-11-19,0.715046763420105
2025-11-20,0.7121238708496094
2025-11-21,0.7096627950668335
2025-11-24,0.7094916105270386
2025-11-25,0.7087674736976624
2025-11-26,0.7091091871261597
2025-11-27,0.7122761011123657
2025-11-28,0.7129616141319275
2025-12-01,0.7158503532409668
2025-12-02,0.7142857313156128
2025-12-03,0.7158401012420654
2025-12-04,0.7166866064071655
2025-12-05,0.7163477540016174
2025-12-08,0.7228253483772278
2025-12-09,0.7220737934112549
2025-12-10,0.7222563624382019
2025-12-11,0.7251946926116943
2025-12-12,0.7259159088134766
2025-12-15,0.726332426071167
2025-12-16,0.7262586355209351
2025-12-17,0.7269502282142639
2025-12-18,0.7254893779754639
2025-12-19,0.7258474230766296
2025-12-22,0.7251473665237427
2025-12-23,0.7273415327072144
2025-12-24,0.7307004332542419
2025-12-26,0.7314218878746033
2025-12-29,0.7316198945045471
2025-12-30,0.7306095957756042
2025-12-31,0.730209469795227
