date,close
2011-01-03,40.779998779296875
2011-01-04,39.869998931884766
2011-01-05,39.939998626708984
2011-01-06,39.900001525878906
2011-01-07,39.11000061035156
2011-01-10,39.09000015258789
2011-01-11,39.2599983215332
2011-01-12,39.33000183105469
2011-01-13,38.79999923706055
2011-01-14,39.0
2011-01-18,38.900001525878906
2011-01-19,38.189998626708984
2011-01-20,38.4900016784668
2011-01-21,38.119998931884766
2011-01-24,38.709999084472656
2011-01-25,39.040000915527344
2011-01-26,39.15999984741211
2011-01-27,39.08000183105469
2011-01-28,37.9900016784668
2011-01-31,37.88999938964844
2011-02-01,38.380001068115234
2011-02-02,37.7400016784668
2011-02-03,38.380001068115234
2011-02-04,37.7400016784668
2011-02-07,37.86000061035156
2011-02-08,38.060001373291016
2011-02-09,39.150001525878906
2011-02-10,40.36000061035156
2011-02-11,41.060001373291016
2011-02-14,41.369998931884766
2011-02-15,41.33000183105469
2011-02-16,41.400001525878906
2011-02-17,41.83000183105469
2011-02-18,41.709999084472656
2011-02-22,41.20000076293945
2011-02-23,41.130001068115234
2011-02-24,40.689998626708984
2011-02-25,41.689998626708984
2011-02-28,41.81999969482422
2011-03-01,41.119998931884766
2011-03-02,41.790000915527344
2011-03-03,42.2599983215332
2011-03-04,41.95000076293945
2011-03-07,41.779998779296875
2011-03-08,41.939998626708984
2011-03-09,41.439998626708984
2011-03-10,41.650001525878906
2011-03-11,41.709999084472656
2011-03-14,41.95000076293945
2011-03-15,41.43000030517578
2011-03-16,41.13999938964844
2011-03-17,40.86000061035156
2011-03-18,42.09000015258789
2011-03-21,42.77000045776367
2011-03-22,43.02000045776367
2011-03-23,42.68000030517578
2011-03-24,42.790000915527344
2011-03-25,43.060001373291016
2011-03-28,43.54999923706055
2011-03-29,43.66999816894531
2011-03-30,43.720001220703125
2011-03-31,43.540000915527344
2011-04-01,44.36000061035156
2011-04-04,44.33000183105469
2011-04-05,44.84000015258789
2011-04-06,45.720001220703125
2011-04-07,44.7400016784668
2011-04-08,44.13999938964844
2011-04-11,44.06999969482422
2011-04-12,43.75
2011-04-13,42.5
2011-04-14,43.0
2011-04-15,43.150001525878906
2011-04-18,42.33000183105469
2011-04-19,41.84000015258789
2011-04-20,42.439998626708984
2011-04-21,42.47999954223633
2011-04-25,42.16999816894531
2011-04-26,42.97999954223633
2011-04-27,43.119998931884766
2011-04-28,43.349998474121094
2011-04-29,43.380001068115234
2011-05-02,42.790000915527344
2011-05-03,42.59000015258789
2011-05-04,41.900001525878906
2011-05-05,42.369998931884766
2011-05-06,42.31999969482422
2011-05-09,42.59000015258789
2011-05-10,43.310001373291016
2011-05-11,42.4900016784668
2011-05-12,43.54999923706055
2011-05-13,43.15999984741211
2011-05-16,42.779998779296875
2011-05-17,42.869998931884766
2011-05-18,43.58000183105469
2011-05-19,43.97999954223633
2011-05-20,43.869998931884766
2011-05-23,42.70000076293945
2011-05-24,43.27000045776367
2011-05-25,43.290000915527344
2011-05-26,43.310001373291016
2011-05-27,42.650001525878906
2011-05-31,42.16999816894531
2011-06-01,41.290000915527344
2011-06-02,40.099998474121094
2011-06-03,38.65999984741211
2011-06-06,38.560001373291016
2011-06-07,37.86000061035156
2011-06-08,37.70000076293945
2011-06-09,37.75
2011-06-10,37.0
2011-06-13,36.939998626708984
2011-06-14,37.709999084472656
2011-06-15,37.06999969482422
2011-06-16,37.41999816894531
2011-06-17,37.2599983215332
2011-06-20,37.56999969482422
2011-06-21,37.77000045776367
2011-06-22,37.66999816894531
2011-06-23,37.369998931884766
2011-06-24,37.369998931884766
2011-06-27,37.20000076293945
2011-06-28,37.540000915527344
2011-06-29,37.40999984741211
2011-06-30,37.66999816894531
2011-07-01,38.119998931884766
2011-07-05,37.810001373291016
2011-07-06,38.209999084472656
2011-07-07,38.0099983215332
2011-07-08,38.11000061035156
2011-07-11,37.20000076293945
2011-07-12,36.81999969482422
2011-07-13,36.810001373291016
2011-07-14,36.59000015258789
2011-07-15,36.2599983215332
2011-07-18,35.90999984741211
2011-07-19,36.59000015258789
2011-07-20,36.779998779296875
2011-07-21,37.63999938964844
2011-07-22,37.13999938964844
2011-07-25,36.9900016784668
2011-07-26,36.619998931884766
2011-07-27,36.290000915527344
2011-07-28,36.77000045776367
2011-07-29,36.720001220703125
2011-08-01,36.2599983215332
2011-08-02,35.650001525878906
2011-08-03,36.2599983215332
2011-08-04,35.11000061035156
2011-08-05,36.33000183105469
2011-08-08,35.95000076293945
2011-08-09,37.310001373291016
2011-08-10,35.61000061035156
2011-08-11,37.099998474121094
2011-08-12,37.029998779296875
2011-08-15,38.310001373291016
2011-08-16,37.689998626708984
2011-08-17,38.0099983215332
2011-08-18,37.209999084472656
2011-08-19,37.61000061035156
2011-08-22,37.66999816894531
2011-08-23,39.720001220703125
2011-08-24,39.20000076293945
2011-08-25,38.0099983215332
2011-08-26,38.290000915527344
2011-08-29,39.9900016784668
2011-08-30,40.54999923706055
2011-08-31,40.70000076293945
2011-09-01,41.47999954223633
2011-09-02,39.66999816894531
2011-09-06,39.18000030517578
2011-09-07,40.119998931884766
2011-09-08,39.79999923706055
2011-09-09,38.849998474121094
2011-09-12,38.43000030517578
2011-09-13,38.84000015258789
2011-09-14,39.88999938964844
2011-09-15,40.310001373291016
2011-09-16,40.040000915527344
2011-09-19,39.40999984741211
2011-09-20,38.970001220703125
2011-09-21,37.81999969482422
2011-09-22,37.150001525878906
2011-09-23,37.619998931884766
2011-09-26,37.779998779296875
2011-09-27,38.2400016784668
2011-09-28,37.0
2011-09-29,37.40999984741211
2011-09-30,35.86000061035156
2011-10-03,35.779998779296875
2011-10-04,38.150001525878906
2011-10-05,38.029998779296875
2011-10-06,38.099998474121094
2011-10-07,38.0099983215332
2011-10-10,38.900001525878906
2011-10-11,39.33000183105469
2011-10-12,39.2400016784668
2011-10-13,38.869998931884766
2011-10-14,39.61000061035156
2011-10-17,38.88999938964844
2011-10-18,40.0099983215332
2011-10-19,39.66999816894531
2011-10-20,40.04999923706055
2011-10-21,40.619998931884766
2011-10-24,41.7599983215332
2011-10-25,41.2400016784668
2011-10-26,42.119998931884766
2011-10-27,43.33000183105469
2011-10-28,43.599998474121094
2011-10-31,42.81999969482422
2011-11-01,41.11000061035156
2011-11-02,42.04999923706055
2011-11-03,43.68000030517578
2011-11-04,42.790000915527344
2011-11-07,43.11000061035156
2011-11-08,43.310001373291016
2011-11-09,42.869998931884766
2011-11-10,44.65999984741211
2011-11-11,44.650001525878906
2011-11-14,44.790000915527344
2011-11-15,45.70000076293945
2011-11-16,45.720001220703125
2011-11-17,45.869998931884766
2011-11-18,45.45000076293945
2011-11-21,45.209999084472656
2011-11-22,45.04999923706055
2011-11-23,44.5
2011-11-25,44.08000183105469
2011-11-28,45.66999816894531
2011-11-29,46.41999816894531
2011-11-30,47.380001068115234
2011-12-01,45.720001220703125
2011-12-02,42.189998626708984
2011-12-05,43.380001068115234
2011-12-06,43.04999923706055
2011-12-07,43.75
2011-12-08,42.97999954223633
2011-12-09,43.939998626708984
2011-12-12,43.529998779296875
2011-12-13,42.779998779296875
2011-12-14,42.130001068115234
2011-12-15,43.189998626708984
2011-12-16,44.2400016784668
2011-12-19,44.150001525878906
2011-12-20,45.720001220703125
2011-12-21,46.310001373291016
2011-12-22,45.91999816894531
2011-12-23,46.40999984741211
2011-12-27,46.84000015258789
2011-12-28,45.810001373291016
2011-12-29,46.369998931884766
2011-12-30,45.959999084472656
2012-01-03,46.380001068115234
2012-01-04,46.619998931884766
2012-01-05,45.75
2012-01-06,46.290000915527344
2012-01-09,46.15999984741211
2012-01-10,46.45000076293945
2012-01-11,45.7400016784668
2012-01-12,46.33000183105469
2012-01-13,46.09000015258789
2012-01-17,45.90999984741211
2012-01-18,45.7599983215332
2012-01-19,45.47999954223633
2012-01-20,45.81999969482422
2012-01-23,45.7400016784668
2012-01-24,45.59000015258789
2012-01-25,46.709999084472656
2012-01-26,46.56999969482422
2012-01-27,46.29999923706055
2012-01-30,45.83000183105469
2012-01-31,44.880001068115234
2012-02-01,46.619998931884766
2012-02-02,46.88999938964844
2012-02-03,47.13999938964844
2012-02-06,46.880001068115234
2012-02-07,46.290000915527344
2012-02-08,48.31999969482422
2012-02-09,48.599998474121094
2012-02-10,47.47999954223633
2012-02-13,47.56999969482422
2012-02-14,46.81999969482422
2012-02-15,46.65999984741211
2012-02-16,47.36000061035156
2012-02-17,47.16999816894531
2012-02-21,47.52000045776367
2012-02-22,47.20000076293945
2012-02-23,48.11000061035156
2012-02-24,47.689998626708984
2012-02-27,47.290000915527344
2012-02-28,47.119998931884766
2012-02-29,45.939998626708984
2012-03-01,46.06999969482422
2012-03-02,45.310001373291016
2012-03-05,45.61000061035156
2012-03-06,45.650001525878906
2012-03-07,45.84000015258789
2012-03-08,46.31999969482422
2012-03-09,46.599998474121094
2012-03-12,46.36000061035156
2012-03-13,46.95000076293945
2012-03-14,46.189998626708984
2012-03-15,46.220001220703125
2012-03-16,46.43000030517578
2012-03-19,46.5099983215332
2012-03-20,46.599998474121094
2012-03-21,46.18000030517578
2012-03-22,45.93000030517578
2012-03-23,46.4900016784668
2012-03-26,46.959999084472656
2012-03-27,46.650001525878906
2012-03-28,46.689998626708984
2012-03-29,46.83000183105469
2012-03-30,46.599998474121094
2012-04-02,47.400001525878906
2012-04-03,46.88999938964844
2012-04-04,46.099998474121094
2012-04-05,45.54999923706055
2012-04-09,45.0
2012-04-10,44.84000015258789
2012-04-11,45.18000030517578
2012-04-12,45.29999923706055
2012-04-13,44.7599983215332
2012-04-16,44.93000030517578
2012-04-17,45.369998931884766
2012-04-18,45.529998779296875
2012-04-19,45.58000183105469
2012-04-20,45.900001525878906
2012-04-23,45.310001373291016
2012-04-24,45.099998474121094
2012-04-25,45.56999969482422
2012-04-26,46.060001373291016
2012-04-27,46.310001373291016
2012-04-30,45.83000183105469
2012-05-01,45.61000061035156
2012-05-02,45.560001373291016
2012-05-03,45.279998779296875
2012-05-04,44.7599983215332
2012-05-07,45.310001373291016
2012-05-08,45.79999923706055
2012-05-09,45.65999984741211
2012-05-10,45.58000183105469
2012-05-11,44.97999954223633
2012-05-14,44.93000030517578
2012-05-15,44.58000183105469
2012-05-16,44.79999923706055
2012-05-17,44.33000183105469
2012-05-18,44.290000915527344
2012-05-21,44.34000015258789
2012-05-22,44.59000015258789
2012-05-23,44.77000045776367
2012-05-24,45.7599983215332
2012-05-25,45.630001068115234
2012-05-29,45.65999984741211
2012-05-30,44.88999938964844
2012-05-31,45.16999816894531
2012-06-01,44.11000061035156
2012-06-04,44.08000183105469
2012-06-05,44.18000030517578
2012-06-06,44.59000015258789
2012-06-07,44.83000183105469
2012-06-08,45.439998626708984
2012-06-11,45.93000030517578
2012-06-12,45.5
2012-06-13,45.7599983215332
2012-06-14,45.88999938964844
2012-06-15,45.59000015258789
2012-06-18,45.900001525878906
2012-06-19,46.619998931884766
2012-06-20,46.400001525878906
2012-06-21,46.43000030517578
2012-06-22,46.4900016784668
2012-06-25,46.2599983215332
2012-06-26,45.849998474121094
2012-06-27,45.970001220703125
2012-06-28,46.439998626708984
2012-06-29,46.33000183105469
2012-07-02,46.88999938964844
2012-07-03,47.0
2012-07-05,46.779998779296875
2012-07-06,46.61000061035156
2012-07-09,46.459999084472656
2012-07-10,46.63999938964844
2012-07-11,46.75
2012-07-12,46.38999938964844
2012-07-13,46.599998474121094
2012-07-16,46.27000045776367
2012-07-17,46.29999923706055
2012-07-18,46.279998779296875
2012-07-19,46.33000183105469
2012-07-20,46.59000015258789
2012-07-23,45.779998779296875
2012-07-24,45.18000030517578
2012-07-25,44.20000076293945
2012-07-26,44.029998779296875
2012-07-27,45.150001525878906
2012-07-30,45.2400016784668
2012-07-31,45.540000915527344
2012-08-01,44.709999084472656
2012-08-02,44.2400016784668
2012-08-03,45.310001373291016
2012-08-06,45.34000015258789
2012-08-07,45.4900016784668
2012-08-08,46.380001068115234
2012-08-09,46.68000030517578
2012-08-10,46.93000030517578
2012-08-13,46.84000015258789
2012-08-14,46.75
2012-08-15,46.81999969482422
2012-08-16,47.720001220703125
2012-08-17,48.45000076293945
2012-08-20,48.209999084472656
2012-08-21,48.380001068115234
2012-08-22,47.22999954223633
2012-08-23,47.77000045776367
2012-08-24,47.849998474121094
2012-08-27,47.75
2012-08-28,48.27000045776367
2012-08-29,48.25
2012-08-30,47.66999816894531
2012-08-31,47.43000030517578
2012-09-04,48.369998931884766
2012-09-05,48.720001220703125
2012-09-06,49.16999816894531
2012-09-07,48.33000183105469
2012-09-10,48.290000915527344
2012-09-11,48.560001373291016
2012-09-12,48.52000045776367
2012-09-13,48.97999954223633
2012-09-14,48.59000015258789
2012-09-17,48.709999084472656
2012-09-18,49.22999954223633
2012-09-19,49.5099983215332
2012-09-20,50.540000915527344
2012-09-21,50.7400016784668
2012-09-24,50.68000030517578
2012-09-25,50.43000030517578
2012-09-26,50.9900016784668
2012-09-27,51.099998474121094
2012-09-28,50.91999816894531
2012-10-01,51.459999084472656
2012-10-02,51.86000061035156
2012-10-03,52.25
2012-10-04,52.15999984741211
2012-10-05,51.72999954223633
2012-10-08,51.40999984741211
2012-10-09,50.619998931884766
2012-10-10,50.619998931884766
2012-10-11,50.619998931884766
2012-10-12,50.47999954223633
2012-10-15,51.13999938964844
2012-10-16,51.47999954223633
2012-10-17,51.459999084472656
2012-10-18,50.97999954223633
2012-10-19,49.97999954223633
2012-10-22,50.04999923706055
2012-10-23,49.869998931884766
2012-10-24,49.2400016784668
2012-10-25,49.869998931884766
2012-10-26,49.63999938964844
2012-10-31,49.560001373291016
2012-11-01,50.779998779296875
2012-11-02,49.02000045776367
2012-11-05,49.31999969482422
2012-11-06,50.540000915527344
2012-11-07,48.2400016784668
2012-11-08,48.060001373291016
2012-11-09,48.119998931884766
2012-11-12,47.59000015258789
2012-11-13,47.29999923706055
2012-11-14,45.939998626708984
2012-11-15,45.619998931884766
2012-11-16,47.72999954223633
2012-11-19,48.060001373291016
2012-11-20,48.08000183105469
2012-11-21,48.4900016784668
2012-11-23,49.38999938964844
2012-11-26,49.279998779296875
2012-11-27,50.029998779296875
2012-11-28,50.36000061035156
2012-11-29,50.45000076293945
2012-11-30,49.900001525878906
2012-12-03,49.79999923706055
2012-12-04,50.20000076293945
2012-12-05,49.91999816894531
2012-12-06,49.630001068115234
2012-12-07,49.77000045776367
2012-12-10,49.40999984741211
2012-12-11,49.77000045776367
2012-12-12,49.27000045776367
2012-12-13,48.95000076293945
2012-12-14,49.61000061035156
2012-12-17,49.619998931884766
2012-12-18,49.54999923706055
2012-12-19,50.369998931884766
2012-12-20,51.040000915527344
2012-12-21,51.20000076293945
2012-12-24,50.400001525878906
2012-12-26,49.939998626708984
2012-12-27,49.869998931884766
2012-12-28,49.290000915527344
2012-12-31,49.90999984741211
2013-01-02,52.68000030517578
2013-01-03,52.560001373291016
2013-01-04,52.0
2013-01-07,51.290000915527344
2013-01-08,52.040000915527344
2013-01-09,52.220001220703125
2013-01-10,51.72999954223633
2013-01-11,51.779998779296875
2013-01-14,51.970001220703125
2013-01-15,52.06999969482422
2013-01-16,52.029998779296875
2013-01-17,52.59000015258789
2013-01-18,53.13999938964844
2013-01-22,53.72999954223633
2013-01-23,53.400001525878906
2013-01-24,54.189998626708984
2013-01-25,54.0
2013-01-28,54.599998474121094
2013-01-29,55.0
2013-01-30,54.439998626708984
2013-01-31,54.380001068115234
2013-02-01,55.470001220703125
2013-02-04,54.560001373291016
2013-02-05,54.150001525878906
2013-02-06,54.72999954223633
2013-02-07,55.970001220703125
2013-02-08,56.369998931884766
2013-02-11,56.54999923706055
2013-02-12,55.66999816894531
2013-02-13,55.56999969482422
2013-02-14,55.45000076293945
2013-02-15,55.380001068115234
2013-02-19,55.599998474121094
2013-02-20,55.45000076293945
2013-02-21,55.709999084472656
2013-02-22,56.5099983215332
2013-02-25,55.0099983215332
2013-02-26,55.45000076293945
2013-02-27,55.790000915527344
2013-02-28,55.790000915527344
2013-03-01,55.380001068115234
2013-03-04,56.45000076293945
2013-03-05,56.560001373291016
2013-03-06,56.66999816894531
2013-03-07,56.65999984741211
2013-03-08,57.02000045776367
2013-03-11,57.31999969482422
2013-03-12,57.290000915527344
2013-03-13,57.310001373291016
2013-03-14,58.0099983215332
2013-03-15,58.36000061035156
2013-03-18,55.290000915527344
2013-03-19,55.720001220703125
2013-03-20,55.650001525878906
2013-03-21,55.47999954223633
2013-03-22,55.58000183105469
2013-03-25,55.599998474121094
2013-03-26,56.290000915527344
2013-03-27,56.459999084472656
2013-03-28,56.040000915527344
2013-04-01,56.13999938964844
2013-04-02,55.88999938964844
2013-04-03,55.40999984741211
2013-04-04,55.18000030517578
2013-04-05,54.900001525878906
2013-04-08,54.45000076293945
2013-04-09,55.220001220703125
2013-04-10,57.439998626708984
2013-04-11,57.58000183105469
2013-04-12,57.81999969482422
2013-04-15,55.40999984741211
2013-04-16,55.97999954223633
2013-04-17,55.04999923706055
2013-04-18,54.470001220703125
2013-04-19,54.810001373291016
2013-04-22,54.79999923706055
2013-04-23,55.75
2013-04-24,56.02000045776367
2013-04-25,56.650001525878906
2013-04-26,56.81999969482422
2013-04-29,57.810001373291016
2013-04-30,57.54999923706055
2013-05-01,55.939998626708984
2013-05-02,56.97999954223633
2013-05-03,57.58000183105469
2013-05-06,57.529998779296875
2013-05-07,58.38999938964844
2013-05-08,58.77000045776367
2013-05-09,58.41999816894531
2013-05-10,59.279998779296875
2013-05-13,59.66999816894531
2013-05-14,61.349998474121094
2013-05-15,61.09000015258789
2013-05-16,60.65999984741211
2013-05-17,60.81999969482422
2013-05-20,60.93000030517578
2013-05-21,60.810001373291016
2013-05-22,59.38999938964844
2013-05-23,58.97999954223633
2013-05-24,59.720001220703125
2013-05-28,59.68000030517578
2013-05-29,58.95000076293945
2013-05-30,59.150001525878906
2013-05-31,58.630001068115234
2013-06-03,58.58000183105469
2013-06-04,58.25
2013-06-05,57.81999969482422
2013-06-06,59.25
2013-06-07,59.56999969482422
2013-06-10,60.0099983215332
2013-06-11,59.439998626708984
2013-06-12,59.40999984741211
2013-06-13,60.38999938964844
2013-06-14,60.13999938964844
2013-06-17,60.7400016784668
2013-06-18,61.459999084472656
2013-06-19,59.540000915527344
2013-06-20,58.900001525878906
2013-06-21,59.400001525878906
2013-06-24,59.27000045776367
2013-06-25,59.11000061035156
2013-06-26,58.41999816894531
2013-06-27,58.959999084472656
2013-06-28,57.849998474121094
2013-07-01,58.310001373291016
2013-07-02,57.91999816894531
2013-07-03,57.38999938964844
2013-07-05,57.849998474121094
2013-07-08,58.59000015258789
2013-07-09,59.290000915527344
2013-07-10,60.040000915527344
2013-07-11,60.90999984741211
2013-07-12,60.7400016784668
2013-07-15,61.4900016784668
2013-07-16,61.45000076293945
2013-07-17,61.25
2013-07-18,61.880001068115234
2013-07-19,62.099998474121094
2013-07-22,61.77000045776367
2013-07-23,61.560001373291016
2013-07-24,61.5099983215332
2013-07-25,62.529998779296875
2013-07-26,61.83000183105469
2013-07-29,61.560001373291016
2013-07-30,61.22999954223633
2013-07-31,61.29999923706055
2013-08-01,62.7599983215332
2013-08-02,62.630001068115234
2013-08-05,63.36000061035156
2013-08-06,62.43000030517578
2013-08-07,60.20000076293945
2013-08-08,59.290000915527344
2013-08-09,56.93000030517578
2013-08-12,56.66999816894531
2013-08-13,55.33000183105469
2013-08-14,55.18000030517578
2013-08-15,53.25
2013-08-16,50.97999954223633
2013-08-19,48.47999954223633
2013-08-20,48.43000030517578
2013-08-21,48.779998779296875
2013-08-22,48.869998931884766
2013-08-23,49.16999816894531
2013-08-26,49.779998779296875
2013-08-27,49.22999954223633
2013-08-28,49.2599983215332
2013-08-29,49.84000015258789
2013-08-30,49.02000045776367
2013-09-03,48.849998474121094
2013-09-04,49.04999923706055
2013-09-05,49.06999969482422
2013-09-06,48.90999984741211
2013-09-09,49.81999969482422
2013-09-10,50.279998779296875
2013-09-11,50.380001068115234
2013-09-12,52.02000045776367
2013-09-13,51.45000076293945
2013-09-16,51.52000045776367
2013-09-17,51.58000183105469
2013-09-18,52.65999984741211
2013-09-19,52.40999984741211
2013-09-20,52.02000045776367
2013-09-23,52.31999969482422
2013-09-24,51.83000183105469
2013-09-25,51.27000045776367
2013-09-26,51.470001220703125
2013-09-27,51.279998779296875
2013-09-30,50.93000030517578
2013-10-01,51.15999984741211
2013-10-02,51.61000061035156
2013-10-03,51.47999954223633
2013-10-04,51.27000045776367
2013-10-07,50.77000045776367
2013-10-08,50.45000076293945
2013-10-09,50.16999816894531
2013-10-10,50.83000183105469
2013-10-11,51.689998626708984
2013-10-14,51.689998626708984
2013-10-15,50.779998779296875
2013-10-16,51.25
2013-10-17,51.709999084472656
2013-10-18,52.20000076293945
2013-10-21,52.54999923706055
2013-10-22,52.290000915527344
2013-10-23,52.79999923706055
2013-10-24,52.84000015258789
2013-10-25,52.75
2013-10-28,53.849998474121094
2013-10-29,54.400001525878906
2013-10-30,53.93000030517578
2013-10-31,53.029998779296875
2013-11-01,52.63999938964844
2013-11-04,53.0099983215332
2013-11-05,53.709999084472656
2013-11-06,53.689998626708984
2013-11-07,50.060001373291016
2013-11-08,50.47999954223633
2013-11-11,50.7400016784668
2013-11-12,50.68000030517578
2013-11-13,51.47999954223633
2013-11-14,50.790000915527344
2013-11-15,50.779998779296875
2013-11-18,50.650001525878906
2013-11-19,50.95000076293945
2013-11-20,51.060001373291016
2013-11-21,51.09000015258789
2013-11-22,51.0099983215332
2013-11-25,50.84000015258789
2013-11-26,50.90999984741211
2013-11-27,51.31999969482422
2013-11-29,52.15999984741211
2013-12-02,51.349998474121094
2013-12-03,50.9900016784668
2013-12-04,51.709999084472656
2013-12-05,51.08000183105469
2013-12-06,53.02000045776367
2013-12-09,51.41999816894531
2013-12-10,51.13999938964844
2013-12-11,50.68000030517578
2013-12-12,50.36000061035156
2013-12-13,51.060001373291016
2013-12-16,52.40999984741211
2013-12-17,51.95000076293945
2013-12-18,52.93000030517578
2013-12-19,52.599998474121094
2013-12-20,53.16999816894531
2013-12-23,53.88999938964844
2013-12-24,54.06999969482422
2013-12-26,54.150001525878906
2013-12-27,54.0099983215332
2013-12-30,54.310001373291016
2013-12-31,54.599998474121094
2014-01-02,52.65999984741211
2014-01-03,53.119998931884766
2014-01-06,52.59000015258789
2014-01-07,53.43000030517578
2014-01-08,53.939998626708984
2014-01-09,53.15999984741211
2014-01-10,53.27000045776367
2014-01-13,53.09000015258789
2014-01-14,53.099998474121094
2014-01-15,53.970001220703125
2014-01-16,54.060001373291016
2014-01-17,53.75
2014-01-21,54.099998474121094
2014-01-22,53.83000183105469
2014-01-23,54.279998779296875
2014-01-24,53.31999969482422
2014-01-27,52.0
2014-01-28,52.02000045776367
2014-01-29,51.439998626708984
2014-01-30,51.79999923706055
2014-01-31,51.31999969482422
2014-02-03,49.84000015258789
2014-02-04,50.54999923706055
2014-02-05,50.310001373291016
2014-02-06,50.40999984741211
2014-02-07,54.279998779296875
2014-02-10,55.36000061035156
2014-02-11,55.93000030517578
2014-02-12,55.959999084472656
2014-02-13,55.91999816894531
2014-02-14,56.31999969482422
2014-02-18,55.790000915527344
2014-02-19,55.130001068115234
2014-02-20,55.59000015258789
2014-02-21,55.38999938964844
2014-02-24,55.869998931884766
2014-02-25,55.9900016784668
2014-02-26,56.619998931884766
2014-02-27,57.13999938964844
2014-02-28,57.650001525878906
2014-03-03,57.70000076293945
2014-03-04,58.9900016784668
2014-03-05,58.459999084472656
2014-03-06,58.27000045776367
2014-03-07,56.7400016784668
2014-03-10,57.060001373291016
2014-03-11,55.5
2014-03-12,55.68000030517578
2014-03-13,54.7400016784668
2014-03-14,55.529998779296875
2014-03-17,56.08000183105469
2014-03-18,56.43000030517578
2014-03-19,55.790000915527344
2014-03-20,55.77000045776367
2014-03-21,56.36000061035156
2014-03-24,56.11000061035156
2014-03-25,56.63999938964844
2014-03-26,55.810001373291016
2014-03-27,54.939998626708984
2014-03-28,55.029998779296875
2014-03-31,55.88999938964844
2014-04-01,55.2599983215332
2014-04-02,55.939998626708984
2014-04-03,55.81999969482422
2014-04-04,53.560001373291016
2014-04-07,53.310001373291016
2014-04-08,53.95000076293945
2014-04-09,54.18000030517578
2014-04-10,53.5
2014-04-11,53.52000045776367
2014-04-14,53.61000061035156
2014-04-15,53.47999954223633
2014-04-16,53.630001068115234
2014-04-17,53.16999816894531
2014-04-21,53.40999984741211
2014-04-22,53.47999954223633
2014-04-23,53.56999969482422
2014-04-24,53.619998931884766
2014-04-25,53.540000915527344
2014-04-28,53.939998626708984
2014-04-29,54.33000183105469
2014-04-30,54.56999969482422
2014-05-01,54.540000915527344
2014-05-02,54.5099983215332
2014-05-05,54.68000030517578
2014-05-06,54.47999954223633
2014-05-07,54.95000076293945
2014-05-08,54.959999084472656
2014-05-09,55.33000183105469
2014-05-12,56.31999969482422
2014-05-13,55.25
2014-05-14,55.040000915527344
2014-05-15,54.439998626708984
2014-05-16,55.27000045776367
2014-05-19,55.29999923706055
2014-05-20,54.65999984741211
2014-05-21,52.84000015258789
2014-05-22,52.61000061035156
2014-05-23,52.15999984741211
2014-05-27,52.66999816894531
2014-05-28,52.310001373291016
2014-05-29,53.349998474121094
2014-05-30,53.54999923706055
2014-06-02,52.709999084472656
2014-06-03,52.68000030517578
2014-06-04,53.22999954223633
2014-06-05,53.869998931884766
2014-06-06,54.150001525878906
2014-06-09,55.630001068115234
2014-06-10,56.099998474121094
2014-06-11,55.7400016784668
2014-06-12,55.91999816894531
2014-06-13,56.13999938964844
2014-06-16,56.16999816894531
2014-06-17,56.779998779296875
2014-06-18,56.619998931884766
2014-06-19,56.630001068115234
2014-06-20,56.81999969482422
2014-06-23,55.5
2014-06-24,54.560001373291016
2014-06-25,55.150001525878906
2014-06-26,54.68000030517578
2014-06-27,54.63999938964844
2014-06-30,55.349998474121094
2014-07-01,56.349998474121094
2014-07-02,55.279998779296875
2014-07-03,56.130001068115234
2014-07-07,55.599998474121094
2014-07-08,55.58000183105469
2014-07-09,55.369998931884766
2014-07-10,54.72999954223633
2014-07-11,55.119998931884766
2014-07-14,55.22999954223633
2014-07-15,54.150001525878906
2014-07-16,53.790000915527344
2014-07-17,53.61000061035156
2014-07-18,54.2400016784668
2014-07-21,53.9900016784668
2014-07-22,54.290000915527344
2014-07-23,54.099998474121094
2014-07-24,53.77000045776367
2014-07-25,53.220001220703125
2014-07-28,53.25
2014-07-29,53.029998779296875
2014-07-30,52.68000030517578
2014-07-31,51.93000030517578
2014-08-01,52.45000076293945
2014-08-04,52.540000915527344
2014-08-05,53.439998626708984
2014-08-06,53.779998779296875
2014-08-07,53.540000915527344
2014-08-08,51.70000076293945
2014-08-11,52.4900016784668
2014-08-12,52.0099983215332
2014-08-13,51.86000061035156
2014-08-14,51.310001373291016
2014-08-15,50.470001220703125
2014-08-18,51.189998626708984
2014-08-19,51.189998626708984
2014-08-20,51.16999816894531
2014-08-21,51.130001068115234
2014-08-22,50.81999969482422
2014-08-25,51.119998931884766
2014-08-26,51.209999084472656
2014-08-27,51.09000015258789
2014-08-28,50.9900016784668
2014-08-29,52.7599983215332
2014-09-02,53.2599983215332
2014-09-03,52.2400016784668
2014-09-04,52.130001068115234
2014-09-05,52.2400016784668
2014-09-08,52.11000061035156
2014-09-09,51.369998931884766
2014-09-10,51.38999938964844
2014-09-11,51.650001525878906
2014-09-12,51.2599983215332
2014-09-15,47.970001220703125
2014-09-16,46.70000076293945
2014-09-17,45.29999923706055
2014-09-18,45.04999923706055
2014-09-19,46.0
2014-09-22,46.40999984741211
2014-09-23,45.79999923706055
2014-09-24,45.79999923706055
2014-09-25,44.81999969482422
2014-09-26,45.18000030517578
2014-09-29,44.900001525878906
2014-09-30,44.38999938964844
2014-10-01,43.630001068115234
2014-10-02,44.68000030517578
2014-10-03,44.43000030517578
2014-10-06,44.400001525878906
2014-10-07,43.90999984741211
2014-10-08,44.54999923706055
2014-10-09,42.29999923706055
2014-10-10,43.0099983215332
2014-10-13,43.189998626708984
2014-10-14,43.38999938964844
2014-10-15,42.63999938964844
2014-10-16,43.459999084472656
2014-10-17,42.5099983215332
2014-10-20,43.20000076293945
2014-10-21,43.66999816894531
2014-10-22,43.029998779296875
2014-10-23,43.119998931884766
2014-10-24,43.47999954223633
2014-10-27,43.02000045776367
2014-10-28,43.70000076293945
2014-10-29,43.150001525878906
2014-10-30,43.0099983215332
2014-10-31,44.5
2014-11-03,45.630001068115234
2014-11-04,45.529998779296875
2014-11-05,44.7599983215332
2014-11-06,44.22999954223633
2014-11-07,42.060001373291016
2014-11-10,41.619998931884766
2014-11-11,40.400001525878906
2014-11-12,40.36000061035156
2014-11-13,40.0099983215332
2014-11-14,39.5099983215332
2014-11-17,39.0
2014-11-18,38.95000076293945
2014-11-19,38.529998779296875
2014-11-20,39.09000015258789
2014-11-21,40.06999969482422
2014-11-24,40.08000183105469
2014-11-25,40.5
2014-11-26,40.63999938964844
2014-11-28,39.9900016784668
2014-12-01,39.720001220703125
2014-12-02,40.15999984741211
2014-12-03,40.459999084472656
2014-12-04,40.130001068115234
2014-12-05,40.54999923706055
2014-12-08,40.15999984741211
2014-12-09,41.75
2014-12-10,41.630001068115234
2014-12-11,42.119998931884766
2014-12-12,41.47999954223633
2014-12-15,40.790000915527344
2014-12-16,40.720001220703125
2014-12-17,41.43000030517578
2014-12-18,42.439998626708984
2014-12-19,42.54999923706055
2014-12-22,42.81999969482422
2014-12-23,42.5099983215332
2014-12-24,41.650001525878906
2014-12-26,42.34000015258789
2014-12-29,43.27000045776367
2014-12-30,43.060001373291016
2014-12-31,43.97999954223633
2015-01-02,41.54999923706055
2015-01-05,40.380001068115234
2015-01-06,40.459999084472656
2015-01-07,40.529998779296875
2015-01-08,39.27000045776367
2015-01-09,39.41999816894531
2015-01-12,39.33000183105469
2015-01-13,39.59000015258789
2015-01-14,39.619998931884766
2015-01-15,39.470001220703125
2015-01-16,39.619998931884766
2015-01-20,39.34000015258789
2015-01-21,39.310001373291016
2015-01-22,40.290000915527344
2015-01-23,40.41999816894531
2015-01-26,40.91999816894531
2015-01-27,40.70000076293945
2015-01-28,40.0099983215332
2015-01-29,40.400001525878906
2015-01-30,40.15999984741211
2015-02-02,41.630001068115234
2015-02-03,42.52000045776367
2015-02-04,44.349998474121094
2015-02-05,46.11000061035156
2015-02-06,46.9900016784668
2015-02-09,45.529998779296875
2015-02-10,45.540000915527344
2015-02-11,45.5
2015-02-12,46.040000915527344
2015-02-13,45.83000183105469
2015-02-17,46.349998474121094
2015-02-18,46.939998626708984
2015-02-19,47.11000061035156
2015-02-20,46.86000061035156
2015-02-23,47.22999954223633
2015-02-24,47.72999954223633
2015-02-25,47.119998931884766
2015-02-26,47.95000076293945
2015-02-27,47.90999984741211
2015-03-02,48.02000045776367
2015-03-03,47.81999969482422
2015-03-04,48.099998474121094
2015-03-05,47.56999969482422
2015-03-06,48.0099983215332
2015-03-09,46.75
2015-03-10,46.13999938964844
2015-03-11,45.34000015258789
2015-03-12,46.189998626708984
2015-03-13,45.75
2015-03-16,45.150001525878906
2015-03-17,45.54999923706055
2015-03-18,45.16999816894531
2015-03-19,45.0
2015-03-20,45.93000030517578
2015-03-23,46.65999984741211
2015-03-24,46.75
2015-03-25,46.20000076293945
2015-03-26,45.880001068115234
2015-03-27,46.400001525878906
2015-03-30,46.790000915527344
2015-03-31,47.15999984741211
2015-04-01,46.88999938964844
2015-04-02,47.290000915527344
2015-04-06,47.619998931884766
2015-04-07,47.54999923706055
2015-04-08,47.29999923706055
2015-04-09,47.349998474121094
2015-04-10,47.599998474121094
2015-04-13,47.849998474121094
2015-04-14,47.599998474121094
2015-04-15,47.040000915527344
2015-04-16,47.15999984741211
2015-04-17,47.43000030517578
2015-04-20,47.599998474121094
2015-04-21,47.75
2015-04-22,47.66999816894531
2015-04-23,47.72999954223633
2015-04-24,47.779998779296875
2015-04-27,47.4900016784668
2015-04-28,48.119998931884766
2015-04-29,47.290000915527344
2015-04-30,47.029998779296875
2015-05-01,46.9900016784668
2015-05-04,47.529998779296875
2015-05-05,46.79999923706055
2015-05-06,47.529998779296875
2015-05-07,47.13999938964844
2015-05-08,48.56999969482422
2015-05-11,48.029998779296875
2015-05-12,47.02000045776367
2015-05-13,47.5
2015-05-14,48.459999084472656
2015-05-15,47.7400016784668
2015-05-18,47.91999816894531
2015-05-19,48.189998626708984
2015-05-20,51.220001220703125
2015-05-21,51.720001220703125
2015-05-22,51.43000030517578
2015-05-26,50.36000061035156
2015-05-27,51.33000183105469
2015-05-28,51.5099983215332
2015-05-29,51.4900016784668
2015-06-01,51.86000061035156
2015-06-02,51.9900016784668
2015-06-03,52.47999954223633
2015-06-04,52.56999969482422
2015-06-05,52.34000015258789
2015-06-08,52.790000915527344
2015-06-09,53.2400016784668
2015-06-10,54.06999969482422
2015-06-11,54.20000076293945
2015-06-12,54.4900016784668
2015-06-15,55.369998931884766
2015-06-16,55.38999938964844
2015-06-17,55.59000015258789
2015-06-18,56.630001068115234
2015-06-19,56.7599983215332
2015-06-22,57.20000076293945
2015-06-23,57.7599983215332
2015-06-24,57.630001068115234
2015-06-25,57.060001373291016
2015-06-26,57.20000076293945
2015-06-29,57.16999816894531
2015-06-30,57.31999969482422
2015-07-01,57.790000915527344
2015-07-02,57.279998779296875
2015-07-06,57.31999969482422
2015-07-07,57.70000076293945
2015-07-08,57.130001068115234
2015-07-09,55.90999984741211
2015-07-10,56.880001068115234
2015-07-13,57.849998474121094
2015-07-14,57.650001525878906
2015-07-15,57.02000045776367
2015-07-16,57.56999969482422
2015-07-17,57.20000076293945
2015-07-20,56.560001373291016
2015-07-21,56.849998474121094
2015-07-22,56.900001525878906
2015-07-23,56.59000015258789
2015-07-24,55.040000915527344
2015-07-27,54.90999984741211
2015-07-28,56.40999984741211
2015-07-29,56.43000030517578
2015-07-30,56.709999084472656
2015-07-31,57.04999923706055
2015-08-03,57.790000915527344
2015-08-04,57.970001220703125
2015-08-05,58.40999984741211
2015-08-06,57.790000915527344
2015-08-07,50.25
2015-08-10,49.720001220703125
2015-08-11,49.040000915527344
2015-08-12,49.0
2015-08-13,48.880001068115234
2015-08-14,49.119998931884766
2015-08-17,49.439998626708984
2015-08-18,49.93000030517578
2015-08-19,49.380001068115234
2015-08-20,49.09000015258789
2015-08-21,48.689998626708984
2015-08-24,46.97999954223633
2015-08-25,47.0099983215332
2015-08-26,47.61000061035156
2015-08-27,47.97999954223633
2015-08-28,49.099998474121094
2015-08-31,49.209999084472656
2015-09-01,48.4900016784668
2015-09-02,48.91999816894531
2015-09-03,49.29999923706055
2015-09-04,48.650001525878906
2015-09-08,49.66999816894531
2015-09-09,49.15999984741211
2015-09-10,49.459999084472656
2015-09-11,49.59000015258789
2015-09-14,49.75
2015-09-15,50.970001220703125
2015-09-16,51.709999084472656
2015-09-17,51.119998931884766
2015-09-18,50.310001373291016
2015-09-21,51.310001373291016
2015-09-22,50.369998931884766
2015-09-23,50.2599983215332
2015-09-24,49.880001068115234
2015-09-25,50.36000061035156
2015-09-28,50.15999984741211
2015-09-29,49.560001373291016
2015-09-30,49.56999969482422
2015-10-01,50.06999969482422
2015-10-02,49.70000076293945
2015-10-05,50.86000061035156
2015-10-06,51.849998474121094
2015-10-07,51.86000061035156
2015-10-08,51.9900016784668
2015-10-09,51.7400016784668
2015-10-12,53.72999954223633
2015-10-13,53.369998931884766
2015-10-14,52.84000015258789
2015-10-15,54.029998779296875
2015-10-16,54.060001373291016
2015-10-19,53.939998626708984
2015-10-20,53.83000183105469
2015-10-21,53.93000030517578
2015-10-22,54.93000030517578
2015-10-23,55.099998474121094
2015-10-26,53.43000030517578
2015-10-27,53.52000045776367
2015-10-28,55.34000015258789
2015-10-29,54.84000015258789
2015-10-30,54.0099983215332
2015-11-02,55.0
2015-11-03,54.2400016784668
2015-11-04,54.650001525878906
2015-11-05,53.95000076293945
2015-11-06,54.63999938964844
2015-11-09,54.65999984741211
2015-11-10,55.02000045776367
2015-11-11,55.20000076293945
2015-11-12,54.349998474121094
2015-11-13,54.56999969482422
2015-11-16,55.54999923706055
2015-11-17,56.0099983215332
2015-11-18,56.15999984741211
2015-11-19,56.529998779296875
2015-11-20,56.91999816894531
2015-11-23,57.54999923706055
2015-11-24,57.130001068115234
2015-11-25,56.599998474121094
2015-11-27,56.560001373291016
2015-11-30,56.540000915527344
2015-12-01,56.709999084472656
2015-12-02,55.810001373291016
2015-12-03,55.150001525878906
2015-12-04,56.349998474121094
2015-12-07,55.779998779296875
2015-12-08,55.52000045776367
2015-12-09,55.15999984741211
2015-12-10,54.77000045776367
2015-12-11,53.4900016784668
2015-12-14,52.56999969482422
2015-12-15,52.97999954223633
2015-12-16,55.06999969482422
2015-12-17,54.310001373291016
2015-12-18,54.400001525878906
2015-12-21,54.16999816894531
2015-12-22,56.279998779296875
2015-12-23,57.720001220703125
2015-12-24,57.40999984741211
2015-12-28,57.380001068115234
2015-12-29,56.66999816894531
2015-12-30,56.560001373291016
2015-12-31,56.08000183105469
2016-01-04,55.369998931884766
2016-01-05,55.31999969482422
2016-01-06,54.83000183105469
2016-01-07,52.900001525878906
2016-01-08,51.599998474121094
2016-01-11,52.68000030517578
2016-01-12,52.75
2016-01-13,51.84000015258789
2016-01-14,52.70000076293945
2016-01-15,51.630001068115234
2016-01-19,51.4900016784668
2016-01-20,51.900001525878906
2016-01-21,51.61000061035156
2016-01-22,52.90999984741211
2016-01-25,52.349998474121094
2016-01-26,51.86000061035156
2016-01-27,51.81999969482422
2016-01-28,52.54999923706055
2016-01-29,54.72999954223633
2016-02-01,53.970001220703125
2016-02-02,54.099998474121094
2016-02-03,54.349998474121094
2016-02-04,52.7599983215332
2016-02-05,54.33000183105469
2016-02-08,54.4900016784668
2016-02-09,53.0099983215332
2016-02-10,53.20000076293945
2016-02-11,52.33000183105469
2016-02-12,53.5099983215332
2016-02-16,54.06999969482422
2016-02-17,54.61000061035156
2016-02-18,54.560001373291016
2016-02-19,55.5099983215332
2016-02-22,54.900001525878906
2016-02-23,54.88999938964844
2016-02-24,55.4900016784668
2016-02-25,55.29999923706055
2016-02-26,54.65999984741211
2016-02-29,54.47999954223633
2016-03-01,54.95000076293945
2016-03-02,54.630001068115234
2016-03-03,55.25
2016-03-04,55.4900016784668
2016-03-07,55.439998626708984
2016-03-08,54.939998626708984
2016-03-09,55.4900016784668
2016-03-10,55.27000045776367
2016-03-11,55.5
2016-03-14,54.689998626708984
2016-03-15,54.619998931884766
2016-03-16,55.439998626708984
2016-03-17,56.02000045776367
2016-03-18,55.75
2016-03-21,56.349998474121094
2016-03-22,55.869998931884766
2016-03-23,55.34000015258789
2016-03-24,55.81999969482422
2016-03-28,56.220001220703125
2016-03-29,57.27000045776367
2016-03-30,57.20000076293945
2016-03-31,56.810001373291016
2016-04-01,57.13999938964844
2016-04-04,56.65999984741211
2016-04-05,55.97999954223633
2016-04-06,56.380001068115234
2016-04-07,55.029998779296875
2016-04-08,53.38999938964844
2016-04-11,52.33000183105469
2016-04-12,53.79999923706055
2016-04-13,53.5
2016-04-14,53.45000076293945
2016-04-15,53.470001220703125
2016-04-18,53.810001373291016
2016-04-19,53.779998779296875
2016-04-20,54.04999923706055
2016-04-21,53.47999954223633
2016-04-22,53.709999084472656
2016-04-25,54.31999969482422
2016-04-26,54.900001525878906
2016-04-27,54.65999984741211
2016-04-28,54.220001220703125
2016-04-29,54.54999923706055
2016-05-02,55.38999938964844
2016-05-03,55.040000915527344
2016-05-04,55.040000915527344
2016-05-05,55.36000061035156
2016-05-06,55.970001220703125
2016-05-09,55.380001068115234
2016-05-10,56.689998626708984
2016-05-11,56.25
2016-05-12,55.849998474121094
2016-05-13,55.20000076293945
2016-05-16,55.470001220703125
2016-05-17,54.459999084472656
2016-05-18,54.68000030517578
2016-05-19,54.099998474121094
2016-05-20,54.2400016784668
2016-05-23,54.65999984741211
2016-05-24,55.209999084472656
2016-05-25,57.029998779296875
2016-05-26,55.790000915527344
2016-05-27,55.54999923706055
2016-05-31,54.70000076293945
2016-06-01,56.029998779296875
2016-06-02,55.630001068115234
2016-06-03,55.58000183105469
2016-06-06,56.0
2016-06-07,55.2400016784668
2016-06-08,55.77000045776367
2016-06-09,55.70000076293945
2016-06-10,55.459999084472656
2016-06-13,55.16999816894531
2016-06-14,55.59000015258789
2016-06-15,55.310001373291016
2016-06-16,55.560001373291016
2016-06-17,54.63999938964844
2016-06-20,54.97999954223633
2016-06-21,54.7599983215332
2016-06-22,54.86000061035156
2016-06-23,55.5
2016-06-24,55.16999816894531
2016-06-27,55.189998626708984
2016-06-28,55.45000076293945
2016-06-29,55.650001525878906
2016-06-30,57.7400016784668
2016-07-01,56.7400016784668
2016-07-05,57.040000915527344
2016-07-06,57.779998779296875
2016-07-07,57.25
2016-07-08,58.150001525878906
2016-07-11,58.459999084472656
2016-07-12,59.86000061035156
2016-07-13,60.08000183105469
2016-07-14,60.16999816894531
2016-07-15,60.040000915527344
2016-07-18,60.439998626708984
2016-07-19,60.290000915527344
2016-07-20,59.83000183105469
2016-07-21,59.47999954223633
2016-07-22,59.279998779296875
2016-07-25,59.29999923706055
2016-07-26,58.58000183105469
2016-07-27,58.470001220703125
2016-07-28,58.349998474121094
2016-07-29,59.310001373291016
2016-08-01,59.529998779296875
2016-08-02,59.4900016784668
2016-08-03,58.599998474121094
2016-08-04,57.83000183105469
2016-08-05,60.88999938964844
2016-08-08,60.36000061035156
2016-08-09,60.459999084472656
2016-08-10,60.70000076293945
2016-08-11,60.56999969482422
2016-08-12,60.29999923706055
2016-08-15,59.7400016784668
2016-08-16,59.70000076293945
2016-08-17,59.95000076293945
2016-08-18,60.189998626708984
2016-08-19,60.040000915527344
2016-08-22,60.72999954223633
2016-08-23,60.97999954223633
2016-08-24,60.90999984741211
2016-08-25,61.119998931884766
2016-08-26,60.7400016784668
2016-08-29,60.63999938964844
2016-08-30,60.529998779296875
2016-08-31,60.16999816894531
2016-09-01,59.61000061035156
2016-09-02,60.380001068115234
2016-09-06,60.22999954223633
2016-09-07,60.279998779296875
2016-09-08,59.72999954223633
2016-09-09,57.52000045776367
2016-09-12,57.099998474121094
2016-09-13,56.06999969482422
2016-09-14,55.5
2016-09-15,56.20000076293945
2016-09-16,55.93000030517578
2016-09-19,56.099998474121094
2016-09-20,56.06999969482422
2016-09-21,57.0099983215332
2016-09-22,58.40999984741211
2016-09-23,58.779998779296875
2016-09-26,58.02000045776367
2016-09-27,57.380001068115234
2016-09-28,57.52000045776367
2016-09-29,57.349998474121094
2016-09-30,58.220001220703125
2016-10-03,57.70000076293945
2016-10-04,57.5099983215332
2016-10-05,57.2599983215332
2016-10-06,56.959999084472656
2016-10-07,55.91999816894531
2016-10-10,56.45000076293945
2016-10-11,56.150001525878906
2016-10-12,56.650001525878906
2016-10-13,55.95000076293945
2016-10-14,55.650001525878906
2016-10-17,55.5
2016-10-18,55.54999923706055
2016-10-19,55.79999923706055
2016-10-20,55.45000076293945
2016-10-21,55.650001525878906
2016-10-24,56.20000076293945
2016-10-25,54.849998474121094
2016-10-26,53.54999923706055
2016-10-27,53.150001525878906
2016-10-28,53.45000076293945
2016-10-31,54.20000076293945
2016-11-01,53.95000076293945
2016-11-02,53.75
2016-11-03,53.849998474121094
2016-11-04,53.349998474121094
2016-11-07,54.599998474121094
2016-11-08,54.849998474121094
2016-11-09,57.25
2016-11-10,54.0
2016-11-11,54.54999923706055
2016-11-14,54.70000076293945
2016-11-15,54.25
2016-11-16,54.75
2016-11-17,54.599998474121094
2016-11-18,54.349998474121094
2016-11-21,54.650001525878906
2016-11-22,54.599998474121094
2016-11-23,54.650001525878906
2016-11-25,54.45000076293945
2016-11-28,54.75
2016-11-29,55.20000076293945
2016-11-30,55.04999923706055
2016-12-01,54.849998474121094
2016-12-02,55.849998474121094
2016-12-05,56.20000076293945
2016-12-06,58.04999923706055
2016-12-07,59.5
2016-12-08,60.5
2016-12-09,60.900001525878906
2016-12-12,60.650001525878906
2016-12-13,61.400001525878906
2016-12-14,60.70000076293945
2016-12-15,61.650001525878906
2016-12-16,62.650001525878906
2016-12-19,63.400001525878906
2016-12-20,63.70000076293945
2016-12-21,62.95000076293945
2016-12-22,62.45000076293945
2016-12-23,62.95000076293945
2016-12-27,63.04999923706055
2016-12-28,62.650001525878906
2016-12-29,63.150001525878906
2016-12-30,63.75
2017-01-03,63.70000076293945
2017-01-04,64.4000015258789
2017-01-05,63.849998474121094
2017-01-06,64.0999984741211
2017-01-09,65.05000305175781
2017-01-10,65.9000015258789
2017-01-11,66.05000305175781
2017-01-12,66.19999694824219
2017-01-13,66.69999694824219
2017-01-17,69.5
2017-01-18,72.1500015258789
2017-01-19,73.69999694824219
2017-01-20,75.0
2017-01-23,75.44999694824219
2017-01-24,76.9000015258789
2017-01-25,77.05000305175781
2017-01-26,75.0
2017-01-27,74.05000305175781
2017-01-30,73.1500015258789
2017-01-31,68.0
2017-02-01,68.80000305175781
2017-02-02,69.05000305175781
2017-02-03,70.19999694824219
2017-02-06,70.4000015258789
2017-02-07,70.44999694824219
2017-02-08,81.3499984741211
2017-02-09,77.8499984741211
2017-02-10,75.0999984741211
2017-02-13,71.94999694824219
2017-02-14,70.94999694824219
2017-02-15,70.44999694824219
2017-02-16,69.3499984741211
2017-02-17,67.5
2017-02-21,68.69999694824219
2017-02-22,68.80000305175781
2017-02-23,68.80000305175781
2017-02-24,69.1500015258789
2017-02-27,69.75
2017-02-28,67.69999694824219
2017-03-01,68.80000305175781
2017-03-02,67.0999984741211
2017-03-03,67.44999694824219
2017-03-06,66.25
2017-03-07,66.4000015258789
2017-03-08,66.8499984741211
2017-03-09,67.0
2017-03-10,67.44999694824219
2017-03-13,67.30000305175781
2017-03-14,66.9000015258789
2017-03-15,68.30000305175781
2017-03-16,68.0
2017-03-17,69.94999694824219
2017-03-20,69.94999694824219
2017-03-21,68.75
2017-03-22,69.25
2017-03-23,70.25
2017-03-24,69.25
2017-03-27,70.5999984741211
2017-03-28,70.5999984741211
2017-03-29,71.55000305175781
2017-03-30,70.8499984741211
2017-03-31,70.75
2017-04-03,70.30000305175781
2017-04-04,71.0
2017-04-05,70.1500015258789
2017-04-06,70.1500015258789
2017-04-07,70.05000305175781
2017-04-10,70.25
2017-04-11,71.25
2017-04-12,71.4000015258789
2017-04-13,70.94999694824219
2017-04-17,72.5999984741211
2017-04-18,74.0
2017-04-19,73.69999694824219
2017-04-20,74.25
2017-04-21,73.69999694824219
2017-04-24,74.6500015258789
2017-04-25,75.5999984741211
2017-04-26,74.9000015258789
2017-04-27,74.8499984741211
2017-04-28,73.44999694824219
2017-05-01,72.5
2017-05-02,72.25
2017-05-03,71.0999984741211
2017-05-04,71.44999694824219
2017-05-05,72.80000305175781
2017-05-08,72.80000305175781
2017-05-09,71.6500015258789
2017-05-10,71.8499984741211
2017-05-11,71.25
2017-05-12,71.4000015258789
2017-05-15,72.55000305175781
2017-05-16,71.75
2017-05-17,69.80000305175781
2017-05-18,69.4000015258789
2017-05-19,69.44999694824219
2017-05-22,69.5
2017-05-23,68.8499984741211
2017-05-24,66.25
2017-05-25,65.55000305175781
2017-05-26,65.69999694824219
2017-05-30,66.05000305175781
2017-05-31,66.4000015258789
2017-06-01,66.9000015258789
2017-06-02,67.8499984741211
2017-06-05,67.0
2017-06-06,66.9000015258789
2017-06-07,67.3499984741211
2017-06-08,67.55000305175781
2017-06-09,66.9000015258789
2017-06-12,65.8499984741211
2017-06-13,66.1500015258789
2017-06-14,66.3499984741211
2017-06-15,67.0
2017-06-16,66.3499984741211
2017-06-19,66.8499984741211
2017-06-20,66.05000305175781
2017-06-21,65.30000305175781
2017-06-22,65.0
2017-06-23,65.0999984741211
2017-06-26,65.05000305175781
2017-06-27,65.0
2017-06-28,65.05000305175781
2017-06-29,63.75
2017-06-30,64.69999694824219
2017-07-03,64.30000305175781
2017-07-05,64.0
2017-07-06,62.849998474121094
2017-07-07,63.5
2017-07-10,62.900001525878906
2017-07-11,63.900001525878906
2017-07-12,64.69999694824219
2017-07-13,63.650001525878906
2017-07-14,64.05000305175781
2017-07-17,64.69999694824219
2017-07-18,63.95000076293945
2017-07-19,65.5
2017-07-20,65.0999984741211
2017-07-21,64.25
2017-07-24,64.19999694824219
2017-07-25,64.3499984741211
2017-07-26,64.5
2017-07-27,64.5999984741211
2017-07-28,64.0
2017-07-31,63.95000076293945
2017-08-01,64.30000305175781
2017-08-02,62.349998474121094
2017-08-03,62.25
2017-08-04,59.95000076293945
2017-08-07,57.900001525878906
2017-08-08,56.599998474121094
2017-08-09,56.0
2017-08-10,56.79999923706055
2017-08-11,57.04999923706055
2017-08-14,58.099998474121094
2017-08-15,58.150001525878906
2017-08-16,58.0
2017-08-17,56.849998474121094
2017-08-18,57.54999923706055
2017-08-21,58.45000076293945
2017-08-22,57.150001525878906
2017-08-23,56.95000076293945
2017-08-24,57.0
2017-08-25,57.04999923706055
2017-08-28,56.5
2017-08-29,56.79999923706055
2017-08-30,56.79999923706055
2017-08-31,57.20000076293945
2017-09-01,57.04999923706055
2017-09-05,56.849998474121094
2017-09-06,56.95000076293945
2017-09-07,57.04999923706055
2017-09-08,56.150001525878906
2017-09-11,57.54999923706055
2017-09-12,57.099998474121094
2017-09-13,58.099998474121094
2017-09-14,57.79999923706055
2017-09-15,57.79999923706055
2017-09-18,57.900001525878906
2017-09-19,57.79999923706055
2017-09-20,57.54999923706055
2017-09-21,57.099998474121094
2017-09-22,56.29999923706055
2017-09-25,58.04999923706055
2017-09-26,57.29999923706055
2017-09-27,58.25
2017-09-28,57.45000076293945
2017-09-29,57.29999923706055
2017-10-02,58.0
2017-10-03,57.45000076293945
2017-10-04,57.150001525878906
2017-10-05,57.20000076293945
2017-10-06,55.79999923706055
2017-10-09,56.349998474121094
2017-10-10,57.54999923706055
2017-10-11,57.20000076293945
2017-10-12,59.650001525878906
2017-10-13,58.849998474121094
2017-10-16,58.70000076293945
2017-10-17,58.349998474121094
2017-10-18,57.95000076293945
2017-10-19,57.150001525878906
2017-10-20,56.849998474121094
2017-10-23,56.900001525878906
2017-10-24,57.04999923706055
2017-10-25,57.0
2017-10-26,57.400001525878906
2017-10-27,57.150001525878906
2017-10-30,57.150001525878906
2017-10-31,57.349998474121094
2017-11-01,57.400001525878906
2017-11-02,58.95000076293945
2017-11-03,58.45000076293945
2017-11-06,57.900001525878906
2017-11-07,59.29999923706055
2017-11-08,54.79999923706055
2017-11-09,55.0
2017-11-10,56.70000076293945
2017-11-13,56.79999923706055
2017-11-14,56.79999923706055
2017-11-15,54.95000076293945
2017-11-16,53.79999923706055
2017-11-17,53.04999923706055
2017-11-20,52.25
2017-11-21,52.45000076293945
2017-11-22,53.400001525878906
2017-11-24,52.70000076293945
2017-11-27,53.70000076293945
2017-11-28,53.79999923706055
2017-11-29,54.20000076293945
2017-11-30,53.349998474121094
2017-12-01,53.25
2017-12-04,55.29999923706055
2017-12-05,55.79999923706055
2017-12-06,55.599998474121094
2017-12-07,54.400001525878906
2017-12-08,54.25
2017-12-11,54.54999923706055
2017-12-12,54.25
2017-12-13,54.25
2017-12-14,53.45000076293945
2017-12-15,53.29999923706055
2017-12-18,53.900001525878906
2017-12-19,53.29999923706055
2017-12-20,53.5
2017-12-21,53.54999923706055
2017-12-22,52.900001525878906
2017-12-26,52.70000076293945
2017-12-27,52.5
2017-12-28,52.45000076293945
2017-12-29,52.5
2018-01-02,52.79999923706055
2018-01-03,52.54999923706055
2018-01-04,52.150001525878906
2018-01-05,52.099998474121094
2018-01-08,51.95000076293945
2018-01-09,51.25
2018-01-10,52.0
2018-01-11,52.25
2018-01-12,51.650001525878906
2018-01-16,50.150001525878906
2018-01-17,50.5
2018-01-18,49.20000076293945
2018-01-19,50.75
2018-01-22,51.0
2018-01-23,51.349998474121094
2018-01-24,50.349998474121094
2018-01-25,50.099998474121094
2018-01-26,49.400001525878906
2018-01-29,48.099998474121094
2018-01-30,48.349998474121094
2018-01-31,48.0
2018-02-01,48.04999923706055
2018-02-02,47.650001525878906
2018-02-05,46.349998474121094
2018-02-06,46.45000076293945
2018-02-07,46.900001525878906
2018-02-08,49.400001525878906
2018-02-09,50.599998474121094
2018-02-12,50.04999923706055
2018-02-13,49.95000076293945
2018-02-14,50.04999923706055
2018-02-15,50.099998474121094
2018-02-16,50.54999923706055
2018-02-20,49.5
2018-02-21,49.599998474121094
2018-02-22,49.45000076293945
2018-02-23,50.599998474121094
2018-02-26,50.95000076293945
2018-02-27,50.25
2018-02-28,49.150001525878906
2018-03-01,48.5
2018-03-02,49.20000076293945
2018-03-05,49.29999923706055
2018-03-06,51.0
2018-03-07,50.04999923706055
2018-03-08,50.400001525878906
2018-03-09,50.75
2018-03-12,50.599998474121094
2018-03-13,50.650001525878906
2018-03-14,50.099998474121094
2018-03-15,49.349998474121094
2018-03-16,48.0
2018-03-19,47.79999923706055
2018-03-20,47.45000076293945
2018-03-21,47.0
2018-03-22,47.099998474121094
2018-03-23,46.650001525878906
2018-03-26,46.599998474121094
2018-03-27,46.45000076293945
2018-03-28,47.70000076293945
2018-03-29,48.5
2018-04-02,48.04999923706055
2018-04-03,49.25
2018-04-04,50.25
2018-04-05,50.04999923706055
2018-04-06,49.650001525878906
2018-04-09,49.650001525878906
2018-04-10,50.25
2018-04-11,50.20000076293945
2018-04-12,49.75
2018-04-13,50.0
2018-04-16,51.0
2018-04-17,52.20000076293945
2018-04-18,49.900001525878906
2018-04-19,48.04999923706055
2018-04-20,47.0
2018-04-23,46.900001525878906
2018-04-24,47.349998474121094
2018-04-25,47.650001525878906
2018-04-26,47.70000076293945
2018-04-27,48.0
2018-04-30,47.04999923706055
2018-05-01,47.849998474121094
2018-05-02,47.79999923706055
2018-05-03,47.45000076293945
2018-05-04,48.25
2018-05-07,48.04999923706055
2018-05-08,47.650001525878906
2018-05-09,47.400001525878906
2018-05-10,47.25
2018-05-11,46.599998474121094
2018-05-14,46.650001525878906
2018-05-15,46.95000076293945
2018-05-16,47.849998474121094
2018-05-17,47.650001525878906
2018-05-18,48.04999923706055
2018-05-21,48.70000076293945
2018-05-22,48.25
2018-05-23,48.45000076293945
2018-05-24,62.849998474121094
2018-05-25,66.0
2018-05-29,67.0
2018-05-30,66.5
2018-05-31,66.1500015258789
2018-06-01,65.80000305175781
2018-06-04,66.55000305175781
2018-06-05,65.25
2018-06-06,64.8499984741211
2018-06-07,64.44999694824219
2018-06-08,64.25
2018-06-11,64.19999694824219
2018-06-12,64.69999694824219
2018-06-13,64.9000015258789
2018-06-14,65.3499984741211
2018-06-15,64.80000305175781
2018-06-18,64.5999984741211
2018-06-19,65.0999984741211
2018-06-20,66.1500015258789
2018-06-21,66.0
2018-06-22,66.1500015258789
2018-06-25,66.44999694824219
2018-06-26,66.55000305175781
2018-06-27,66.05000305175781
2018-06-28,66.5
2018-06-29,66.05000305175781
2018-07-02,66.4000015258789
2018-07-03,66.5
2018-07-05,69.69999694824219
2018-07-06,69.5999984741211
2018-07-09,69.0
2018-07-10,69.5999984741211
2018-07-11,69.19999694824219
2018-07-12,68.5
2018-07-13,68.4000015258789
2018-07-16,65.25
2018-07-17,65.05000305175781
2018-07-18,64.55000305175781
2018-07-19,64.80000305175781
2018-07-20,65.69999694824219
2018-07-23,65.80000305175781
2018-07-24,66.1500015258789
2018-07-25,65.94999694824219
2018-07-26,66.05000305175781
2018-07-27,66.0
2018-07-30,67.05000305175781
2018-07-31,69.0999984741211
2018-08-01,67.1500015258789
2018-08-02,68.25
2018-08-03,67.9000015258789
2018-08-06,67.5999984741211
2018-08-07,68.0
2018-08-08,58.650001525878906
2018-08-09,57.0
2018-08-10,56.20000076293945
2018-08-13,57.150001525878906
2018-08-14,58.099998474121094
2018-08-15,59.349998474121094
2018-08-16,58.849998474121094
2018-08-17,59.70000076293945
2018-08-20,60.150001525878906
2018-08-21,60.349998474121094
2018-08-22,60.54999923706055
2018-08-23,60.20000076293945
2018-08-24,59.900001525878906
2018-08-27,59.54999923706055
2018-08-28,59.45000076293945
2018-08-29,59.25
2018-08-30,59.29999923706055
2018-08-31,59.79999923706055
2018-09-04,59.54999923706055
2018-09-05,59.650001525878906
2018-09-06,59.599998474121094
2018-09-07,60.150001525878906
2018-09-10,59.900001525878906
2018-09-11,60.150001525878906
2018-09-12,63.20000076293945
2018-09-13,63.150001525878906
2018-09-14,64.0
2018-09-17,64.3499984741211
2018-09-18,65.25
2018-09-19,65.5
2018-09-20,67.25
2018-09-21,67.25
2018-09-24,64.19999694824219
2018-09-25,65.44999694824219
2018-09-26,65.05000305175781
2018-09-27,65.1500015258789
2018-09-28,65.0
2018-10-01,64.63999938964844
2018-10-02,64.83000183105469
2018-10-03,65.51000213623047
2018-10-04,64.86000061035156
2018-10-05,64.31999969482422
2018-10-08,66.33000183105469
2018-10-09,66.25
2018-10-10,65.55000305175781
2018-10-11,65.0999984741211
2018-10-12,64.27999877929688
2018-10-15,65.29000091552734
2018-10-16,66.3499984741211
2018-10-17,68.0
2018-10-18,67.69999694824219
2018-10-19,68.3499984741211
2018-10-22,67.5999984741211
2018-10-23,67.75
2018-10-24,68.0
2018-10-25,68.26000213623047
2018-10-26,67.69999694824219
2018-10-29,67.94000244140625
2018-10-30,68.9800033569336
2018-10-31,67.86000061035156
2018-11-01,67.11000061035156
2018-11-02,67.68000030517578
2018-11-05,68.02999877929688
2018-11-06,69.19000244140625
2018-11-07,69.91000366210938
2018-11-08,69.0
2018-11-09,68.5
2018-11-12,68.0999984741211
2018-11-13,66.7300033569336
2018-11-14,66.80000305175781
2018-11-15,66.9800033569336
2018-11-16,66.88999938964844
2018-11-19,66.79000091552734
2018-11-20,66.3499984741211
2018-11-21,64.6500015258789
2018-11-23,65.0999984741211
2018-11-26,64.5
2018-11-27,62.959999084472656
2018-11-28,64.12999725341797
2018-11-29,63.43000030517578
2018-11-30,63.400001525878906
2018-12-03,64.55000305175781
2018-12-04,62.720001220703125
2018-12-06,63.150001525878906
2018-12-07,62.65999984741211
2018-12-10,62.470001220703125
2018-12-11,63.36000061035156
2018-12-12,64.58000183105469
2018-12-13,63.5
2018-12-14,61.459999084472656
2018-12-17,59.029998779296875
2018-12-18,57.95000076293945
2018-12-19,57.59000015258789
2018-12-20,57.599998474121094
2018-12-21,56.43000030517578
2018-12-24,54.709999084472656
2018-12-26,54.400001525878906
2018-12-27,54.630001068115234
2018-12-28,54.81999969482422
2018-12-31,54.150001525878906
2019-01-02,54.79999923706055
2019-01-03,54.5
2019-01-04,55.08000183105469
2019-01-07,54.88999938964844
2019-01-08,55.0
2019-01-09,55.029998779296875
2019-01-10,54.369998931884766
2019-01-11,54.880001068115234
2019-01-14,55.65999984741211
2019-01-15,55.849998474121094
2019-01-16,56.38999938964844
2019-01-17,56.849998474121094
2019-01-18,56.869998931884766
2019-01-22,55.650001525878906
2019-01-23,55.20000076293945
2019-01-24,53.66999816894531
2019-01-25,54.84000015258789
2019-01-28,54.25
2019-01-29,55.38999938964844
2019-01-30,58.33000183105469
2019-01-31,57.70000076293945
2019-02-01,56.22999954223633
2019-02-04,56.41999816894531
2019-02-05,56.52000045776367
2019-02-06,55.66999816894531
2019-02-07,55.2599983215332
2019-02-08,57.5
2019-02-11,55.349998474121094
2019-02-12,55.84000015258789
2019-02-13,56.689998626708984
2019-02-14,57.279998779296875
2019-02-15,57.34000015258789
2019-02-19,57.540000915527344
2019-02-20,59.36000061035156
2019-02-21,59.709999084472656
2019-02-22,60.04999923706055
2019-02-25,60.040000915527344
2019-02-26,59.27000045776367
2019-02-27,59.849998474121094
2019-02-28,59.34000015258789
2019-03-01,59.939998626708984
2019-03-04,58.56999969482422
2019-03-05,59.06999969482422
2019-03-06,59.91999816894531
2019-03-07,59.63999938964844
2019-03-08,59.13999938964844
2019-03-11,60.459999084472656
2019-03-12,59.470001220703125
2019-03-13,59.65999984741211
2019-03-14,59.599998474121094
2019-03-15,60.08000183105469
2019-03-18,60.099998474121094
2019-03-19,59.77000045776367
2019-03-20,59.209999084472656
2019-03-21,59.7400016784668
2019-03-22,58.630001068115234
2019-03-25,58.400001525878906
2019-03-26,59.040000915527344
2019-03-27,58.0
2019-03-28,58.31999969482422
2019-03-29,57.630001068115234
2019-04-01,58.61000061035156
2019-04-02,58.209999084472656
2019-04-03,58.36000061035156
2019-04-04,59.27000045776367
2019-04-05,57.68000030517578
2019-04-08,57.119998931884766
2019-04-09,55.75
2019-04-10,56.810001373291016
2019-04-11,56.56999969482422
2019-04-12,55.59000015258789
2019-04-15,55.93000030517578
2019-04-16,53.79999923706055
2019-04-17,52.7400016784668
2019-04-18,51.47999954223633
2019-04-22,51.709999084472656
2019-04-23,52.36000061035156
2019-04-24,52.29999923706055
2019-04-25,51.619998931884766
2019-04-26,52.75
2019-04-29,53.11000061035156
2019-04-30,53.86000061035156
2019-05-01,52.4900016784668
2019-05-02,52.86000061035156
2019-05-03,54.09000015258789
2019-05-06,54.15999984741211
2019-05-07,53.810001373291016
2019-05-08,52.91999816894531
2019-05-09,53.41999816894531
2019-05-10,52.369998931884766
2019-05-13,52.02000045776367
2019-05-14,52.060001373291016
2019-05-15,52.06999969482422
2019-05-16,52.470001220703125
2019-05-17,52.02000045776367
2019-05-20,51.02000045776367
2019-05-21,51.349998474121094
2019-05-22,51.75
2019-05-23,59.06999969482422
2019-05-24,57.529998779296875
2019-05-28,56.400001525878906
2019-05-29,56.619998931884766
2019-05-30,57.279998779296875
2019-05-31,56.52000045776367
2019-06-03,58.349998474121094
2019-06-04,59.31999969482422
2019-06-05,59.33000183105469
2019-06-06,59.90999984741211
2019-06-07,60.5099983215332
2019-06-10,59.31999969482422
2019-06-11,60.279998779296875
2019-06-12,59.279998779296875
2019-06-13,60.29999923706055
2019-06-14,59.029998779296875
2019-06-17,58.709999084472656
2019-06-18,59.09000015258789
2019-06-19,59.0
2019-06-20,58.36000061035156
2019-06-21,58.720001220703125
2019-06-24,58.54999923706055
2019-06-25,60.939998626708984
2019-06-26,59.66999816894531
2019-06-27,60.40999984741211
2019-06-28,60.77000045776367
2019-07-01,61.47999954223633
2019-07-02,61.400001525878906
2019-07-03,62.70000076293945
2019-07-05,61.33000183105469
2019-07-08,60.70000076293945
2019-07-09,59.45000076293945
2019-07-10,60.31999969482422
2019-07-11,60.54999923706055
2019-07-12,60.52000045776367
2019-07-15,60.68000030517578
2019-07-16,60.869998931884766
2019-07-17,61.099998474121094
2019-07-18,61.209999084472656
2019-07-19,60.540000915527344
2019-07-22,60.040000915527344
2019-07-23,60.0
2019-07-24,60.43000030517578
2019-07-25,59.54999923706055
2019-07-26,60.630001068115234
2019-07-29,60.189998626708984
2019-07-30,59.91999816894531
2019-07-31,59.5
2019-08-01,59.0099983215332
2019-08-02,58.86000061035156
2019-08-05,57.560001373291016
2019-08-06,57.2400016784668
2019-08-07,57.29999923706055
2019-08-08,53.939998626708984
2019-08-09,51.86000061035156
2019-08-12,51.650001525878906
2019-08-13,52.33000183105469
2019-08-14,51.709999084472656
2019-08-15,51.58000183105469
2019-08-16,52.52000045776367
2019-08-19,52.68000030517578
2019-08-20,51.650001525878906
2019-08-21,52.130001068115234
2019-08-22,51.91999816894531
2019-08-23,50.779998779296875
2019-08-26,51.220001220703125
2019-08-27,49.38999938964844
2019-08-28,50.209999084472656
2019-08-29,50.349998474121094
2019-08-30,50.060001373291016
2019-09-03,50.58000183105469
2019-09-04,50.79999923706055
2019-09-05,51.029998779296875
2019-09-06,51.79999923706055
2019-09-09,53.5099983215332
2019-09-10,54.720001220703125
2019-09-11,55.79999923706055
2019-09-12,56.349998474121094
2019-09-13,55.470001220703125
2019-09-16,57.040000915527344
2019-09-17,56.790000915527344
2019-09-18,56.66999816894531
2019-09-19,56.08000183105469
2019-09-20,54.68000030517578
2019-09-23,53.95000076293945
2019-09-24,53.7400016784668
2019-09-25,54.93000030517578
2019-09-26,54.84000015258789
2019-09-27,54.52000045776367
2019-09-30,54.810001373291016
2019-10-01,54.849998474121094
2019-10-02,54.060001373291016
2019-10-03,54.959999084472656
2019-10-04,53.720001220703125
2019-10-07,53.65999984741211
2019-10-08,53.08000183105469
2019-10-09,54.18000030517578
2019-10-10,53.209999084472656
2019-10-11,53.220001220703125
2019-10-14,53.15999984741211
2019-10-15,52.939998626708984
2019-10-16,52.93000030517578
2019-10-17,53.83000183105469
2019-10-18,53.81999969482422
2019-10-21,54.400001525878906
2019-10-22,54.93000030517578
2019-10-23,55.349998474121094
2019-10-24,54.650001525878906
2019-10-25,54.56999969482422
2019-10-28,54.709999084472656
2019-10-29,55.119998931884766
2019-10-30,54.91999816894531
2019-10-31,54.79999923706055
2019-11-01,55.45000076293945
2019-11-04,55.279998779296875
2019-11-05,55.79999923706055
2019-11-06,55.2599983215332
2019-11-07,55.540000915527344
2019-11-08,55.779998779296875
2019-11-11,56.5099983215332
2019-11-12,52.7599983215332
2019-11-13,50.27000045776367
2019-11-14,50.900001525878906
2019-11-15,51.0
2019-11-18,50.5
2019-11-19,51.4900016784668
2019-11-20,50.63999938964844
2019-11-21,51.04999923706055
2019-11-22,50.88999938964844
2019-11-25,51.5099983215332
2019-11-26,51.11000061035156
2019-11-27,51.66999816894531
2019-11-29,52.220001220703125
2019-12-02,52.119998931884766
2019-12-03,52.38999938964844
2019-12-04,52.220001220703125
2019-12-05,53.380001068115234
2019-12-06,53.349998474121094
2019-12-09,53.59000015258789
2019-12-10,53.81999969482422
2019-12-11,54.400001525878906
2019-12-12,54.380001068115234
2019-12-13,54.75
2019-12-16,55.84000015258789
2019-12-17,56.11000061035156
2019-12-18,56.540000915527344
2019-12-19,56.83000183105469
2019-12-20,56.4900016784668
2019-12-23,55.459999084472656
2019-12-24,55.63999938964844
2019-12-26,56.220001220703125
2019-12-27,56.61000061035156
2019-12-30,56.75
2019-12-31,57.060001373291016
2020-01-02,56.880001068115234
2020-01-03,57.290000915527344
2020-01-06,56.83000183105469
2020-01-07,56.79999923706055
2020-01-08,57.040000915527344
2020-01-09,58.13999938964844
2020-01-10,56.06999969482422
2020-01-13,56.31999969482422
2020-01-14,55.349998474121094
2020-01-15,55.95000076293945
2020-01-16,56.529998779296875
2020-01-17,55.97999954223633
2020-01-21,54.650001525878906
2020-01-22,54.16999816894531
2020-01-23,53.79999923706055
2020-01-24,52.61000061035156
2020-01-27,52.689998626708984
2020-01-28,53.40999984741211
2020-01-29,53.290000915527344
2020-01-30,52.970001220703125
2020-01-31,53.150001525878906
2020-02-03,53.75
2020-02-04,54.13999938964844
2020-02-05,51.41999816894531
2020-02-06,50.720001220703125
2020-02-07,51.099998474121094
2020-02-10,51.11000061035156
2020-02-11,51.02000045776367
2020-02-12,50.88999938964844
2020-02-13,50.97999954223633
2020-02-14,50.470001220703125
2020-02-18,49.95000076293945
2020-02-19,49.59000015258789
2020-02-20,50.029998779296875
2020-02-21,50.83000183105469
2020-02-24,49.970001220703125
2020-02-25,49.16999816894531
2020-02-26,50.220001220703125
2020-02-27,49.68000030517578
2020-02-28,49.349998474121094
2020-03-02,49.790000915527344
2020-03-03,48.70000076293945
2020-03-04,49.900001525878906
2020-03-05,48.959999084472656
2020-03-06,49.529998779296875
2020-03-09,47.0
2020-03-10,46.5
2020-03-11,44.529998779296875
2020-03-12,40.130001068115234
2020-03-13,42.41999816894531
2020-03-16,39.599998474121094
2020-03-17,43.61000061035156
2020-03-18,43.5
2020-03-19,44.130001068115234
2020-03-20,40.459999084472656
2020-03-23,38.58000183105469
2020-03-24,41.779998779296875
2020-03-25,40.40999984741211
2020-03-26,43.0099983215332
2020-03-27,40.959999084472656
2020-03-30,42.45000076293945
2020-03-31,44.209999084472656
2020-04-01,43.209999084472656
2020-04-02,44.0
2020-04-03,43.61000061035156
2020-04-06,45.13999938964844
2020-04-07,44.970001220703125
2020-04-08,45.630001068115234
2020-04-09,46.66999816894531
2020-04-13,46.58000183105469
2020-04-14,46.97999954223633
2020-04-15,45.540000915527344
2020-04-16,44.72999954223633
2020-04-17,45.439998626708984
2020-04-20,44.9900016784668
2020-04-21,43.52000045776367
2020-04-22,43.880001068115234
2020-04-23,43.810001373291016
2020-04-24,45.11000061035156
2020-04-27,46.060001373291016
2020-04-28,47.970001220703125
2020-04-29,49.029998779296875
2020-04-30,48.369998931884766
2020-05-01,45.88999938964844
2020-05-04,46.41999816894531
2020-05-05,44.77000045776367
2020-05-06,43.720001220703125
2020-05-07,43.09000015258789
2020-05-08,44.97999954223633
2020-05-11,43.380001068115234
2020-05-12,41.63999938964844
2020-05-13,41.630001068115234
2020-05-14,41.41999816894531
2020-05-15,41.38999938964844
2020-05-18,41.45000076293945
2020-05-19,42.119998931884766
2020-05-20,42.599998474121094
2020-05-21,42.81999969482422
2020-05-22,43.36000061035156
2020-05-26,44.349998474121094
2020-05-27,45.380001068115234
2020-05-28,43.65999984741211
2020-05-29,44.060001373291016
2020-06-01,42.939998626708984
2020-06-02,42.84000015258789
2020-06-03,43.459999084472656
2020-06-04,46.11000061035156
2020-06-05,46.209999084472656
2020-06-08,47.72999954223633
2020-06-09,46.25
2020-06-10,44.220001220703125
2020-06-11,41.29999923706055
2020-06-12,42.68000030517578
2020-06-15,42.72999954223633
2020-06-16,43.27000045776367
2020-06-17,43.34000015258789
2020-06-18,43.11000061035156
2020-06-19,42.290000915527344
2020-06-22,41.849998474121094
2020-06-23,40.88999938964844
2020-06-24,40.650001525878906
2020-06-25,40.75
2020-06-26,40.439998626708984
2020-06-29,42.0
2020-06-30,42.5099983215332
2020-07-01,41.900001525878906
2020-07-02,41.45000076293945
2020-07-06,42.04999923706055
2020-07-07,42.11000061035156
2020-07-08,41.779998779296875
2020-07-09,41.08000183105469
2020-07-10,41.209999084472656
2020-07-13,41.130001068115234
2020-07-14,41.099998474121094
2020-07-15,40.97999954223633
2020-07-16,40.470001220703125
2020-07-17,40.54999923706055
2020-07-20,39.61000061035156
2020-07-21,41.70000076293945
2020-07-22,41.47999954223633
2020-07-23,41.88999938964844
2020-07-24,41.970001220703125
2020-07-27,42.2599983215332
2020-07-28,42.31999969482422
2020-07-29,42.27000045776367
2020-07-30,42.22999954223633
2020-07-31,42.15999984741211
2020-08-03,42.7599983215332
2020-08-04,42.56999969482422
2020-08-05,43.29999923706055
2020-08-06,43.470001220703125
2020-08-07,44.63999938964844
2020-08-10,45.20000076293945
2020-08-11,45.439998626708984
2020-08-12,45.619998931884766
2020-08-13,44.459999084472656
2020-08-14,45.66999816894531
2020-08-17,44.689998626708984
2020-08-18,44.380001068115234
2020-08-19,44.689998626708984
2020-08-20,44.59000015258789
2020-08-21,44.81999969482422
2020-08-24,45.459999084472656
2020-08-25,45.279998779296875
2020-08-26,44.5
2020-08-27,44.529998779296875
2020-08-28,44.189998626708984
2020-08-31,43.40999984741211
2020-09-01,41.88999938964844
2020-09-02,42.310001373291016
2020-09-03,42.63999938964844
2020-09-04,43.029998779296875
2020-09-08,43.4900016784668
2020-09-09,43.81999969482422
2020-09-10,43.060001373291016
2020-09-11,42.93000030517578
2020-09-14,43.4900016784668
2020-09-15,43.369998931884766
2020-09-16,43.06999969482422
2020-09-17,43.04999923706055
2020-09-18,43.29999923706055
2020-09-21,42.5099983215332
2020-09-22,41.83000183105469
2020-09-23,40.709999084472656
2020-09-24,41.709999084472656
2020-09-25,41.119998931884766
2020-09-28,41.720001220703125
2020-09-29,41.529998779296875
2020-09-30,41.880001068115234
2020-10-01,41.79999923706055
2020-10-02,42.20000076293945
2020-10-05,42.90999984741211
2020-10-06,43.63999938964844
2020-10-07,44.43000030517578
2020-10-08,43.4900016784668
2020-10-09,43.31999969482422
2020-10-12,43.70000076293945
2020-10-13,42.4900016784668
2020-10-14,42.099998474121094
2020-10-15,42.470001220703125
2020-10-16,42.349998474121094
2020-10-19,41.41999816894531
2020-10-20,41.06999969482422
2020-10-21,41.16999816894531
2020-10-22,41.779998779296875
2020-10-23,42.16999816894531
2020-10-26,41.95000076293945
2020-10-27,41.630001068115234
2020-10-28,39.599998474121094
2020-10-29,39.58000183105469
2020-10-30,39.849998474121094
2020-11-02,40.79999923706055
2020-11-03,41.34000015258789
2020-11-04,40.40999984741211
2020-11-05,40.720001220703125
2020-11-06,40.47999954223633
2020-11-09,42.439998626708984
2020-11-10,44.88999938964844
2020-11-11,44.119998931884766
2020-11-12,43.81999969482422
2020-11-13,45.13999938964844
2020-11-16,46.349998474121094
2020-11-17,46.83000183105469
2020-11-18,45.459999084472656
2020-11-19,45.20000076293945
2020-11-20,44.54999923706055
2020-11-23,45.540000915527344
2020-11-24,46.650001525878906
2020-11-25,47.209999084472656
2020-11-27,46.720001220703125
2020-11-30,45.5099983215332
2020-12-01,45.349998474121094
2020-12-02,45.54999923706055
2020-12-03,46.689998626708984
2020-12-04,48.13999938964844
2020-12-07,48.4900016784668
2020-12-08,48.619998931884766
2020-12-09,49.0
2020-12-10,49.65999984741211
2020-12-11,49.560001373291016
2020-12-14,50.18000030517578
2020-12-15,51.040000915527344
2020-12-16,51.04999923706055
2020-12-17,51.02000045776367
2020-12-18,50.41999816894531
2020-12-21,48.810001373291016
2020-12-22,47.349998474121094
2020-12-23,48.77000045776367
2020-12-24,48.619998931884766
2020-12-28,49.029998779296875
2020-12-29,48.45000076293945
2020-12-30,48.279998779296875
2020-12-31,48.61000061035156
2021-01-04,48.81999969482422
2021-01-05,50.209999084472656
2021-01-06,53.65999984741211
2021-01-07,54.560001373291016
2021-01-08,52.25
2021-01-11,51.56999969482422
2021-01-12,52.33000183105469
2021-01-13,51.93000030517578
2021-01-14,52.619998931884766
2021-01-15,52.27000045776367
2021-01-19,52.27000045776367
2021-01-20,51.29999923706055
2021-01-21,49.66999816894531
2021-01-22,48.709999084472656
2021-01-25,48.209999084472656
2021-01-26,48.099998474121094
2021-01-27,47.5099983215332
2021-01-28,47.65999984741211
2021-01-29,45.869998931884766
2021-02-01,45.619998931884766
2021-02-02,46.08000183105469
2021-02-03,46.54999923706055
2021-02-04,47.61000061035156
2021-02-05,47.16999816894531
2021-02-08,48.959999084472656
2021-02-09,50.7400016784668
2021-02-10,50.310001373291016
2021-02-11,52.290000915527344
2021-02-12,51.41999816894531
2021-02-16,52.290000915527344
2021-02-17,52.25
2021-02-18,51.54999923706055
2021-02-19,51.029998779296875
2021-02-22,50.650001525878906
2021-02-23,50.939998626708984
2021-02-24,51.7400016784668
2021-02-25,50.95000076293945
2021-02-26,50.81999969482422
2021-03-01,51.84000015258789
2021-03-02,51.38999938964844
2021-03-03,52.06999969482422
2021-03-04,51.939998626708984
2021-03-05,53.45000076293945
2021-03-08,55.54999923706055
2021-03-09,55.130001068115234
2021-03-10,56.65999984741211
2021-03-11,56.849998474121094
2021-03-12,57.56999969482422
2021-03-15,56.540000915527344
2021-03-16,56.11000061035156
2021-03-17,57.13999938964844
2021-03-18,58.189998626708984
2021-03-19,59.06999969482422
2021-03-22,58.06999969482422
2021-03-23,56.66999816894531
2021-03-24,56.060001373291016
2021-03-25,57.189998626708984
2021-03-26,59.040000915527344
2021-03-29,58.79999923706055
2021-03-30,59.29999923706055
2021-03-31,58.9900016784668
2021-04-01,58.970001220703125
2021-04-05,59.439998626708984
2021-04-06,59.40999984741211
2021-04-07,58.61000061035156
2021-04-08,59.68000030517578
2021-04-09,57.63999938964844
2021-04-12,57.91999816894531
2021-04-13,57.150001525878906
2021-04-14,57.7400016784668
2021-04-15,57.81999969482422
2021-04-16,58.290000915527344
2021-04-19,57.459999084472656
2021-04-20,56.529998779296875
2021-04-21,57.689998626708984
2021-04-22,57.41999816894531
2021-04-23,58.09000015258789
2021-04-26,57.84000015258789
2021-04-27,57.029998779296875
2021-04-28,56.779998779296875
2021-04-29,56.720001220703125
2021-04-30,56.22999954223633
2021-05-03,57.38999938964844
2021-05-04,57.33000183105469
2021-05-05,57.630001068115234
2021-05-06,58.59000015258789
2021-05-07,58.7599983215332
2021-05-10,59.27000045776367
2021-05-11,59.25
2021-05-12,58.25
2021-05-13,59.459999084472656
2021-05-14,59.86000061035156
2021-05-17,60.040000915527344
2021-05-18,59.779998779296875
2021-05-19,59.599998474121094
2021-05-20,59.81999969482422
2021-05-21,60.31999969482422
2021-05-24,60.209999084472656
2021-05-25,59.060001373291016
2021-05-26,59.61000061035156
2021-05-27,57.40999984741211
2021-05-28,56.040000915527344
2021-06-01,58.630001068115234
2021-06-02,57.459999084472656
2021-06-03,58.09000015258789
2021-06-04,57.77000045776367
2021-06-07,57.95000076293945
2021-06-08,56.970001220703125
2021-06-09,57.040000915527344
2021-06-10,57.06999969482422
2021-06-11,56.90999984741211
2021-06-14,57.060001373291016
2021-06-15,56.880001068115234
2021-06-16,57.220001220703125
2021-06-17,55.68000030517578
2021-06-18,53.88999938964844
2021-06-21,54.33000183105469
2021-06-22,54.56999969482422
2021-06-23,54.54999923706055
2021-06-24,55.939998626708984
2021-06-25,56.08000183105469
2021-06-28,56.58000183105469
2021-06-29,56.38999938964844
2021-06-30,56.970001220703125
2021-07-01,57.25
2021-07-02,57.130001068115234
2021-07-06,56.439998626708984
2021-07-07,55.720001220703125
2021-07-08,55.560001373291016
2021-07-09,54.630001068115234
2021-07-12,54.88999938964844
2021-07-13,53.58000183105469
2021-07-14,53.939998626708984
2021-07-15,54.13999938964844
2021-07-16,52.95000076293945
2021-07-19,51.38999938964844
2021-07-20,51.650001525878906
2021-07-21,51.81999969482422
2021-07-22,50.72999954223633
2021-07-23,51.0099983215332
2021-07-26,51.52000045776367
2021-07-27,51.25
2021-07-28,51.849998474121094
2021-07-29,52.150001525878906
2021-07-30,52.15999984741211
2021-08-02,51.4900016784668
2021-08-03,51.959999084472656
2021-08-04,51.13999938964844
2021-08-05,49.93000030517578
2021-08-06,50.91999816894531
2021-08-09,50.599998474121094
2021-08-10,50.529998779296875
2021-08-11,50.63999938964844
2021-08-12,49.52000045776367
2021-08-13,49.13999938964844
2021-08-16,50.15999984741211
2021-08-17,50.2599983215332
2021-08-18,49.209999084472656
2021-08-19,48.310001373291016
2021-08-20,48.650001525878906
2021-08-23,49.13999938964844
2021-08-24,49.040000915527344
2021-08-25,49.540000915527344
2021-08-26,49.119998931884766
2021-08-27,50.08000183105469
2021-08-30,49.91999816894531
2021-08-31,50.599998474121094
2021-09-01,50.349998474121094
2021-09-02,50.70000076293945
2021-09-03,50.95000076293945
2021-09-07,51.060001373291016
2021-09-08,50.5
2021-09-09,49.31999969482422
2021-09-10,49.040000915527344
2021-09-13,48.779998779296875
2021-09-14,48.36000061035156
2021-09-15,48.939998626708984
2021-09-16,48.29999923706055
2021-09-17,47.91999816894531
2021-09-20,47.4900016784668
2021-09-21,47.279998779296875
2021-09-22,47.36000061035156
2021-09-23,47.79999923706055
2021-09-24,47.59000015258789
2021-09-27,48.59000015258789
2021-09-28,48.349998474121094
2021-09-29,49.13999938964844
2021-09-30,48.33000183105469
2021-10-01,49.0099983215332
2021-10-04,50.18000030517578
2021-10-05,50.52000045776367
2021-10-06,50.61000061035156
2021-10-07,49.29999923706055
2021-10-08,49.2599983215332
2021-10-11,48.93000030517578
2021-10-12,49.220001220703125
2021-10-13,49.400001525878906
2021-10-14,49.349998474121094
2021-10-15,49.220001220703125
2021-10-18,48.529998779296875
2021-10-19,48.470001220703125
2021-10-20,48.869998931884766
2021-10-21,48.5099983215332
2021-10-22,48.70000076293945
2021-10-25,48.93000030517578
2021-10-26,48.41999816894531
2021-10-27,47.369998931884766
2021-10-28,47.58000183105469
2021-10-29,47.0
2021-11-01,47.90999984741211
2021-11-02,48.029998779296875
2021-11-03,48.84000015258789
2021-11-04,49.22999954223633
2021-11-05,50.459999084472656
2021-11-08,49.41999816894531
2021-11-09,49.38999938964844
2021-11-10,49.66999816894531
2021-11-11,49.36000061035156
2021-11-12,49.189998626708984
2021-11-15,49.7400016784668
2021-11-16,48.77000045776367
2021-11-17,49.529998779296875
2021-11-18,48.97999954223633
2021-11-19,48.09000015258789
2021-11-22,48.779998779296875
2021-11-23,48.81999969482422
2021-11-24,48.70000076293945
2021-11-26,47.630001068115234
2021-11-29,46.970001220703125
2021-11-30,46.56999969482422
2021-12-01,46.95000076293945
2021-12-02,47.91999816894531
2021-12-03,48.540000915527344
2021-12-06,49.9900016784668
2021-12-07,49.41999816894531
2021-12-08,49.5099983215332
2021-12-09,49.43000030517578
2021-12-10,50.47999954223633
2021-12-13,50.93000030517578
2021-12-14,51.290000915527344
2021-12-15,53.09000015258789
2021-12-16,52.310001373291016
2021-12-17,52.33000183105469
2021-12-20,53.04999923706055
2021-12-21,53.13999938964844
2021-12-22,53.779998779296875
2021-12-23,53.84000015258789
2021-12-27,54.119998931884766
2021-12-28,54.38999938964844
2021-12-29,54.5
2021-12-30,54.61000061035156
2021-12-31,54.91999816894531
2022-01-03,56.13999938964844
2022-01-04,56.7400016784668
2022-01-05,56.61000061035156
2022-01-06,56.95000076293945
2022-01-07,56.2599983215332
2022-01-10,56.0099983215332
2022-01-11,55.630001068115234
2022-01-12,55.31999969482422
2022-01-13,56.84000015258789
2022-01-14,57.16999816894531
2022-01-18,56.5099983215332
2022-01-19,56.29999923706055
2022-01-20,55.83000183105469
2022-01-21,55.970001220703125
2022-01-24,56.20000076293945
2022-01-25,55.439998626708984
2022-01-26,54.810001373291016
2022-01-27,54.56999969482422
2022-01-28,54.77000045776367
2022-01-31,54.43000030517578
2022-02-01,54.029998779296875
2022-02-02,54.66999816894531
2022-02-03,51.54999923706055
2022-02-04,50.97999954223633
2022-02-07,50.91999816894531
2022-02-08,51.099998474121094
2022-02-09,50.150001525878906
2022-02-10,50.75
2022-02-11,52.599998474121094
2022-02-14,53.290000915527344
2022-02-15,53.380001068115234
2022-02-16,54.36000061035156
2022-02-17,54.529998779296875
2022-02-18,55.02000045776367
2022-02-22,53.77000045776367
2022-02-23,53.58000183105469
2022-02-24,52.540000915527344
2022-02-25,54.18000030517578
2022-02-28,54.11000061035156
2022-03-01,54.27000045776367
2022-03-02,56.04999923706055
2022-03-03,56.7599983215332
2022-03-04,57.31999969482422
2022-03-07,56.54999923706055
2022-03-08,55.54999923706055
2022-03-09,56.290000915527344
2022-03-10,55.83000183105469
2022-03-11,54.79999923706055
2022-03-14,54.630001068115234
2022-03-15,55.150001525878906
2022-03-16,54.97999954223633
2022-03-17,55.369998931884766
2022-03-18,55.380001068115234
2022-03-21,55.70000076293945
2022-03-22,56.0099983215332
2022-03-23,55.939998626708984
2022-03-24,56.25
2022-03-25,57.56999969482422
2022-03-28,57.11000061035156
2022-03-29,56.93000030517578
2022-03-30,56.59000015258789
2022-03-31,58.06999969482422
2022-04-01,58.97999954223633
2022-04-04,58.7599983215332
2022-04-05,58.150001525878906
2022-04-06,59.209999084472656
2022-04-07,60.2400016784668
2022-04-08,57.720001220703125
2022-04-11,57.7599983215332
2022-04-12,58.40999984741211
2022-04-13,58.52000045776367
2022-04-14,58.97999954223633
2022-04-18,58.84000015258789
2022-04-19,59.41999816894531
2022-04-20,60.380001068115234
2022-04-21,60.59000015258789
2022-04-22,59.70000076293945
2022-04-25,58.70000076293945
2022-04-26,57.72999954223633
2022-04-27,58.08000183105469
2022-04-28,58.7599983215332
2022-04-29,57.849998474121094
2022-05-02,56.93000030517578
2022-05-03,57.650001525878906
2022-05-04,58.36000061035156
2022-05-05,57.79999923706055
2022-05-06,57.529998779296875
2022-05-09,58.08000183105469
2022-05-10,57.7599983215332
2022-05-11,58.810001373291016
2022-05-12,59.060001373291016
2022-05-13,60.15999984741211
2022-05-16,61.400001525878906
2022-05-17,62.13999938964844
2022-05-18,62.66999816894531
2022-05-19,60.060001373291016
2022-05-20,59.59000015258789
2022-05-23,60.220001220703125
2022-05-24,61.77000045776367
2022-05-25,63.0099983215332
2022-05-26,62.7599983215332
2022-05-27,63.470001220703125
2022-05-31,63.68000030517578
2022-06-01,63.72999954223633
2022-06-02,63.689998626708984
2022-06-03,62.7599983215332
2022-06-06,62.790000915527344
2022-06-07,63.27000045776367
2022-06-08,61.47999954223633
2022-06-09,60.290000915527344
2022-06-10,59.650001525878906
2022-06-13,56.84000015258789
2022-06-14,56.810001373291016
2022-06-15,56.720001220703125
2022-06-16,55.84000015258789
2022-06-17,57.27000045776367
2022-06-21,58.400001525878906
2022-06-22,57.959999084472656
2022-06-23,58.36000061035156
2022-06-24,59.470001220703125
2022-06-27,61.0
2022-06-28,60.880001068115234
2022-06-29,60.61000061035156
2022-06-30,60.5
2022-07-01,60.810001373291016
2022-07-05,60.349998474121094
2022-07-06,59.470001220703125
2022-07-07,59.209999084472656
2022-07-08,53.060001373291016
2022-07-11,53.939998626708984
2022-07-12,54.56999969482422
2022-07-13,53.5
2022-07-14,53.619998931884766
2022-07-15,54.029998779296875
2022-07-18,54.130001068115234
2022-07-19,54.95000076293945
2022-07-20,54.7400016784668
2022-07-21,55.060001373291016
2022-07-22,55.33000183105469
2022-07-25,55.58000183105469
2022-07-26,56.189998626708984
2022-07-27,56.0099983215332
2022-07-28,56.04999923706055
2022-07-29,55.90999984741211
2022-08-01,56.209999084472656
2022-08-02,55.09000015258789
2022-08-03,54.189998626708984
2022-08-04,51.720001220703125
2022-08-05,52.060001373291016
2022-08-08,51.790000915527344
2022-08-09,51.34000015258789
2022-08-10,51.529998779296875
2022-08-11,52.52000045776367
2022-08-12,53.15999984741211
2022-08-15,53.150001525878906
2022-08-16,53.33000183105469
2022-08-17,53.0099983215332
2022-08-18,52.900001525878906
2022-08-19,52.779998779296875
2022-08-22,52.689998626708984
2022-08-23,52.16999816894531
2022-08-24,51.7599983215332
2022-08-25,52.63999938964844
2022-08-26,51.79999923706055
2022-08-29,51.7599983215332
2022-08-30,51.20000076293945
2022-08-31,51.040000915527344
2022-09-01,50.84000015258789
2022-09-02,50.33000183105469
2022-09-06,49.27000045776367
2022-09-07,49.380001068115234
2022-09-08,49.18000030517578
2022-09-09,49.97999954223633
2022-09-12,50.9900016784668
2022-09-13,49.0
2022-09-14,49.599998474121094
2022-09-15,49.22999954223633
2022-09-16,49.5
2022-09-19,49.68000030517578
2022-09-20,49.38999938964844
2022-09-21,49.16999816894531
2022-09-22,48.959999084472656
2022-09-23,47.16999816894531
2022-09-26,46.61000061035156
2022-09-27,46.380001068115234
2022-09-28,46.79999923706055
2022-09-29,46.970001220703125
2022-09-30,46.040000915527344
2022-10-03,46.75
2022-10-04,47.68000030517578
2022-10-05,47.029998779296875
2022-10-06,44.599998474121094
2022-10-07,44.02000045776367
2022-10-10,44.40999984741211
2022-10-11,44.70000076293945
2022-10-12,45.2599983215332
2022-10-13,46.77000045776367
2022-10-14,46.540000915527344
2022-10-17,47.2400016784668
2022-10-18,46.959999084472656
2022-10-19,46.970001220703125
2022-10-20,46.380001068115234
2022-10-21,46.5
2022-10-24,47.54999923706055
2022-10-25,48.31999969482422
2022-10-26,48.540000915527344
2022-10-27,48.900001525878906
2022-10-28,50.45000076293945
2022-10-31,50.61000061035156
2022-11-01,50.599998474121094
2022-11-02,49.56999969482422
2022-11-03,49.380001068115234
2022-11-04,54.119998931884766
2022-11-07,54.59000015258789
2022-11-08,54.68000030517578
2022-11-09,54.13999938964844
2022-11-10,55.279998779296875
2022-11-11,55.720001220703125
2022-11-14,55.09000015258789
2022-11-15,55.59000015258789
2022-11-16,56.09000015258789
2022-11-17,55.650001525878906
2022-11-18,56.08000183105469
2022-11-21,56.599998474121094
2022-11-22,57.06999969482422
2022-11-23,57.189998626708984
2022-11-25,57.220001220703125
2022-11-28,56.41999816894531
2022-11-29,55.9900016784668
2022-11-30,56.90999984741211
2022-12-01,57.20000076293945
2022-12-02,57.38999938964844
2022-12-05,56.220001220703125
2022-12-06,55.5099983215332
2022-12-07,55.11000061035156
2022-12-08,55.13999938964844
2022-12-09,54.900001525878906
2022-12-12,54.189998626708984
2022-12-13,53.91999816894531
2022-12-14,53.36000061035156
2022-12-15,52.869998931884766
2022-12-16,52.619998931884766
2022-12-19,53.15999984741211
2022-12-20,53.18000030517578
2022-12-21,53.11000061035156
2022-12-22,53.040000915527344
2022-12-23,53.81999969482422
2022-12-27,53.939998626708984
2022-12-28,52.709999084472656
2022-12-29,52.790000915527344
2022-12-30,52.810001373291016
2023-01-03,53.18000030517578
2023-01-04,53.47999954223633
2023-01-05,53.08000183105469
2023-01-06,53.08000183105469
2023-01-09,51.4900016784668
2023-01-10,52.45000076293945
2023-01-11,52.5
2023-01-12,53.18000030517578
2023-01-13,54.150001525878906
2023-01-17,54.09000015258789
2023-01-18,53.529998779296875
2023-01-19,53.88999938964844
2023-01-20,54.400001525878906
2023-01-23,53.470001220703125
2023-01-24,53.099998474121094
2023-01-25,53.18000030517578
2023-01-26,52.79999923706055
2023-01-27,52.45000076293945
2023-01-30,52.7400016784668
2023-01-31,54.369998931884766
2023-02-01,55.2400016784668
2023-02-02,55.16999816894531
2023-02-03,55.15999984741211
2023-02-06,54.470001220703125
2023-02-07,53.33000183105469
2023-02-08,52.36000061035156
2023-02-09,53.13999938964844
2023-02-10,53.45000076293945
2023-02-13,53.88999938964844
2023-02-14,52.70000076293945
2023-02-15,53.470001220703125
2023-02-16,53.150001525878906
2023-02-17,53.29999923706055
2023-02-21,52.5
2023-02-22,52.02000045776367
2023-02-23,52.0099983215332
2023-02-24,51.189998626708984
2023-02-27,50.900001525878906
2023-02-28,50.59000015258789
2023-03-01,51.130001068115234
2023-03-02,51.43000030517578
2023-03-03,51.38999938964844
2023-03-06,51.20000076293945
2023-03-07,50.709999084472656
2023-03-08,50.93000030517578
2023-03-09,50.650001525878906
2023-03-10,50.09000015258789
2023-03-13,50.97999954223633
2023-03-14,51.68000030517578
2023-03-15,51.66999816894531
2023-03-16,51.66999816894531
2023-03-17,50.58000183105469
2023-03-20,51.529998779296875
2023-03-21,51.97999954223633
2023-03-22,51.349998474121094
2023-03-23,50.41999816894531
2023-03-24,51.27000045776367
2023-03-27,51.68000030517578
2023-03-28,52.099998474121094
2023-03-29,52.04999923706055
2023-03-30,52.369998931884766
2023-03-31,52.88999938964844
2023-04-03,53.400001525878906
2023-04-04,52.970001220703125
2023-04-05,52.939998626708984
2023-04-06,51.86000061035156
2023-04-10,52.5
2023-04-11,53.040000915527344
2023-04-12,53.18000030517578
2023-04-13,53.40999984741211
2023-04-14,53.91999816894531
2023-04-17,54.29999923706055
2023-04-18,54.63999938964844
2023-04-19,54.599998474121094
2023-04-20,54.02000045776367
2023-04-21,53.7599983215332
2023-04-24,53.810001373291016
2023-04-25,53.7599983215332
2023-04-26,53.33000183105469
2023-04-27,54.38999938964844
2023-04-28,54.88999938964844
2023-05-01,54.52000045776367
2023-05-02,54.13999938964844
2023-05-03,53.459999084472656
2023-05-04,53.119998931884766
2023-05-05,54.0
2023-05-08,53.43000030517578
2023-05-09,53.45000076293945
2023-05-10,53.619998931884766
2023-05-11,52.4900016784668
2023-05-12,52.22999954223633
2023-05-15,52.36000061035156
2023-05-16,52.150001525878906
2023-05-17,52.54999923706055
2023-05-18,52.650001525878906
2023-05-19,53.0
2023-05-22,53.400001525878906
2023-05-23,53.91999816894531
2023-05-24,53.650001525878906
2023-05-25,53.66999816894531
2023-05-26,53.189998626708984
2023-05-30,52.04999923706055
2023-05-31,51.54999923706055
2023-06-01,52.02000045776367
2023-06-02,53.16999816894531
2023-06-05,51.869998931884766
2023-06-06,52.279998779296875
2023-06-07,53.18000030517578
2023-06-08,52.619998931884766
2023-06-09,51.119998931884766
2023-06-12,50.56999969482422
2023-06-13,50.47999954223633
2023-06-14,50.41999816894531
2023-06-15,50.709999084472656
2023-06-16,50.619998931884766
2023-06-20,50.38999938964844
2023-06-21,51.2400016784668
2023-06-22,50.38999938964844
2023-06-23,50.38999938964844
2023-06-26,50.5099983215332
2023-06-27,50.29999923706055
2023-06-28,49.779998779296875
2023-06-29,50.130001068115234
2023-06-30,49.939998626708984
2023-07-03,50.58000183105469
2023-07-05,50.52000045776367
2023-07-06,50.529998779296875
2023-07-07,49.41999816894531
2023-07-10,49.790000915527344
2023-07-11,49.79999923706055
2023-07-12,49.93000030517578
2023-07-13,50.04999923706055
2023-07-14,49.58000183105469
2023-07-17,49.279998779296875
2023-07-18,48.810001373291016
2023-07-19,48.970001220703125
2023-07-20,49.13999938964844
2023-07-21,48.56999969482422
2023-07-24,48.41999816894531
2023-07-25,48.4900016784668
2023-07-26,48.959999084472656
2023-07-27,49.0
2023-07-28,49.459999084472656
2023-07-31,50.56999969482422
2023-08-01,50.380001068115234
2023-08-02,50.5099983215332
2023-08-03,49.630001068115234
2023-08-04,49.09000015258789
2023-08-07,49.150001525878906
2023-08-08,48.59000015258789
2023-08-09,48.31999969482422
2023-08-10,47.5
2023-08-11,47.209999084472656
2023-08-14,47.439998626708984
2023-08-15,47.470001220703125
2023-08-16,47.15999984741211
2023-08-17,47.7599983215332
2023-08-18,48.029998779296875
2023-08-21,47.2400016784668
2023-08-22,47.33000183105469
2023-08-23,47.93000030517578
2023-08-24,47.7599983215332
2023-08-25,47.65999984741211
2023-08-28,47.66999816894531
2023-08-29,48.15999984741211
2023-08-30,48.31999969482422
2023-08-31,47.619998931884766
2023-09-01,47.439998626708984
2023-09-05,45.869998931884766
2023-09-06,46.34000015258789
2023-09-07,46.5
2023-09-08,46.68000030517578
2023-09-11,47.060001373291016
2023-09-12,46.95000076293945
2023-09-13,46.79999923706055
2023-09-14,47.75
2023-09-15,47.7599983215332
2023-09-18,47.439998626708984
2023-09-19,48.02000045776367
2023-09-20,48.119998931884766
2023-09-21,48.29999923706055
2023-09-22,47.869998931884766
2023-09-25,47.810001373291016
2023-09-26,46.83000183105469
2023-09-27,46.849998474121094
2023-09-28,47.400001525878906
2023-09-29,47.209999084472656
2023-10-02,46.959999084472656
2023-10-03,46.79999923706055
2023-10-04,47.0099983215332
2023-10-05,46.43000030517578
2023-10-06,46.529998779296875
2023-10-09,47.130001068115234
2023-10-10,47.43000030517578
2023-10-11,47.369998931884766
2023-10-12,46.369998931884766
2023-10-13,45.689998626708984
2023-10-16,46.040000915527344
2023-10-17,46.5099983215332
2023-10-18,46.560001373291016
2023-10-19,46.06999969482422
2023-10-20,46.040000915527344
2023-10-23,44.970001220703125
2023-10-24,44.86000061035156
2023-10-25,45.400001525878906
2023-10-26,45.0
2023-10-27,44.52000045776367
2023-10-30,44.95000076293945
2023-10-31,45.0
2023-11-01,44.540000915527344
2023-11-02,45.439998626708984
2023-11-03,50.61000061035156
2023-11-06,51.41999816894531
2023-11-07,52.45000076293945
2023-11-08,51.900001525878906
2023-11-09,51.5
2023-11-10,51.20000076293945
2023-11-13,52.22999954223633
2023-11-14,53.09000015258789
2023-11-15,53.810001373291016
2023-11-16,53.40999984741211
2023-11-17,53.79999923706055
2023-11-20,53.970001220703125
2023-11-21,54.220001220703125
2023-11-22,55.20000076293945
2023-11-24,54.970001220703125
2023-11-27,55.68000030517578
2023-11-28,55.5
2023-11-29,55.47999954223633
2023-11-30,56.2599983215332
2023-12-01,57.54999923706055
2023-12-04,59.33000183105469
2023-12-05,60.38999938964844
2023-12-06,59.0
2023-12-07,60.220001220703125
2023-12-08,60.16999816894531
2023-12-11,60.11000061035156
2023-12-12,60.31999969482422
2023-12-13,61.709999084472656
2023-12-14,63.41999816894531
2023-12-15,63.31999969482422
2023-12-18,62.13999938964844
2023-12-19,64.12000274658203
2023-12-20,64.16000366210938
2023-12-21,64.69999694824219
2023-12-22,65.12000274658203
2023-12-26,66.38999938964844
2023-12-27,66.94999694824219
2023-12-28,67.27999877929688
2023-12-29,67.31999969482422
2024-01-02,67.18000030517578
2024-01-03,65.26000213623047
2024-01-04,65.22000122070312
2024-01-05,62.7599983215332
2024-01-08,61.84000015258789
2024-01-09,60.93000030517578
2024-01-10,60.75
2024-01-11,60.86000061035156
2024-01-12,60.31999969482422
2024-01-16,58.88999938964844
2024-01-17,58.59000015258789
2024-01-18,58.38999938964844
2024-01-19,58.599998474121094
2024-01-22,59.47999954223633
2024-01-23,58.81999969482422
2024-01-24,58.63999938964844
2024-01-25,58.720001220703125
2024-01-26,58.43000030517578
2024-01-29,58.13999938964844
2024-01-30,58.70000076293945
2024-01-31,57.95000076293945
2024-02-01,59.779998779296875
2024-02-02,59.04999923706055
2024-02-05,58.04999923706055
2024-02-06,58.02000045776367
2024-02-07,56.97999954223633
2024-02-08,53.58000183105469
2024-02-09,51.970001220703125
2024-02-12,52.61000061035156
2024-02-13,50.58000183105469
2024-02-14,50.20000076293945
2024-02-15,50.959999084472656
2024-02-16,49.72999954223633
2024-02-20,49.349998474121094
2024-02-21,49.7599983215332
2024-02-22,49.2599983215332
2024-02-23,49.369998931884766
2024-02-26,49.16999816894531
2024-02-27,48.33000183105469
2024-02-28,47.7400016784668
2024-02-29,48.0099983215332
2024-03-01,48.209999084472656
2024-03-04,48.0099983215332
2024-03-05,48.65999984741211
2024-03-06,49.709999084472656
2024-03-07,50.06999969482422
2024-03-08,50.650001525878906
2024-03-11,50.25
2024-03-12,50.58000183105469
2024-03-13,50.869998931884766
2024-03-14,50.02000045776367
2024-03-15,50.88999938964844
2024-03-18,51.099998474121094
2024-03-19,50.970001220703125
2024-03-20,51.29999923706055
2024-03-21,51.849998474121094
2024-03-22,50.59000015258789
2024-03-25,50.09000015258789
2024-03-26,50.290000915527344
2024-03-27,51.459999084472656
2024-03-28,51.720001220703125
2024-04-01,51.0099983215332
2024-04-02,50.72999954223633
2024-04-03,50.310001373291016
2024-04-04,50.150001525878906
2024-04-05,47.91999816894531
2024-04-08,50.619998931884766
2024-04-09,50.369998931884766
2024-04-10,48.59000015258789
2024-04-11,49.04999923706055
2024-04-12,48.54999923706055
2024-04-15,49.439998626708984
2024-04-16,49.540000915527344
2024-04-17,49.36000061035156
2024-04-18,50.5
2024-04-19,51.459999084472656
2024-04-22,50.689998626708984
2024-04-23,51.869998931884766
2024-04-24,51.90999984741211
2024-04-25,51.25
2024-04-26,50.79999923706055
2024-04-29,51.58000183105469
2024-04-30,51.43000030517578
2024-05-01,52.20000076293945
2024-05-02,52.84000015258789
2024-05-03,53.38999938964844
2024-05-06,53.209999084472656
2024-05-07,52.970001220703125
2024-05-08,53.5
2024-05-09,54.0
2024-05-10,54.02000045776367
2024-05-13,53.709999084472656
2024-05-14,54.029998779296875
2024-05-15,53.56999969482422
2024-05-16,54.33000183105469
2024-05-17,54.06999969482422
2024-05-20,53.290000915527344
2024-05-21,53.0099983215332
2024-05-22,53.279998779296875
2024-05-23,46.52000045776367
2024-05-24,46.0
2024-05-28,46.959999084472656
2024-05-29,46.84000015258789
2024-05-30,47.29999923706055
2024-05-31,47.959999084472656
2024-06-03,47.369998931884766
2024-06-04,47.099998474121094
2024-06-05,47.2599983215332
2024-06-06,47.08000183105469
2024-06-07,47.099998474121094
2024-06-10,47.13999938964844
2024-06-11,46.97999954223633
2024-06-12,46.97999954223633
2024-06-13,46.61000061035156
2024-06-14,46.439998626708984
2024-06-17,46.90999984741211
2024-06-18,46.7599983215332
2024-06-20,47.310001373291016
2024-06-21,47.810001373291016
2024-06-24,48.11000061035156
2024-06-25,47.720001220703125
2024-06-26,48.040000915527344
2024-06-27,47.630001068115234
2024-06-28,48.189998626708984
2024-07-01,47.63999938964844
2024-07-02,47.849998474121094
2024-07-03,47.52000045776367
2024-07-05,48.0
2024-07-08,46.59000015258789
2024-07-09,46.58000183105469
2024-07-10,47.15999984741211
2024-07-11,48.630001068115234
2024-07-12,49.029998779296875
2024-07-15,48.77000045776367
2024-07-16,49.2599983215332
2024-07-17,51.40999984741211
2024-07-18,50.9900016784668
2024-07-19,50.86000061035156
2024-07-22,51.400001525878906
2024-07-23,51.81999969482422
2024-07-24,52.560001373291016
2024-07-25,53.4900016784668
2024-07-26,54.29999923706055
2024-07-29,53.33000183105469
2024-07-30,53.47999954223633
2024-07-31,53.41999816894531
2024-08-01,52.029998779296875
2024-08-02,52.099998474121094
2024-08-05,49.689998626708984
2024-08-06,49.619998931884766
2024-08-07,49.70000076293945
2024-08-08,52.220001220703125
2024-08-09,52.189998626708984
2024-08-12,51.279998779296875
2024-08-13,52.36000061035156
2024-08-14,51.939998626708984
2024-08-15,52.720001220703125
2024-08-16,53.22999954223633
2024-08-19,53.27000045776367
2024-08-20,52.5
2024-08-21,52.810001373291016
2024-08-22,52.83000183105469
2024-08-23,53.91999816894531
2024-08-26,54.349998474121094
2024-08-27,54.45000076293945
2024-08-28,54.45000076293945
2024-08-29,54.849998474121094
2024-08-30,54.29999923706055
2024-09-03,53.61000061035156
2024-09-04,53.2599983215332
2024-09-05,53.58000183105469
2024-09-06,52.25
2024-09-09,51.599998474121094
2024-09-10,51.279998779296875
2024-09-11,51.02000045776367
2024-09-12,50.959999084472656
2024-09-13,52.45000076293945
2024-09-16,51.720001220703125
2024-09-17,51.68000030517578
2024-09-18,52.09000015258789
2024-09-19,52.900001525878906
2024-09-20,52.27000045776367
2024-09-23,52.56999969482422
2024-09-24,52.439998626708984
2024-09-25,51.83000183105469
2024-09-26,53.119998931884766
2024-09-27,53.38999938964844
2024-09-30,53.11000061035156
2024-10-01,52.83000183105469
2024-10-02,52.2599983215332
2024-10-03,51.70000076293945
2024-10-04,52.5
2024-10-07,51.970001220703125
2024-10-08,51.7400016784668
2024-10-09,51.630001068115234
2024-10-10,51.439998626708984
2024-10-11,50.599998474121094
2024-10-14,49.9900016784668
2024-10-15,50.099998474121094
2024-10-16,51.02000045776367
2024-10-17,51.36000061035156
2024-10-18,50.380001068115234
2024-10-21,49.66999816894531
2024-10-22,50.880001068115234
2024-10-23,50.290000915527344
2024-10-24,50.209999084472656
2024-10-25,49.900001525878906
2024-10-28,50.04999923706055
2024-10-29,49.790000915527344
2024-10-30,50.900001525878906
2024-10-31,50.91999816894531
2024-11-01,51.09000015258789
2024-11-04,51.349998474121094
2024-11-05,52.2599983215332
2024-11-06,53.650001525878906
2024-11-07,52.04999923706055
2024-11-08,53.08000183105469
2024-11-11,53.560001373291016
2024-11-12,52.88999938964844
2024-11-13,53.630001068115234
2024-11-14,53.310001373291016
2024-11-15,54.45000076293945
2024-11-18,55.34000015258789
2024-11-19,54.90999984741211
2024-11-20,54.88999938964844
2024-11-21,55.68000030517578
2024-11-22,57.09000015258789
2024-11-25,57.9900016784668
2024-11-26,56.59000015258789
2024-11-27,56.63999938964844
2024-11-29,57.119998931884766
2024-12-02,57.18000030517578
2024-12-03,55.939998626708984
2024-12-04,56.31999969482422
2024-12-05,56.86000061035156
2024-12-06,56.36000061035156
2024-12-09,56.540000915527344
2024-12-10,56.75
2024-12-11,56.290000915527344
2024-12-12,56.41999816894531
2024-12-13,56.47999954223633
2024-12-16,57.27000045776367
2024-12-17,56.349998474121094
2024-12-18,54.9900016784668
2024-12-19,54.45000076293945
2024-12-20,54.630001068115234
2024-12-23,54.43000030517578
2024-12-24,54.79999923706055
2024-12-26,54.83000183105469
2024-12-27,54.34000015258789
2024-12-30,54.36000061035156
2024-12-31,54.84000015258789
2025-01-02,54.70000076293945
2025-01-03,54.66999816894531
2025-01-06,52.709999084472656
2025-01-07,52.36000061035156
2025-01-08,51.93000030517578
2025-01-10,50.310001373291016
2025-01-13,49.66999816894531
2025-01-14,50.369998931884766
2025-01-15,50.349998474121094
2025-01-16,50.599998474121094
2025-01-17,51.029998779296875
2025-01-21,51.70000076293945
2025-01-22,50.290000915527344
2025-01-23,50.7400016784668
2025-01-24,50.709999084472656
2025-01-27,53.95000076293945
2025-01-28,54.0
2025-01-29,53.529998779296875
2025-01-30,53.52000045776367
2025-01-31,53.119998931884766
2025-02-03,52.65999984741211
2025-02-04,52.400001525878906
2025-02-05,52.400001525878906
2025-02-06,52.689998626708984
2025-02-07,52.65999984741211
2025-02-10,53.2599983215332
2025-02-11,53.97999954223633
2025-02-12,53.599998474121094
2025-02-13,53.65999984741211
2025-02-14,52.869998931884766
2025-02-18,52.72999954223633
2025-02-19,53.209999084472656
2025-02-20,53.099998474121094
2025-02-21,53.2599983215332
2025-02-24,53.119998931884766
2025-02-25,53.779998779296875
2025-02-26,53.45000076293945
2025-02-27,52.970001220703125
2025-02-28,53.61000061035156
2025-03-03,53.9900016784668
2025-03-04,53.86000061035156
2025-03-05,53.099998474121094
2025-03-06,53.7599983215332
2025-03-07,54.83000183105469
2025-03-10,54.34000015258789
2025-03-11,54.25
2025-03-12,53.560001373291016
2025-03-13,54.70000076293945
2025-03-14,55.349998474121094
2025-03-17,55.72999954223633
2025-03-18,55.79999923706055
2025-03-19,55.689998626708984
2025-03-20,55.130001068115234
2025-03-21,54.11000061035156
2025-03-24,54.33000183105469
2025-03-25,53.7599983215332
2025-03-26,54.38999938964844
2025-03-27,56.43000030517578
2025-03-28,56.040000915527344
2025-03-31,56.04999923706055
2025-04-01,56.029998779296875
2025-04-02,55.63999938964844
2025-04-03,55.63999938964844
2025-04-04,54.0099983215332
2025-04-07,52.77000045776367
2025-04-08,52.27000045776367
2025-04-09,53.09000015258789
2025-04-10,52.529998779296875
2025-04-11,52.72999954223633
2025-04-14,51.5099983215332
2025-04-15,51.06999969482422
2025-04-16,50.84000015258789
2025-04-17,51.65999984741211
2025-04-21,51.779998779296875
2025-04-22,54.130001068115234
2025-04-23,54.130001068115234
2025-04-24,57.68000030517578
2025-04-25,57.869998931884766
2025-04-28,57.56999969482422
2025-04-29,58.220001220703125
2025-04-30,58.27000045776367
2025-05-01,58.220001220703125
2025-05-02,58.439998626708984
2025-05-05,58.689998626708984
2025-05-06,58.75
2025-05-07,58.9900016784668
2025-05-08,58.439998626708984
2025-05-09,58.040000915527344
2025-05-12,56.75
2025-05-13,56.189998626708984
2025-05-14,55.25
2025-05-15,56.38999938964844
2025-05-16,57.13999938964844
2025-05-19,58.0
2025-05-20,58.61000061035156
2025-05-21,58.18000030517578
2025-05-22,58.599998474121094
2025-05-23,59.310001373291016
2025-05-27,59.779998779296875
2025-05-28,59.349998474121094
2025-05-29,59.380001068115234
2025-05-30,65.38999938964844
2025-06-02,65.30000305175781
2025-06-03,62.290000915527344
2025-06-04,60.439998626708984
2025-06-05,60.540000915527344
2025-06-06,60.599998474121094
2025-06-09,60.88999938964844
2025-06-10,60.4900016784668
2025-06-11,61.13999938964844
2025-06-12,61.040000915527344
2025-06-13,60.33000183105469
2025-06-16,59.97999954223633
2025-06-17,59.15999984741211
2025-06-18,59.02000045776367
2025-06-20,58.290000915527344
2025-06-23,59.529998779296875
2025-06-24,59.5099983215332
2025-06-25,58.45000076293945
2025-06-26,59.52000045776367
2025-06-27,58.63999938964844
2025-06-30,58.2400016784668
2025-07-01,57.47999954223633
2025-07-02,58.2400016784668
2025-07-03,58.83000183105469
2025-07-07,57.900001525878906
2025-07-08,57.54999923706055
2025-07-09,57.77000045776367
2025-07-10,58.5
2025-07-11,58.40999984741211
2025-07-14,55.0099983215332
2025-07-15,54.84000015258789
2025-07-16,55.88999938964844
2025-07-17,55.47999954223633
2025-07-18,54.470001220703125
2025-07-21,54.939998626708984
2025-07-22,54.869998931884766
2025-07-23,55.779998779296875
2025-07-24,54.849998474121094
2025-07-25,54.869998931884766
2025-07-28,54.060001373291016
2025-07-29,54.84000015258789
2025-07-30,54.75
2025-07-31,54.470001220703125
2025-08-01,53.9900016784668
2025-08-04,53.400001525878906
2025-08-05,53.9900016784668
2025-08-06,54.52000045776367
2025-08-07,51.65999984741211
2025-08-08,52.369998931884766
2025-08-11,53.45000076293945
2025-08-12,54.130001068115234
2025-08-13,53.61000061035156
2025-08-14,52.90999984741211
2025-08-15,53.45000076293945
2025-08-18,54.06999969482422
2025-08-19,54.689998626708984
2025-08-20,55.38999938964844
2025-08-21,55.83000183105469
2025-08-22,56.66999816894531
2025-08-25,55.880001068115234
2025-08-26,54.900001525878906
2025-08-27,55.33000183105469
2025-08-28,55.290000915527344
2025-08-29,55.95000076293945
2025-09-02,55.279998779296875
2025-09-03,55.119998931884766
2025-09-04,54.93000030517578
2025-09-05,55.5099983215332
2025-09-08,55.54999923706055
2025-09-09,54.970001220703125
2025-09-10,55.5
2025-09-11,56.13999938964844
2025-09-12,55.45000076293945
2025-09-15,54.91999816894531
2025-09-16,55.439998626708984
2025-09-17,56.36000061035156
2025-09-18,56.2400016784668
2025-09-19,55.2599983215332
2025-09-22,54.599998474121094
2025-09-23,54.869998931884766
2025-09-24,54.84000015258789
2025-09-25,54.93000030517578
2025-09-26,56.290000915527344
2025-09-29,55.130001068115234
2025-09-30,55.869998931884766
2025-10-01,55.779998779296875
2025-10-02,55.880001068115234
2025-10-03,55.439998626708984
2025-10-06,54.970001220703125
2025-10-07,54.529998779296875
2025-10-08,54.43000030517578
2025-10-09,53.59000015258789
2025-10-10,52.7400016784668
2025-10-13,52.54999923706055
2025-10-14,53.279998779296875
2025-10-15,53.2400016784668
2025-10-16,52.810001373291016
2025-10-17,53.66999816894531
2025-10-20,53.349998474121094
2025-10-21,52.95000076293945
2025-10-22,53.54999923706055
2025-10-23,53.52000045776367
2025-10-24,53.400001525878906
2025-10-27,52.08000183105469
2025-10-28,51.5
2025-10-29,51.060001373291016
2025-10-30,50.31999969482422
2025-10-31,50.68000030517578
2025-11-03,50.7599983215332
2025-11-04,51.400001525878906
2025-11-05,52.099998474121094
2025-11-06,54.880001068115234
2025-11-07,53.31999969482422
2025-11-10,52.7599983215332
2025-11-11,53.63999938964844
2025-11-12,53.2400016784668
2025-11-13,52.93000030517578
2025-11-14,52.91999816894531
2025-11-17,52.16999816894531
2025-11-18,52.9900016784668
2025-11-19,52.7400016784668
2025-11-20,52.5099983215332
2025-11-21,53.0
2025-11-24,51.77000045776367
2025-11-25,52.83000183105469
2025-11-26,52.61000061035156
2025-11-28,52.7599983215332
2025-12-01,52.790000915527344
2025-12-02,53.0
2025-12-03,52.7599983215332
2025-12-04,52.25
2025-12-05,52.25
2025-12-08,52.2400016784668
2025-12-09,52.79999923706055
2025-12-10,53.119998931884766
2025-12-11,53.47999954223633
2025-12-12,53.959999084472656
2025-12-15,54.70000076293945
2025-12-16,54.4900016784668
2025-12-17,55.130001068115234
2025-12-18,54.54999923706055
2025-12-19,53.84000015258789
2025-12-22,53.150001525878906
2025-12-23,53.040000915527344
2025-12-24,53.2400016784668
2025-12-26,53.150001525878906
2025-12-29,53.130001068115234
2025-12-30,53.02000045776367
2025-12-31,52.75
