Date,Equal Weight,Max Sharpe,Inverse Volatility,Minimum Variance,Risk Parity,Maximum Diversification,Hierarchical Risk Parity,Eligible Universe Equal Weight,Partitioning Selection,Density Selection,SPY
2016-01-01,-0.005630227055191227,-0.0026410022844367545,-0.006926575866205486,-0.008550266088196978,-0.0072198096034089545,-0.00874237508847453,-0.007796867425148734,-0.011055508562183625,-0.010875611032142962,-0.010875611032142962,-0.008800015698756948
2016-01-08,-0.04742729041499183,-0.02432697430112085,-0.043405626052196666,-0.04239156159984603,-0.04638205133239359,-0.05410597364670933,-0.045088077371723045,-0.046045477218306874,-0.04689045721562102,-0.04689045721562102,-0.05861591764312952
2016-01-15,-0.012496316366525706,-0.025827124705228854,-0.012937598457912869,0.00316371726156639,-0.007653174309499744,0.009249882847498725,-0.0070297415464047885,-0.006282086669372244,-0.00423682061078956,-0.00423682061078956,-0.021415152267032535
2016-01-22,0.027175329819651317,0.030631616205659018,0.02630700874355285,0.01851884997192399,0.023655240747183504,0.015496183317803114,0.024346618413559007,0.019002843201096464,0.01860724975123973,0.01860724975123973,0.01442935165733521
2016-01-29,0.03218766082728752,0.039818330676212765,0.033748022852938764,0.028264852137001473,0.03127829316916664,0.027932150105128617,0.031856705306107624,0.03711884263748377,0.03763192167799545,0.03763192167799545,0.016796317433717494
2016-02-05,-0.04058541077178812,-0.057565742442830636,-0.039075264756148864,-0.034949775207254175,-0.038692502933708406,-0.03649752556742247,-0.03757798363992226,-0.03565201940379259,-0.038943795955601934,-0.038943795955601934,-0.029785785673182984
2016-02-12,-0.012669958760555211,-0.007782050460659384,-0.007772664873853863,0.003317843716130975,-0.007496376617117773,-0.008446129039993422,-0.004597839799326486,0.004458718218545155,0.006099032170488794,0.006099032170489016,-0.0070228710357318905
2016-02-19,0.02969648747579523,0.019306371490620755,0.024718667862392074,0.015842358107091226,0.025856828000782484,0.028664628325701047,0.023631623392370127,0.025481803635734046,0.025852881172683695,0.025852881172683473,0.028773703431406134
2016-02-26,0.0122598984904001,0.046198842204522306,0.010400510326894485,0.015051238332847383,0.01216627331573017,0.015677817642134828,0.014433025353507878,0.017183144422437957,0.02269301386442879,0.02269301386442879,0.016093604460052084
2016-03-04,0.02159173733766595,0.006353080989010218,0.020824063211843047,0.019117022284768304,0.02123232707900935,0.02349979692115456,0.020829484989255853,0.015270971314331971,0.007745848646438791,0.007745848646438791,0.027372215032215753
2016-03-11,0.006929716084131066,-0.0012570584571786059,0.008336303764520103,0.008724562705805905,0.006163351458287503,0.002207602730318614,0.00795559556198322,0.006640994258584998,0.004834345636192117,0.004834345636192117,0.01162482094143779
2016-03-18,0.006964492409187173,0.014119627866618023,0.006954809761834602,0.0027952994428317446,0.005280077386077275,0.0003142649554661592,0.005164061841113066,-0.003411939448318302,-0.005621109048341788,-0.005621109048341788,0.013188696968558159
2016-03-25,0.000755774635717632,-0.0018624775381346215,-0.0018312034168421754,-0.0012770465742248938,0.00036926140656579065,0.005607124403730346,-0.0003174486519407216,-0.0015694138007746883,-0.0025957246288287328,-0.0025957246288287328,-0.006164908618405418
2016-04-01,0.022671292699116607,0.031543091359811815,0.024344552100790784,0.02416780656076334,0.02388147022967213,0.02205057798055754,0.025013198297362926,0.030209770067165742,0.029817765706821264,0.029817765706821264,0.018708118162862487
2016-04-08,-0.005294746364697955,0.00037670100402698026,-0.003291908725437609,-0.00021094215246064696,-0.00482124150014418,-0.009036620776020965,-0.0034945625457106777,-0.01016412226858232,-0.013991526529321341,-0.013991526529321341,-0.011695322219197685
2016-04-15,0.0037690491610669064,-0.011297229268260378,0.0019270191099549638,0.0022510564007069966,0.003048410576364624,0.005191844446388982,0.0027100786597078486,-0.00645128049883803,-0.005603318568531024,-0.005603318568531024,0.0160393081434275
2016-04-22,-0.01768025797592554,-0.014265685965445973,-0.01889770969663973,-0.022743335814871646,-0.01896673291401718,-0.01952538916463309,-0.020099541218418726,-0.023392855775231536,-0.02441538724088954,-0.024415387240889652,0.0057270026202000494
2016-04-29,-0.0057647192789876955,0.010602630070941865,-0.0027586390593833388,-0.005752525694552979,-0.005530356525985436,-0.010439721512011113,-0.00790448892447182,0.006838982865013055,0.009187977404391034,0.009187977404391257,-0.012633301393848323
2016-05-06,0.013209543636404364,0.011665182254525064,0.013261700752790206,0.013363791647223344,0.012767789443255184,0.012680877743529217,0.013523068504715186,0.017603382883636165,0.01796340718924161,0.01796340718924161,-0.0029566266303051925
2016-05-13,0.009807557919240484,0.01605652777776667,0.007182896577510034,0.0004564906452397821,0.007938522013247296,0.008086851524295335,0.005996716959350223,0.009922064565887734,0.01382651749701469,0.01382651749701469,-0.004666607380373191
2016-05-20,-0.013281044806049636,-0.018109101444367948,-0.017243305879941717,-0.023661813366907092,-0.015837687716187432,-0.014941885591098769,-0.01771712282666371,-0.02093432674479656,-0.019647307826399896,-0.019647307826399896,0.0035654132054836127
2016-05-27,0.023590591488355406,0.021413945825452974,0.02271798087380761,0.011262891326128788,0.021034679956913216,0.014620872267428364,0.01975659502392646,0.019249472383129573,0.017701858553005323,0.017701858553005323,0.023115720910685564
2016-06-03,0.0023427419107113767,-0.00021872282842116952,0.002228994376537674,-0.0007491007930451321,0.0013150814058822125,-0.0005460450836084485,0.0006581492839969894,0.0019172033210828054,0.0008236967699519759,0.000823696769952198,0.00018970840063053593
2016-06-10,0.0002775836046657876,0.008092732165140726,-4.4356981412696506e-05,0.0034995898212479837,0.0009095357885291477,0.0017623290780341971,0.0022558446244920205,0.0018080921652494641,-5.357597057997765e-06,-5.357597057997765e-06,-0.0009983705298214022
2016-06-17,-0.015691398235399223,-0.012047804202646395,-0.013248851982262222,-0.00827557552457181,-0.014144085657657346,-0.0144462577284169,-0.012495586303004846,-0.009802424949274857,-0.011994347458161303,-0.011994347458161525,-0.011786871151866326
2016-06-24,-0.01017179553522296,-0.006235504855495733,-0.009786820442241662,-0.01764324214198998,-0.01179842834677236,-0.016525570594443262,-0.012615999238229425,-0.010209578027097321,-0.0085291221026903,-0.008529122102690523,-0.015881882510499625
2016-07-01,0.04083822311004193,0.042268903969999494,0.041999765405603906,0.02883661704212459,0.03850206871687556,0.02643228949046139,0.03711047494744135,0.031170031675432197,0.0324483214211706,0.032448321421171045,0.03286734427662846
2016-07-08,0.016787189048637963,0.016482615767319686,0.013021836572699952,0.012209461289500068,0.014730847060339558,0.017455072626411328,0.014276269617732762,0.018982985502585814,0.01887894982629512,0.01887894982629512,0.013004894328833429
2016-07-15,0.03348996378810121,-0.003610967782233354,0.02119603466438713,0.008171776427364996,0.022906210245915215,0.02333441071737541,0.020353085047865038,0.009935096761122253,0.00861533618918986,0.00861533618918986,0.01495417639445155
2016-07-22,0.008117285635055982,0.029324302642538935,0.010889709580083728,0.028222614764819243,0.014120650170837523,0.025292420677086813,0.01721272502616622,0.019607185574027186,0.02195408309608604,0.02195408309608604,0.006533131229412975
2016-07-29,-0.010822715496279334,-0.004120676938614065,-0.010421060738738941,-0.02998220588987144,-0.013846503432018653,-0.02558718052045894,-0.017905767010543694,-0.012969555673450928,-0.011519237126744852,-0.011519237126744852,-0.0005523075124210998
2016-08-05,-0.002902699472006276,-0.00563660613472472,-0.004342012002661377,-0.0065344203229983355,-0.004794395650625227,-0.005504258160015207,-0.0034931155411920267,-0.0006452227297891744,0.00037432244945190263,0.00037432244945212467,0.004882017430814351
2016-08-12,0.006372371374997465,0.001923841415139238,0.006264419576010205,0.0017184340164446699,0.00502711904958697,0.0016354520799621852,0.00501256828550134,0.0008556968736181947,-0.0011381129892994446,-0.0011381129892996666,0.0012832747266226646
2016-08-19,0.0034714798843860084,0.0023215044518658523,0.0018660645745602888,-0.004540763408200199,0.0020209642605657496,-0.0012845057991603959,-0.00024180899003656275,-0.0056612019934744184,-0.005912470954628435,-0.005912470954628213,0.0003659574461105322
2016-08-26,-0.002383538550024711,0.0010215273064066999,-0.0027756314656691705,0.008328748666275754,0.0012767659017416388,0.011758416591670429,0.00124513968900275,0.004055972948085573,0.006507179617866399,0.006507179617866399,-0.0057197330791229455
2016-09-02,0.013809947259021182,0.01239818394718828,0.012800716357517894,0.009980620362518344,0.01195353834522117,0.00949715345038804,0.012606474667169687,0.008146651119836257,0.006877997108221345,0.006877997108221123,0.004970531958130515
2016-09-09,-0.014389027554049472,-0.020269769340322208,-0.021829294507761166,-0.019443284574396036,-0.017697789888074356,-0.009908915651538841,-0.02061967497212358,-0.031471442522719384,-0.02963120120167706,-0.02963120120167706,-0.023309111780983348
2016-09-16,0.004969628896845268,0.011561695851724396,0.00582050428976677,0.0024378839563243826,0.0044199931060373565,-0.0018033141496140992,0.004815156100621776,0.008245637179987941,0.007814359839176,0.007814359839176,0.005475114049477903
2016-09-23,0.0242578776144462,0.01571835234851293,0.02496125623987222,0.028087571547996015,0.025711570833087727,0.02802229442935289,0.026286008856822418,0.01997921400603797,0.019556282982037487,0.019556282982037487,0.012279324498071434
2016-09-30,-0.00658575982069165,-0.005639996039617179,-0.00619792573969935,-0.0036142987355460843,-0.005388071492643642,-0.00340656034537401,-0.006553254259377361,-0.006832593543124488,-0.009108467610378645,-0.009108467610378645,0.0014355825942726577
2016-10-07,-0.01702877990162488,-0.009773000147189848,-0.018140400168459858,-0.015662568770903773,-0.016920123619395433,-0.015088041761296966,-0.01725076396706615,-0.01442136323130061,-0.011625226459856752,-0.01162522645985653,-0.005825480960416188
2016-10-14,-0.01086706143891436,-0.00930207847145803,-0.008932111333088022,-0.009402788537900997,-0.011049992636157802,-0.014655037231819379,-0.009223213270490693,-0.007309152207801373,-0.011287039150728484,-0.011287039150728706,-0.008928544047409375
2016-10-21,0.010709481557281908,0.028704361211607132,0.010569939720951771,0.021083612514049,0.013574844865620106,0.02068624109195194,0.01445042969500654,0.019923611813535747,0.027060161219322643,0.027060161219322643,0.0040350741770724214
2016-10-28,-0.010442326918676637,-0.00187081239082032,-0.008364203214045296,-0.011123279068663061,-0.010732367980323287,-0.01669406899229753,-0.010458745693267768,-0.00594032918951326,-0.007413547761867978,-0.0074135477618682,-0.006729414900484301
2016-11-04,-0.015844643358103983,-0.024704393974885774,-0.015521505467767871,-0.01107943013330659,-0.013955622225655828,-0.009992052727882617,-0.011821141553231662,-0.013290089051176013,-0.011976155148459622,-0.01197615514845951,-0.01877321987622657
2016-11-11,-0.02468449203235623,-0.037050929901734975,-0.024589473485139957,-0.013295715191320334,-0.022308270206301772,-0.01311774507324548,-0.018715930282730553,-0.015803225142560606,-0.017809339840611282,-0.017809339840611282,0.037737145511863086
2016-11-18,0.01086567039106101,0.008422642881372733,0.00928443333447948,0.013079065130541023,0.010129445342176302,0.015037711049487701,0.012291496103689292,0.010770623146232783,0.012702194385451282,0.012702194385451282,0.009610746603288353
2016-11-25,0.013058928381404433,0.024868848158124512,0.013203589097598112,0.00734617010657157,0.011897291416099298,0.006467054275261397,0.012121853524278414,0.022015974513728942,0.02422466093073261,0.02422466093073261,0.01382156105445917
2016-12-02,-0.022578114317990616,-0.034867104446529296,-0.020683391760395464,-0.016560262174995732,-0.021358008478051582,-0.020335328216451565,-0.019364961969551286,-0.018046357081567987,-0.019027007683719233,-0.019027007683719233,-0.008306343369625173
2016-12-09,0.029624072354739628,0.025808475528947605,0.028816305941049114,0.01547253270936011,0.026279376699315904,0.019974254375749068,0.025783903524099205,0.025805664719833254,0.02370381461508919,0.02370381461508919,0.03109101755821302
2016-12-16,-0.008960158189639356,0.00013657663286759103,-0.00295697185457211,0.007655970397101086,-0.0034612526738930782,-0.0007109586799161072,-0.0011298777101870217,0.006361490553665972,0.006989059618697668,0.006989059618697668,-0.0006342128065663576
2016-12-23,-0.0006215518757378691,-0.0005722897281437156,0.00040191033636660656,0.007494790585750533,0.0022322153974974057,0.008350548414047365,0.0022842123070123677,0.003342923242867002,0.005684111816185222,0.005684111816185222,0.0029771015686807178
2016-12-30,0.002117874823634791,0.001813150322192536,0.000902630787975145,-0.004066169885230231,0.0007407760886501968,-0.0010276353931196747,-0.0005487698104195138,-0.008875455416920253,-0.009776565374976398,-0.009776565374976398,-0.009658262928861043
2017-01-06,0.013560718381960483,-0.003878017117773508,0.012761910176164995,0.01337762901918857,0.014165344888226279,0.01394513110226834,0.012462948290289875,0.019649696883309153,0.01776684044182792,0.01672078784623624,0.016463385826896517
2017-01-13,0.003948764509278169,0.007356115285950704,0.002738236572100261,8.297081126595884e-05,0.0034712415057496226,0.001826703612321845,0.0025363228193218124,0.003431581734327116,0.003939260688912594,0.004206721967381144,-0.0007043549599627532
2017-01-20,0.007992181188204439,0.02408380315299241,0.01032413841744928,0.012644708528593007,0.00872364675574766,0.007584922056423027,0.012104427001252693,0.012914664977228263,0.019698155612408286,0.01916178912332489,-0.0013652204205883576
2017-01-27,0.01300803676360518,-0.004830267445477321,0.014035148108981987,0.008794959476781106,0.011957820935222907,0.000510576411103747,0.010129250728399208,0.014551910093721476,0.014388216785856223,0.012473967912075112,0.009834757076006444
2017-02-03,-0.0003812502793208994,-0.006616247000820308,0.0001048942582246859,-0.0062873922467772125,-0.002947901800406605,-0.011022629299460407,-0.002997057040797668,-0.0014239306738533797,-0.0008818093435919439,-0.002441897942440985,0.001616030452535588
2017-02-10,0.021227935890600458,0.045129603457217504,0.02000762649599741,0.020345287954975255,0.021578148257312302,0.02802118102670148,0.02233992509548277,0.026505670392785063,0.03052269444833766,0.03126578913492817,0.009461892526844724
2017-02-17,0.011367381536722121,-0.00015653672415139042,0.011247154526753622,0.010733375930623845,0.011886115634167194,0.008299620263484409,0.009115752674140554,0.007768049166372082,0.0019822593475939954,0.004184593710106821,0.0154637818125487
2017-02-24,0.0034299402852908667,-0.002242560521111936,0.004536186851434643,0.0036161945379775684,0.0028699410815749005,-0.0016752375888560156,0.004097103797263912,0.004957536150519637,0.007110929786604547,0.003946551195753933,0.007018871701582368
2017-03-03,0.004125386964700883,0.00026013148691772514,0.004243399032046957,-0.0011704364607049156,0.0029857677879385758,0.001080963106500743,0.003271552095641006,0.008500333698720164,0.013600736896057342,0.010565911172455422,0.007096289052398835
2017-03-10,-0.0002618132760804359,0.005205427856674216,-0.001736759916912356,-0.004095028235616471,-0.0020790440174002223,-0.0027622916543860176,-0.002278148953618442,-0.003638193979922044,-0.0024366685465643245,-0.004145702487169278,-0.003061964633680422
2017-03-17,0.01623136564685357,0.02213314956351553,0.014924915015175344,0.012859621145675737,0.014776628876247644,0.01638098752024786,0.01400274605023899,0.0032661642636300225,0.005458115252385376,0.003192346746545116,0.0015612910738117805
2017-03-24,0.0017284644160941998,-0.00023920372090868725,0.0007656746738722298,0.0010402960739190892,0.0017066963653233902,0.0028482642786289425,0.001166436122240322,-0.0009194664024751997,-0.004705492107762388,-0.002182789218717174,-0.013373467853742077
2017-03-31,0.004510499984885286,-0.0018321938378461633,0.0041885092172642135,0.009055645938766066,0.006485912398425553,0.008249766837124861,0.00535072333762554,0.009643256678008028,0.0036616270132225903,0.009886563058927544,0.008039044632826375
2017-04-07,-0.00010916210906941615,0.006612015572208474,-0.00035309291513463403,-0.0009048952954218148,-8.220418783533301e-05,0.0004060162565047154,-0.000313334384889119,-0.005148329931923934,-0.007730367289193074,-0.0075259882310529935,-0.0022907616374581723
2017-04-14,0.0013459151242283252,-0.001987303423021336,0.0016395833304294616,0.009480624584467634,0.003446546255888139,0.00738995282161814,0.0028814384806479243,-0.0003444390393713137,-0.004452974054587444,-0.0005201832270217421,-0.011437276314196504
2017-04-21,0.01808624647102164,0.030711568269069955,0.015184331350195146,0.012959245283465037,0.017334667176035268,0.021103464154368368,0.01714038245581384,0.019384267175900582,0.021207553843190174,0.021561420216063443,0.008946012904044313
2017-04-28,0.019448560247800284,0.022437586422926925,0.01739845549955321,0.009721897672724467,0.016801544953064518,0.01318774069368267,0.015257009022648926,0.011139695690533635,0.021313271887485774,0.011076723078555784,0.014876987836745145
2017-05-05,0.02479605545761121,0.026352329771818672,0.02352282882924328,0.014048397212600872,0.022441895985627847,0.019138919655445452,0.021401859724861305,0.020697695668802307,0.020067372971743325,0.020098120725520863,0.006804518679988491
2017-05-12,0.007841306495453448,0.007441273178699248,0.006295202037374326,0.0031433310490081023,0.0072067599466445476,0.005883795847229756,0.005592747105309659,0.0037585017783081653,0.003326510935240723,0.005496086111265397,-0.003003717570617981
2017-05-19,0.011509097829917714,0.010204965286110035,0.010897322099746143,0.006542155096136426,0.010100413208306014,0.007298138425008371,0.00992743860445211,0.007019639907057229,0.006483370285493395,0.007029371717111266,-0.0028037019584868546
2017-05-26,0.028147172607492887,0.025853773542999336,0.02581155957312342,0.018261983470316157,0.024805965921878004,0.021469561667820436,0.023257434508566543,0.03206376548264078,0.03755271244221792,0.03348142675812049,0.014267058729467678
2017-06-02,0.014892860450754997,0.028111313689679118,0.014818876411864856,0.015658193169125534,0.014749984768422264,0.016918318909695307,0.01570704010898538,0.01397948191223386,0.01827882103770806,0.016365503837183715,0.010177683573757897
2017-06-09,-0.022360634692534576,-0.016023937979139147,-0.02305308103371606,-0.01868160825720233,-0.02245249692049256,-0.01741739080015592,-0.02203513726224804,-0.026004438791088158,-0.025374927706269257,-0.026353838283476816,-0.003112888092240276
2017-06-16,0.010805528733976333,0.011061195779033195,0.00995561404804679,0.008067179058731222,0.00940458230036878,0.009425785937014819,0.009455077940384582,0.007299769133689349,0.0048654281685285294,0.0037811756981822597,0.0016980356551247419
2017-06-23,0.0072777603553988435,0.014899907765634435,0.004244155382640669,-0.009066871250601682,0.0017219008441418104,-0.0013729005451947884,0.003077564726599258,0.0033433521260972654,0.007404155722763095,-0.002032232272912826,0.002019601684361597
2017-06-30,-0.015294615237799958,-0.005258587067255349,-0.014153526322581156,-0.010549285202796743,-0.013980007084519519,-0.01530149928144231,-0.012852002697669285,-0.017060031758218797,-0.02123018673291055,-0.01953060744468016,-0.005470428153774977
2017-07-07,-0.008736750215790567,-0.013555086104148906,-0.006074448197536442,-0.005651192644801628,-0.007742618145736735,-0.013389946684989606,-0.0065951160428809885,0.001012045696921371,0.005992077344687763,0.0039581296975665925,0.0012820287551418166
2017-07-14,0.015786319422816053,0.010889558223025064,0.014929653439002877,-0.0012436105053137414,0.011244984705763406,0.0005228850448049105,0.010986006420359296,0.00870088184326967,0.013390674719616857,0.006369435896332654,0.014249810320384061
2017-07-21,0.014789878738581175,0.02730026728877788,0.012321749197070408,-0.009537331426154316,0.007736729836082423,-0.0007267424052315175,0.00951557069241793,0.00544858142208704,0.014164586570933668,0.0022385965207756264,0.005375327387423054
2017-07-28,-0.0013142478277266,-0.02244431479527731,-0.001286019929740867,0.00039242998453414835,-0.0013858220182726422,-0.003586506681262147,-0.001236437313435923,-0.009114119916921681,-0.01329340537492052,-0.018178700604318587,0.00012139052526681007
2017-08-04,0.005077146772484609,0.013294385463127556,0.0028632512490807116,-0.002384001738205077,0.003273856649409934,0.0018900109041806168,0.0016480759602819361,0.00031267351478336813,-0.00016939847917796236,0.00047277892496122575,0.0020251341035397346
2017-08-11,-0.010401765996752244,-0.010134402013702526,-0.008743381950814255,-0.007487108220178285,-0.010414506566448933,-0.013406089381896025,-0.008134562920674604,-0.006444084496447844,-0.0026087374406010833,-0.005512588629454029,-0.013297884985077968
2017-08-18,0.010528414951900267,0.01618123678442296,0.009828781108859763,0.005548713732074884,0.009163066642878581,0.008352699005401698,0.010042640297884597,0.004427765453521193,0.006976520683219745,0.004685953105649565,-0.005775613160420883
2017-08-25,0.0014877132316395425,-0.0012982139789486924,0.001057658707035225,-0.005131763057721894,0.00023107096846031183,-0.0036108106924900296,-0.00029502711785223124,-0.00014090110410081014,-0.0006240061673522534,0.000170866393945035,0.007622100851855088
2017-09-01,0.011323766070725938,0.004789816408253822,0.011649688708043504,0.006487419458006682,0.010686115915212513,0.005265744787157578,0.01026430164922898,0.01711689921626114,0.019295484845665678,0.019436091660713917,0.013412006268239806
2017-09-08,0.004423722278979136,0.006856600514108635,0.00482283845065079,-0.008377390903022697,0.0015573898462626357,-0.009285978120661453,0.0023471264999808117,0.0021845056411968766,0.0033935457847398265,0.0009327308094246867,-0.005083895107473469
2017-09-15,0.01131133849558874,0.022296735752283636,0.007360083285190333,0.004996880374514179,0.009911660477578632,0.016509952439099695,0.008315280006467862,0.005216964785871747,0.005120014300665998,0.007984957201262244,0.015600250253346971
2017-09-22,-0.003454097051411198,-0.0017123541098510442,-0.005613134015318932,-0.012205124024677994,-0.005350960708558006,-0.008620624069430094,-0.005834050687419823,-0.0008381312519939454,-0.0014004988675910823,-0.0007423893242499702,0.0010029394130932224
2017-09-29,-0.0011498663147428978,0.0007119434568274574,-0.0012060332588242906,-0.002023921411694829,-0.0011285928927248223,-0.000115949427826334,-0.0017835143789295405,-0.002847350304555518,0.001981246431945083,0.0007729977852821701,0.007176235283867506
2017-10-06,0.020644259161719525,0.035947730838454595,0.017167016522949385,0.007759395173843275,0.017666014125202967,0.017785951994756077,0.016432336604606856,0.013663006057037519,0.013288465669719418,0.013667442743963365,0.012498502347880469
2017-10-13,0.01577452534912971,0.011455880335671687,0.015909626278386435,0.0235536720317453,0.017592594421956376,0.023512793181210467,0.016814916881362718,0.011271672033072555,0.008911483498708295,0.0111584747466269,0.002279785244847893
2017-10-20,-0.0016854043700458288,-0.00931272248883308,-0.0007713331866034956,-0.009041345147714819,-0.0027142392238195256,-0.011162615562241518,-0.0025938511945723386,-0.0017900908576091723,-0.0038521432943788847,-0.00457400317230483,0.008472378329475555
2017-10-27,-0.005032892430222091,-0.0006957187947709276,-0.004427440693188345,-0.02212788078176231,-0.009789009573117124,-0.02458897775451163,-0.007429227889745538,-0.004503929727418421,0.00908116284846261,-0.002702216065886942,0.0023338328094303536
2017-11-03,0.008443126154887404,0.01120461524281069,0.0074233556733238615,0.005289407686151826,0.00782722418970061,0.010577018098771873,0.008380212344896387,0.0038123859646677083,0.0013844956544619702,0.0005460975225550779,0.0028713166536162176
2017-11-10,0.014526231711493809,0.018918330075072376,0.01250927864009821,0.01074930375203742,0.014425842408886114,0.020253094308784858,0.01307714807092486,0.011184726130727629,0.012723915953227527,0.013731428988252192,-0.0013929177026070511
2017-11-17,0.005105413104333989,-0.006002830607200749,0.004826439694098905,0.0030216619618679275,0.004881248200496957,0.0016070850738336695,0.00292827857842215,0.0043843073816765,0.005749948173178421,0.007085294996607816,-0.0008910537834620196
2017-11-24,0.015673085561265232,0.020711333392162024,0.013302949828103872,0.005785617596535175,0.012630618159539475,0.011013131398243559,0.011550936337543671,0.0038556489720478204,0.005066800397630633,3.4559146228962945e-05,0.009695092021838107
2017-12-01,-0.009807761775315171,-0.013934146849634677,-0.00541632431566641,0.023968182352213985,-0.0020634444565267307,0.014943999068107283,-0.0006680747679913557,0.005906715041499311,-9.732127188333273e-05,0.010963109964558404,0.01574721786044557
2017-12-08,0.0077067776233361585,-0.001355111132319009,0.010387963150819246,0.01195175073949084,0.00984030888031362,0.008974923144916769,0.010040937997247923,0.00989361850079562,0.013296071216675198,0.016254095790566137,0.003970631542330159
2017-12-15,0.0067388399436529856,0.010913270237542516,0.007450581226419617,0.011419424367388187,0.007799532221759886,0.00850158066668083,0.008626573061012666,0.012218156360192634,0.015837770391181838,0.013926775552011161,0.008897008827461328
2017-12-22,0.0017564247487298346,0.004312490076321396,0.0019560637720035245,-0.004366775925346289,0.0003606668922893075,-0.001758824440049045,0.0008239144199517767,-0.0050748631700293645,-0.005161674946347894,-0.0046692946793787105,0.0037521179970120837
2017-12-29,-0.0013621547367949072,-0.005344635596633784,0.0011788858506480704,-0.0002824477473277742,-0.0011541185196006776,-0.009021021498377912,-3.2230788203801986e-05,-0.001027255835409635,-0.000952831247884367,-0.001793398715842942,-0.0024294058491043146
2018-01-05,0.022581087459637404,0.03100689731905137,0.01710609430074466,0.011709403485265288,0.020694020932358632,0.025341956500347308,0.013619908249362038,0.021315477055380037,0.02459747545219069,0.029193715963379527,0.02458176787681584
2018-01-12,0.010065104770560218,0.017412263882736534,0.005750580283403917,0.011064560633554432,0.01043193836168621,0.025538910183428465,0.006069037403152011,0.0008285108602128499,0.008621089461080311,0.00585200071182701,0.016458167975480654
2018-01-19,0.014251158332756253,0.007328483677756514,0.013687202772943108,0.012184752185954162,0.014069516177010577,0.012649489737116326,0.013147963052750233,0.017247802236441956,0.018413726561069765,0.02065074358120822,0.00895950941148111
2018-01-26,0.015885075993852027,0.021897548089418573,0.015714940016804846,0.009794178230235318,0.013460695951927226,0.007978190399650309,0.013313037838462716,0.013988456401273996,0.013896015799563344,0.01978173966427277,0.02200357027744036
2018-02-02,-0.022348155105254786,-0.026285864339090192,-0.020253924230930975,-0.018807754104171237,-0.02073115153588101,-0.01668239963898721,-0.021452323475676827,-0.017053002407000695,-0.03439108852789674,-0.03132928366597143,-0.03883725731414507
2018-02-09,-0.05383683526121252,-0.06300980639226728,-0.05240120694756545,-0.056160638631299054,-0.055989020945812484,-0.05733235487398891,-0.050850121222911326,-0.05549903270606149,-0.05515627677146118,-0.06538971063640242,-0.050644466700555626
2018-02-16,0.04437196192224624,0.04240701762569765,0.0383306305587523,0.04147310463992682,0.045704558551114216,0.06127728528037624,0.038817486230823484,0.03257981360466755,0.03853607595810149,0.039144505211250014,0.04439753551076374
2018-02-23,0.014418189775747159,0.01929953545370955,0.01131898550261945,0.01302514861815518,0.014416773904669888,0.022760333960985202,0.010682271540546129,0.014434610617740429,0.01956023654357142,0.022191566955525266,0.005858387325100709
2018-03-02,-0.025035983154876873,-0.029062001191351716,-0.024049823150681604,-0.021758898322633113,-0.023885996348014693,-0.02896755213388902,-0.024141539454716976,-0.025253749405358628,-0.02779947390114834,-0.028527223476167762,-0.020494073742069924
2018-03-09,0.03719955137657993,0.05654005887464897,0.03597045557782175,0.03732700543712286,0.03666581222354126,0.041828656614803617,0.035407836303207985,0.03390115511133884,0.03428981545981413,0.035705890980781696,0.03638316016354641
2018-03-16,-0.011501094122512656,-0.012148256131658264,-0.011644992546217647,-0.007207199679457266,-0.011119580506923077,-0.008956132150198526,-0.01146514510846497,-0.015326781526636468,-0.016021385962650236,-0.011761332563951288,-0.012808298469054768
2018-03-23,-0.0366620232229643,-0.039676637739503806,-0.03877597242763664,-0.021308195245341333,-0.032480173641123655,-0.009993014492179597,-0.03215530309313264,-0.04540991536962846,-0.04490999864584744,-0.054131723401602994,-0.058898444570125004
2018-03-30,0.01825529838578288,0.001926621005716278,0.021219496462455467,0.019796418648062586,0.018857685367184907,0.012842815002885644,0.021828162056092726,0.022543559242757416,0.024927697174392582,0.02206580876308606,0.01976372778138683
2018-04-06,-0.018631728527409908,-0.033547013086327016,-0.011156256674477727,-0.023162447143510456,-0.020411879309832348,-0.04950620284940954,-0.013457501337493682,-0.0024350780690147733,-0.0037890939202086527,-0.007765598251638028,-0.013034578842505435
2018-04-13,0.028393637419485307,0.04633607457479094,0.02280647867597696,0.03972207757890889,0.031278265440914055,0.06227217037549493,0.0261031004821366,0.011894791666776428,0.01140812875621755,0.014403345822790126,0.020906956378807993
2018-04-20,-0.02370710995829528,-0.014756295378377082,-0.026810625861148685,-0.038784364586273656,-0.027532227622795724,-0.034725160384624476,-0.031152574742584482,-0.01519894179729886,-0.012024738630331822,-0.006384281313382867,0.005506413354328741
2018-04-27,0.013217855328222061,-0.0008452394683419184,0.010222200096743794,0.033229471662356236,0.022259394785906217,0.04633874562156404,0.016583067917593564,0.022674330437595813,0.031514895102455975,0.03327916805981479,-0.0001873296339247373
2018-05-04,8.899596834588408e-05,0.025516362950628535,-0.0023814168482851894,-0.005646097577301279,-0.0018369285749346709,-0.0026368855316490913,-0.0045445366133828324,-0.0018156216830200744,-0.0017501672323609885,-0.0007517643734897828,-0.0020259420598104923
2018-05-11,0.016328370300225048,0.03576820553348892,0.013349288123841507,0.01330087341560815,0.01567278207368461,0.019655669704172984,0.011412313751628211,0.011488674772533791,0.00908607921037019,0.01640688352080133,0.025675003806962853
2018-05-18,-0.0005277412009421223,0.000520472528932725,-0.0009943521692684643,0.003433014766185405,0.0015397683612274893,0.008721915100341482,0.0018280268913912767,-0.003115028886506055,-0.0020677167956406617,-0.006238301269685054,-0.005571305637792059
2018-05-25,0.015130506607347938,-0.010600171697808358,0.015847557010608915,0.025086028058702636,0.01702695465970172,0.027172550037463106,0.023263542045586005,0.02511926629368566,0.029400485870147763,0.0021640196022707503,0.0030224636064359813
2018-06-01,0.008076778516872052,0.012963010456690016,0.005918051989609152,0.0009683684019303751,0.006233287752201333,0.0058553611598624045,0.004303561428256941,0.010660658576626458,0.008729182114168621,0.01331908144801952,0.005327823308395263
2018-06-08,0.011079711155272065,0.019748776040380278,0.011802381182836497,0.02071835351787432,0.013085077060988493,0.017373205715432105,0.013212583873220218,0.014205480475375731,0.017908499748865436,0.01835922309042548,0.01677592291176985
2018-06-15,0.01011704083258902,0.008582481034796308,0.012945183892746126,0.01302390496144401,0.01135542457673755,0.006230609802519993,0.012993866257255293,0.017268204097341755,0.017737708841745192,0.020119945063038047,0.0006631789151793851
2018-06-22,0.0022799469266934214,-0.009667759391439601,0.00023150569348251437,0.008987042826886782,0.004345190345413252,0.017930991229287985,0.003175952908644586,0.0019467180171039988,0.0005293324291444357,0.0010752830963627336,-0.008624007608847777
2018-06-29,-0.01884094712903661,-0.025395674522286416,-0.016675135049241896,-0.026226935653166805,-0.0215319380079676,-0.03205799565314482,-0.018443327822620592,-0.018938646052740093,-0.023086509609692163,-0.02638467510655662,-0.012593755776962964
2018-07-06,0.01829548599435804,0.011602997180415686,0.018303591967236743,0.021030653508005592,0.020327441882550312,0.024012335517469507,0.019376040968476227,0.023537591026666194,0.024506077243025004,0.022258126527129107,0.015261181032434974
2018-07-13,0.019601947750377935,0.005175899676549189,0.021899460017874572,0.010936035879375305,0.017975420828979738,0.008078718647420047,0.016978767263444716,0.031320296802362924,0.016811285274973997,0.020660357338532886,0.015140219548076093
2018-07-20,0.008844664073853536,0.012979602400429613,0.008375604034007278,0.008023985081437868,0.008037013460422626,0.008065926609593266,0.008034993180503935,0.0025830648635156717,-0.0009117285796319541,0.00415757831844954,0.0003221975562296684
2018-07-27,-0.011830679449176595,-0.021859473811595365,-0.011397729937253742,-0.004542060786896784,-0.00855619834935295,-0.004698557484057342,-0.008291472879304984,-0.010649714408657251,0.0012325664822656623,-0.013983258518547204,0.006221271832298243
2018-08-03,0.007785128709076661,-0.0029514750731018946,0.007892409692262348,0.013240266904014808,0.008458921330351865,0.013225385196586448,0.010144020479912363,0.00977250527749507,0.010948431011105875,0.009616670052512655,0.00774620704454175
2018-08-10,-0.007796054063818558,0.010100907291319405,-0.008988388671966385,-0.006919109418815017,-0.006589966555929916,-0.005931390094153777,-0.012586579892099437,-0.0053415849623627,-0.0036749354957863467,0.01450013918488069,-0.0015512004940310953
2018-08-17,-0.0134256478108854,-0.051441883429652724,-0.00857954884258949,-0.00674179368987371,-0.010707470716584955,-0.0211965597608772,-0.0072854940253285205,0.006531321038215188,0.009895190876950233,0.002182252378326144,0.006709873503023223
2018-08-24,0.010075102054780904,0.04619831476057623,0.003972505275452898,0.004175899556438933,0.00855202414401579,0.021417074347572562,0.0029998693945563204,0.0005472465361731071,0.00846927396003938,0.008652341523211815,0.00859461341832942
2018-08-31,-0.010865591300980193,-0.002983395293794544,-0.010842590312501899,-0.014704802823572671,-0.014174936043331643,-0.01662782468524493,-0.011612963089390638,-0.009562247664945955,-0.007085499629459591,-0.0065933284054013885,0.00973881760535188
2018-09-07,-0.008461036085189444,-0.01559794969938233,-0.005607132729660624,0.0095385598141553,-0.0035456242999293286,0.002502515080629486,0.00040714711034084416,-0.0030129286686150225,-0.0031515910624193566,-0.008977415272998002,-0.00933470648179819
2018-09-14,0.01740228420376999,0.02802956359349662,0.016040530059993507,0.019602650302273705,0.018123662641051475,0.02610262292068466,0.015922276617844178,0.01118638915018022,0.003066149473798463,-0.0027877849732189652,0.011404717821936737
2018-09-21,0.006967334915970014,0.005962513281488668,0.007332824379591596,0.0029246560537485866,0.0043099984340635444,-0.00047487608672869275,0.007601837341003614,0.004889673567538333,0.0073536104011899805,0.0030461848125991065,0.008359964550432341
2018-09-28,-0.004642168874930852,0.00501264979572591,-0.005268576637984412,-0.00876095518191744,-0.006441117758436143,-0.009418881726957595,-0.0066308137235384645,-0.0026271857274228205,0.0012747546013576194,0.005232696280203841,-0.0043490977992923134
2018-10-05,-0.020254460508814964,-0.020347914004518408,-0.018967725137823743,-0.01772988185737623,-0.019432049955985686,-0.020710185278201343,-0.017417987697228354,-0.019346763418931823,-0.021240750442028555,-0.024864972110094197,-0.009975719297516712
2018-10-12,-0.020982453911272847,-0.012985497724306794,-0.020564411733912658,-0.014837166168900962,-0.01959177492649644,-0.01456281621081823,-0.018928822339710605,-0.020412080321047466,-0.02489816615197904,-0.027106078706574777,-0.041240922206967734
2018-10-19,0.00226955125798467,-0.023307129892671474,0.008571484625153003,0.017088130166642124,0.005226488091315762,-0.0015368639396738937,0.0119774487906803,0.01093628458139273,0.005610489937925012,-0.00036586861761367384,0.0010872131866705534
2018-10-26,-0.019891771707637895,-0.029472097154689236,-0.017151342151386695,-0.005406179287474777,-0.015746924089950265,-0.01354905239232207,-0.014525107006906901,-0.010758667353970242,-0.00954340403690801,-0.012720532878330193,-0.03952929527009173
2018-11-02,0.018359311776632303,0.014746743060114698,0.01939901757900242,0.020858163906553484,0.020750905130219932,0.018354851723737298,0.016679338144526934,0.029404041478315435,0.023066183622298286,0.02626844099042236,0.024723639899777848
2018-11-09,0.007824502224698326,-0.04389165438749121,0.013057170222600778,0.029641604047397463,0.012571415994171664,0.01310133458594609,0.01803760609927285,0.021686242332715544,0.018823319805753913,0.01594505815394509,0.02158970988407316
2018-11-16,-0.022304916225556082,-0.010139723808105572,-0.019846780167595557,-0.01846397702138436,-0.02263599691217233,-0.032028050061015834,-0.020315632152288265,-0.020780825431387706,-0.0154459241620023,-0.015981350799800564,-0.014508817651869668
2018-11-23,-0.0274158421758236,-0.04258964349610128,-0.02743023627848684,-0.024074825417692347,-0.02652745602390716,-0.023755098389224516,-0.02547184952883963,-0.027716331021854557,-0.024681820594574466,-0.02636260214212449,-0.038285857582965176
2018-11-30,0.0375253804944331,0.047362911391773066,0.035841688433575936,0.02812917662170844,0.033622032964172544,0.026651548908195544,0.031883517577727005,0.03724041742670803,0.037995568653374834,0.046268196205401235,0.047103356738352975
2018-12-07,-0.0336025437625026,-0.03532631984540047,-0.03299254067714419,-0.023796669073702592,-0.03064404551879707,-0.023572999631987113,-0.030836006101292335,-0.03545037764789816,-0.03761886419115468,-0.0391882415839192,-0.04382359450781474
2018-12-14,-0.007522166920675977,-0.007386681850776178,-0.006172290051116303,-0.010449733043609966,-0.008972128494015519,-0.019066889600912518,-0.009498047027396206,-0.00903954279449326,-0.011278673457909005,-0.006873157206744751,-0.011761770574392302
2018-12-21,-0.05755238533782581,-0.04523208475871476,-0.056078952911571056,-0.06197032449901818,-0.060731930235015885,-0.07045277138147099,-0.05717203119441261,-0.06529016205661298,-0.07019642374625312,-0.07309486716985247,-0.0705047259705119
2018-12-28,0.02234653244167717,0.020119698300747446,0.019710658947748483,0.01817595769931568,0.022473421639677582,0.026406918840583105,0.0176257241573492,0.024253795010063195,0.02831340854419917,0.03602071648679317,0.02928967248910313
2019-01-04,0.016640865590584416,0.0026377689469553466,0.01446479077572243,0.008280040541499781,0.015018060781072415,0.015493715703068829,0.015006441712841887,0.015656680791655313,0.013724390033482248,0.010243919166847412,0.018728548882042766
2019-01-11,0.023603931448736626,0.033771154231310385,0.019640728524032314,0.008162186115915793,0.0205559894054288,0.02227805728219967,0.01671959202579787,0.02355827267864541,0.014726979505017335,0.031153578009136318,0.026110309217178572
2019-01-18,0.026099364063701502,0.03195575573805365,0.021498669302678186,0.015826018133925368,0.022952127437283254,0.02515492869198832,0.020165466360062778,0.01770888154730188,0.02035629404572248,0.019996100301604258,0.028882323473750676
2019-01-25,-0.0006991968089359313,-0.0037579088251245008,6.832380723653664e-05,0.000547909072414754,-0.00071449472074403,-0.0011450912912579492,0.0005420884874318688,0.000228230558064757,-0.006336441931228953,0.0004081417288146483,-0.002551499526878874
2019-02-01,0.025667262139272617,0.014828397097660817,0.026538831195911605,0.027248196907838418,0.026892384814144243,0.023606681717097677,0.02623124222127471,0.027412090095769504,0.018661390185212623,0.014958621162979524,0.016103134816054472
2019-02-08,0.003757958412426543,-0.00421275908969132,0.0049356699163984885,0.009139340852958089,0.005575696908457273,0.006782264367467317,0.008758022164349955,0.012165019601631633,0.014747376090620268,0.013037562473889208,0.0015184881713989015
2019-02-15,0.007809797041332667,0.0012235065500045827,0.005788795032930061,0.0020601961777306776,0.007369291461460703,0.01175522800663309,0.0073200366809709205,0.008258555156672731,0.010841289741063909,0.01171625069249349,0.025510984338358668
2019-02-22,0.0007799045996321752,-0.004081424039458215,0.0011087532276246037,0.002161503619652727,0.001420977151347147,-0.0007106267217306117,0.0016330321393140945,0.00016959510228464758,0.010491807275427645,-0.0034454540513170206,0.006381177043579296
2019-03-01,0.009783924100614794,-0.008978028448238584,0.010399272436471207,-0.0012904903353923025,0.008237769977510911,0.0012453747964662476,0.009434792043772067,0.013099197469286006,0.008351748034458373,0.009796584099797556,0.00458546547619649
2019-03-08,0.0055997505080529475,0.014238621722084455,0.0035301936349607654,0.0049760922619015435,0.0051401635664054535,0.006432201792564429,0.0011568154186913926,0.001252942753994013,0.0008798586265053032,-0.0027312020533912795,-0.02125347524052121
2019-03-15,0.030482279062597373,0.05098035182318439,0.02811724026727669,0.032145986242548386,0.030403366542104848,0.035646186413895053,0.02791185654967898,0.022228820546763783,0.0327562903046712,0.028955291610513134,0.029472586755538925
2019-03-22,-0.0009560064526729084,-0.006222315975820236,-2.831210976739218e-05,-0.0008391242917600295,-0.0012221525505903275,-0.004315104564110772,-0.0008506443500116978,0.00048239652659476384,0.011644028849497001,-0.004436868547840533,-0.007322825067589486
2019-03-29,0.01708987147861407,0.015363791090575285,0.01610574787578356,0.01687996807362313,0.016892446406922224,0.01989516641369171,0.016921573084182295,0.016437075319924555,0.008497380979478164,0.015701086734932312,0.011566703268207768
2019-04-05,0.002291201158494127,-0.005702285708399368,0.003810128929478518,0.0022263012951333483,0.001687868245455526,0.00044196603733315243,0.0031270592054712942,-0.0010438266964687415,-0.0019824622158421956,-0.002576717831003883,0.02155891756811603
2019-04-12,0.006455834220436829,0.007492948134799393,0.006459486510782098,0.002265787416186882,0.005345947063288392,-2.216995934167798e-05,0.0039813791672513865,0.00509120468958657,0.0017799287765629668,-0.0005856086177624675,0.005510057871202575
2019-04-19,0.0050795687995097705,0.00023996118545355216,0.005265326405259119,0.002924530243110679,0.003705183257394218,0.0015117101448718362,0.005807155582289614,0.0012556089654596203,-0.003059093284074277,0.00033424399820347617,-0.00048261192429532857
2019-04-26,0.011905686710831365,0.023069597558087906,0.014042394655402468,0.014333839845261043,0.012674295089323495,0.0108864609527628,0.014275051281144036,0.015449005911517322,0.010871099136204876,0.023760159562526306,0.011689227732655865
2019-05-03,0.021360207232783424,0.04424306509959686,0.01377294836212184,0.018466565306813232,0.02035645760028082,0.03349949878035963,0.015138456618928098,0.010162874088626594,0.005283056442255907,0.01101420541944309,0.002112565108967207
2019-05-10,-0.020318493299033458,-0.018588672657918637,-0.01562039836607032,-0.01351781356886994,-0.01809724269849211,-0.024075909896655312,-0.015084815185440137,-0.009707260191880507,-0.006702197093238271,-0.0044170583678529995,-0.020167754856540352
2019-05-17,0.0009010628469108273,0.0014543709500640656,0.0006083641649561322,0.005192779299169281,0.0019553923484074698,0.004356221720476006,0.0034872444328093444,0.005310241393388981,0.009917370621738142,0.00562313445994822,-0.007844319396626756
2019-05-24,-0.005339231748507256,-0.006220009360623613,-0.005664011388056833,-0.0016349454709838618,-0.004092285104445259,0.00032339591743646423,-0.0037433282177240512,-0.00548399077067685,-0.008445895573046869,-0.0061660886230749945,-0.010705562859846831
2019-05-31,-0.022860178059922687,-0.007465869328639907,-0.024496004854267617,-0.022325210637214044,-0.023772785101220384,-0.021831910704121493,-0.02694756154403921,-0.024102208590137897,-0.019596809682177696,-0.015835221024054325,-0.02655736236050595
2019-06-07,0.04215196860082093,0.040438280409409666,0.04241067959431355,0.049303809046197244,0.04418169958346141,0.05118127973073827,0.04518399366600545,0.0437927535787348,0.04752360061571692,0.04666316233609202,0.0449736149897779
2019-06-14,-0.011115454971395988,-0.01573596276023026,-0.00897353750623231,-0.007677811090680886,-0.01019834063022551,-0.014004144414199282,-0.008164175537878848,-0.00237727612004901,-0.0014888948570961347,-0.0074941776101603574,0.005597108768555692
2019-06-21,0.012787989661308341,0.015087221561645325,0.014268830249414277,0.0072902651871293855,0.011706459918645606,0.0066661145096469365,0.012075403104129911,0.014385146533903992,0.0067776627624416275,0.011173962882513377,0.02132988093718638
2019-06-28,0.0007830908636341505,-0.004779567507458893,-0.0008894171950226681,0.0010081559750680924,0.00023149467194882867,0.004783231350189654,0.0002477612879949742,-0.00524597472075905,-0.001811904577235235,-0.003616726354185529,-0.0034012569187727368
2019-07-05,0.024158882969838036,0.024900312570381722,0.022305232234351324,0.018830934405818622,0.023413314272847652,0.026044745612308517,0.021473029231847907,0.02411534870948162,0.022228087827819154,0.024052908533221062,0.018634923235052142
2019-07-12,0.0010747928787995242,0.0003247294933241829,0.00018113824858545513,-0.00417020271043933,-0.0007833668067560584,-0.005766641231071401,-0.0016052365237138044,-0.0007061243989090471,0.0018109887294111005,-0.0039913928945018995,0.007337311343671422
2019-07-19,0.0038837898826877826,-0.006599821096712977,0.0034730672305656185,-0.0030602022928364336,0.0029740661349322295,-0.0006739458899269746,0.0031368210356053083,0.0004005090888457019,0.006793177557399499,-0.00900256232886909,-0.011574480044969016
2019-07-26,0.00013707598647183517,-0.02226127975272818,0.0069014412482961696,-0.0035998395646541503,2.3548390605032665e-05,-0.013623114656377777,0.00556195525776082,0.018268746681495696,0.017919401377560318,0.020532730375053543,0.01628699580131806
2019-08-02,-0.012519876256440576,-0.019222223662766602,-0.01475156749400286,-0.013174211249233347,-0.013215483186670207,-0.006882120992521612,-0.013316947388166467,-0.013596192674524832,-0.009017129905823595,-0.010268059249921135,-0.031092054484036815
2019-08-09,-0.001892212742242494,0.013991894066697874,-0.002159722154992716,0.004105479103966969,-0.0018139872093279052,0.0009402860105125477,-0.0019212597410614984,-0.004108811084985731,0.0020875323897520115,0.0009118969406498589,-0.0034170664583213733
2019-08-16,-0.004181593111948989,-0.021662772491721993,-0.003210634295824577,-0.001989709075574053,-0.0037979065130072653,-0.005751920660569176,-0.001529521338592854,-0.004981694796563185,0.002042746707751064,-0.012786805427489223,-0.009498318409363726
2019-08-23,-0.012288102580202631,-0.01088930172692304,-0.011992780436524741,-0.010385980429540531,-0.01216183895527867,-0.01288231079540958,-0.01262764009325057,-0.01581898955251748,-0.015590480737561419,-0.017748516287139582,-0.013848406480165311
2019-08-30,0.013134190089569175,0.01593381756576817,0.015333356742893267,0.020348251687730468,0.01434021989449552,0.014071409624159426,0.015125334611405528,0.01412840865055065,0.011253159787254274,0.020573954106941406,0.026680957896877567
2019-09-06,0.0035378305544844224,-0.0038444548936126255,0.004988150801536362,0.006610901853866258,0.0037248772920830397,0.004813487028277219,0.004377655473108533,0.005902997165741386,0.008785635705687023,0.006474868346955098,0.019148326574323003
2019-09-13,-0.015257183934216823,-0.032983709470595035,-0.01291673304724994,-0.02132963639472507,-0.015200893327335652,-0.017740753052955083,-0.013571157869791795,-0.006995217097277795,-0.017887378748038474,-0.010616787061300648,0.010199726017455099
2019-09-20,-0.0005724603411029205,-0.0007388534198403685,-0.0018927031405209238,-0.005884545242977768,-0.001985441046595038,-0.0010696683502013915,-0.001986189760831869,0.0027653050310532112,0.005787959058663583,0.008781397307833894,-0.004757958613034348
2019-09-27,-0.01463434211596959,-0.0267682256986298,-0.011979666993744864,-0.007358591284976512,-0.01277051889606573,-0.014575642038413661,-0.00821703303151633,-0.010459646753383511,0.00033321150157283874,-0.009639930256499785,-0.009655368288215633
2019-10-04,0.00568026332599425,0.011187068824596524,0.005850569077615164,0.008826965713944812,0.006381307529320868,0.005331124680407084,0.005992811002621723,0.006915540173321855,0.005379255861339249,-0.00024930972642078775,-0.0035545408293837393
2019-10-11,-0.003799848967846464,-0.0024322528124275378,-0.003348493883383097,-0.0046278826185518485,-0.003879591359361778,-0.0042680509994429405,-0.004040033803103471,0.0008924621218651119,-0.004435049194633889,0.003696785563549909,0.006556649644957999
2019-10-18,-0.0003775282828627491,-0.012825335707521313,-7.416994552289502e-05,-0.003720705166506799,-0.0007079616689197321,-0.0033014739465605514,0.0002752011545563704,0.0035716971478489956,0.004728061984928367,-0.000690086972400139,0.005704395918734807
2019-10-25,-0.015070054627915108,-0.010718806352237986,-0.01322900882080369,-0.013146574584293247,-0.014513837876412805,-0.01841726480705075,-0.014639076721822186,-0.007408027388802307,-0.009704576171412627,-0.005657785828971584,0.012182003460764212
2019-11-01,0.005838106138559951,0.011855337950074318,0.0022500960709912476,-6.922014633292672e-05,0.004365094132133818,0.008999271657868402,0.0007742464914299862,-0.006509793200674463,-0.007700800437760336,-0.008242148047044373,0.015053354891406006
2019-11-08,-0.0001205456481651046,0.014457961282119847,-0.0001387183348543486,0.0005521355942532669,0.000558042469299469,0.002910420814717485,-0.001236173582513822,0.0017039139481949128,-0.004930309425946633,0.007787823544735062,0.009146021482852897
2019-11-15,0.005628197215009179,0.01519209278258904,0.006327027552220699,0.0006447542878231793,0.004775154710940255,-0.002241238010749047,0.0036204655874680913,0.010356649134879659,0.00827382649488273,0.009089801408409759,0.009224959839276608
2019-11-22,0.004777085133321535,0.001646793572541494,0.0038070599845556607,0.005723513149210824,0.004787285965559107,0.009149647605450673,0.0039635047239394705,0.002767976272327388,-0.0020616309299900104,0.0016784214003990883,-0.0026618649219012614
2019-11-29,0.01915028678039299,0.019546265486340086,0.018000674841272435,0.018561163714798212,0.01903143567277721,0.02188512866943748,0.018907579315324385,0.01956976182420811,0.02214645617844413,0.025191934662936122,0.010773361677698285
2019-12-06,0.001118338311858258,-0.008700140883676766,-0.0003847493719859596,-0.010276527281513403,-0.0019030951936186424,-0.008810984516993803,-0.0025704653154129398,-0.002034334246849845,0.007669477964115767,-0.0017133928088317596,0.001781292669778807
2019-12-13,0.010456932393452911,0.010983124628563656,0.008704492423972088,0.007313919166573202,0.009135701164922683,0.011783181299153345,0.0073162538424775825,0.00520728437124407,0.008331990213947149,0.010535951717781655,0.007781288343197772
2019-12-20,0.01862664300884176,0.010037064389861738,0.018329905811894198,0.014624656054392338,0.017988965157857084,0.017860993314842144,0.017346767524891504,0.019521192797185893,0.01667530781185267,0.016085293455243344,0.015715328414526778
2019-12-27,0.006886885012022725,0.009981991818926117,0.007254205617772014,0.008617815129947637,0.0072279583051515495,0.007143486359699747,0.006760147226595015,0.006310546691769003,0.007518068303594916,0.005799939021432277,0.006641073862269714
2020-01-03,0.0029376045020657465,0.0010456543736475294,0.0003009133202779599,-0.0027923554949247616,0.0011560503447819788,0.0037733941391652915,-0.0005810697303087667,0.002009854127306632,0.0027748183602425685,0.003075623490182541,-0.0013934924999450175
2020-01-10,0.011633619558110375,0.006206772130899152,0.010206702080423513,0.0016927629497900387,0.008562317137326136,0.003769145593644163,0.0063564520687173776,0.011917370519936465,0.008561797016847894,0.007921557198449669,0.010235039446693234
2020-01-17,0.014496372616670916,0.018205548909478564,0.01752137168310508,0.020477027163668504,0.01574170829326449,0.010726293054501568,0.019004412854056518,0.01917830800085074,0.021942764885329646,0.013990409031205076,0.019158410615549754
2020-01-24,-0.008850709251918776,-0.008507406789128535,-0.008408006981009075,-0.007297950166303524,-0.008564735293578929,-0.00993954766674987,-0.008165476161318685,-0.011094790109322461,-0.009735996868119212,-0.011275048907684382,-0.00957971958175281
2020-01-31,-0.02143663048381894,-0.008813449871873047,-0.020570881695767596,-0.01759614520261288,-0.01981174792986118,-0.016497551720268677,-0.020294091648713097,-0.022117411355106587,-0.007550515561239313,-0.010246094988855758,-0.021413204707735944
2020-02-07,0.011292543449714643,0.02128618323853826,0.014171219578128502,0.005448834821320858,0.0108158688329274,-0.002152926092227836,0.014723201146419118,0.004493757776728335,0.01691767836691338,0.0028281976254349583,0.03254303020111246
2020-02-14,0.01574660149613405,0.016720424009250445,0.01572724565458472,0.016565430856400498,0.01573949052838719,0.016041246461898195,0.016364761510422765,0.015985031116613646,0.02183562782890469,0.020322010901285825,0.016254881770721524
2020-02-21,0.006871467302001166,-0.004491350453736054,0.005204140514890598,0.01141486698686478,0.007927518817782087,0.01590959642357115,0.005660660042912102,0.009965014141295692,0.014496584247311706,0.024420290502932263,-0.012203604643551991
2020-02-28,-0.09657740076370591,-0.08664793463729259,-0.09942566015264287,-0.09976161431378183,-0.09717900750533737,-0.09089618159143897,-0.10143393069531115,-0.10075127881489965,-0.10071386175627739,-0.08579583311483097,-0.1116109135159788
2020-03-06,0.0034857175769800186,0.0030845522262989977,0.007514589467181976,0.015090914112513953,0.006465269812391705,0.006763296354591386,0.009075310901976996,-0.001465284387116128,0.006065879621188541,-0.00959281981000737,0.004050451067822909
2020-03-13,-0.10915358687619803,-0.09309607950611143,-0.10880140351969547,-0.12094389059539268,-0.11142857292615604,-0.11889759933788946,-0.11782151725710477,-0.10744700344389424,-0.0935878008277582,-0.1028037011077193,-0.09460076065313383
2020-03-20,-0.10749348500176215,-0.08254045253624354,-0.12048999042859021,-0.12078879061969972,-0.11226110605684314,-0.07997379199343979,-0.12276434991911511,-0.1385321251424736,-0.15938838879986428,-0.12824544106022107,-0.14545772898974
2020-03-27,0.11418521288046835,0.09855813302546701,0.11437611903814404,0.11450099268247982,0.11303351810744533,0.10508009347480152,0.11723027098326222,0.11871698614544113,0.1139839930052351,0.11169655938501166,0.10760510231469127
2020-04-03,-0.006285959790663931,-0.0012637371335786352,-0.007643062909343135,-0.021507989178794373,-0.008040478212566704,-0.010056664154338701,-0.01362298075202939,-0.006622022500170854,-0.0010789678137558267,-0.00578060564130245,-0.020637781762049407
2020-04-10,0.10121034974713994,0.09516013939606749,0.1065331747867746,0.12474877609683732,0.1058996862970698,0.10643993408332886,0.11692635681833519,0.11839564014681181,0.1134236986786803,0.11500252420639012,0.12091564164255364
2020-04-17,0.019099945466806822,0.03190822102365365,0.020734778782285135,0.013482051816075424,0.018231986668266975,0.012069748393464641,0.01700301579145802,0.016146745706692167,0.034407104456742665,0.023568408226013027,0.030337835012527365
2020-04-24,-0.00044582761216716005,-0.006378056307910773,-0.00789997563743805,-0.01184424057886857,-0.005625706018277943,0.003849882921787895,-0.0101993974204998,0.0004457694979962401,-0.00725657032048288,-0.0030829831071753633,-0.01280368011747467
2020-05-01,0.002264466392710718,-0.005417915664531758,0.0007568769678913956,-0.006322771494070456,-0.00010677623461774477,-0.006148519985885392,0.000843671078370356,0.007615060217701863,-0.002450118091065767,0.004907496804052558,-0.0006357600626231884
2020-05-08,0.03503429248478174,0.040911599958381784,0.032749312435710776,0.02216929207286733,0.031493287884452714,0.02624424875323106,0.030038620337056177,0.03375106002193906,0.036459453664213326,0.02635565852662758,0.034123605410870374
2020-05-15,-0.019546972067284285,-0.011002712741850273,-0.01947463527586235,-0.022977731431069737,-0.019869562942413932,-0.01972530381889992,-0.021903179490383562,-0.01887050521805489,-0.01030619755941109,-0.017941869302715907,-0.021063828624863286
2020-05-22,0.03320695486262348,0.027290028702921854,0.030857939074771634,0.03132966597081488,0.03168425995219648,0.03626151819695167,0.032907816567286474,0.03641810566406867,0.026723647458385402,0.02931155347993175,0.031996788311052106
2020-05-29,0.019967690014974337,0.012167208838407495,0.02035823599033737,0.02335623830068201,0.020782484504031196,0.01875358541377392,0.0210667783229197,0.019354292781839533,0.018313334358324385,0.014506376909984908,0.030056592343940144
2020-06-05,0.03291432422140539,0.026089147689957848,0.034747948026646824,0.038607831958644256,0.03415182704454067,0.03191831597395134,0.0376964039985308,0.03654630608248932,0.02855078390579746,0.032234237656743714,0.04935612506945136
2020-06-12,-0.02582641208577585,-0.009892288901583335,-0.028698125825447507,-0.03149751434760284,-0.027974136414112505,-0.023297551616458745,-0.03191600638664671,-0.03503798755419363,-0.04210258632951758,-0.03219219765638215,-0.04737862826933396
2020-06-19,0.022119254468128124,0.01863779894383022,0.018013759628750403,0.007545727206718089,0.01762753143867868,0.01806971072403618,0.01556202823353603,0.024317228457193085,0.011565655681683884,0.010005705874501114,0.019026935002811756
2020-06-26,-0.0235032597269057,-0.011487927811127174,-0.02782730339043149,-0.03418546843079462,-0.02648636922084835,-0.02235975963392456,-0.03079536897031876,-0.034010806765274126,-0.02446898178506096,-0.03023186094352648,-0.027832172066858143
2020-07-03,0.03486791526270938,0.03182469192584181,0.03666303122923753,0.031310713158232195,0.03458708037698677,0.028128084853887403,0.036486596959955486,0.035776831687471145,0.031830829495943735,0.03396274635063645,0.040593135185723765
2020-07-10,0.03466110298049174,0.03342132017265298,0.029662941827850675,0.02089734195822257,0.030360410807481086,0.0324604765897234,0.026189342946874694,0.03361064010506554,0.027104668438842294,0.03237101749270477,0.017167248053520517
2020-07-17,-0.004856636560824579,-0.006913653661480779,-0.0017767490554186915,0.008192130376970974,-0.0015065515694893117,-0.002371458889237954,0.002287193337148885,0.006861420764475712,0.001962581458836654,0.012842502149692292,0.013004080548335788
2020-07-24,0.0035345920075464665,0.010523123185495198,0.0073448460293426,0.018558925916145608,0.008041148328373104,0.011120349770099347,0.009902208234529253,-0.0012912648466851806,0.004611272320873994,0.008808593073649895,-0.0026109378188285148
2020-07-31,0.015182515581678047,0.022939975258715384,0.011372117221398748,0.002725902529168822,0.011705105548091899,0.011284008699480319,0.0102918373333023,0.014551976939902733,0.002725921963731004,0.010567268957539344,0.01757639981076186
2020-08-07,0.016531982846818893,0.02997159494963686,0.011391379568795212,0.002340731064221613,0.012684663686271636,0.021035821087840745,0.006800341152733758,0.004972783783010248,0.013659125003712358,0.0003889117215722937,0.024654138935500804
2020-08-14,-0.0013055179999295063,-0.009852254095295887,0.0022075340859757375,0.009962194741621744,0.0018743020784253162,0.0017450281628457187,0.004380392521060372,0.005210825461900104,0.007829823597876429,0.004196706512227033,0.006784660737743959
2020-08-21,0.017322012098835105,0.016467448370651505,0.015707598507402887,0.008609820932555357,0.01493393115345043,0.01483347642083288,0.012444535111888477,0.011862960172689396,0.016798319509006898,0.01799933166939427,0.007837648416237618
2020-08-28,0.02459227862819291,0.03305679175118437,0.026213476675098102,0.018113144959417182,0.023643219630398615,0.015156985718062232,0.02601939045379842,0.027848475450180654,0.028441848139262982,0.02474019570996,0.03269703620239238
2020-09-04,-0.010791427252435315,-0.013830745034524083,-0.01253633363533635,-0.008636227308987166,-0.010998112621936396,-0.0058196818789705285,-0.009747814571877012,-0.015610694510493572,-0.023190569609197853,-0.025376957266052935,-0.022847958869042336
2020-09-11,-0.0004741423724056171,-0.015536740244883829,-0.005235692471844189,-0.005969767682629024,-0.003145397729561905,0.0011275056345101397,-0.006141026526390592,-0.004902098453572923,-0.0120495681242474,-0.001528799821767679,-0.02484143512685327
2020-09-18,-0.007508219918543557,-0.0043119955658706965,-0.009785675135164928,-0.0033723690470472967,-0.0075583612636390685,0.0018101160761414548,-0.01008744230269032,-0.017455188835988955,-0.01685910706151761,-0.01967177911948459,-0.006245556513705659
2020-09-25,-0.00342763390959111,0.0006173530206932121,-0.005102575684876154,-0.013027634879489769,-0.0056384103485411785,-0.007482822979943071,-0.008675127944607453,-0.0005028853205270023,0.008315839702167649,-0.0009454320486980139,-0.005807059369380935
2020-10-02,0.017027573979366606,0.005164187790411834,0.017070342760329593,0.022917163936476026,0.017385118711420455,0.017626640790137538,0.018282068389008366,0.01616050768914823,0.01445281507608387,0.016623482894531083,0.015544849895573434
2020-10-09,0.023606763157307142,0.03498236619689732,0.022687555237903112,0.015263522850048394,0.022320968312539602,0.01895928453904072,0.022398520556847767,0.022055745423347206,0.0123803111487093,0.01792197060260725,0.03897076401751386
2020-10-16,0.008334089231460062,0.01670844892790213,0.006141267228025216,0.004279021475579015,0.006848289982647415,0.009188000841936939,0.005127599888284928,0.007299649054056223,0.009515007426590394,0.02060959431856202,0.0012685773643773676
2020-10-23,0.02577020088309201,-0.009603709202927191,0.01190490503174857,-0.0013080370761533455,0.013242797044857868,0.015469308646282931,0.007934006898308033,0.03557963796729635,-0.004675730971007819,-0.00045756513074068916,-0.0043479570760294566
2020-10-30,-0.04694495035420576,-0.045788805123320175,-0.05036513782740515,-0.058515517358073144,-0.0498106555503105,-0.04980558884409869,-0.053924703392942086,-0.054976542868236056,-0.057128779515071226,-0.03958302827498528,-0.055642291807223285
2020-11-06,0.06757248677513439,0.06872300614875981,0.06581963277542102,0.05678694279331076,0.06427123671736545,0.061233831916505777,0.06475297645266198,0.07517621247184247,0.06010581485278221,0.05887661179546644,0.07233432296090968
2020-11-13,-0.0003115112485243543,-0.015720106106907217,0.013726805303530876,0.035186019041840266,0.011311708573195967,-0.0013521769922725246,0.023351676131135646,0.01095805793646143,0.025300781888161872,0.01482516884276519,0.022675189567107068
2020-11-20,0.00807844175255168,0.003125390555200891,0.002971713142382537,0.004557831515671795,0.005383862174995757,0.014200455995094341,0.002479482950501044,0.009220754018252286,-0.0009828403160609955,-0.0004256588684566909,-0.007735126527413675
2020-11-27,0.021390400364263984,0.027302692749554325,0.018521719127350345,0.018255344587997602,0.02011408020512717,0.02626689035774521,0.01817786361772944,0.017902549907605314,0.00886846430366961,0.016698856032115295,0.02347108297814922
2020-12-04,0.014701229846469266,-0.00044521796681329384,0.012979371058367661,0.0063549044004374,0.012514672133951743,0.008779212007214765,0.01318279985113957,0.019369855315493067,0.019726519298360667,0.008369348288642886,0.01699330127977067
2020-12-11,0.022148842920498346,0.017713128021201285,0.011792713230505791,0.003998056330990041,0.015496133949696844,0.025605398087164888,0.008017420066826153,0.01564162285378634,0.0025602603059191598,0.002635318717637114,-0.009598445757693082
2020-12-18,0.02633356199876924,0.03370227346815802,0.02564332429618421,0.026967264448545025,0.02663827312808542,0.03362222461441333,0.026340174083122392,0.02316809115043683,0.023930668891306572,0.023990773079591854,0.012158420891150214
2020-12-25,-0.013680677159177312,0.0017930775000345456,-0.01188441753034064,-0.010857602250268994,-0.011798030108911783,-0.013939155126936553,-0.010542363963211843,-0.01047569905273471,-0.008236397658275219,0.003986153506422063,-0.000487499241064495
2021-01-01,0.004097098952144574,0.000439101697908427,0.005557746432655491,0.007849092938016049,0.004715904609668808,0.002707281665449205,0.003806306349963742,0.0032563750141922265,0.00748467969795118,0.005228892589902311,0.01322492318320177
2021-01-08,0.014098592292061563,0.006181895660309689,0.011648908946252146,0.020536249504370163,0.013760395026495065,0.026315435856584246,0.013504799744214369,0.013237590675382549,0.00973064490247455,0.013560630869789314,0.019739020659831494
2021-01-15,-0.021229788399568683,-0.011214632659531376,-0.022322427741971462,-0.010824190293175717,-0.019147919617952258,-0.007839073232078553,-0.019116344973084343,-0.030049693990573667,-0.02994760060043533,-0.030205029449968057,-0.014583215341620683
2021-01-22,0.016180881521992818,0.03530096236571967,0.01491808157164387,0.009608184386844298,0.015158829761365178,0.011478772700788564,0.013611309621111012,0.012371896086960987,0.0208102658898619,0.024661455361344675,0.01911099602667082
2021-01-29,-0.02450331394467886,-0.011039635915415902,-0.022850495204586152,-0.022650742248565003,-0.024171096936643544,-0.027631076475307048,-0.021488197681255983,-0.021893386651279045,-0.023258922014221195,-0.023997332455909848,-0.03345670723029174
2021-02-05,0.048739179996776905,0.04124976652493473,0.045300917462154144,0.034547640767830234,0.044743004856650836,0.044201852197586655,0.042251599648907234,0.053254271885932125,0.04300299902860205,0.06015125855466619,0.04766631598336117
2021-02-12,0.011575022849718675,0.024575295283778997,0.010547541200220056,0.016784306574536778,0.012829435405449674,0.025432684338840383,0.012272677576534718,0.012395132674258846,0.011966451365065689,0.00507771859971462,0.012715568779282083
2021-02-19,-0.0164431864301543,-0.030484912813366072,-0.015493914602921599,-0.013283765806954118,-0.016536861006034576,-0.020596725497479595,-0.01591965669495321,-0.01755681046577895,-0.016692916071490038,-0.010416079981800053,-0.0066471398406346
2021-02-26,-0.03651220135166022,-0.04506940953875127,-0.03656719935269004,-0.04076998418737454,-0.03797086346972145,-0.04033344072451006,-0.03844079323280947,-0.030358544656242548,-0.02922085709185196,-0.024481893704440538,-0.024793062509695818
2021-03-05,9.153448867094127e-06,-0.01887602365831853,0.005565707607700476,0.006685255734780071,0.0015252068734976643,-0.011704279511674298,0.0021859451805974484,0.004006314651344489,0.010507368574296017,-0.01459385771381061,0.008597247767779564
2021-03-12,0.02768579530086468,0.028761754241772852,0.023701779554269553,0.021322201691046594,0.02548430693696746,0.03530912593531599,0.0263024209685927,0.03619324222376874,0.020810399572544602,0.034293179818870145,0.027187572981353894
2021-03-19,0.007259058428904952,-0.005419009232926597,0.009329354753194519,0.01545444616057079,0.008637037477141396,0.007930984735256441,0.009007755453827482,0.009124609803321082,0.010317056373486677,0.002507904458530774,-0.008385426705540594
2021-03-26,0.01054887573399177,0.02735873096229202,0.01311135799806884,0.01658430512325615,0.013133550364754276,0.010915614648334238,0.013766930841073721,0.011433001360830142,0.010932513054835002,0.003237972172777992,0.01668919530983661
2021-04-02,0.003976882431490747,0.00529651971489864,0.003773861090628161,0.0019285243863180757,0.00356113455475926,0.0013779365738759708,0.0032600428047608876,0.0026943022437329045,0.010276383597068284,0.016126115557866916,0.011692185101390463
2021-04-09,0.023881450247274838,0.0001277077425982931,0.024336854110397876,0.009570220911802485,0.0200293130809015,0.004396997187686491,0.022366231763449207,0.03202203023787842,0.035095465204905585,0.048964448794915905,0.02715841539466954
2021-04-16,0.015771580151450637,0.027172034799071598,0.016234729640966616,0.018923143015210586,0.017120595618298706,0.018676416475583713,0.01632690235301859,0.012016517265745152,0.012711342476460885,0.004629936033163862,0.014022322414459979
2021-04-23,-0.0043956501190661745,-0.010258248323289365,-0.0030465029713978575,-0.0027797853930127125,-0.0044441248323975335,-0.00828855196164413,-0.003929385723477452,-0.005025623805171686,-0.003764969956006059,-0.0020958938155323237,-0.0012460232028347073
2021-04-30,0.0014506914138616711,-0.00859152186995582,-4.184586415711955e-05,-0.006508416174488052,-0.00040169947094870206,-0.003576709970100511,-0.0015836067384952246,0.005146979550159303,0.0013308470842083864,0.008819972404893184,0.0013436359308669373
2021-05-07,-1.9791866738505526e-05,-0.01651704303473156,0.00418153419365086,0.008217923331478971,0.0021025488059953634,-0.0035237619067759463,0.004222119777999467,0.002039971099392579,0.00805862954940939,-0.012399062696228036,0.011550455723161315
2021-05-14,-0.010891099663469461,-0.01836962288312194,-0.008583236969181396,-0.002971115767412824,-0.009536862047614392,-0.01005310240236612,-0.008285167168607721,-0.0076696300877306944,-0.00482420503670189,-0.012001564312751567,-0.013124180243170703
2021-05-21,0.008057876881426118,0.0019962898110543748,0.007155512139173537,0.008498119057845921,0.008080748125520065,0.011917000506842745,0.008076317629409191,0.006453333073643153,0.008597223281589628,0.011560990912881763,-0.003936754314273619
2021-05-28,0.013763691278404266,0.025971774666420533,0.01198878658568181,0.009296546518440474,0.01246052179321766,0.009419810371248394,0.011775131614737644,0.008622920379229404,0.0027256801842518996,0.013695862384543567,0.01229099897722373
2021-06-04,0.0009045795840776361,-0.007315714422394426,0.0024266392099578926,0.004599332659659172,0.001616265147854179,0.0014824481812403256,0.002534630927097048,0.004230709701011248,0.00412174839657764,0.003359360389598276,0.006094513191156215
2021-06-11,0.004753003514828658,0.007606939798356027,0.0028779994034207057,-0.005145427032083205,0.0030523771016504053,-0.00013109853352433198,0.0016275754052339497,0.005892308005481572,0.005259182003722218,0.014141482181738274,0.004046406860473438
2021-06-18,-0.025372705924877836,-0.02275145763351294,-0.024644021873385324,-0.02539282671518872,-0.02526945640291789,-0.029080711131348025,-0.023493003405279822,-0.025714256180679018,-0.02014497749835298,-0.01473877948197544,-0.018930658664937677
2021-06-25,0.018494902463428442,0.010701042026697083,0.01757578590320219,0.01160440227917725,0.01630485064554099,0.01358588230084612,0.015646427283518394,0.021752235299196565,0.02574271989832444,0.027242892158595877,0.028173887614821418
2021-07-02,0.00776340043131607,0.019694744154742816,0.0072588295934366,0.005161535977966203,0.007727292000534014,0.009587510781283948,0.009270115561391457,0.011608621414163522,0.016146168641316905,0.020544186307425383,0.016666374545371898
2021-07-09,-0.007896276576141004,-0.0050027786537123475,-0.00685725118769398,-0.010451656030120438,-0.007972048247056773,-0.014278419184293623,-0.007455262396137696,-0.006293730365319772,-0.00526735001657519,-0.0076041155851428455,0.004150085134487701
2021-07-16,-0.0077026827098829465,-0.0032536717386828506,-0.0029917997104402794,0.0036029596714042267,-0.004974463334811885,-0.01222535235383726,-0.002138117949211815,-0.005752684223006677,-0.0036551061787566397,-0.009633095501258793,-0.009597602439964416
2021-07-23,0.032530922090150405,0.021323154687795443,0.025297788856530445,0.0037556576430028965,0.024512287292949075,0.019763412641423228,0.02185430389367027,0.04074107901007973,0.03117646842565258,0.0692581317266141,0.01993775724416829
2021-07-30,-0.00180188890645816,-0.001956594064143058,-0.0020937532775792134,-0.012372626761061434,-0.003608790790166627,-0.008709972990107673,-0.004955680388973316,0.004082162043357984,0.006675986968301739,0.00024178669838526012,-0.0032504319189074955
2021-08-06,-0.012942102962421154,-0.021965505241238192,-0.012140028678740089,-0.02341829029624365,-0.014751606154965957,-0.02692522110691642,-0.0142636865075626,-0.008724950047780067,-0.0027432969041798483,0.0034169338449594466,0.009076234126809924
2021-08-13,0.001173734530873105,-0.004574686398338801,0.0035568095724392013,0.002283560734515744,0.0013873578717080726,-0.008754058101213213,0.0014274088118717554,0.00017761600893839713,0.005053805270293088,0.0004797256661825955,0.007751504959786935
2021-08-20,-0.008820381417644185,0.014742036627129584,-0.008740656615967679,-0.010377757544922095,-0.008321329446292491,-0.006595142256095254,-0.007565609818305674,-0.004739825884249926,-0.0023091693949142122,-0.002288128479298379,-0.005740902823273146
2021-08-27,0.01325337518523284,0.01125164610558782,0.011598178210261212,0.011854197875449168,0.013319989610808936,0.017794386505724846,0.012330245338530332,0.009981097806719852,0.010467980063995519,0.008956189138349613,0.015540417878922429
2021-09-03,0.0164457024083442,0.022186402718791465,0.01575907006292776,0.0206512542783448,0.017815511309975385,0.02453858016665489,0.017378072812607614,0.01057645420990605,0.01058443336804582,0.010120840774660023,0.006285358814644502
2021-09-10,-0.01083979317921735,-0.01387755186071793,-0.010563541697292789,-0.010342333937140569,-0.01077338110349857,-0.014372812209316965,-0.011162095256976312,-0.014990390604572745,-0.014980366599896433,-0.014946905834399948,-0.01686240124058627
2021-09-17,-0.013934732004021844,-0.011251832704753384,-0.013208276585252698,-0.012845938973660376,-0.014075064134001947,-0.01740358624487437,-0.013183673471165891,-0.012062422017415697,-0.012342302679339334,-0.009755370779821804,-0.005895014497835859
2021-09-24,0.0001329426762883834,-0.00797021198130976,-0.0023543582336482682,-0.008250635419902341,-0.002816927437008565,-0.004176630737503406,-0.004834430791751387,0.0007044486408465112,-0.0050112034308928965,0.0038702839670738953,0.005686342984493689
2021-10-01,-0.024289341093820527,-0.025327014133306958,-0.022111353526995337,-0.01474609415266015,-0.02305244561165498,-0.02039398763771083,-0.022213156049698868,-0.02074661474451467,-0.018742647848051575,-0.031106198231270032,-0.02178354996637517
2021-10-08,0.009872454737349656,0.019812856645123222,0.012391183986169008,0.02983494509089346,0.012902775972597258,0.02129209298287371,0.015014352778398354,0.010346378101605103,0.010530718856610388,0.008980173755366971,0.008336311479734989
2021-10-15,0.006894160375098046,0.019517706800081358,0.006657009519939416,0.004278367022765295,0.0066227523648469955,0.005513867649116877,0.005445862334075624,0.006182076957013338,0.014002894877730432,0.003412706669531751,0.01829359306115911
2021-10-22,-0.01214251703953484,0.01005208590098916,-0.0050132433404807,0.0006652855983895201,-0.006317726497555576,-0.017373714365481407,-0.004333486825364274,-0.017280192939794548,0.0007393012524354869,-0.02986298742829785,0.016260220762856818
2021-10-29,-0.010362799610275086,-0.0060002080563945626,-0.003909895892007742,0.00363472803690712,-0.007402014517828515,-0.02115725515251432,-0.001264545832285524,-0.005028571129416903,0.005105874796870857,0.010897789541950864,0.013528519252065486
2021-11-05,0.023239189232927115,0.015372039064472043,0.022968864981185666,0.01915989560434639,0.02241837239909894,0.020565688603769727,0.021685002094862238,0.025693168452584292,0.02388242746861735,0.0250685139595741,0.0202068158412862
2021-11-12,0.0027088484871091723,0.011465790428043077,0.0014584871107339303,0.0016297843611743357,0.002856277687155906,0.007474366288375833,0.0025156973363502644,-0.00029419375791595037,0.00021074515340746558,0.00354760151164224,-0.002689237215841978
2021-11-19,-0.010406879631621568,-0.0182688975683728,-0.0069116957197481455,-0.003061677250946526,-0.009354306093961373,-0.0198434022809868,-0.006616815120003894,-0.010879944194820745,-0.008493894223922549,-0.012677980218837037,0.003467152877926371
2021-11-26,-0.021741201338690175,-0.03262102859138083,-0.021582458325652865,-0.02111214771543335,-0.02207367881920952,-0.02120572585690672,-0.021982217036303875,-0.018613979992352148,-0.025203483174718544,-0.02602739457208425,-0.02115648069889793
2021-12-03,-0.014108353835981857,-0.017085244287717627,-0.011555181881767629,-0.002473176461305293,-0.011780977952171146,-0.010428412119567687,-0.010583829754373664,-0.013105133813485326,-0.010687700834226432,-0.018784709306423952,-0.012092241082629955
2021-12-10,0.04051179374680536,0.03454205594116533,0.040433498711557325,0.035557740615481004,0.0387061197280123,0.0316842172148486,0.03790209942369227,0.04146778543923002,0.042857957937277646,0.048716151225479676,0.038198551265921275
2021-12-17,-0.004313064728179716,-0.026912336027042794,-0.002737161521220166,-0.002947132543846931,-0.0035725667123813754,-0.0033716978162832145,-0.003066177928086722,0.0008086234873561082,-0.0018339899730552833,-0.01087910822103666,-0.019659253344831085
2021-12-24,0.0237593269120846,0.03316026400338257,0.022273976382406246,0.026105364520828456,0.023997388133795594,0.030265318183522183,0.023677002291710547,0.019694202217416024,0.021182320870265947,0.027242012839761687,0.02333269787440031
2021-12-31,0.007433068882085614,-0.005285077511591352,0.008906302730433913,0.0063668631825348765,0.00688750482144207,0.0016992480894801876,0.008218811690758665,0.012472536738675544,0.009563774671280889,0.009167860953714912,0.009264859016715693
2022-01-07,-0.022553849662092274,-0.04379899592800293,-0.019873221368911613,-0.014640569760091576,-0.02019801507750272,-0.018953830997709923,-0.02049055258227601,-0.021320103905957004,-0.027670805359743207,-0.021691626709209554,-0.018675379777063385
2022-01-14,0.0005585665437009002,-0.01139783661471705,0.001975543217046516,0.002540681362790398,0.0023928130378141343,0.0037512264322723254,0.00267867066888261,-0.004415584078245716,-0.0074437767083207484,-0.006740159160814163,-0.0029394932842994894
2022-01-21,-0.019792043986074814,-0.028758272915193617,-0.01890557750497912,-0.011101394868750725,-0.01576144124486334,-0.009002359167759821,-0.014126060729641177,-0.034193572843793096,-0.044938001109864345,-0.04440253586427123,-0.0575397071884922
2022-01-28,-0.005472175459023454,0.014378089842721486,-0.004067079315775102,-0.0009805940855019957,-0.004111751179585288,-0.004776186969852714,-0.003939686671014964,-0.002920870466165737,0.003161454322522239,0.004604258893067925,0.009064325363389707
2022-02-04,0.01487490688682147,0.024948853778395286,0.010781774825556534,0.014360721316736269,0.01376853035152692,0.025129480202747523,0.013006990746554647,0.006932417905226584,0.018775491172646985,-0.014477480335302828,0.015272979940659867
2022-02-11,-0.003799565816518413,-0.01642887698269846,-0.006142436073007462,-0.011015210359560101,-0.0055696087017793605,0.0009153841419888842,-0.008251606917708987,0.0011877311998091944,0.011390566402639468,-0.0036276509932481327,-0.01836402099298731
2022-02-18,-0.009343178101690164,-0.013170053834820394,-0.006507847997504146,0.0026381061982287957,-0.0065510295842313715,-0.002948666825054014,-0.005900205285960358,-0.008592758973685721,-0.003943007366626561,-0.008181656786682256,-0.014144259175804823
2022-02-25,-0.0014862912933039096,0.0070406452569531375,-0.0013531047121347894,-0.008676615138712318,-0.003096094989488596,-0.012175241757870214,-0.0017702617141102106,0.0028160815618150092,-0.0024502364576832747,-0.001965986107514639,0.008106095241950715
2022-03-04,-0.03754649236744978,-0.01827908686760582,-0.034756994398844054,-0.01693878191676801,-0.03269555811337377,-0.019817758159013876,-0.029694649162176012,-0.03288983741866092,-0.036746453324090766,-0.021433993714115473,-0.012746797870860884
2022-03-11,-0.04809941678282914,-0.037957980953107984,-0.0492961654998052,-0.050765314981401466,-0.04912930003533156,-0.05141687839790443,-0.05035546815994962,-0.04997615854217119,-0.05689228040874428,-0.05601118862989751,-0.02799826457409899
2022-03-18,0.06272385686892035,0.06119556509974844,0.06053864374372209,0.05362116597082034,0.059323471985955,0.05284504932139611,0.05678432178230164,0.06312136781467848,0.07512264634152355,0.06738826763625405,0.06149186800256172
2022-03-25,0.006755817985218071,0.0034559127755602326,0.008288088201133137,0.004496431237578591,0.007256558692361859,0.0026547140730746044,0.007010927008112455,0.012085261747691645,0.016633762224013804,0.007090812681406655,0.018379355186348843
2022-04-01,0.015083212820694136,0.009949464150273757,0.015332633303009713,0.015544584822495766,0.014280580390547026,0.011933469172751954,0.01430934712561549,0.0139136138668432,0.011568597284845383,0.019718635764845116,0.0005082597930362704
2022-04-08,-0.00899691967251226,-0.026368693046009972,-0.006656929072811124,-0.007783941922343662,-0.008893351786270043,-0.016838893074394456,-0.01019743515537408,-0.007804318897882578,-0.013774597035330016,-0.015552490779469852,-0.011812393497065518
2022-04-15,-0.007314335872305899,-0.03204722147142225,-0.006079769159887838,-0.009593913666066656,-0.008238460974992923,-0.011910309542026098,-0.008978137365853511,-0.0018864225482870811,-0.005609931461651008,-0.007669920615843373,-0.021851325394997474
2022-04-22,-0.01758257823184195,-0.02787498196839866,-0.01531947944250045,-0.017534181884988564,-0.01637779103915027,-0.019597194901357584,-0.014496476731097219,-0.015993661715698493,-0.017370244584117622,-0.016812275616738592,-0.026839287468361908
2022-04-29,-0.008170721381063895,0.004541896269673273,-0.009758421827136043,-0.010872844679082005,-0.008092123054405653,-0.009068147246004576,-0.011095756333389772,-0.018152340774208242,-0.02131905402763401,-0.010681832173386141,-0.032954681630288536
2022-05-06,-0.01702185300729442,-0.017891406591825865,-0.01508901420218367,-0.018238946398071554,-0.01517702949376698,-0.020778366486656097,-0.013662530001490314,-0.021119507552888273,-0.023923518598424898,-0.013591161085714898,-0.0016018349018408105
2022-05-13,-0.00020112834334795604,-0.007788649196717401,0.00034196148507414925,0.009490777409245643,0.001345762266682371,0.013408005199104123,0.0011241664566572496,0.002023455985966427,0.0036146171598594456,0.006414738050915192,-0.02338708415937269
2022-05-20,-0.023299572795386414,-0.027307328052203594,-0.026631223841764418,-0.028293725094231115,-0.022595477426404664,-0.01248403750370175,-0.022706181947970472,-0.03333797240040315,-0.025316219672064655,-0.03606762053303214,-0.030095721908089283
2022-05-27,0.03723964890693665,0.04867953833785643,0.04226723278482236,0.03904202148384428,0.039349027432501016,0.027498999579268935,0.03975502307908374,0.042508495092805854,0.03539754563124453,0.05356824165396157,0.06578061069316753
2022-06-03,-0.01448502867292667,-0.02077814504441755,-0.012652112180229436,-0.011102787780244872,-0.01433236848035313,-0.017591569342178093,-0.01233520599768223,-0.011349477414681952,-0.011293533311353188,-0.011702339569180653,-0.011366425270931593
2022-06-10,-0.02625716180962856,-0.019104136927315052,-0.02655424364003467,-0.012977186088906856,-0.023595899954397592,-0.007305734628092031,-0.02155178392439494,-0.03002921130510494,-0.038298984279752646,-0.028236943824877847,-0.05051882680686025
2022-06-17,-0.03714026805776105,-0.03778330938330232,-0.035143057852742854,-0.03441066704422813,-0.0369920711175894,-0.04096975820515325,-0.034321127679961205,-0.03045798317681192,-0.029117714161504882,-0.026419640479388273,-0.05736174653160981
2022-06-24,0.05671323258608285,0.06654116984547676,0.05594164561050152,0.05082792557819649,0.05533452380087289,0.052557791964745526,0.05498273553135946,0.055197156186559626,0.05393975413306262,0.05862655987452148,0.06620004644437831
2022-07-01,-0.016741801554419178,-0.021040573071298918,-0.015087016648637208,-0.008742200729020544,-0.015821669223167967,-0.01333747839173871,-0.01609096809485666,-0.011147348685326963,-0.023825719680100832,-0.009808995192145065,-0.02266186008312507
2022-07-08,0.0004426943657216409,0.03197174374004064,-0.0012344919963099832,-0.008624959964965817,-0.0018900142503207595,-0.01307825658760875,-0.003570291468667719,-0.0025445053532064943,-0.010714846810291445,-0.0018456119351554223,0.01948900577747274
2022-07-15,-0.008886120135224718,-0.019189175239089362,-0.0072416591120880724,0.001566509898117685,-0.007508957436219266,-0.004259106297814674,-0.005474034723889076,-0.004867445001021986,-0.009281982816771617,-0.011109262191257185,-0.00910794836788822
2022-07-22,0.010939112221246328,0.021674835685756122,0.009669381521906661,0.007989007637785095,0.012059434024624727,0.0166539962298502,0.011007175386162027,0.005273270340801384,0.00949359365887803,0.012636850806752031,0.025861501828393776
2022-07-29,0.015817340102173505,0.028261150994946194,0.020871346118927825,0.022004746873049985,0.016294391248935725,-0.0007085394938070033,0.02141531657949547,0.02012940383132067,0.014941920592056457,0.022327030061688236,0.042774977106529256
2022-08-05,-0.0005775176053165465,0.000880013899259513,-0.002336886728574905,-0.015192934204905084,-0.003492207967398575,-0.01330930197231539,-0.007281876191187697,-0.0035711712676770313,-0.010712529442976626,-0.009889029733407884,0.0035923277300646483
2022-08-12,0.015179036264265866,0.020097033338548398,0.01480448004895285,0.0133565285759214,0.014277154900414368,0.013282772511829632,0.013141373200900697,0.01931871355920811,0.027296446900221483,0.025755666898667373,0.032964815136939433
2022-08-19,-0.0013703348455553765,-0.0032529756834253076,-0.0003182455735900591,0.009050599335656884,0.0003658850355803267,0.006630984187927513,0.0010795012337412313,-0.0012846147242199235,-0.006292352431253034,-0.0068070891803272415,-0.011613081897844794
2022-08-26,-0.02539160267968099,-0.04170078360676144,-0.02626922370915874,-0.027505092979098533,-0.025965822903186275,-0.02368241067156074,-0.026826005043420587,-0.025820875330607618,-0.027015717759080737,-0.03261762110889621,-0.039868462125052455
2022-09-02,-0.023311559249936442,-0.03421019660341973,-0.023531900267318773,-0.026272459179232488,-0.024693145710728115,-0.029603477816401602,-0.025985599170410212,-0.024232869861535278,-0.02463518666000597,-0.022370733403155985,-0.03224694414068604
2022-09-09,0.01922285705384441,0.03288486222773823,0.019023017818111443,0.015310826655938303,0.017690467667974996,0.01455310353125805,0.016732386833606228,0.028518370668568327,0.028985695165258285,0.02724770296034218,0.036610407656894266
2022-09-16,-0.035753402289071756,-0.05013576560446964,-0.03517143252953503,-0.028921108478266455,-0.034846028374332705,-0.03060859188002507,-0.034562801487003525,-0.037432524127653743,-0.04209484709755229,-0.04371919886352804,-0.04785086179470497
2022-09-23,-0.041534086178334984,-0.03327189604548775,-0.03868713037627258,-0.028942020621153253,-0.039238627336773524,-0.04004517090123272,-0.03714186733695213,-0.03993941111560961,-0.04492146828423227,-0.033683577321990676,-0.045673940091663916
2022-09-30,-0.026413853489091976,-0.015759467224856438,-0.027244908884918817,-0.02559525133294893,-0.026289157644285188,-0.0247586318529307,-0.025751160805844053,-0.02920867216707479,-0.025152796041112202,-0.03348506473504975,-0.029270395481072714
2022-10-07,0.007395431834306354,0.015192321468080916,0.0065367302114713866,0.008149968049181888,0.008159446532066239,0.013617543595983772,0.009229613072380127,0.008668755499440017,0.01631271628708708,0.0064395825458498646,0.015706514426138695
2022-10-14,-0.003939716769062573,-0.017008141825009426,-0.0011553189809414555,0.008378441431670991,-0.0030513828452404246,-0.0035825502387524244,-0.0021440817214255503,0.006089629881921521,0.004021560829012172,0.010929385542570724,-0.014223252667704904
2022-10-21,0.016899567171026142,0.033933742905287945,0.017507156654120726,0.014341907356731909,0.016930609734953528,0.012199113645820603,0.015852709575617574,0.0168203664856017,0.006834173079320216,0.01968514222369455,0.046584645000424085
2022-10-28,0.04062736059256955,0.02649673439827671,0.03914477128074245,0.0362006803840329,0.03902886459621269,0.04490121988401108,0.03537002584727689,0.04694545981266662,0.04331101456143904,0.03286297303274144,0.0393544072476534
2022-11-04,-0.004427793770119259,-0.03589615951108638,-0.0055267182539737725,-0.0015736298813321392,-0.003989881413014262,0.0009831169110623428,-0.005635540363458036,-0.015189629525517945,-0.013540425422468028,-0.01813920680637582,-0.03256895365177223
2022-11-11,0.032566736353191184,0.06195758873488377,0.02970665865641431,0.02158987473703733,0.0314600616933276,0.0318712680545592,0.02856782627052956,0.024882942031039468,0.032765552172415724,0.03417911386825079,0.05888139583741184
2022-11-18,0.007675061463321864,-0.0066325640713205125,0.008398843552068547,0.009344918134505553,0.007103251106432618,0.005121118104671529,0.006183424096117163,0.009618529297884981,0.006814559992292413,0.006297496950284032,-0.006223200568663854
2022-11-25,0.01694124651124418,0.01387191716238867,0.018568695481533615,0.016541802616465873,0.01714081288085323,0.01335384361673042,0.01942523362133075,0.020575920276065807,0.020739362628591884,0.01801948526001529,0.015907820941845938
2022-12-02,0.03015516410350383,0.017369823623798686,0.030108007941129555,0.020224535098713137,0.028844732835001663,0.021596606410610564,0.027841841632446185,0.029380101140928927,0.03313110866069935,0.023628289205133823,0.011383635489050402
2022-12-09,-0.02845231532367376,-0.02646675279264621,-0.028724809794682726,-0.021389258074054895,-0.027241862128993377,-0.023169483256912926,-0.028604745969167733,-0.033937936926046075,-0.0376558667057495,-0.03394339134266444,-0.03349641060076564
2022-12-16,-0.02031415947170201,-0.02784212379478035,-0.018846258401208238,-0.026128591831562353,-0.020971343369871165,-0.031502146031738176,-0.021612545178347653,-0.019528361029084618,-0.023144767086602624,-0.02325167138733808,-0.020977311781969255
2022-12-23,0.00669510368648063,-0.0037349521732384927,0.00678172873806715,0.009186096698595492,0.007645190739781871,0.011446935380757584,0.007838424932349985,0.004472843921886183,0.004278645905939404,0.00227273915610704,-0.0009393185244104635
2022-12-30,-0.0020169843766049134,-0.00037046226272396954,-0.0033847650539629015,-0.0065633459413667605,-0.00266790253733451,-0.0015712077821450343,-0.0033419672299109804,-0.0044103343408192774,-0.004228371814386511,-0.004804782297150756,-0.001253685582223975
2023-01-06,0.009269883602245994,-0.00943655884495972,0.007619421418454981,0.01860440058667924,0.009711059489469974,0.020159708091036378,0.009315487738068262,0.00680597613097578,0.0022754258162707153,0.0077425597368976865,0.014773936908219801
2023-01-13,0.007246609680739313,0.017099311109885384,0.006141617738995908,-0.001687592148606587,0.0042671102489018065,-0.002169575221364295,0.002866049170777263,0.011354407742147465,0.01782887526360999,0.0005631550891409542,0.02685031151177367
2023-01-20,0.003679524794583555,0.003076568894921028,0.0015701647756642956,0.0038839073730385643,0.0035428181486409915,0.009438922735358624,0.0026620015709966083,0.0026521417383365,-0.00010349238510709569,-0.000187808232105513,-0.006574618273290044
2023-01-27,0.012808210256392671,0.01608888310326173,0.008510805337605065,0.0028284096544604065,0.009897642030544773,0.013186595219684571,0.008889264625083326,0.014196081060769972,0.01592729859505937,0.004944826309212447,0.024754821221808915
2023-02-03,0.01990868907792498,0.017420279240217384,0.017487210658508667,0.0006093154179052096,0.016839458655020456,0.011059847520189292,0.011798729725301937,0.024169830975708573,0.04354950345144415,0.01747388904992797,0.01644160977306013
2023-02-10,-0.01858306810965049,-0.003702751734753429,-0.0161712384795184,-0.009233502972767926,-0.017231039921167146,-0.016833589395271353,-0.013968778747628252,-0.017250006653975136,-0.01844142098524071,-0.010123571033193501,-0.01045213615919759
2023-02-17,0.00541975916575832,0.01016372422393319,0.0072293701231804786,0.009221886917152089,0.006626942713050532,0.003430605454369129,0.006584228976302509,0.0035227276960203557,-0.0020913583939533575,0.00452968962110778,-0.0019117222496983412
2023-02-24,-0.027621162356816664,-0.028181921530230913,-0.02626379635411702,-0.03486504498026499,-0.02874155306173265,-0.04076495441639161,-0.030532159593479435,-0.024201426518169256,-0.016953550529258066,-0.017341690761597417,-0.026715064442508867
2023-03-03,0.020469378135831384,0.0011612319288287765,0.01731470529123791,0.008108336652369985,0.01783337537639862,0.017037524198846743,0.015806540293431315,0.017889507839425445,0.011244912039420907,0.0006784613017065677,0.01970341412259711
2023-03-10,-0.027443991246166366,-0.013955806921346459,-0.02632865129787021,-0.02232122094094391,-0.026275258714237748,-0.025625721884691255,-0.026705253371174797,-0.029417490421135728,-0.031462061753252724,-0.022777320135569545,-0.045226385794640535
2023-03-17,0.025642145870138577,0.058061393053215005,0.024310252189103432,0.018287630749491024,0.024792438264203298,0.02245081650413927,0.025718064300995103,0.024762284062588735,0.022747733268446035,0.012590546095586408,0.014429319030522653
2023-03-24,0.02266504310642592,0.011478606904901323,0.02075089674675623,0.019786649335304052,0.02069983108864326,0.020747144653217697,0.01962829478203343,0.020263628071176765,0.01634041109847617,0.008218642013554156,0.014769571626821458
2023-03-31,0.02677560985025762,0.018246035224040336,0.02706135976703883,0.020203097196136666,0.026284305978059308,0.021560639141219973,0.026617215301184993,0.026691215739272023,0.03427108539492907,0.03309463883457786,0.034466222374190246
2023-04-07,-4.757985631598238e-06,0.0028236040712528165,0.0026416670315714263,0.008368942824123593,0.0019970642198738897,-0.0018135082816352899,0.002728425720095018,0.00011393033187601098,0.0005737689354416986,-0.0007199451712001093,-0.0004887364992658248
2023-04-14,0.008607365157553115,0.004087309981874343,0.007065314920643662,0.002336495761931623,0.0074758544205935085,0.008705729288638997,0.006176339538864983,0.011941417071819505,0.01819311693616177,0.01592257675999642,0.007991598293240072
2023-04-21,0.007166311793938673,0.014246230985578645,0.008398260122398415,0.006797963995604617,0.00834723616032873,0.006653239966695423,0.00870350841128631,0.00431090677574586,0.006596009060109598,0.01568713394275001,-0.000630327761185499
2023-04-28,0.019014517810885367,0.022754271216827382,0.018996594982881865,-0.002334725557678552,0.017237029536952386,0.00025089216407869763,0.011445630993433875,0.020127021575236714,0.04964141035294456,0.0391919780936123,0.00904882964854866
2023-05-05,-0.006414875377547924,0.007890035835123044,-0.0038738126243275106,0.0010730416109385743,-0.004645281035296156,-0.008182131535344972,-0.0014296560403876946,-0.009791850697256965,-0.015349236781038722,-0.0064931023343277605,-0.007933799692885149
2023-05-12,-0.005218762393242926,-0.00016578874137840316,-0.005428300264460395,-0.011627080241362608,-0.006557389751904896,-0.014557525651836767,-0.007393054420529843,-0.003339637168720322,-0.005333929459782505,-0.011217433354120288,-0.0025205032160667985
2023-05-19,0.015990965776067956,0.016678878846738243,0.010729256352934646,0.006150783424006656,0.0130216313389655,0.02287271301366456,0.011978754200546948,0.01938844615128188,0.017052651963342047,0.007676258441404071,0.017080160580870737
2023-05-26,-0.00923831044665313,-0.005243522144779522,-0.012010938361360135,-0.01848116798466115,-0.011252957109582185,-0.008902513396948697,-0.012670058925809635,-0.007977965821450939,-0.0028318495296518753,-0.016991450960469057,0.003344052570338251
2023-06-02,0.016742083470222324,0.01847594695543764,0.01485413381671341,0.009801750917031171,0.01581613123956238,0.01700928254992462,0.014347053108143992,0.01376266774806334,0.022362363844670385,0.013935232782505524,0.01880883295715205
2023-06-09,-0.01477738864705791,-0.014857049542677081,-0.014013968240075947,-0.011395241562712322,-0.014245169416007064,-0.01596533542813261,-0.014899511282252864,-0.01368214290394476,-0.012512453941800228,-0.011717770376397652,0.004627063166786558
2023-06-16,0.028636036376401997,0.018832829925038874,0.028169961014281153,0.02541316523977244,0.027671820430485328,0.025454452140717176,0.02910952471561923,0.02869251694128483,0.02216684819870962,0.01565371638743529,0.02603486866783968
2023-06-23,-0.010474955504910177,-0.02596305178450753,-0.011172223302041928,-0.0214015737933132,-0.012626105899447015,-0.02003739526494941,-0.01404273271145684,-0.0026832270896447463,0.0017255448966448927,-0.000824640976912483,-0.01422206928098625
2023-06-30,0.02087670861143409,0.030800077323968722,0.017972088047498502,0.0228562336628515,0.020245750435586185,0.030774546163107708,0.019332496751604644,0.017918995793771098,0.01582618200267394,0.015340312976839465,0.023245059978712783
2023-07-07,-0.009782800916822043,-0.0076414877636751255,-0.009791403424715295,-0.0051954320837909185,-0.00931001488423866,-0.005000625840764661,-0.009543989211379222,-0.007929533210647599,-0.0026454100987016727,-0.011211134829052893,-0.01067040795646738
2023-07-14,0.035709398234889944,0.016943669521805482,0.032631152873687785,0.027254236179497626,0.033782775711422186,0.03626573051503157,0.03369333247626671,0.03297528823758533,0.020020065782228702,0.01284943550893991,0.024466953458318768
2023-07-21,0.0004531441352988441,0.004902106207983037,0.0015616814320027483,-0.00014581659241885703,0.0009129423404379278,-0.0009829207910084792,0.002313575471017959,4.9925646828707926e-05,0.000781220268605276,0.007538682921702122,0.006454908497119019
2023-07-28,0.011410962781005507,0.01780369765240275,0.013878347428039062,0.021959246673490584,0.01604265132908922,0.018535326256025275,0.01623142653909415,0.004715706829409472,0.0087162405001735,-0.01358297827564936,0.01048266406234072
2023-08-04,-0.028884534977018594,-0.0209782899229477,-0.03025485928631133,-0.030370506400127284,-0.02982601083253056,-0.026044591616777413,-0.03017522022456476,-0.025917706869817647,-0.022176723967227696,-0.022759049716641666,-0.022126615358974932
2023-08-11,-0.009274681916144889,-0.015986153998393093,-0.0060347185441465,-0.008509895407336487,-0.008481421432024017,-0.019569016394536676,-0.006495890402601789,-0.006370448642647575,-0.011011441244947906,-0.0024886677027223802,-0.002596208231497235
2023-08-18,-0.027139320706667025,-0.017663390510063604,-0.025046612141815805,-0.01802082470172972,-0.02475913741492819,-0.02096446924685924,-0.02287269546734172,-0.02695197066441457,-0.0277400221836257,-0.016912022665470983,-0.02053158793867126
2023-08-25,0.0070496760176606,0.007456871632071094,0.006791970279419912,0.002780862918114746,0.006550715208823554,0.004132046630118236,0.005594531385438417,0.00702838140328188,0.004711797897292147,0.004488222674782882,0.007949438145169152
2023-09-01,0.01398440740152962,0.022467112923444166,0.008806919459447782,0.007909734799836254,0.011751371059182114,0.02271441735868751,0.009351114808807015,0.013842409221466845,0.01124054181009071,0.005606753141345955,0.025501796100396
2023-09-08,-0.015361300133370226,-0.006116528429140233,-0.01253636960971638,-0.008305406176961516,-0.01358340013031678,-0.018393606829855136,-0.012392027651519588,-0.011902575003117422,-0.009828441723446657,-0.010577824643930311,-0.012566751697516181
2023-09-15,-0.00017155326375628555,-0.025359380610082805,0.0008242874152557533,-0.0006736168905574491,-0.00039031566034164467,-0.003528739558736449,0.000266179323337834,0.004354783081158997,0.006922983749982459,0.007641714753160889,-0.001315656252524027
2023-09-22,-0.021656726509648894,-0.033302887590753394,-0.021602987220861403,-0.019627121137987813,-0.02142394515505397,-0.019054920534644415,-0.02090102044676112,-0.021365477504779906,-0.01741783751655701,-0.01797234931940961,-0.029208042739691686
2023-09-29,-0.012563434806494467,-0.012378933571292494,-0.015432707646651944,-0.019237383343583936,-0.013436662382870446,-0.006881821304341229,-0.014789864964274813,-0.01422364147832167,-0.01565537763917968,-0.020809752222806233,-0.006830523247606148
2023-10-06,-0.013385923245614162,-0.0015084525017150519,-0.014716359578784588,-0.021734814373572497,-0.013708693484922096,-0.014591417125576878,-0.017830940442140508,-0.015438285761661175,-0.005641654434614174,-0.021776739719054028,0.004818953808310735
2023-10-13,-0.01265421714795223,-0.02390294524872605,-0.012431326714303581,-0.014786791434763469,-0.01323780314001366,-0.0163539239335857,-0.014010935892993404,-0.011659735046154363,-0.01405071120667667,-0.014751592743755815,0.004562888696336157
2023-10-20,0.004806113192344474,0.0037556322402949593,0.005826182670986446,-0.0002141292448322174,0.0028791293997627587,-0.006412240023257465,0.003819447175598789,0.010380394623401568,0.007026927491964097,0.017356642708663994,-0.023893193799699407
2023-10-27,-0.020327979049274747,-0.011248979208568155,-0.018685749612039282,-0.01177105910879983,-0.01980295138654553,-0.021003938425594115,-0.015985243808661065,-0.021580290908386424,-0.019750220180364986,-0.01639601477965269,-0.024953197484879924
2023-11-03,0.06624324735020082,0.060678463324274956,0.06366367387099592,0.059070536405073204,0.06447377198632775,0.0694110448923031,0.06342069754050805,0.06717307310824161,0.061374069116790775,0.06444432384637055,0.05846387435472477
2023-11-10,0.011505208043560033,0.02084728820508963,0.007374904371056479,0.009079478075921354,0.01066526139693491,0.02275359374285535,0.010646251505282756,0.012341388040674861,0.014260562642245622,0.009013611413991374,0.013618932048176255
2023-11-17,0.021856865167254602,0.016524155647532623,0.019847164185051724,0.022510844994630297,0.0215844140533743,0.029848501280393736,0.020872981027699966,0.020441074614368837,0.02005770968700049,0.02179436313321581,0.02310437859363773
2023-11-24,0.01354507770793556,0.012935658987397902,0.013379578835434058,0.013497201690102045,0.012812278739523286,0.012724636214552554,0.012523966187830471,0.016619461275557912,0.01487023476211835,0.016780436144447686,0.01000467333369468
2023-12-01,0.0031373192246895165,-0.0013209224178363232,0.0010257251456238237,0.010288032455157747,0.0019183352912395257,0.013853837576452088,0.0035906392813565002,0.01059535110159171,0.004519737415502378,0.012783131900755862,0.008346284635996229
2023-12-08,-0.005742148307018469,0.0013185422540828995,-0.008875208158059533,-0.006654341792180385,-0.007542955805031837,0.00037720539341656867,-0.007773503913153013,-0.0025832582975071627,-0.002425553042662898,-0.007366115010907781,0.0023959919938334106
2023-12-15,0.016589454139603443,-0.008754896620470243,0.01361515195645846,0.01218985288105845,0.014080803018741372,0.02143863287984571,0.013968838569576647,0.01907263062995268,0.014691442520307296,0.014714230837968412,0.02397391560282333
2023-12-22,0.017122769523896242,0.0115954328205492,0.01683627949396249,0.0103812150400866,0.01600520911719494,0.010069186921160656,0.01574899990755818,0.022372586023103658,0.022196702646823274,0.01631055411772797,0.00920457943434423
2023-12-29,0.008257225056235384,0.013617989329669067,0.008582023490169455,0.019888035571410834,0.010306484516836356,0.01778748511135375,0.011391779919726508,0.00621711091608379,0.0088269001323793,0.01303824116729757,0.003504763153863305
2024-01-05,-0.016266413508923855,-0.018342884414296216,-0.016298052624113598,-0.02157775760730526,-0.016968620484616205,-0.021421207222465353,-0.018474600847430373,-0.013175991384246893,-0.016062157885067912,-0.007117966324154087,-0.01554778792675717
2024-01-12,0.020641955833386127,0.054554090828789814,0.019296998254555664,0.01866433451322269,0.02114581740012844,0.019821131448171547,0.01966890275151245,0.014264374391708579,0.015404715397788316,0.016042948480812225,0.01872121955902939
2024-01-19,-0.011470169646230488,0.004989290427672488,-0.010640051893573754,-0.009017826073574486,-0.011811983984081675,-0.01663848951159752,-0.011014522651663139,-0.004512493086443747,-0.0014511313418943406,-0.00785090555177248,0.01206256324423564
2024-01-26,0.006575050455693177,0.0029160498179314764,0.006452317690150089,0.0032015689374265133,0.006429679377589981,0.004805124389084092,0.005581678312083893,0.0029083394482893876,-0.0065339505616753835,-0.004566361925395501,0.010322673055226305
2024-02-02,0.017627882958931806,0.022795019458053734,0.015444292935229642,0.013309871122618278,0.0158977092293604,0.015190693467171279,0.012107651710790535,0.01963223881446874,0.03120391366359976,0.03804780431977495,0.014238488850956786
2024-02-09,-0.01589985628877799,0.0018160990715097025,-0.01000053070668594,-0.015522094032926925,-0.011663808604222337,-0.029587417616434575,-0.010935008967832838,-0.026539438000672377,-0.04139635301081279,-0.008783833588738799,0.013856782237046337
2024-02-16,-0.0011910471454927851,-0.004944619476416778,-0.002380308570080092,-0.007276263660126903,-0.0019933739476238888,-0.001266905648361294,-0.00344535047272021,-0.0059719158247132365,-0.004945013507137053,-0.009573668913843814,-0.003371953006051171
2024-02-23,0.005118010762036107,0.00030772995493433264,0.007581561117028901,0.0001584076905678522,0.004326137824399945,-0.010503486940333762,0.0037149446341715464,0.01092408234293174,0.009105450111464464,0.013673590477889963,0.01669633567034952
2024-03-01,0.0029018450356501635,0.010143143735855897,-0.0002932254231778897,-0.01371591062268085,0.00011610430211783651,-0.001867459531268767,-0.0016225186768189515,0.0069692962325000885,0.0065950411542108345,0.00013931747028261832,0.009845413354209184
2024-03-08,-0.0009017924503945673,-0.00581569524786385,-0.002996420854087245,-0.004839214863412211,-0.0030507973615713224,1.2390159786601629e-05,-0.004924826370766078,0.0044405082032346055,0.014928698359046866,0.011289316646555303,-0.00220340146729954
2024-03-15,0.0016342938856848122,0.0032237672546195917,0.003510583777935672,0.0036292881282464773,0.003019564818044884,0.0016647530093989449,0.0036821025320243894,0.0015364569843350218,-0.005896940645439885,0.004072566520957777,-0.0005978368516685722
2024-03-22,0.015590682869888184,0.035728738954645456,0.013300459812276566,0.021035717762397432,0.015690409271355676,0.025584248642090968,0.01602091026353647,0.016271174412855194,0.016357361774273382,0.011568670537320802,0.022321180209235788
2024-03-29,0.0029406689618054482,-0.02985205685482617,0.005534467356043793,0.009582716782801759,0.003437750809037965,0.0018049346032313895,0.007337144806048634,0.008825436037970258,0.010137009785320616,0.0006723344667860509,0.0035686475181881537
2024-04-05,-0.018044503876000206,-0.009509576740441394,-0.02005034292429908,-0.025452329389008654,-0.019162725027570437,-0.018132262907400887,-0.019893772464137705,-0.018172792622763945,-0.0069707533037287606,-0.018464251494271222,-0.008870900190284544
2024-04-12,-0.014225655765902179,-0.015326756024159893,-0.014040494579602547,-0.014823494986770047,-0.014525853420088275,-0.015063170951583382,-0.014518729238257144,-0.0121948102698336,-0.008037092627631748,-0.013919464874687648,-0.014620880520938418
2024-04-19,-0.0018533775684497211,-0.024803018799807175,0.0007660236203712589,0.009676407109060037,-0.0005133059709679921,0.0020193298704045404,0.0013430543566825826,-0.0004574896243320081,-0.008071392959925427,-0.0023754576016441487,-0.030713508624721265
2024-04-26,0.03302292444490651,0.04435721691784833,0.027512198332257265,0.03454643496971044,0.030983980177496484,0.050562285440688415,0.03212633777276719,0.029573232111564263,0.036188345920292964,0.014643843629803532,0.026456076337000756
2024-05-03,0.016732879329697026,0.012424283957825022,0.011456145511544946,0.012443003481340531,0.015294464707146238,0.03169034683865912,0.015029112116434762,0.01564851344270357,0.015521721506927655,0.013095549401832551,0.005961513310165733
2024-05-10,0.020269407508341386,0.01653887931058895,0.0209365988844874,0.01594191346530205,0.019918395703359737,0.013638894560108472,0.01848968879716928,0.020643147789320748,0.021318427555259367,0.02410162206404287,0.018678461946797422
2024-05-17,0.009292546992195172,0.012347989300180107,0.009150676644767985,0.01988301366422096,0.011298352625590313,0.018398355385246035,0.010539169351647892,0.0034239952095986848,0.0001855222964211034,0.0032019998644612357,0.016530646285953986
2024-05-24,-0.02381898203961863,-0.007837023326738746,-0.02365918315301463,-0.026983675020840203,-0.02396635460693164,-0.028811966604037287,-0.022862982953019362,-0.022624218085185666,-0.020706095794880697,-0.025062594563811436,-1.8705636268712134e-05
2024-05-31,0.0011869995919113752,0.007183739667572242,0.00021495225940881824,0.005493025312495403,0.0027970163467283538,0.014236700374103961,0.0027343089065459125,-0.0011758945473453464,0.00048291242975695425,-0.0012040064270730788,-0.003909551110792255
2024-06-07,0.010513334534259844,0.014646611551904387,0.009312237154878833,0.00940467213452889,0.010171135263106423,0.012561092784715289,0.009925376292069021,0.008388430443079464,0.016517869028764176,0.01199454104896347,0.012590521487443032
2024-06-14,-0.0156606142834268,-0.006549140598899328,-0.015925388292275855,-0.020617069788053333,-0.01725719020193439,-0.022348372535269334,-0.01796395710931553,-0.009454299810432776,-0.009019042430253199,-0.007193478184068569,0.016422748920640006
2024-06-21,0.006423618687684041,0.012074523051536667,0.007047637609739921,0.01191363491629338,0.007170287392701757,0.009199717482650138,0.007542172176236317,0.00871185739711744,-0.0005401342013762189,0.007714212068122617,0.0064238344977442345
2024-06-28,-0.0018564541067958018,-0.00371407369111032,-0.004176443681209507,-0.01007920153326003,-0.003214902694330113,-0.00167335109363842,-0.005053708311198002,-0.002116231837662519,-0.0011279767390895978,0.0012060778176086195,-0.000532648532290429
2024-07-05,0.009624732090264265,0.01688200608994994,0.009008257306849732,0.0030883944887403203,0.008953834121067539,0.0029007164984120593,0.005756338691796703,0.007360827110128865,-0.00015802375322082618,0.01615056156621497,0.019146646877064452
2024-07-12,0.014188581415330859,0.0018356455195511767,0.013055112892413012,0.017648792614744835,0.016162744046073874,0.029012034498901107,0.015984005193544704,0.005122179324182907,-0.007809543452872547,-0.0016372231482696398,0.009645974443597447
2024-07-19,-0.029734405848005685,-0.02739939565424787,-0.02408861045884536,-0.014916839572853391,-0.026886150720070945,-0.033875507434645735,-0.02616106945809349,-0.022121575915903358,-0.0432460120264101,-0.005301997579236883,-0.01964341321738011
2024-07-26,0.003349030246944773,-0.014507317059189506,0.00669915648418784,0.01280940654797691,0.006450436012815697,0.008847385755823556,0.009252086633586343,0.00688119544135235,0.005197870245102987,0.0031025091005267846,-0.008287808731459444
2024-08-02,-0.004789033093700379,-0.008977135394507396,0.002078474452201773,-0.0023465574647294485,-0.0031022556387063638,-0.024279988661145446,-0.0022271530602292477,0.0032928632974076333,-0.00014280736211813583,0.027038151475164307,-0.021195987660519434
2024-08-09,-0.0008348904775239419,0.016426054402157275,-0.0034830326217982766,0.006280941585467881,0.00043550950675119715,0.014821007527892283,-0.0013023158566416448,-0.007734930562276365,-0.0018687892809735596,-0.006439015649724489,0.00016848160554862971
2024-08-16,0.016363823439479397,0.022332704886480093,0.015928629311540377,0.020372009620426956,0.0172174705149577,0.022043612755466402,0.018331204510193988,0.015090329244135336,0.009541700639549733,0.009128480442230025,0.04000101751843192
2024-08-23,0.014136539070324972,0.018369853388544577,0.014589428529676152,0.02169324747151591,0.015298241084401587,0.017918367246534395,0.014963732901452031,0.011102705544270064,0.008019826424593424,0.012466755929420037,0.014107639394940337
2024-08-30,0.004710938132447717,0.013304732152920051,0.00466750726446441,0.001846018948108652,0.004703543019934475,0.0066305108376210065,0.00500918296290731,0.005773578078505315,0.005533783540223158,0.013087446579728601,0.0027573791959917575
2024-09-06,-0.014236707706376195,-0.010296668569342193,-0.011863786443442437,-0.006346426869686006,-0.012954265500140671,-0.01688335395105811,-0.012212608466950936,-0.010485289209477111,-0.009820683199134095,-0.00822812789986227,-0.041370877091901195
2024-09-13,0.014872534179369845,0.03446135361867331,0.015070248138604914,0.009600924432082047,0.013108432174767426,0.002596230145720524,0.012574457309505904,0.019483592400543204,0.019874432403447884,0.024292253536257524,0.04006558810820675
2024-09-20,0.0061240173881067506,0.008560681940006587,0.0021021097778000097,-0.0052386800838472025,0.0037318777274626402,0.007279766550101874,0.00333661086892878,0.0037579741977280534,0.0030224207395772584,-0.0007942324351434271,0.014204515450592679
2024-09-27,0.024183046226496696,0.005259993308160293,0.023487868110014798,0.02370458386960328,0.023405046606148616,0.024819869916138826,0.023480255133331296,0.019751554997141874,0.028297467812175015,0.011472842861131705,0.005666354299016056
2024-10-04,-0.006008801547518594,-0.021797147025733765,-0.00928696630075354,-0.011533163348272146,-0.00729786450130121,-0.0008923572908989819,-0.008928057892646502,-0.011261462686613988,-0.00796104530726549,-0.007819097212714232,0.0026425447082071432
2024-10-11,-0.007894507543737661,-0.00414418985579823,-0.006812142613870531,-0.005288286673335696,-0.008061767652482787,-0.012252857953092722,-0.0074221201785269475,-0.00012613948001982678,3.057067484246723e-05,-0.002583690411432249,0.011518758994444224
2024-10-18,0.0035985619012199876,0.011309245134038193,0.005405098241741513,0.005815040545640082,0.00436873704908991,-0.0004633421185811226,0.006409462226786733,0.005123395284937882,0.001900956536229348,0.004840645435865376,0.008644240991534127
2024-10-25,-0.007754898173939484,-0.013046296157443904,-0.010896823834606884,-0.028416285472357417,-0.010329588968369219,-0.012786959896982864,-0.015349023244675686,-0.00462691523267611,-0.003453909734159266,-0.0049949727602398575,-0.009493960868284607
2024-11-01,-0.003941970826250918,-0.023253409210208797,-0.008470878563328177,-0.007707677686837444,-0.00584529886670293,0.00836270109747761,-0.009744370479260689,-0.0006845650663156455,-0.0017003484401159064,-0.0033472250131272308,-0.013816017216826662
2024-11-08,0.012888354829122983,0.030271882229506497,0.010459479367750157,0.015391890849535184,0.01367278424299423,0.025716439966827043,0.014607136699420264,0.01439691066676585,0.018862382683840773,0.0048796047307180235,0.047544894033196075
2024-11-15,-0.0019336371210523229,0.02228897229878357,-0.0061063851237292965,-0.011922955411449165,-0.0020134076585459626,0.011102201010146251,-0.006451700324104359,-0.0029311484546609146,-0.024474399968495097,-0.007863652223263795,-0.02079594229579749
2024-11-22,0.014238703720408363,0.010233712533361805,0.01384105512038225,0.01535481299450936,0.013716995128262077,0.018620382735162533,0.01614665801830828,0.021953870091664385,0.029904882388695375,0.019763004785573912,0.016662187955503338
2024-11-29,0.017109308538022727,0.022468344219007008,0.017150182960194327,0.024105274927021414,0.018765368320029285,0.021826527067182466,0.01836902063354362,0.011602513202070286,0.014105283906501231,0.012272696790192272,0.011821952852767876
2024-12-06,0.013673466885047336,0.027064371238223695,0.010439812766424472,0.00487318222054367,0.011571476841002681,0.0123411968044711,0.008300172344926748,0.011661498861960773,0.008698768700623472,0.009869628935936792,0.008729557592492576
2024-12-13,-0.008519039609130807,-0.012848792796585351,-0.004035577422741521,-0.0037728584332179516,-0.007290304645702128,-0.019933639919664015,-0.004329576430060267,-0.0059835282026097225,-0.010008089745958126,-0.008238775367805373,-0.005922994512549882
2024-12-20,-0.02566582964088504,-0.02657928389549047,-0.02629180559095523,-0.02049185543902665,-0.024922597784949208,-0.01940836850795613,-0.024227608876713602,-0.02935865995803022,-0.03679609750621182,-0.027961832993016245,-0.01832206782070204
2024-12-27,-2.4291919026642184e-05,-0.0034189684454936087,-0.0002519865581289693,-0.0008415211960037805,0.0001428477328873079,0.0005018509695984275,0.00040433510228976566,-0.00045712516139961856,0.0019341060887190231,-0.0018728599683349723,0.00652977511924538
2025-01-03,-0.005911736663236968,-0.006142333395139826,-0.008783836694261615,-0.004796979179576289,-0.0070227676321751465,0.0010058404179295061,-0.008187474069905349,-0.002925947450437972,-0.0016649467876038997,-0.000937958626034779,-0.0051429596291284185
2025-01-10,-0.04649215506100357,-0.037839247340255455,-0.04685033292687357,-0.04496100309775586,-0.046784253030540235,-0.0492460180686366,-0.04737429996479414,-0.04646954120420077,-0.04894400676467525,-0.045166801898201325,-0.019359816495942445
2025-01-17,0.014431000878640576,0.024979709500497327,0.01855125017445558,0.028122541618788688,0.018734332059503922,0.02032814264204319,0.02245228753040629,0.01414999668906436,0.02709315549162228,0.023186098218198392,0.029440900727381383
2025-01-24,0.017713958426479604,0.0172772662353613,0.017425839287623424,0.015050322757187429,0.01787130455066066,0.014673668463459855,0.01527642569461829,0.012032505246430514,0.01260383898718298,0.01849444893857055,0.01738663490809265
2025-01-31,0.014936179540850025,0.01647333615596791,0.012166296356036721,0.017678370547023814,0.01502930200989172,0.029083792199559477,0.014385341114709016,0.016702609691857218,0.020178655018042724,0.022640188285571794,-0.010115568571230154
2025-02-07,0.009899187621030814,0.013218516849964113,0.006927028562966342,0.010343702302321622,0.011284818145295583,0.022343680317019166,0.008149030594952311,0.007470416514839151,0.021568089415733294,0.01733040317755319,-0.0017446415428518452
2025-02-14,0.019259263373718083,0.01292426453286577,0.01877700675806282,0.021496267843497785,0.0199781596297548,0.02190665457240648,0.02074791690148481,0.013700253784850958,0.019034843452722994,0.02175752477190973,0.014863998812897126
2025-02-21,0.011858239092587208,0.007923207289963319,0.015400249324719173,0.03461767682741512,0.016422297913685213,0.023503692460499215,0.021095533843289438,0.0037019344191748793,0.0015217340339019891,-0.017750595169435557,-0.016007638995941993
2025-02-28,0.0076586804201790315,-0.018045411668903277,0.008602175964073089,-0.008817786455691312,0.005275663730337277,-0.007872910933442556,0.004409932826863416,0.015497134371998511,0.0183671043427982,0.019690479384566473,-0.009601021195011637
2025-03-07,0.010538849434049036,-0.04511855435852341,0.014503314427827485,0.010691690281021904,0.011055101081567154,-0.0003631629365027367,0.01042660178845023,0.004518144662171153,-0.004870759612272013,-0.008641305068990301,-0.030731503758990024
2025-03-14,-0.026396726622175737,-0.015600527097154204,-0.02533061449315055,-0.014471363064456733,-0.02348629234864108,-0.013997069597708411,-0.02219924499872561,-0.027743971816620805,-0.026274953877976737,-0.027339107251111994,-0.022763483783801483
2025-03-21,0.002288364375844676,0.004899887938124792,0.0016164105156570852,0.0013340554378205027,0.001812542921935112,-0.0005811612010800937,0.004040835951268917,0.005896431364103227,0.007438272846670646,0.0034313107436247936,0.005093166427546331
2025-03-28,0.0016945624872983789,0.006530010274159226,0.00228018273815378,0.007220286361011352,0.0032089727953275027,0.010042352260513088,0.0027561559746958064,-0.0008169707274103821,-0.002697800502912906,-0.0043019133584056846,-0.014752228560717418
2025-04-04,-0.05261157665959926,-0.0546671784131979,-0.04610006394702659,-0.04255180966224503,-0.05096231709782928,-0.0646672366709593,-0.04586478392488713,-0.038694306853828686,-0.038589064587494004,-0.04150646276761427,-0.09066691810661702
2025-04-11,0.034375211917676785,0.06847616782347976,0.03436873336429458,0.03281462385514988,0.03523079982205979,0.03156465901191763,0.03659633902053727,0.031578847567104384,0.02993453674483626,0.031171246884686976,0.05672088730403146
2025-04-18,0.008175778154475566,0.0028130483305817133,0.007498841334332651,0.009224519210288884,0.009322800010705734,0.01398349649218189,0.008255919232245335,0.0028388883243315455,0.001706981161101906,0.003349825717496868,-0.014102611659151217
2025-04-25,0.02937676209728135,0.028723036286193437,0.02466411524935186,0.02389389637790207,0.028665359052570283,0.04129698880534538,0.027041004717195394,0.023725468476984757,0.024325228708135693,0.0413362621436828,0.04602881984931054
2025-05-02,0.025581672575602843,0.05701526480743868,0.023119455929533794,0.023273006968697274,0.025532874527295357,0.029982368875012932,0.023273560885098243,0.018459422063981323,0.02513728129270043,0.028511148204717784,0.02927504895735602
2025-05-09,-0.002896962253472579,0.004977746897578017,-0.004857378679830715,-0.018959695416647215,-0.005603308585270472,-0.010465108360537934,-0.00700782643366793,0.0026623158159591043,0.015662435848015743,0.008986711031516936,-0.004269864990186578
2025-05-16,0.013809177675706774,0.018847761224845216,0.014211876927170852,0.006578228271965081,0.011743092779001874,0.000820820266596689,0.01241375709925796,0.021983519923780115,0.016243386582827313,0.023906347030479447,0.05291129008819489
2025-05-23,-0.0031927326141708567,-0.0031264083438538037,-0.0032381423012672883,0.0007277790389588201,-0.0013130601616886395,0.004065791631309823,-0.002728056691988834,-0.006048884937865595,-0.004186861687927146,0.003516247408714035,-0.02539565678291603
2025-05-30,0.009438435474707463,0.016536948881422875,0.008826822471048379,0.013985826353100972,0.010372393559575865,0.020007265138485275,0.01050155888496751,0.011068581467818639,0.02074696530461151,0.019376044862994046,0.01775162221502326
2025-06-06,-0.0006192170470536995,0.013354599685638124,-0.0032474291149271473,-0.005486530506188636,-0.0019584711998402726,-0.001538546800031293,-0.005529445673685074,-0.0028743050284485427,0.0004328559094501916,0.004292016897444517,0.016542453261139928
2025-06-13,-0.00578417236306028,0.01408240667526206,-0.004629540461887904,0.0011201600128341038,-0.0037784150731674515,-0.0014479572104755256,-0.0034467624525325036,-0.008811487480534175,-0.009454233466497652,-0.01004045314719304,-0.0035716510451267993
2025-06-20,-0.005511062712870052,0.006548123018196739,-0.007016524937638824,0.0030702006569374163,-0.004313756826399118,0.005372266433786299,-0.0033379269399117506,-0.008420724698751991,-0.005257565653285057,-0.009456643077043858,-0.0016132839799686612
2025-06-27,0.018841110250856552,0.03657753122042284,0.01579202461774809,0.015909938643205113,0.017859747575011964,0.022941373571866652,0.01543198366311449,0.013338399183124405,0.009242047122905106,0.014950772911397792,0.0347141874200802
2025-07-04,0.007077933944758641,-0.0159987072767499,0.009945010640461716,0.0025407281428830863,0.005322073004037531,-0.007716110761670225,0.006872454920018978,0.01617849823717421,0.007580167435365048,0.0052363433027977635,0.016961889565717755
2025-07-11,-0.009050715162679857,-0.02337266398711091,-0.0071845630929987525,-0.012138045091594885,-0.009428125692845346,-0.016915038435804552,-0.009567012737731084,-0.00592873593768084,-0.008117804372827941,-0.005304901362581882,-0.002750636219700393
2025-07-18,0.01009157764402202,0.023778169014240236,0.007569375431079939,0.009457625276051651,0.008933272235145617,0.011675573419508423,0.007250444552269197,0.006655347042319848,0.007830521522936396,0.0034697882006198277,0.00635005832019424
2025-07-25,0.005173895891264602,-0.016511160974051364,0.006590945542171545,0.00740018830784539,0.005634226772989415,0.0021112014997632933,0.00718367549393184,0.000505284100256187,0.009544712604283578,-0.003809201259252548,0.015169246269441262
2025-08-01,-0.03049790383090467,-0.02206051034783363,-0.027735159934305864,-0.014070779719245752,-0.027775939665945826,-0.023835633121080058,-0.02625255110940994,-0.020383265633097114,-0.015527346680824894,-0.017466239043337994,-0.024140597106468153
2025-08-08,0.036500167579347265,0.05391791940120716,0.03833011911047279,0.04215466673233115,0.04015529289190334,0.038948172735556064,0.04043100283365564,0.027103649843161604,0.026250677024924896,0.030147803925278494,0.02486662041186611
2025-08-15,0.01536279630025117,0.021295313109179537,0.014338344326541241,0.019376238680444136,0.0159303592998965,0.024219456197322575,0.015381099274334176,0.01188783625951162,0.019298925743541195,0.011970752069247359,0.009824552703921293
2025-08-22,0.00576711405358199,-0.011326312128356886,0.00676722476570113,0.006297218788943404,0.006122158584309201,0.006602658938615225,0.005948487313816475,0.006548269458735767,0.0036738599814745143,0.008122743891070705,0.002906222857861717
2025-08-29,-0.018602233620545805,-0.026190142892106083,-0.020286306586129954,-0.03913124842352411,-0.021722946255823383,-0.03412839389555378,-0.027052085629573064,-0.016590487070745175,-0.015843198791824387,-0.00556604201079991,-0.00040298773230366085
2025-09-05,-0.005136328824366432,0.00025948284126298127,-0.0061120205516785875,-0.002856791509491474,-0.004958748436727944,-0.0017302177311032674,-0.004726971103751532,-0.003982721342783102,-0.0013031651279998835,0.001216286825248769,0.003395014484323472
2025-09-12,-0.00014614394594136826,0.006580747412982424,-0.0018621835597264491,0.0017418721249959912,0.0006550068138944098,0.005879494817682351,-0.0001835485017980254,-0.0038376470756863457,-0.0045039565599278575,-0.0003450634954934584,0.015712850491415686
2025-09-19,-0.0030229454429376856,0.005580801525182144,-0.006338227308986366,-0.015795979501873836,-0.006241584097602337,-0.0061050031408198535,-0.00835522921181131,-0.00027968555387580807,0.0013465043087945716,0.0047688886369701144,0.012366978360768211
2025-09-26,-0.002302454607105542,-0.015750693783546765,-0.003373751608908404,-0.005021330678420255,-0.002789470363612101,-0.0005699386252955296,-0.004072701208986951,-0.004336357380475886,-0.0057367400708301375,-0.004926325936335796,-0.002832528382077118
2025-10-03,0.0012486693241013924,-0.0021016455978881687,0.0016902951327442128,0.004348176779311208,0.0010292450804112452,0.00032710275267011646,0.002076388729757017,-0.0043531296834130595,-0.011559857223891967,-0.01802336729315157,0.011166094469648467
2025-10-10,-0.022439529034027128,-0.029481487041602805,-0.017514064128122175,-0.023068508307556246,-0.02215711676696297,-0.03844624228421212,-0.020870125217984703,-0.009754492368947432,-0.00790286767728099,-0.010742914160759343,-0.024192760049088415
2025-10-17,0.021277111099632595,0.031461215705931966,0.023314562516013826,0.029966781003840648,0.022818727869849065,0.021533759291623378,0.026627488224333584,0.022658961467257432,0.023611688017423305,0.02022863953337617,0.017411468502946014
2025-10-24,0.00020091286091283855,0.007224676029351951,-0.00129977156725114,-0.0046976551694928315,-0.0007878086209279767,-0.000862823912935573,-0.0025131355243761533,-0.0011720072009959726,-0.003652073378282994,0.003179530906645134,0.01935610322526378
2025-10-31,-0.0341292992114236,-0.028975489140827926,-0.03296996873209379,-0.023466368058416953,-0.03199789325516833,-0.03178077297863313,-0.027790361945942865,-0.03661417255192034,-0.03837385859242615,-0.0471980463516255,0.007102206382798917
2025-11-07,0.011884501508538259,0.013715288638738832,0.010898621611373338,-0.0009971139955273767,0.010271184959033341,0.005764105338921244,0.0073135662982728444,0.0178745920585337,0.009920087411288137,0.02762488529207019,-0.01625960509603448
2025-11-14,0.006958513129729393,-0.004665219042282676,0.008295972903107351,0.007934236134085282,0.006434436839131585,0.0014190944088969815,0.008350653431261623,0.01018723708117042,0.007455816373949986,0.003524405335063596,0.0014309111852752086
2025-11-21,-0.002507535065585653,-0.016329970362628954,-5.3018902415158387e-05,-0.0034606414523388196,-0.001428129412429091,-0.005156641895489256,-0.0011370818067921729,0.0005704297348909648,-0.010722179873451254,-0.0036786589133808167,-0.019198431571385097
2025-11-28,0.020482494946793883,0.02541538648188779,0.020279936992995573,0.01323140758632313,0.01938728692875369,0.014089329066334422,0.019139341145970823,0.02698543198428327,0.02372167563615446,0.030202830032412864,0.036963338748492156
2025-12-05,-0.012179648228089479,-0.010578180488539535,-0.013096708461084572,-0.014072616246656011,-0.013714273523674159,-0.013665897224188428,-0.012368282578202772,-0.006253984989735839,0.0021724485201854993,-0.005305034934472985,0.003365523720174765
2025-12-12,0.0034150860247683656,0.0007766554239445611,0.0054760155611845995,0.001714974390550461,0.0034660890529758515,-5.7980826880799086e-05,0.00448176597622485,0.008986459362452681,0.011581312204038907,0.010961075278633325,-0.005731449033452833
2025-12-19,-0.0028974038010705083,-0.001576961638370844,-0.004958825902412478,-0.019819340104973326,-0.005835245769231778,-0.011683688786048196,-0.00802510067240192,0.0016903200050175649,0.004176165633547946,0.009546926933406752,0.001233777335506613
2025-12-26,0.002660326267431623,0.007696116013434118,0.0011790304150314235,0.000644755641850292,0.0024243001069252923,0.005662836610275779,0.0014354068851027968,0.0014513204307613492,-0.0032160371958804834,0.0010562454608480376,0.014281667553504664
