,Equal Weight,Max Sharpe,Inverse Volatility,Minimum Variance,Risk Parity,Maximum Diversification,Hierarchical Risk Parity,Eligible Universe Equal Weight,Partitioning Selection,Density Selection,SPY
2016-01-01,10000.0,10000.0,10000.0,10000.0,10000.0,10000.0,10000.0,10000.0,10000.0,10000.0,10000.0
2016-01-01,9943.697729448088,9973.589977155632,9930.734241337945,9914.49733911803,9927.80190396591,9912.576249115255,9922.031325748512,9889.444914378164,9891.24388967857,9891.24388967857,9911.99984301243
2016-01-08,9472.095089434659,9730.962710091451,9499.684504434686,9494.206314435298,9467.330086438329,9376.246659809629,9474.666009648503,9434.080703871463,9427.438941260325,9427.438941260325,9330.9988765357
2016-01-15,9353.728792543268,9479.639922675988,9376.781400839453,9524.24329883715,9394.874959041244,9462.97584296212,9408.061556362169,9374.814991243891,9387.496573647033,9387.496573647033,9131.174114791178
2016-01-22,9607.919457524202,9770.016614555241,9623.456471137719,9700.621331584416,9617.112987987051,9609.615851356602,9637.116041086192,9552.963130561788,9562.17206693179,9562.17206693179,9262.931037137858
2016-01-29,9917.175910278886,10159.042366825695,9948.229100049937,9974.807959158692,9917.919867466311,9878.033083769318,9944.122806807838,9907.558065726793,9922.014977226083,9922.014977226083,9418.51416720426
2016-02-05,9514.683252264136,9574.229550471202,9559.49941411066,9626.190663250567,9534.170723898085,9517.509318738601,9570.442722660235,9554.3336133233,9535.614050484564,9535.614050484564,9137.976322860075
2016-02-12,9394.132607838204,9499.722412987498,9485.196628802976,9658.12885945291,9462.698989419847,9437.123206893195,9526.439360212813,9596.933694671085,9593.772067343834,9593.772067343836,9073.801493617057
2016-02-19,9673.10534917283,9683.12758295041,9719.658053879837,9811.136395488797,9707.374369612453,9707.634836082638,9751.564587443612,9841.480874583853,9841.798716598687,9841.798716598687,9334.888366789844
2016-02-26,9791.696638840636,10130.476866201394,9820.747457843097,9958.806147693373,9825.476939371272,9859.829364779176,9892.309166370556,10010.588461782489,10065.138791325378,10065.138791325378,9485.120367843703
2016-03-04,10003.11638075659,10194.836606189665,10025.25532369277,10149.188866748513,10034.094679455267,10091.533352528722,10098.36087166055,10163.45987102195,10143.101833008386,10143.101833008386,9744.749122158772
2016-03-11,10072.435137231752,10182.0211006143,10108.828897387944,10237.73610142953,10095.938331530482,10113.811449110868,10178.699346594438,10230.955349672768,10192.137093092242,10192.137093092242,9858.0300858231
2016-03-18,10142.584535287033,10325.787449485026,10179.133879284214,10266.353639449713,10149.245667206029,10116.989865615515,10231.26277948235,10196.047949521237,10134.845979056321,10134.845979056321,9988.04465733195
2016-03-25,10150.250043419426,10306.555902296808,10160.493814543976,10253.243027704673,10152.993391936681,10173.7170863833,10228.014878905351,10180.046131155897,10108.5387097391,10108.5387097391,9926.469274742945
2016-04-01,10380.36933312301,10631.656536727965,10407.846485581904,10501.041421818736,10395.461801368276,10398.053428348725,10483.850243259789,10487.582984051258,10409.952748624433,10409.952748624433,10112.17483487486
2016-04-08,10325.407910332235,10635.661492419822,10373.584804923003,10498.826309538139,10345.342769518355,10304.090162707933,10447.213772864854,10380.985908299459,10264.301618573072,10264.301618573072,9993.909691844137
2016-04-15,10364.324880354345,10515.507986120347,10393.574901080827,10522.459759702137,10376.879621833074,10357.587395994278,10475.5265439641,10314.015256350533,10206.78746672072,10206.78746672072,10154.205088949213
2016-04-22,10181.080942723378,10365.497051423215,10197.16013988992,10283.143923788757,10180.064117564858,10155.351471280792,10264.973266409053,10072.740984995187,9957.584798235275,9957.584798235273,10212.358248099674
2016-04-29,10122.389869131925,10475.398582160895,10169.029855633235,10223.989874146377,10123.764733537333,10049.332430064029,10183.833898914725,10141.628287995283,10049.07486236377,10049.07486236377,10083.342448409478
2016-05-06,10256.10201981292,10597.596015810595,10303.888486524831,10360.62114462779,10253.022830028189,10176.766786013754,10321.55058237039,10320.15525381238,10229.590485991583,10229.590485991583,10053.529769604023
2016-05-13,10356.689334397875,10767.756610616008,10377.900251869734,10365.350671259186,10334.416677466696,10259.064788009626,10383.445999794481,10422.552500570691,10371.03009783344,10371.03009783344,10006.613893382388
2016-05-20,10219.141679305401,10572.7622138261,10198.950943435219,10120.087678193306,10170.743413400018,10105.775015675517,10199.481211652093,10204.36338100895,10167.267277024448,10167.267277024448,10042.29160670003
2016-05-27,10460.217276023523,10799.166771098367,10430.650515901083,10234.069125923692,10384.681746024771,10253.530261343078,10400.98823140485,10400.7919920991,10347.246804232935,10347.246804232935,10274.426416784228
2016-06-03,10484.722865431211,10796.804746797601,10453.900377244656,10226.402776625386,10398.338447894972,10247.931371554241,10407.83363436221,10420.732425048245,10355.769798003477,10355.76979800348,10276.375561787152
2016-06-10,10487.633252598118,10884.180395852754,10453.436673779932,10262.190991690446,10407.796108854573,10265.99159900003,10431.312089918894,10439.574069702136,10355.714315961675,10355.714315961677,10266.115931272885
2016-06-17,10323.067622684788,10753.049921537237,10314.94063858307,10177.265455091132,10260.587349183501,10117.686438523113,10300.966729445736,10337.240928381483,10231.504280278576,10231.504280278576,10145.110545560852
2016-06-24,10218.063489530557,10685.999226540103,10213.990166680875,9997.70549632365,10139.52854454836,9950.485897030858,10171.00974103402,10231.702060538268,10144.238530977882,10144.23853097788,9983.987091820223
2016-07-01,10635.35104606858,11137.684701670216,10642.975357536618,10286.005501021078,10529.921369327281,10213.500020831929,10548.460743218846,10550.62453785883,10473.402043404076,10473.40204340408,10312.134232820494
2016-07-08,10813.888694677562,11321.262879145403,10781.566443289732,10411.59208700938,10685.036030576242,10391.777405465404,10699.05341284111,10750.90689050423,10671.12887509212,10671.128875092121,10446.242448823072
2016-07-15,11176.04543547087,11280.382163634613,11010.092899358095,10496.673289797343,10929.789712377802,10634.263407528075,10916.812156884314,10857.718190731204,10763.064237869208,10763.064237869212,10602.45740106198
2016-07-22,11266.764588540951,11611.171504124532,11129.989613481845,10792.916856367461,11084.125449347108,10903.229671222225,11104.720242703072,11070.607486207362,10999.357444515901,10999.357444515903,10671.72464661738
2016-07-29,11144.827600835619,11563.325617477192,11014.003315698217,10469.321401027588,10930.649068271798,10624.24676536864,10905.881709319961,10927.026626076073,10872.653237870696,10872.653237870698,10665.830572924564
2016-08-05,11112.477515643071,11498.1477053639,10966.180381104105,10400.91045449671,10878.243211920364,10565.768168416344,10867.786204430733,10919.976260127916,10876.723116062736,10876.723116062742,10717.901343695696
2016-08-12,11183.290349269057,11520.268318116867,11034.877136157553,10418.783732823713,10932.92943559705,10583.047975943779,10922.261724892673,10929.320449673694,10864.34417620333,10864.344176203333,10731.655355612495
2016-08-19,11222.112916757795,11547.012672304065,11055.468929465962,10371.474500891754,10955.02449524968,10569.453989445885,10919.620623816061,10867.44735895668,10800.109056820442,10800.109056820445,10735.582684798974
2016-08-26,11195.364578007971,11558.808261056249,11024.783022037607,10457.85590530837,10969.011496977959,10693.734032600281,10933.217076843628,10911.525431459353,10870.387306345718,10870.387306345723,10674.17801739307
2016-09-02,11349.971972375777,11702.116492087102,11165.90814240589,10562.231794905174,11100.129996516256,10795.294065665525,11071.046400953526,11000.417822334672,10945.153798804009,10945.153798804013,10727.234360355298
2016-09-09,11186.656912927572,11464.917289998917,10922.164245118702,10356.8673163761,10903.6822281076,10688.324407335285,10842.765022564567,10654.218805113167,10620.835744408345,10620.83574440835,10477.192055548969
2016-09-16,11242.250446381153,11597.47117667106,10985.736748960953,10382.116157044473,10951.876428386258,10669.050000695872,10894.974628710577,10742.069627816336,10703.830776707935,10703.830776707939,10534.555876971386
2016-09-23,11514.963581820419,11779.764314977701,11259.954538935548,10673.724587425064,11233.466374929934,10968.02126109686,11181.360028295718,10956.68773577824,10913.157920369076,10913.157920369082,10663.913107027782
2016-09-30,11439.128797326539,11713.326490893603,11190.166176870835,10635.146558145168,11172.939654991602,10930.658034801589,11108.085733064656,10881.82514190073,10813.755774924448,10813.755774924452,10679.222035071067
2016-10-07,11244.334390770526,11598.852149374017,10987.172084470832,10468.572843789578,10983.892134837099,10765.735809894046,10916.462767957622,10724.894388909881,10688.043415159367,10688.043415159374,10617.010430433704
2016-10-14,11122.141518106324,11490.9587165017,10889.033440176543,10370.139067045811,10862.520207630798,10607.963550772118,10815.777903689379,10646.504503408742,10567.407050687778,10567.407050687783,10522.21598515377
2016-10-21,11241.253887571962,11820.799346167829,11004.129867258636,10588.779060852206,11009.977234299049,10827.402442278028,10972.070541883448,10858.621326305718,10853.362789149596,10853.362789149602,10564.673907161045
2016-10-28,11123.869039502093,11798.684848281617,10912.089088855138,10470.99711636193,10891.81410716557,10646.649038899268,10857.316446357294,10794.117541083193,10772.900865735355,10772.900865735357,10493.579833151436
2016-11-04,10947.615301808926,11507.205489404154,10742.717038397705,10354.984435385144,10739.812064133897,10540.267160327327,10728.970571756676,10650.662757733337,10643.882933568333,10643.882933568337,10296.581551654946
2016-11-11,10677.378979118123,11080.852825451379,10478.559282623663,10217.307511521707,10500.225434642298,10402.00262271425,10528.16790653021,10482.34793625539,10454.322405180734,10454.322405180736,10685.145147944515
2016-11-18,10793.395859745662,11174.182891621207,10575.846767724574,10350.940341923664,10606.586894263037,10558.42493249064,10657.574841332313,10595.249355564487,10587.115240539517,10587.11524053952,10787.837370380767
2016-11-25,10934.346043270229,11452.071949244048,10715.485902804769,10426.980110438411,10732.776549474263,10626.70683959033,10786.764402482977,10828.514095343198,10843.58451747618,10843.584517476182,10936.94212324106
2016-12-02,10687.469128312805,11052.771360460587,10493.853309974063,10254.306586116085,10503.545816937558,10410.609268147251,10577.879120054386,10633.098863315841,10637.263551543101,10637.263551543103,10846.096126551703
2016-12-09,11004.07548705899,11338.026539644086,10796.247397454768,10412.966680181573,10779.572454139383,10618.553425875754,10850.618134775452,10907.49304751541,10889.407274780724,10889.407274780728,11183.31229166039
2016-12-16,10905.477229964208,11339.575049132234,10764.323197765498,10492.688044831042,10742.26163015907,10611.004073149476,10838.358263203218,10976.880961501356,10965.513991436446,10965.513991436448,11176.219691785187
2016-12-23,10898.698910136109,11333.0855268101,10768.64949052267,10571.328544408658,10766.240671973854,10699.611776383963,10863.115374535837,11013.575832001743,11027.843199085713,11027.843199085717,11209.492432961522
2016-12-30,10921.780990168261,11353.634114484472,10778.369605097729,10528.343726634508,10774.216045628307,10688.616476629912,10857.154024771187,10915.825330723941,10920.028769104863,10920.028769104865,11101.228207744902
2017-01-06,11069.888186405382,11309.604527039564,10915.922189843492,10669.188003195924,10926.836531814892,10837.67063469838,10992.466173961624,11130.317989703814,11114.04317786572,11102.620253427865,11283.992010881433
2017-01-13,11113.600567997537,11392.799281778978,10945.812567201923,10670.073234380097,10964.766220310668,10857.467846795938,11020.346616759265,11168.512585614533,11157.824291251163,11149.325889943451,11276.04407514039
2017-01-20,11202.422477390306,11667.181217042897,11058.81865123717,10804.993200407576,11060.418967576014,10939.820894144006,11153.74159791033,11312.750183951703,11377.612850436139,11362.966921513775,11260.649789505555
2017-01-27,11348.144000817634,11610.82561142973,11214.030808917656,10900.022677752055,11192.67747705883,10945.406508634254,11266.720643115339,11477.3723075413,11541.316410633757,11504.708206278709,11371.395544703324
2017-02-03,11343.81751774755,11534.00552130106,11215.207096361066,10831.48995967826,11159.682562972837,10824.759350157678,11232.95363868519,11461.029325057358,11531.139169985508,11476.614882981414,11389.772066191392
2017-02-10,11584.623348768966,12054.530616750733,11439.596771020317,11051.859741889339,11400.487847821209,11128.081891478925,11483.896981574448,11764.811590709372,11883.100607512235,11835.440303895488,11497.540865386954
2017-02-17,11716.310182333642,12052.643640016804,11568.259683627735,11170.483507231564,11535.995364666329,11220.440745439157,11588.58134619379,11856.201225579107,11906.655994769877,11884.966812947512,11675.336328710162
2017-02-24,11756.496426622993,12025.614857214672,11620.73547109859,11210.878148676984,11569.102991680242,11201.643841338866,11636.060966832185,11914.97877176275,11991.32338954194,11931.871442934647,11757.284016474203
2017-03-03,11804.996523731936,12028.74309828858,11670.046888748322,11197.756528135253,11603.645646728144,11213.752405063515,11674.12894647323,12016.2600673359,12154.414223998638,12057.942536721854,11840.717102326253
2017-03-10,11801.90581891794,12091.357852693187,11649.778819083456,11151.90139897698,11579.521156666282,11182.776750380657,11647.533541829416,11972.542582297741,12124.797945157106,12007.953894357222,11804.461245321514
2017-03-17,11993.466867594525,12358.977684472833,11823.650777903867,11295.310626021756,11750.627443362997,11365.96167677036,11810.630996127295,12011.64687302483,12190.97648975366,12046.287446904538,11822.891445294992
2017-03-24,12014.197148300767,12356.02137102408,11832.703847857218,11307.061093319702,11770.682196510856,11398.33493940657,11824.407342747627,12000.602567286689,12133.611946095207,12019.992940539867,11664.778386613058
2017-03-31,12068.387184356587,12333.382744807795,11882.265236989124,11409.4538351888,11847.025810107132,11492.368544988127,11887.676475070057,12116.327458133797,12178.04070736499,12138.829358714378,11758.552060695069
2017-04-07,12067.069773758474,12414.931263574472,11878.069693318193,11399.129474090007,11846.051934972149,11497.034633443134,11883.95165727398,12053.948606816097,12083.899979834314,12047.472671821934,11731.616020722373
2017-04-14,12083.311025472094,12390.259028177794,11897.544778385038,11507.200341223594,11886.879900915683,11581.997176972789,11918.194532881407,12049.796756337335,12030.090686745882,12041.205778610049,11597.438286681316
2017-04-21,12301.852766864797,12770.783314193137,12078.201040553822,11656.324972971484,12092.935007759559,11826.41743923303,12122.476945357785,12283.373236077477,12285.219482723505,12300.831276310751,11701.189119247825
2017-04-28,12541.106091560734,13057.328868493818,12288.343083872554,11769.646571598736,12296.11499890692,11982.381165756882,12307.429685489964,12420.206275980625,12547.057705756231,12437.084177994482,11875.267567450332
2017-05-05,12852.07605370686,13401.419904775456,12577.399674829503,11934.99124168848,12572.063132739708,12211.710996169226,12570.831569192413,12677.27592562462,12798.844192435628,12687.046197277281,11956.07304744291
2017-05-12,12952.853121146854,13501.143531269348,12656.57694688736,11972.506870228119,12662.666973771424,12283.562210616055,12641.13705106235,12724.923489735185,12841.419687600206,12756.775295675117,11920.160380754714
2017-05-19,13101.928774894688,13638.922232328741,12794.499742557815,12050.83286706271,12790.565142525686,12373.209347981334,12766.631163027236,12814.247870477979,12924.675366426343,12846.447411140081,11886.739803749715
2017-05-26,13470.711025612727,13991.539839093946,13124.745734871158,12270.904977684553,13107.847465572737,12638.856729106672,13063.550251196366,13225.120909033414,13410.03198387077,13276.564799238213,12056.328618631715
2017-06-02,13671.328445089623,14384.860404512361,13319.239719853364,12463.04517818512,13301.188016036738,12852.684937903647,13268.73995895765,13410.001247568352,13655.151558613885,13493.842471404765,12179.03411637339
2017-06-09,13365.628863967318,14154.35829355188,13012.190207284095,12230.215450474454,13002.54313306778,12628.8247015089,12976.361452664943,13061.281690937545,13308.65307499591,13138.227929090652,12141.122146097543
2017-06-16,13510.05155070458,14310.922421763442,13141.73455090759,12328.878788440292,13124.826620076812,12747.861299781409,13099.053961582495,13156.626031871472,13373.405370552167,13187.905877253308,12161.738204394844
2017-06-23,13608.374468279693,14524.153845888864,13197.510114339057,12217.09443180123,13147.42627011314,12730.359754052872,13139.36714800648,13200.613265487395,13472.424146459372,13161.104989317417,12186.300071357204
2017-06-30,13400.239616775456,14447.777318312048,13010.71880754323,12088.212818290658,12963.62515771376,12535.566163423728,12970.499965974634,12975.410383950217,13186.402066085066,12904.060614232834,12119.6357923565
2017-07-07,13283.165070411946,14251.936452748756,12931.685870134095,12019.899998923136,12863.252758333114,12367.715600829326,12884.958013564847,12988.542092195083,13265.416007163198,12955.13655976923,12135.173513944146
2017-07-14,13492.857357159462,14407.133744541818,13124.751458557246,12004.951925011655,13007.899838866939,12374.182494355398,13026.51224502793,13101.553862255609,13443.04887793552,13037.653471614914,12308.0974347228
2017-07-21,13692.415081308824,14800.452346632981,13286.471354303472,11890.45671974777,13108.538445655071,12365.189651206678,13150.466943171143,13172.938745229967,13633.46410754433,13066.83951731555,12374.257487950737
2017-07-28,13674.419854531883,14468.26633505265,13269.384687345906,11895.122891494406,13090.37234444971,12320.841815907554,13134.2072151535,13052.879001847678,13452.228942498314,12829.301353885592,12375.759605566987
2017-08-04,13743.84689116192,14660.613044694033,13307.378269626483,11866.76489784492,13133.228346992837,12344.128341288302,13155.853386322156,13056.960291403226,13449.950155373903,12835.366777187684,12400.822178401431
2017-08-11,13600.886611904863,14512.036498331772,13191.026778651172,11777.917144831343,12996.452254134407,12178.641853403396,13048.836269175947,12972.82013601866,13414.862766829361,12764.610680236887,12235.917471352644
2017-08-18,13744.082389868743,14746.859197135467,13320.678493459642,11843.269435428108,13115.53961226003,12280.366383099461,13179.881038133271,13030.260740851667,13508.451834384701,12824.42504729635,12165.247545375278
2017-08-25,13764.529643096894,14727.714618380156,13334.767225051864,11782.492582856732,13118.570232700115,12236.024304855671,13175.992615816956,13028.42476272656,13500.022477128663,12826.6163105586,12257.97228905391
2017-09-01,13920.395956848897,14798.257667515354,13490.113112217941,11858.930554502576,13258.756794848605,12300.456086054499,13311.234978553714,13251.430996336792,13760.511956252247,13075.915600867425,12422.376290230612
2017-09-08,13981.97592257542,14899.72340864635,13555.173748439172,11759.583657555708,13279.405848054968,12186.234319965239,13342.478130919348,13280.37882210222,13807.208883597248,13088.11191020979,12359.222232185515
2017-09-15,14140.130785072843,15231.938604271054,13654.940956172912,11818.344890346605,13411.026810164862,12387.428468999591,13453.424572558117,13349.662090760166,13877.90199053355,13192.619923658147,12552.02919194434
2017-09-22,14091.289401021553,15205.856131601033,13578.293942614646,11674.100525193508,13339.264932642252,12280.641104981389,13374.936611682433,13338.473321758342,13858.466004511267,13182.825863467935,12564.618116735237
2017-09-29,14075.086302008027,15216.681841379384,13561.918068521758,11650.473063178291,13324.2103330451,12279.217171671926,13351.082219918226,13300.494015683329,13885.923040834938,13193.016158664157,12654.784772592875
2017-10-06,14365.656031350249,15763.68702446769,13794.735740086959,11740.873687637708,13559.59602099585,12497.614738820466,13570.471696991704,13482.218745981201,14070.445652455439,13373.330951632883,12812.95062978505
2017-10-13,14592.267436573662,15944.273936668971,14014.204830320843,12017.414375842474,13798.144494318802,12791.4685694328,13798.658050617505,13634.185893964044,14195.834196706766,13522.556927334961,12842.161405573797
2017-10-20,14567.673565267183,15795.78933821084,14003.395209051358,11908.760784687373,13760.693029316393,12648.682323315725,13762.866384949415,13609.779462444316,14141.149809197808,13460.704709051659,12950.96505557001
2017-10-27,14494.356031254603,15784.799910690004,13941.396007260006,11645.245145785286,13625.989473519689,12337.66415504383,13660.618914159508,13548.481972139803,14269.56789347964,13424.3309765287,12981.190442730485
2017-11-03,14616.733707760339,15961.662520374039,14044.887948404554,11706.841594966523,13732.643147935429,12468.159852108298,13775.097801422873,13600.134014652942,14289.324048219212,13431.66197041694,13018.463551032462
2017-11-10,14829.059768464467,16263.630520481387,14220.579365220103,11832.681991247804,13930.748093845013,12720.678669450052,13955.236795063553,13752.247788948029,14471.140206437185,13616.097882957929,13000.329902691483
2017-11-17,14904.768244531338,16166.002701408837,14289.214133941487,11868.436356327638,13998.74753290967,12741.12188226876,13996.101616027345,13812.541870443758,14554.348512630997,13712.571953161374,12988.745909545436
2017-11-24,15138.371952498708,16500.82217297631,14479.302832648342,11937.102590554165,14175.560367709648,12881.441531719222,14157.76969476787,13865.798183307903,14628.09249146205,13713.045847940679,13114.672996386753
2017-12-01,14989.898406722488,16270.897293678348,14400.878232641971,12223.213242201653,14146.309886250736,13073.941781965113,14148.311246063762,13947.699501999641,14626.668866895554,13863.383477520683,13321.19260922936
2017-12-08,15105.4222203395,16248.848419622866,14550.474025062093,12369.302040108092,14285.513945048078,13191.279404659366,14290.373562051254,14085.692719836163,14821.146097812523,14088.720240545656,13374.086156785022
2017-12-15,15207.215242963668,16426.176493475075,14658.883513668725,12510.552349232486,14396.934271366881,13303.426130614804,14413.650513653452,14257.793915928747,15055.880006643838,14284.930685150812,13493.075519381167
2017-12-22,15233.92557217567,16497.01421659509,14687.557224647833,12455.921570421073,14402.12676890903,13280.027739599891,14425.526128155796,14185.437562698931,14978.166448018324,14218.230134307343,13543.703130872482
2017-12-29,15213.17460829755,16408.8436871749,14704.872178040556,12452.403423432617,14385.505007683394,13160.228323861904,14425.06118207843,14170.86548918481,14963.89478299064,14192.731178642916,13510.799979267807
2018-01-05,15556.704634666254,16917.631018507498,14956.415108198513,12598.213639478889,14683.198949434945,13493.73425757985,14621.529191869773,14472.924247374405,15331.968817584417,14607.069741416819,13842.919328188256
2018-01-12,15713.284496698829,17212.20527407252,15042.423174030124,12737.607338167374,14836.373175827826,13838.349524823234,14710.26779942651,14484.915222292393,15464.147092375304,14692.550323941296,14070.748419762609
2018-01-19,15937.217001988927,17338.344639481755,15248.311870209493,12892.811927024934,15045.113768233303,14013.397585116114,14903.67785694943,14734.74817545812,15748.899668434466,14995.962413235004,14196.815422656055
2018-01-26,16190.380905196034,17718.011875015716,15487.938176607367,13019.08642492712,15247.631470229646,14125.19913919617,15102.091084191257,14940.864557894269,15967.74662705277,15292.60863770884,14509.196048524318
2018-02-02,15828.555761513557,17252.278618510667,15174.246650285018,12774.226648786138,14931.530511657047,13889.556922175821,14778.116141094053,14686.077958625827,15418.598439210773,14813.502163705374,13945.698668166402
2018-02-09,14976.396412558035,16165.215882932858,14379.097811290032,12056.81792216935,14095.528737086843,13093.235915671166,14026.647143873159,13871.014837676283,14568.165956269646,13844.851543708957,13239.426196350465
2018-02-16,15640.928503908524,16850.7344778036,14930.257697262754,12556.851593480023,14739.758655559941,13895.553868119017,14571.126326245074,14322.929915595354,15129.56590613068,14386.801407110657,13827.224091045071
2018-02-23,15866.44237934677,17175.945825279014,15099.253067688443,12720.40645166122,14952.258423506548,14211.821314730267,14726.779054313623,14529.67583183216,15425.50379405615,14706.067073812397,13908.229325401378
2018-03-02,15469.21039520962,16676.778467242162,14736.11870170315,12443.624421056957,14595.1088334081,13800.139639878302,14371.251936733011,14162.747039433976,14996.68290392122,14286.543811942238,13623.193047984983
2018-03-09,16044.658082061345,17619.684503619515,15266.183604852271,12908.107657479264,15130.25035327599,14377.380942111111,14880.106872781014,14642.880523620483,15510.91639320603,14796.657587783608,14118.847862588733
2018-03-16,15860.126959296023,17405.636063310536,15088.409010564576,12815.07634810788,14962.008316382835,14248.615218419818,14709.504288255113,14418.452292914311,15262.410015036077,14622.629177058772,13938.00944512552
2018-03-23,15278.662616395151,16715.03894660092,14503.34127879402,12542.010199198441,14476.039688246785,14106.228600048658,14236.515719516536,13763.71159453205,14576.975201928437,13831.081059042017,13117.082368403917
2018-03-30,15557.57916139315,16747.24249174681,14811.094877753174,12790.297083790045,14749.024290050624,14287.392284347497,14547.272691756254,14073.99464226361,14940.34562548074,14136.27504867758,13376.32481361908
2018-04-06,15267.714569914386,16185.422528716286,14645.858501666917,12494.042503636962,14447.968986304324,13580.077743729502,14351.50275005006,14039.723366566803,14883.735252705415,14026.498415874896,13201.970053213
2018-04-13,15701.220521636727,16935.391474031385,14979.87896127656,12990.331829240613,14899.876395340047,14425.738658699493,14726.121468404277,14206.72295107129,15053.530820841732,14228.52692324156,13477.983065229853
2018-04-20,15328.989960250843,16685.487835092128,14578.259031000482,12486.51006347867,14489.649606872024,13924.802570109474,14267.364868691435,13990.795795807608,14872.516047257464,14137.688004688545,13552.198411169651
2018-04-27,15531.606331873207,16671.38460222537,14727.280911877531,12901.430195794761,14812.18043778084,14570.060454236278,14503.961549314034,14308.027722766674,15341.221830396376,14608.178499773803,13549.65968280241
2018-05-04,15532.988582218679,17096.777702625273,14692.209116984559,12828.587462022562,14784.971520277591,14531.64087262925,14438.04776501408,14282.049757391966,15314.372126644435,14597.196591616093,13522.208857354903
2018-05-11,15786.616971658314,17708.298761453145,14888.339649662916,12999.218879955983,15016.693156880536,14817.270005881312,14602.819296069414,14446.131582139787,15453.519724844211,14836.691095824977,13869.391621246037
2018-05-18,15778.285723458877,17717.515444492616,14873.535396835468,13043.845390319748,15039.815385893762,14946.504976891443,14629.513642432756,14401.131464963155,15421.566222557385,14744.135346923966,13792.121001513842
2018-05-25,16017.019179850296,17529.70673872242,15109.24459698613,13371.06366177469,15295.897640559659,15352.639631261218,14969.847948159964,14762.877321161941,15874.967762379232,14776.041944833243,13833.807185296479
2018-06-01,16146.385096266438,17756.94451047919,15198.661892034816,13384.011777324951,15391.241371981485,15442.534881059468,15034.271608376537,14920.259315891468,16013.543247033596,14972.84525097583,13907.511265662148
2018-06-08,16325.28237933486,18107.6224307781,15378.04229315366,13661.306464814965,15592.636951398137,15710.821216315851,15232.913182974986,15132.208768290906,16300.321782251543,15247.735057236912,14140.822602549466
2018-06-15,16490.445927770135,18263.03075687551,15577.11387854896,13839.230021861875,15769.69796425219,15808.709212991867,15430.847619582944,15393.514837745339,16589.45214405188,15554.518648924279,14150.20049794277
2018-06-22,16528.04326928296,18086.468169759577,15580.720069099869,13963.603774759486,15838.220303596541,16092.17503923639,15479.85526496321,15423.481670426536,16598.233479053466,15571.244159899525,14028.16906118179
2018-06-29,16216.63927989997,17627.15011086267,15320.909457783197,13597.381237072552,15497.192725862968,15576.292161778903,15194.355219664772,15131.381810169401,16215.038202335383,15160.401941735709,13851.501726027318
2018-07-06,16513.330576720935,17831.677883897773,15601.337133065439,13883.34305048568,15812.211010340628,15950.31531528567,15488.761668890578,15487.538086885506,16612.405181020415,15497.844086356996,14062.892001439306
2018-07-13,16837.024019870536,17923.97285968937,15942.997991836388,14035.17178821147,16096.442157488129,16079.173425055498,15751.741748465634,15972.61237650466,16891.681063622007,15818.035083158,14275.807273821982
2018-07-20,16985.941841329695,18156.618900844227,16076.530230130984,14147.789797255495,16225.809479772775,16208.866857844916,15878.306885995617,16013.870670312965,16876.280435238274,15883.799802860212,14280.406904038813
2018-07-27,16784.986608262567,17759.724765474104,15893.294280239854,14083.529675996122,16086.978235485029,16132.7085651619,15746.652335081102,15843.327521096959,16897.081572848063,15661.69252395997,14369.24919726467
2018-08-03,16915.65988938802,17707.307380523656,16018.730670059196,14269.999367856924,16223.056718822078,16346.069850200436,15906.386698858223,15998.156522909963,17082.07810473742,15812.305853426797,14480.556376621296
2018-08-10,16783.784490365182,17886.167250753224,15874.748092765156,14171.263680824302,16116.147317610086,16249.114933412611,15706.179691878417,15912.701010601662,17019.30256956852,16041.586489135389,14458.094130416035
2018-08-17,16558.45131086374,16966.069120036704,15738.549916139473,14075.723944763386,15943.584142142607,15904.689597665169,15591.752413572502,16016.631969487033,17187.711817086973,16076.593279403429,14555.10611312593
2018-08-24,16725.27939768981,17749.872921493854,15801.071388709315,14134.502754140878,16079.934058668357,16245.321517253427,15638.525634445477,16025.397015853494,17333.27925721209,16215.6934549866,14680.201623431012
2018-08-31,16543.54934735981,17696.918034154416,15629.746845142945,13926.657678131993,15852.002021805742,15975.1971591091,15456.916013480173,15872.158200658816,17210.464313457793,16108.778062716556,14823.169429451396
2018-09-07,16403.573779354687,17420.88239682358,15542.108780051234,14059.49793540612,15795.796778234699,16015.175330915801,15463.209252169843,15824.33652018326,17156.22396794741,15964.162872506988,14684.799493697505
2018-09-14,16689.033432220527,17909.182127820175,15791.412443133335,14335.101356859426,16082.074470190033,16433.213413587346,15709.418747282498,16001.353706541438,17208.827515039102,15919.658219140993,14852.275488194844
2018-09-21,16805.311517566624,18015.9658641179,15907.208097284529,14377.026597823864,16151.388185973046,16425.409673509123,15828.839193321051,16079.595102805146,17335.374528045977,15968.152440229907,14976.43998476941
2018-09-28,16727.29842350626,18106.27359172648,15823.399752327618,14251.070112151094,16047.35519270498,16270.700682477516,15723.881109170294,16037.351020048318,17357.472876491862,16051.708932105626,14911.305982590417
2018-10-05,16388.49601816819,17737.848693739747,15523.26585507956,13998.400322721469,15735.52218493889,15933.73145673725,15450.002741458084,15727.080183997077,16988.78712681802,15652.58363718947,14762.554979748713
2018-10-12,16044.625155791899,17507.51389989309,15204.039024580716,13790.703731034455,15427.235375940676,15701.691453980253,15157.552384416984,15406.057760065774,16565.7974822139,15228.303473158569,14153.733598252811
2018-10-19,16081.039254998117,17099.46399933053,15334.360211320134,14026.361071479969,15507.865637914954,15677.560090592746,15339.101191893391,15574.542792007227,16658.73972230157,15222.731914818241,14169.121724061455
2018-10-26,15761.158893316131,16595.50693504915,15071.355352663173,13950.532048776691,15263.66445491756,15465.144007541527,15116.299105691367,15406.981466917847,16499.758638385956,15029.09065299779,13609.026327713158
2018-11-02,16050.522923399563,16840.23661177267,15363.724840088878,14241.514532833704,15580.399307961066,15749.004432686195,15368.428969969003,15860.008989026735,16880.345100862567,15423.88143395577,13945.490994026135
2018-11-09,16176.110275721276,16101.09076660517,15564.33161057912,14663.655867651218,15776.266989016749,15955.337409154366,15645.638638093957,16203.952987361816,17198.089235127594,15669.81612037975,14246.570098778115
2018-11-16,15815.303491165954,15937.830153222556,15255.429742648399,14392.906462661416,15419.15545816776,15444.319063873572,15327.787598734812,15867.221469033037,16932.44885307047,15419.391291991591,14039.869211050367
2018-11-23,15381.713626689398,15259.043648895395,14836.969700277697,14046.399752319667,15010.124489825424,15077.437744956682,14937.360499409824,15427.44030640024,16514.525188252173,15012.896014087079,13502.340777952635
2018-11-30,15958.918283187324,15981.756381161225,15368.751745573456,14441.513411851789,15514.79539021867,15479.274814426666,15413.616095457603,16001.964623236205,17142.003963820298,15707.515632478146,14138.346352419348
2018-12-07,15422.658033174319,15417.179743549053,14861.697578450694,14097.853496266514,15039.359294065986,15114.38187492276,14938.321735495094,15434.688934234175,16497.141244741106,15091.965715189406,13518.753194859883
2018-12-14,15306.646225088278,15303.297941747227,14769.966870344524,13950.534690742606,14904.424230011959,14826.197624327575,14796.43685314099,15295.166403093473,16311.07537565267,14988.236262270108,13359.748721330106
2018-12-21,14425.71222331222,14611.097872158252,13941.682593717009,13086.015529022477,13999.249777481793,13781.650912644316,13950.494503807056,14296.542509952638,15166.096216826281,13892.673123569108,12417.82329869783
2018-12-28,14748.076869504766,14905.068753188769,14216.482344479526,13323.866393730577,14313.860820370302,14145.581849783764,14196.382071789774,14643.287921341685,15595.500095033918,14393.097163396882,12781.537276144243
2019-01-04,14993.4976344098,14944.384880698164,14422.120787159176,13434.188547640193,14528.827252182435,14364.749473418802,14409.419251883322,14872.553206066434,15809.538821105374,14540.538887299299,13020.916921808162
2019-01-11,15347.403124749204,15449.074007396286,14705.381746280573,13543.840894882338,14827.4816712516,14684.768185032075,14650.338863103489,15222.92486992261,16042.365575307569,14993.528699819659,13360.897088927768
2019-01-18,15747.960586334424,15942.760842755757,15021.5278854135,13758.185966487747,15167.80392014415,15054.162481584935,14945.769778610922,15492.505843247543,16368.928686147507,15293.340803576235,13746.790840549675
2019-01-25,15736.94966254521,15882.849401087915,15022.554213389141,13765.724201398754,15156.966604317926,15036.92409123009,14953.871708343713,15496.04170650197,16265.207920051304,15299.582654131156,13711.71591022391
2019-02-01,16140.874074806296,16118.366599049592,15421.235243789706,14140.815365017465,15564.573582856376,15391.895972255918,15346.130339271145,15920.820597888405,16568.739311490994,15528.443315005998,13932.517520085685
2019-02-08,16201.53080831963,16050.463803648468,15497.349370656184,14270.053096577107,15651.356927663765,15496.287879856312,15480.532088919485,16114.497692535779,16813.084741464994,15730.896364847635,13953.673883137744
2019-02-15,16328.061475691507,16070.101651242845,15587.06034971662,14299.452205422689,15766.696338631069,15678.450277140448,15593.850151651322,16247.58016055166,16995.36026458828,15915.203490275824,14309.645839033039
2019-02-22,16340.795805939475,16004.512752046927,15604.342553188548,14330.360523123762,15789.100453880494,15667.308751418188,15619.315410124616,16250.335670570868,17173.6723090608,15860.36838793272,14400.958222562827
2019-03-01,16500.67291184843,15860.823781258852,15766.616362591178,14311.867331365984,15919.167431571375,15686.82042286566,15766.680402885228,16463.20202646186,17317.10249301243,16015.745820698872,14466.99331931654
2019-03-08,16593.07256336977,16086.660051280838,15822.275571319264,14383.084503646955,16000.994556010646,15787.721217309252,15784.919541876865,16483.829476148454,17332.339095026986,15972.003582826786,14159.519434999658
2019-03-15,17098.867231752334,16906.763640355104,16267.15429513311,14845.442940226601,16487.478658535263,16350.493270872064,16225.505951777957,16850.245563497214,17900.082226082694,16434.477604171694,14576.837099964427
2019-03-22,17082.52060434538,16801.564414856304,16266.693737675105,14832.98576843352,16467.32844443993,16279.93918273346,16211.703816813995,16858.374063429314,18108.511299931568,16361.559987389555,14470.093471842638
2019-03-29,17374.45868600442,17059.700140521003,16528.681005786686,15083.366094641184,16745.50190765282,16603.831281978724,16486.03134776933,17135.476427681366,18262.38621941827,16618.454259870356,14637.464749294673
2019-04-05,17414.267065874,16962.42085622013,16591.657411452958,15116.946212112654,16773.76610857696,16611.169611494966,16537.584143857064,17117.58995992944,18226.181728767155,16575.633192455225,14953.032645230922
2019-04-12,17526.690687121696,17089.519395936426,16698.830998693757,15151.197998611233,16863.437774245394,16610.801342540064,16603.426536844083,17204.739114207852,18258.623034113054,16565.926358812856,15035.424720456125
2019-04-19,17615.718718294658,17093.62021726951,16786.755794488137,15195.50813537753,16925.919901548637,16635.912059444032,16699.84521794265,17226.341538888046,18202.768203012954,16571.46342027297,15028.168445199188
2019-04-26,17825.4459465408,17487.96315649271,17022.4820443382,15413.318115357393,17140.444005039117,16817.018266492763,16938.23636481595,17492.471391156145,18400.652300701266,16965.204035323222,15203.836128559835
2019-05-03,18206.201165975694,18261.68424888477,17256.93181053002,15697.949160929327,17489.362726677686,17380.379949400423,17194.655121225867,17670.24517540337,18497.863985380198,17152.06227755104,15235.955222287486
2019-05-10,17836.27858958396,17922.223778199983,16987.37166107343,15485.747210758287,17172.853484771036,16961.931487769023,16935.276926544793,17498.715507831406,18373.887655146264,17076.300617342044,14928.68021235917
2019-05-17,17852.350197548185,17948.289339823543,16997.706169248817,15566.161278306481,17206.43315107548,17035.82142213727,16994.33437672497,17591.63791125223,18556.10830878453,17172.322951791855,14811.574876603321
2019-05-24,17757.03236258797,17836.650812122658,16901.43096793535,15540.71145342391,17136.0195209907,17041.330737235367,16930.719005311137,17495.165531305833,18399.385355766386,17066.43688660704,14653.008630708517
2019-05-31,17351.103440963398,17703.48470789877,16487.413432900736,15193.761796774057,16728.64861142787,16669.28592630064,16474.477412930682,17073.49340235131,18038.816102680386,16796.186086414546,14263.86337083117
2019-06-07,18082.486608396484,18419.383186740477,17186.65584134247,15942.87212709561,17467.748738815266,17522.44131220629,17218.860096007294,17821.188691648636,18896.085594724533,17579.94924439212,14905.360870337725
2019-06-14,17881.491542729982,18129.536458847517,17032.430740543477,15820.46576666089,17289.606687133633,17277.054513580824,17078.28229962131,17778.822805341093,18867.951310063298,17448.201982377042,14988.78779636358
2019-06-21,18110.159871707187,18403.060792212076,17275.463603515196,15935.80115748375,17492.00677482571,17392.225337357766,17284.509442715367,18034.57377659624,18995.831921061075,17643.16754369472,15308.49685545277
2019-06-28,18124.341772441672,18315.10212081183,17260.09850913424,15951.866930638163,17496.056081195773,17475.416374840977,17288.791875037256,17939.96485846455,18961.413286254912,17579.357034668126,15256.428724607149
2019-07-05,18562.205624227438,18771.153888378503,17645.089014768262,16252.255490459358,17905.696740760177,17930.559148792883,17660.034608353264,18372.593366862267,19382.889246121365,18002.191701495834,15540.731102731248
2019-07-12,18582.15615064717,18777.249435669786,17648.28521528853,16184.480290562291,17891.670012281626,17827.160047109286,17631.686075789887,18359.62003041469,19417.991440089514,17930.337881453026,15654.758285340267
2019-07-19,18654.325340703577,18653.322948706013,17709.578896345425,16134.952506868747,17944.881022162535,17815.14550586647,17686.993519565614,18366.973225104626,19549.901303750103,17768.91889709756,15473.562597957784
2019-07-26,18656.88240075162,18238.076108226884,17831.80051463062,16076.869266460704,17945.303595230205,17572.447736019996,17785.367786165745,18702.514806259875,19900.223832103693,18133.76331786786,15725.580447022156
2019-08-02,18423.300541763245,17887.499730095988,17568.753505799454,15865.069194518044,17708.14773728775,17451.512024565945,17548.520979078185,18448.231811455815,19720.780928654647,17947.564761695947,15236.639842970239
2019-08-09,18388.43973772396,18137.779731437575,17530.80987961737,15930.20290457913,17676.02538379142,17467.921437184938,17514.805712205907,18372.431512090516,19761.948697594416,17963.93109109425,15184.575232025301
2019-08-16,18311.546764777202,17744.86513561048,17474.52486018429,15898.506435284153,17608.893491862236,17367.447338973194,17488.01644312778,18280.90566562652,19802.317353235172,17734.229799519606,15040.347301560587
2019-08-23,18086.532599729442,17551.635945045255,17264.956720303508,15733.384858588366,17394.736965033553,17143.714484629632,17267.184065539117,17991.720209891417,19493.58970598048,17419.473533082957,14832.06245852572
2019-08-30,18324.08455695548,17831.300510174387,17529.686460846533,16053.53173359085,17644.181318119045,17384.950713622493,17528.356002327124,18245.914585343136,19712.954185769053,17777.860982119688,15227.796092505503
2019-09-06,18388.912063184034,17762.74887966857,17617.127180416886,16159.660056289547,17709.9037284483,17468.632948369752,17605.089105915307,18353.620167426772,19886.145019928117,17892.97029146938,15519.382905092001
2019-09-13,18108.349049485896,17176.867531222444,17389.57145156799,15814.980383026528,17440.697371034774,17158.72624506001,17366.16766234718,18225.232609834646,19530.434012118247,17703.00443599067,15677.676358683917
2019-09-20,18097.982737812217,17164.176343904855,17356.658155069297,15721.916415445803,17406.069894593078,17140.3720986659,17331.675157951337,18275.63093726274,19643.475364578317,17858.461551485452,15603.082623420752
2019-09-27,17833.13066681816,16704.721797600127,17148.7311702473,15606.225258327975,17183.785350097936,16890.540170550532,17189.260210686938,18084.474293463765,19650.020796500656,17686.30722764075,15452.429114260167
2019-10-04,17934.42754493255,16891.598670045616,17249.061006552285,15743.980873607336,17293.44036893475,16980.585746119163,17292.27219840447,18209.53820195362,19755.72328604567,17681.897859224435,15397.50282406037
2019-10-11,17866.27942893702,16850.514031674003,17191.302631277744,15671.119578175554,17226.348887105793,16908.11174015431,17222.41083419045,18225.78952505552,19668.105681396482,17747.264043966577,15498.458855484987
2019-10-18,17859.53440314307,16634.400532373485,17190.027553298114,15612.811962596092,17214.15329239828,16852.290049758656,17227.15046153626,18290.886525519454,19761.09770418425,17735.016888254093,15586.868200926896
2019-10-25,17590.390244058573,16456.09961428141,16962.620527165673,15407.556965659278,16964.309862332695,16541.916961307023,16974.96088423146,18155.387137172933,19569.324626283265,17634.675961027155,15776.747483293064
2019-11-01,17693.084809322077,16651.192236548803,17000.788052967564,15406.49045231148,17038.360671768463,16690.782165783727,16988.103688138235,18037.199321431748,19418.625162634507,17489.328350994714,16014.240462191172
2019-11-08,17690.9519849457,16891.934529205962,16998.429731957644,15414.996924072726,17047.868800630553,16739.359365612938,16967.103443141954,18067.93315694191,19322.885331956248,17625.532154108194,16160.707049489944
2019-11-15,17790.52015163823,17148.558365851077,17105.97926521623,15424.935809436301,17129.275011645375,16701.84247712714,17028.53225727686,18255.056401240814,19482.759532573367,17785.74474110658,16309.788922995802
2019-11-22,17875.50698096868,17176.798501546313,17171.102754373474,15513.220632367344,17211.277749508827,16854.6584501546,17096.024925320333,18305.585964209447,19442.593272919457,17815.59671570209,16266.374467978067
2019-11-29,18217.828065999147,17512.540765262904,17480.194191721028,15801.1640602685,17538.833074844908,17223.524819015653,17419.26937257259,18663.821921581595,19873.17781283348,18264.406064145274,16441.618003306474
2019-12-06,18238.2017610842,17360.179193373984,17473.468697983568,15638.782966723482,17505.455005918488,17071.76860850725,17374.493744830557,18625.853469469414,20025.59471214596,18233.111962137384,16470.905336935066
2019-12-13,18428.91740387801,17550.84820502901,17625.566373885682,15753.16376120568,17665.37961160856,17272.928353118485,17501.609951452276,18722.843585142065,20192.44777131603,18425.21514943537,16599.070200635273
2019-12-20,18772.186269399477,17727.007198559575,17948.641345400294,15983.54836298183,17983.161509942103,17581.440010961283,17805.20631059145,19088.335824479178,20529.163053377488,18721.590142090037,16859.930040214043
2019-12-27,18901.468157661104,17903.958039389643,18078.844480279473,16121.291627894585,18113.143051530773,17707.032787863463,17925.572126650946,19208.79365896772,20683.502703428418,18830.174223298407,16971.898080923806
2020-01-03,18956.993195616702,17922.679391419133,18084.284645398824,16076.27525063215,18134.08275680058,17773.848401607196,17915.15611928968,19247.400532183776,20740.895666484015,18888.088749463812,16948.247868238202
2020-01-10,19177.531642420192,18033.921378376835,18268.865551111987,16103.488573747047,18289.352524358826,17840.84062399221,18029.032950465535,19476.778935871433,20918.47500512807,19037.711824862083,17121.713853721954
2020-01-17,19455.536286976712,18362.238816060562,18588.961134661695,16433.24014670149,18577.258176669962,18032.20670886381,18371.66413601557,19850.310601168057,21377.484183925244,19304.05720031011,17449.738678173508
2020-01-24,19283.340991960526,18206.02378089321,18432.665019671753,16313.311179039963,18418.14887790631,17852.974730744372,18221.650750469184,19630.075571443238,21169.353064862284,19086.403011259878,17282.57507486174
2020-01-31,18869.97113662239,18045.56590293418,18053.488848214372,16026.25978679817,18053.253155002574,17558.444356763266,17851.85890014832,19195.9091150978,21009.51353512467,18890.84191301093,16912.49975690691
2020-02-07,19083.061105577555,18429.687125387154,18309.328802833712,16113.584229180009,18248.514773134717,17520.642323768658,18114.695409572694,19282.170880965143,21364.945727757222,18944.26894725177,17462.883747272237
2020-02-14,19383.55446413346,18737.839308481452,18597.28411468644,16380.512694577275,18535.737098563604,17801.695265454997,18411.1380797843,19590.39698249323,21831.462731253276,19329.254587314714,17746.74085796
2020-02-21,19516.747924830313,18653.68110540127,18694.06699441461,16567.494068162527,18682.67950321393,18084.91305278378,18515.357273457073,19785.61556545737,22147.944369978934,19801.280599542075,17530.166648817885
2020-02-28,17631.87113888975,17037.37816423556,16835.397042557204,14914.694114788626,16867.11525155129,16441.063511872562,16637.271806982302,17792.18949509756,19917.339362515155,18102.413233763822,15573.608735055977
2020-03-06,17693.330862033625,17089.93084698235,16961.90813984903,15139.770482689319,16976.16570260928,16552.259296788015,16788.260221191365,17766.118877617777,20038.155545462534,17928.760045486033,15636.688875186741
2020-03-13,15762.040334655323,15498.925286097738,15116.428727861308,13308.707737791585,15084.535784609572,14584.235402781658,14810.2419298235,15857.202641389747,18162.828635318147,16085.617156537868,14157.44621349768
2020-03-20,14067.723688344882,14219.636979157804,13295.050375126833,11701.1650254327,13391.12911307527,13417.878794296237,12992.072207163896,13660.470660663179,15267.884643086749,14022.71008957181,12098.136238987914
2020-03-27,15674.04971244215,15621.097852123488,14815.686639450463,13040.96003638626,14904.775548157204,14827.83075223444,14515.136352643829,15282.200566825335,17008.179099449084,15588.998559830472,13399.957426801284
2020-04-03,15575.523266192873,15601.356890700496,14702.449414420029,12760.475209042574,14784.934025099048,14678.712238221844,14317.39692949868,15181.001490819694,16989.827821630184,15498.88470681326,13123.412029806204
2020-04-10,17151.92742345897,17085.984187187354,16268.748027680149,14352.32887378467,16350.65390027991,16241.113401286331,15991.47799158698,16978.365880395,18916.87693307343,17281.2955704806,14710.23781592983
2020-04-17,17479.528301897662,17631.167547038778,16606.076919098832,14545.82771534239,16648.75880420726,16437.139553669585,16263.381344406687,17252.511236780912,19567.75189370503,17688.588199160076,15156.51458378455
2020-04-24,17471.735445533017,17518.714967649557,16474.88931600453,14373.5434324631,16555.09778160557,16500.420616520303,16097.50465467394,17260.20188005411,19425.757126074597,17634.054580552285,14962.455419357933
2020-05-01,17511.29960327176,17423.80004740386,16487.358780276376,14282.66280177954,16553.330090600724,16398.96745058411,16111.08565378502,17391.639356740412,19378.161727107352,17720.593647048834,14952.942887763526
2020-05-08,18124.795595361426,18136.63558469808,17027.308444211307,14599.299325010468,17074.648880590386,16829.346031653382,16595.04043895686,17978.625620549676,20084.678916694455,18187.63156209958,15463.19121059685
2020-05-15,17770.51072213366,17937.08339325603,16695.70782253068,14263.84054603858,16735.383069937878,16497.38206810562,16231.556289572216,17639.35987196364,19877.682247861663,17861.311453686438,15137.477200943344
2020-05-22,18360.615269569316,18426.58691390469,17210.90295732852,14710.721905806933,17265.631297525375,17095.602188170295,16765.701366551042,18281.751943627343,20408.886420543327,18384.854239582884,15621.827854505305
2020-05-29,18727.23434375628,18650.787045065237,17561.28658134061,15054.309032214023,17624.454012418515,17416.206024006045,17118.900680668445,18635.58232330927,20782.641181443803,18651.55186461741,16091.36676599538
2020-06-05,19343.628606716917,19137.370182817893,18171.50525475008,15635.523265583244,18226.36131760509,17972.101990947707,17764.221676737645,19316.644018922358,21376.001878806932,19252.77042008857,16885.574276636264
2020-06-12,18844.052083085644,18948.057788152913,17650.017110511486,15143.043147193259,17716.4945997735,17553.39601715734,17197.25866424908,18639.827686198565,20476.016914324533,18632.98142929213,16085.558929869288
2020-06-19,19260.868466322074,19301.207879584585,17967.96027618357,15257.30841986154,18028.79266531419,17870.58080541182,17464.882889121545,19093.09663444657,20712.835475687945,18819.41756103867,16391.61781411181
2020-06-26,18808.175272192337,19079.476996796355,17467.96039427099,14735.730184535465,17551.275406174555,17470.99891408419,16927.045376527643,18443.7250142617,20206.013481716374,18250.47154629519,15935.403486655274
2020-07-03,19463.977133829325,19686.675474325584,18108.388771717233,15197.116405520559,18158.322779366546,17962.42465402172,17544.655658903885,19103.583059786943,20849.18765164563,18870.30768220152,16582.271474628124
2020-07-10,20138.620049674922,20344.630158488137,18645.536854448786,15514.695743825638,18709.61691852296,18545.493518998264,18004.138662839745,19745.666714726667,21414.29797016269,19481.158742274787,16866.943442323885
2020-07-17,20040.814091257118,20203.974431701434,18612.40841445487,15641.794154118094,18681.429915789813,18501.51364353733,18045.317608830497,19881.15004233151,21456.325274312934,19731.345565300948,17086.28253345209
2020-07-24,20111.6501925688,20416.583343482824,18749.113688494283,15932.08905301997,18831.650064728787,18707.25694652973,18224.006101451352,19855.478212170172,21555.26623315804,19905.15095918125,17041.67131220231
2020-07-31,20416.99563499073,20884.939260249823,18962.33080715717,15975.518374864541,19052.07651638117,18918.349796657785,18411.5646078086,20144.414673244417,21614.024206817074,20115.494043007344,17341.20254062917
2020-08-07,20754.529056611973,21510.8942003058,19178.33791489056,16012.912766991629,19293.745699516578,19316.312818257466,18536.769528297296,20244.588491849758,21909.25286529125,20123.317194425887,17768.734957374498
2020-08-14,20727.43364534851,21298.96340482736,19220.67474955004,16172.436522357,19329.90800718179,19350.020328127663,18617.96785490367,20350.07950902878,22080.798450387752,20207.768850743345,17889.289795799177
2020-08-21,21086.474501731038,21649.702985044747,19522.585391557346,16311.678304857613,19618.579522563574,19637.04839840758,18849.65980958603,20591.49169175545,22451.71875777135,20571.49518458633,18029.49975963484
2020-08-28,21605.03895796389,22365.372708096365,20034.340228356545,16607.13409852488,20082.425907051987,19934.68686052714,19340.11646809292,21164.933342615903,23090.287133145324,21080.438001499493,18619.010965986643
2020-09-04,21371.88975176299,22056.042940568583,19783.183055090027,16463.711113499186,19861.557125204534,19818.67332464198,19151.592598963445,20834.534033869364,22554.81022208775,20545.480627185763,18193.604569253534
2020-09-11,21361.756433253297,21713.363930570962,19679.604392499376,16365.426582957678,19799.08462851735,19841.01899048403,19033.982160790587,20732.401096801023,22283.034499787234,20514.07070006479,17741.649321622805
2020-09-18,21201.367668106064,21619.736001582205,19487.026177125812,16310.236324907588,19649.435994205654,19876.93353792573,18841.977963953173,20370.513120632895,21907.362435499832,20110.522432411624,17630.84284813826
2020-09-25,21128.69714135716,21633.083010909373,19387.592151183864,16097.7525212685,19538.64441095293,19728.19796287734,18678.521394386404,20360.269088612924,22089.54054981074,20091.509299987963,17528.459496986896
2020-10-02,21488.467595019247,21744.80031406328,19718.54499450205,16466.667354807232,19878.326063497574,20075.939821805703,19020.00339992413,20689.301373772585,22408.79659449281,20425.500161161624,17800.9367687682
2020-10-09,21995.740760148336,22505.484881528246,20165.910573275894,16718.00670824148,20322.029549667233,20456.565277275975,19446.023337068647,21145.61933785942,22686.224468800767,20791.565374593516,18494.65287487455
2020-10-16,22179.05522635548,22881.516626268934,20289.75481900284,16789.543417974917,20461.200701059282,20644.520216266723,19545.734764159384,21299.97493805646,22902.084063102702,21220.071102211747,18518.114772873636
2020-10-23,22750.61393493585,22661.769194468303,20531.302423240533,16767.58207269252,20732.164229237515,20963.876671346577,19700.810758610725,22057.820335064996,22795.000079348225,21210.361537603538,18437.598804712194
2020-10-30,21682.587493232582,21624.113861073132,19497.240546917885,15786.418332864965,19699.481538002496,19919.758449275098,18638.45038185216,20845.157629834444,21492.74954576911,20370.791197137918,17411.688551795887
2020-11-06,23147.733849869735,23110.187970909144,20780.541759850068,16682.880767644638,20965.591579140826,21139.521589975404,19845.345520542338,22412.217628823928,22784.588770644328,21570.15436241831,18671.151254796267
2020-11-13,23140.523070397652,22746.89336385588,21065.792210689422,17269.884928007734,21202.74824114872,21110.937215253787,20308.767601848525,22657.812008085162,23361.05668154186,21889.935542805666,19094.523148934903
2020-11-20,23327.462438145438,22817.98628953544,21128.393702256628,17348.598153804633,21316.9009154102,21410.7221501942,20359.122844862995,22866.734119203516,23338.096493209454,21880.617897611926,18946.82459639726
2020-11-27,23826.4461991797,23440.97875836217,21519.727876021905,17665.302791221035,21745.670770147506,21973.115241393498,20729.208203313516,23276.1069679965,23545.069568875082,22245.999185777873,19391.52708867174
2020-12-04,24176.724261178377,23430.542413459258,21799.040409199886,17777.564101664026,22017.81071016876,22166.02187855665,21002.4772061304,23726.96179227453,24009.53183810674,22432.183700992515,19721.053150764375
2020-12-11,24712.210729171416,23845.57061083505,22056.11024144579,17848.639804370265,22359.001654212603,22733.591692765902,21170.862888335887,24098.089980095487,24071.00248943555,22491.29965457721,19531.76169181218
2020-12-18,25362.971262534702,24649.220552565683,22621.702229079572,18329.968794021544,22954.606847148832,23497.94561895244,21728.50710230457,24656.39672530577,24647.037679892048,23030.88332085528,19769.237071206877
2020-12-25,25015.98864089447,24693.418515331876,22352.856474542154,18130.949283596216,22683.787704427938,23170.40410980554,21499.43727205484,24398.10373348663,24444.034876461963,23122.687957160702,19759.599583138242
2021-01-01,25118.481621741936,24704.26143732912,22477.0879828732,18273.260789577613,22790.762283427997,23233.132920033066,21581.270716664112,24477.55310887803,24626.990648037827,23243.59400887852,20020.91876975607
2021-01-08,25472.616853122516,24856.9806038997,22738.92153416259,18648.525032410806,23104.37217540291,23844.522939137692,21872.72145591834,24801.576937668295,24866.627149050444,23558.79180732017,20416.11209898109
2021-01-15,24931.83858734744,24578.21869740187,22231.333601285885,18446.66984877294,22661.97151416504,23657.603977633815,21454.594967066823,24056.297140207695,24121.93133091074,22847.197806974396,20118.379539802983
2021-01-22,25335.257713654755,25445.85347065528,22562.982449396295,18623.90885400319,23005.500482405176,23929.164236338347,21746.6201019591,24353.9191486634,24623.915135683983,23410.642955822903,20502.861811251212
2021-01-29,24714.459940027726,25164.940512782225,22047.407127135204,18202.0634948904,22449.432300168963,23267.9756693339,21279.324430309025,23820.729380267727,24051.18941385831,22848.849973805416,19816.903566249053
2021-02-05,25919.02245156787,26202.988433548362,23046.174897656067,18830.90184574511,23453.88735860448,24296.46329080684,22178.409926937653,25089.284979205713,25085.462688859185,24223.237056256567,20761.502353449676
2021-02-12,26219.03572868714,26846.934611620258,23289.25537689657,19146.965475399105,23754.787491478386,24914.387572232154,22450.598401131178,25400.26999522526,25385.646658095586,24346.235837602417,21025.496664586197
2021-02-19,25787.91123618146,26028.508150678874,22928.413642921303,18892.621670110067,23361.95787250392,24401.23277046907,22093.1925819889,24954.322269139477,24961.886189011497,24092.643497862184,20885.737248037898
2021-02-26,24846.337828687258,24855.418657153205,22089.985770399664,18122.36978336163,22474.88415974169,23417.047094916383,21243.912734092024,24196.74536216554,24232.47847993932,23502.80996068854,20367.915858886212
2021-03-05,24846.56525837011,24386.24718654337,22212.932172255973,18243.522459883654,22509.163007543193,23142.96743037944,21290.350762750146,24293.685137624834,24487.098062796736,23159.81329624752,20543.02387803834
2021-03-12,25534.46217804292,25087.638435001852,22739.418193856724,18632.51452532843,23082.79342652166,23960.125381895625,21850.338531081,25172.95236831886,24996.68435785562,23954.036938187197,21101.53883898021
2021-03-19,25719.818330944,24951.688290690254,22951.56229306846,18920.469717896172,23282.160378423643,24150.15277055427,22047.161037152324,25402.645736277354,25254.57655952587,24014.11137422429,20924.593431671827
2021-03-26,25991.13349841797,25634.334817690222,23252.48844290786,19234.25256077309,23587.937804353955,24413.766531896043,22350.682778392813,25693.0742195489,25530.67254745722,24091.868398608018,21273.808058231923
2021-04-02,26094.497180602357,25770.10757743043,23340.240104302833,19271.34628588914,23671.93762474455,24447.40715370641,22423.546960966007,25762.299127067028,25793.03553204603,24480.376652408893,21522.54535986022
2021-04-09,26717.671616748565,25773.398619695658,23908.26812262291,19455.777327112944,24146.070274662132,24554.902334207483,22925.07720925356,26587.260248711234,26698.254113089846,25679.044801486023,22107.063587093926
2021-04-16,27139.051516112253,26473.714303880373,24296.41239177743,19823.941783945993,24559.465379605645,25013.49991671842,23299.372706284455,26906.746520538734,27037.624764644912,25797.93713630965,22417.055960349127
2021-04-23,27019.75774108411,26202.140368511355,24222.393299231575,19768.835480143047,24450.320049641734,24806.17422291612,23207.8204838064,26771.523334705395,26935.82891972426,25743.867399412167,22389.123788483288
2021-04-30,27058.955071643726,25977.024106495635,24221.379692252016,19640.17167155329,24440.498369013265,24717.449732252964,23171.06842290246,26909.315817835737,26971.67638910281,25970.92759947021,22419.20661966612
2021-05-07,27058.419524410863,25547.96048141439,24322.662219652568,19801.573096567197,24491.885709676964,24630.3513244538,23268.899449168173,26964.210044408548,27189.03113744914,25648.91243988518,22678.15867307498
2021-05-14,26763.723580634538,25078.654081937904,24113.895046099933,19742.74033052041,24258.30997437784,24382.73988038281,23076.11272740229,26757.404527760064,27057.865676492813,25341.085367685766,22380.526431066315
2021-05-21,26979.382370135812,25128.718343556637,24286.442314825053,19910.516488377307,24454.335267231574,24673.30900389555,23262.482743440843,26930.078971363906,27290.48818923688,25634.05342534414,22292.4197970831
2021-05-28,27350.718259960388,25781.35575403144,24577.607288662966,20095.615531117684,24759.049044767566,24905.726895943462,23536.401539430422,27162.294898140335,27364.873332112846,25985.133893415692,22566.415906008893
2021-06-04,27375.45916130821,25592.74671791279,24637.248274196583,20188.04195194591,24799.066232832633,24942.648345482823,23596.057630684838,27277.210682667628,27477.664454892034,26072.427322935644,22703.94722542518
2021-06-11,27505.574814921954,25787.429201470524,24708.154260031646,20084.165855161536,24874.762334744042,24939.378400862515,23634.461993745022,27437.936409540318,27622.174493297516,26441.130089357604,22795.81663323797
2021-06-18,26807.683953848213,25200.727598516056,24099.24596599645,19574.17211188231,24246.190612393286,24214.12354179165,23079.217497644015,26732.390283636218,27065.72640967446,26051.420103716337,22364.276809565636
2021-06-25,27303.48945384505,25470.401643651123,24522.80915352341,19801.318679350446,24641.521129051678,24543.09377424858,23440.324795981407,27313.87952719583,27762.47182348339,26761.13613218016,22994.365430985094
2021-07-02,27515.457375647467,25972.03468754137,24700.816046321204,19903.523898125088,24831.93335815319,24778.40095041525,23657.6193156367,27630.956013979117,28210.729375445157,27310.92189867804,23377.598137691042
2021-07-09,27298.187714090334,25842.102346813066,24531.436346150556,19695.4991125546,24633.971987354296,24424.60455492872,23481.245555970694,27457.05422709112,28062.133589601806,27103.246491823684,23474.617160202302
2021-07-16,27087.918435573873,25758.02062873909,24458.043201993456,19766.461201565315,24511.431196912417,24126.00515814158,23431.039883377623,27299.102464428695,27959.56351172936,26842.158329973787,23249.317117268314
2021-07-23,27969.113399785878,26307.26288705712,25076.777614761388,19840.69726265209,25112.26244037249,24602.817353471037,23943.108949533667,28411.297354836246,28831.24396074782,28701.196067417746,23712.856358045097
2021-07-30,27918.716164627334,26255.79025264845,25024.273029439355,19595.215720742082,25021.63753895743,24388.527478841752,23824.454554061413,28527.276874500716,29023.720969709702,28708.135634854592,23635.779332850438
2021-08-06,27557.389265446112,25679.06855424105,24720.47763719734,19136.329270576225,24652.528196630417,23731.860984001833,23484.630003088612,28278.377808771507,28944.100285825716,28806.229435131012,23850.303199845006
2021-08-13,27589.734324807676,25561.594868603956,24808.40366869259,19180.02824070128,24686.730075681517,23524.110894097965,23518.15217089857,28283.400501377153,29090.378132394115,28820.04852273699,24035.178943391027
2021-08-20,27346.382344851405,25938.424836404767,24591.561931034237,18980.98255791452,24481.303661770075,23368.96603630323,23340.22300792601,28149.342107586115,29023.20352152431,28754.104548937357,23897.19531673704
2021-08-27,27708.814210026547,26230.27481320038,24876.779248779047,19205.986881026492,24807.394372203908,23784.802450192365,23628.013683869747,28430.30344435675,29327.01783738091,29011.631747781517,24268.567718093364
2021-09-03,28164.505122612743,26812.230253630616,25268.81415590054,19602.614599773122,25249.350787212927,24368.44773186446,24038.623026085326,28730.995246909722,29637.427703564157,29305.253853313887,24421.10437411908
2021-09-10,27859.207712088617,26440.142137784347,25001.885983923545,19399.877813541203,24977.32990856636,24018.204608781816,23770.30162602162,28300.306405700423,29193.44817148684,28867.23098351522,24009.30591342445
2021-09-17,27470.997118776282,26142.642081760096,24671.65415869493,19150.668167051983,24625.772388207162,23600.201713425842,23456.921731073027,27958.93616661269,28833.133797900744,28585.620441884268,23867.770706981835
2021-09-24,27474.649186653565,25934.279682616958,24613.568246588686,18992.662985958108,24556.40337430929,23501.632385538265,23343.520866376628,27978.631801194777,28688.64509888931,28696.254910369353,24003.491037496988
2021-10-01,26807.308061125877,25277.44181455818,24069.328937527538,18712.595389357426,23990.318221105164,23022.340385201576,22824.987594622402,27398.16990613676,28150.943926563094,27803.623516632346,23480.60979111423
2021-10-08,27071.961996589533,25778.260145585467,24367.576420816065,19270.88464530701,24299.8599226234,23512.53419736666,23167.690010530627,27681.641731277672,28447.393602601933,28053.304886840517,23676.351468067078
2021-10-15,27258.600444262578,26281.39266892323,24529.79160902729,19353.332562673007,24460.791877391406,23642.179199026268,23293.858060926515,27852.771770756903,28845.73946476459,28149.042587530243,24109.477006996873
2021-10-22,26927.612423894247,26545.575485628873,24406.817794599952,19366.208056107796,24306.25528439642,23231.42673064486,23192.914433907586,27371.47050065016,28867.06515607832,27308.428082620205,24501.502425607665
2021-10-29,26648.566972362274,26386.29650973837,24311.389677967865,19436.59895549791,24126.34002990727,22739.913507747668,23163.58593062163,27233.831114320903,29014.456776518367,27606.029584586096,24832.971472877027
2021-11-05,27267.858063019332,26791.90769045281,24869.7947049861,19809.002162388795,24667.213305325018,23207.575487824663,23665.888340051682,27933.554524750383,29707.3924360249,28298.071722595712,25334.766754221368
2021-11-12,27341.72255908005,27099.09808919902,24906.06698000992,19841.286564323527,24737.669716293334,23381.037407685795,23725.424552311113,27925.336647372795,29713.65312500117,28398.462004615354,25266.63555661124
2021-11-19,27057.180543486513,26604.027442012153,24733.923823468427,19780.538948620026,24506.26598171581,22917.078076658287,23568.437804404868,27621.510543027798,29461.268498351084,28038.426865075446,25354.238844796862
2021-11-26,26468.924933633283,25736.176702180393,24200.104943318547,19362.929288445877,23965.322537377295,22431.104801523346,23050.35128938181,27107.364298421337,28718.74191344703,27308.6596658776,24817.832380041666
2021-12-03,26095.49197501154,25296.467836191776,23920.468329140636,19315.041347507773,23682.987600947785,22197.183996355845,22806.390295556488,26752.11866195963,28411.80459154075,26795.674432506024,24517.729167753903
2021-12-10,27152.66716362462,26170.259843303404,24887.656554506793,20001.840577719748,24599.6641545471,22900.484395654345,23670.8003680342,27861.46977867859,29629.476517647152,28101.05656034871,25454.270902292326
2021-12-17,27035.555952605187,25465.957016485398,24819.535018632454,19942.89250241631,24511.7802132528,22823.270882425688,23598.221482405588,27883.999217533892,29575.136354806913,27795.342124903204,24953.8589419162
2021-12-24,27677.90256473309,26310.414874250844,25372.364755459777,20463.508980791587,25099.99891688052,23514.024437671018,24156.9566265248,28433.152336754276,30201.6063828563,28552.543191955385,25536.099793408335
2021-12-31,27883.634321008405,26171.362292278303,25598.338716958893,20593.797342706857,25272.875280438726,23553.98059877272,24355.498104060032,28787.7858738708,30490.447741012656,28814.308937814174,25772.688157831046
2022-01-07,27254.751024499623,25025.082901808517,25089.61726496039,20292.29241608577,24762.413364472573,23107.542431180245,23856.440489491266,28174.027287817433,29646.752496239675,28189.27970445127,25291.37341860773
2022-01-14,27269.974616578806,24739.85109562395,25139.182888166477,20343.84866523561,24821.665190018826,23194.224055132945,23920.34403689441,28049.622501505284,29426.068690530814,27999.27947261456,25217.02959629302
2022-01-21,26730.246079468336,24028.375705934744,24663.912117662403,20118.003568052725,24430.439972526674,22985.421319571145,23582.443804355335,27090.505691259164,28103.7199830568,26756.040461658034,23766.049097158775
2022-01-28,26583.973482858608,24373.857850609344,24563.60203084256,20098.275972741787,24329.98808215185,22875.638649768036,23489.536364829357,27011.377833272072,28192.56861007619,26879.23219889691,23981.472298777717
2022-02-04,26979.407613097865,24981.957666139588,24828.44125684369,20386.901712933184,24664.976261513246,23450.491558342586,23795.06454696755,27198.631992608287,28721.897933148917,26490.08864330934,24347.74084414444
2022-02-11,26876.89757818122,24571.5321568556,24675.934143631104,20162.33570198555,24527.60199509794,23471.95776643694,23598.717027744464,27230.93665641804,29049.056618766284,26393.991846931207,23900.618420150757
2022-02-18,26625.781937287386,24247.92375554579,24515.34691502793,20215.52608477173,24366.920948797804,23402.746783251976,23459.47975279548,26996.947781101735,28934.51597452494,26178.045264409127,23562.561878754128
2022-02-25,26586.208269416587,24418.644784926237,24482.175083597584,20040.123745107565,24291.478646938966,23117.812683367665,23417.950333956163,27072.97338797338,28863.61956859874,26126.57959109741,23753.562249487662
2022-03-04,25587.989403549505,23972.294255713357,23631.24826134546,19700.668459404144,23497.255195178193,22659.6694624433,22722.562514692072,26182.5476948032,27802.983919356913,25566.582648370488,23450.780392780533
2022-03-11,24357.22203659356,23062.354366952688,22466.31833608719,18700.55781971833,22342.851494687533,21494.579993156145,21578.357241471032,24874.044540169758,26221.208762017053,24134.567965030743,22794.19923887437
2022-03-18,25885.000945341366,24473.66817496901,23826.398778068626,19703.303534316372,23668.307019418982,22630.462133037177,22803.66962260418,26444.12825462851,28191.01535449332,25760.9546903436,24195.857129695327
2022-03-25,26059.875300275293,24558.24703747971,24023.87407265663,19791.898083811564,23840.057478454237,22690.539539341935,22963.544485845367,26763.712466275225,28659.938000753482,25943.62079454703,24640.56138192015
2022-04-01,26452.941945510094,24802.58843597268,24392.223324330356,20099.554922373565,24180.50733579056,22961.316393447778,23292.13781512784,27136.092427174193,28991.493281692838,26455.193603415966,24653.085188548426
2022-04-08,26214.94695172471,24148.576594758004,24229.846023732123,19943.10115419285,23965.461577682894,22574.67324185117,23054.61775012804,26924.31370823011,28592.14714428504,26043.74944882975,24361.873245384613
2022-04-15,26023.20202484511,23374.68181240619,24082.534153128203,19751.768763485892,23768.023057727463,22305.801895730627,22847.630225050147,26873.52307575375,28431.74715846416,25843.99595801831,23829.53402586803
2022-04-22,25565.647039400243,22723.11297836831,23713.602266246042,19405.437657436694,23378.755342674296,21868.670748548924,22516.420085131995,26443.717038571132,27937.88075636785,25409.499574934227,23189.966311910644
2022-04-29,25356.75726051468,22826.319000440126,23482.194932291084,19194.445347857774,23189.571577582534,21670.36242212669,22266.58337436713,25963.701675550252,27342.271567105247,25138.079564865053,22425.74835508451
2022-05-06,24925.138265684556,22417.92404620853,23127.8717594593,18844.358888017483,22837.62276580174,21220.087689821084,21962.365510984153,25415.36108191253,26688.14822474642,24796.423876113455,22389.82600866944
2022-05-13,24920.12511391746,22243.318700093954,23135.780600832768,19023.206503643596,22868.35677678068,21504.60673589165,21987.054865600447,25466.787946429227,26784.615663284458,24955.48643987818,21866.193263490975
2022-05-20,24339.496844755602,21635.913099380774,22519.64644889804,18484.969128418717,22351.635337451964,21236.142418898424,21487.812797322113,24617.77687274425,26106.530449320922,24055.401424747426,21208.114391844414
2022-05-27,25245.89116182579,22689.139360576606,23471.48958758551,19206.65969025864,23231.150449506622,21820.115090341005,22342.061290998685,25664.24152013509,27030.637552174234,25344.006981351347,22603.1971081905
2022-06-03,24880.203704473162,22217.70113200954,23174.525668286293,18993.41222375031,22898.193041041774,21436.265022674965,22066.467362561376,25372.965790637372,26725.36614655164,25047.422805611888,22346.279557376114
2022-06-10,24226.920169948287,21793.25112737347,22559.14366744838,18746.931178859388,22357.889568908868,21279.65735900185,21590.895625988738,24611.035639473124,25701.81176863423,24340.16013489186,21217.37173063935
2022-06-17,23327.12586062243,20969.82997755992,21766.346376434907,18101.836771962597,21530.82492793658,20407.834942315036,20849.87174048446,23861.433130002133,24953.433760122334,23697.101854917277,20000.30623135947
2022-06-24,24650.08257512074,22365.1869957275,22983.99161166085,19021.915584236573,22722.222872363916,21480.425685664093,21996.254724254286,25178.51638131401,26299.415841919,25086.38141566722,21324.327432777256
2022-07-01,24237.39578434802,21894.61064449063,22637.23174756359,18855.622179948692,22362.719378062273,21193.930972236198,21642.31369127997,24897.842679832283,25672.813332319034,24840.309220972624,20841.07850812891
2022-07-08,24248.12554290152,22594.61952530425,22609.28626615261,18692.99319353211,22320.45351976181,20916.751304881225,21565.044323345763,24834.489985850156,25397.73307027403,24794.463649801444,21247.2504075826
2022-07-15,24032.653786273284,22161.047411772637,22445.557522245515,18722.275952395226,22152.850184324805,20827.664637668782,21446.99652189756,24713.6094717156,25161.991748330795,24519.015452224205,21053.73154791075
2022-07-22,24295.549683015688,22641.384473047056,22662.59218140001,18871.848357975632,22420.001019580064,21174.5284860211,21683.067374120496,24843.931015556947,25400.86947363749,24828.85859242241,21598.212664831557
2022-07-29,24679.8406553212,23281.256058374467,23135.590986770116,19287.118604119467,22785.32128799464,21159.525496326012,22147.417126351815,25344.024535726567,25780.407248281772,25383.21326461283,22522.075717111675
2022-08-05,24665.587612846346,23301.743887298057,23081.525731235393,18994.09068016488,22705.75020745297,20877.906981904503,21986.14237688313,25253.51668349728,25504.233876582628,25132.19791390964,22602.982394248873
2022-08-12,25039.987461701166,23770.0398110474,23423.235718422864,19247.785795108146,23029.92372029489,21155.22347086828,22275.07047910589,25741.382138668447,26200.408842325596,25779.49443181168,23348.085530418783
2022-08-19,25005.674294350127,23692.716449548014,23415.781377336316,19421.989792438217,23038.3500247547,21295.50342319568,22299.11644516976,25708.31438015134,26035.546636046765,25604.01111419059,23076.942300996143
2022-08-26,24370.740147930475,22704.711607829056,22800.66697801032,18887.786157358103,22440.140308030306,20791.174565669935,21700.92023494781,25044.503199581384,25332.17765642394,24768.869180799957,22156.900100906856
2022-09-02,23802.620195007188,21927.97895990128,22264.12395665543,18391.557566552838,21886.022653634933,20175.683490638196,21137.00882009341,24437.60301279913,24708.114731353504,24214.771411658632,21442.40778102215
2022-09-09,24260.174560522762,22649.077526930378,22687.654783387527,18673.14751638704,22273.19662976963,20469.302301291347,21490.681428176562,25134.523633769455,25424.296613064744,24874.568310336093,22227.423071030735
2022-09-16,23392.79077985729,21513.54868488273,21889.69746392023,18133.09939143494,21497.064188021588,19842.76578108226,20747.90327215406,24193.674971411296,24354.064734574968,23787.0721117321,21163.821721606408
2022-09-23,22421.192591654937,20797.752129469776,21042.847884236387,17608.290854922605,20653.54889751311,19048.15883422569,19977.2874012998,23227.393840330667,23260.044388008617,22985.838428992804,20197.1865961831
2022-09-30,21828.96249548825,20469.990636434708,20469.537410951158,17157.602224947193,20110.584494632432,18576.55248217295,19462.849060964363,22548.952508352915,22674.989235609817,22216.156141208587,19606.0069569078
2022-10-07,21990.397099637263,20780.97731463203,20603.341254560164,17297.436134881085,20274.675733544987,18829.51949546202,19642.483627083202,22744.423864416312,23044.87990182307,22359.218912531385,19913.94898801545
2022-10-14,21903.761163425475,20427.531505202463,20579.537823337956,17442.36169045526,20212.809935818834,18762.061795897956,19600.368536974973,22882.92898762815,23137.556288145533,22603.591436457184,19630.70785994712
2022-10-21,22273.925246504896,21120.71410748967,20939.827015880535,17692.518425902377,20555.025132488972,18990.942319976024,19911.08748696671,23267.828239464056,23295.682352451233,23048.54634865013,20545.197416709794
2022-10-28,23178.856039306593,21680.344059497762,21759.511755075488,18332.999630627084,21357.26442515663,19843.658796889842,20615.343166028117,24360.147135007843,24304.64199003691,23805.990105749708,21353.741482830428
2022-11-04,23076.22484493726,20902.102970882795,21639.253064261156,18304.150274593878,21272.051472793868,19863.16743343041,20499.164567509426,23990.12552483997,23975.546797751034,23374.168327990978,20658.272466184197
2022-11-11,23827.74217548929,22197.146870446948,22282.082968620925,18699.334586190267,21941.271524471606,20496.231767113863,21084.781139565028,24587.070427591923,24761.11882721494,24173.076688849043,21874.660384582698
2022-11-18,24010.62156121836,22049.922871628194,22469.226697488586,18874.078337067942,22097.125885704347,20601.195390693974,21215.15728332477,24823.561884848874,24929.854956939278,24325.306565576055,21738.529985638033
2022-11-25,24417.391419975156,22355.797575140485,22886.4509257398,19186.289615487436,22475.88858571586,20876.30053225901,21627.26666986663,25334.329515159512,25446.884259169437,24763.636068679803,22084.34262818851
2022-12-02,25153.701865223993,22744.11383599002,23575.51637195624,19574.323403229937,23124.1995872001,21327.157778163826,22229.409603431737,26078.65467865252,26289.96774663622,25348.758423481253,22335.742734683106
2022-12-09,24438.020808196958,22142.15099760507,22898.31414836037,19155.643148333238,22494.25333020227,20833.018553105117,21593.542988680994,25193.598941052278,25299.996225470433,24488.33559626237,21587.575524969092
2022-12-16,23941.582956326474,21525.66648844703,22466.766602968328,18655.133167239375,22022.51861976573,20176.73376036329,21126.85156527754,24701.609245309446,24714.433705539992,23918.940864155225,21134.72622256501
2022-12-23,24101.874336637557,21445.269153615598,22619.130119691123,18826.50102443881,22190.88497518424,20407.695527912918,21292.452805328867,24812.095688083136,24820.17801613181,23973.302377629796,21114.87398271581
2022-12-30,24053.261232653666,21437.32449068023,22542.56967851095,18702.936185349925,22131.68185685325,20375.630797883816,21221.294125809032,24702.666050402288,24715.229074980343,23858.11587876152,21088.402569633203
2023-01-06,24276.23216453478,21235.029916645428,22714.33101674641,19050.893102289272,22346.603935967178,20786.397566939882,21418.98083102395,24870.791805912788,24771.466745272595,24042.83876616266,21399.961298692106
2023-01-13,24452.15254355017,21598.134299617872,22853.833755048287,19018.742964665907,22441.959358650493,20741.299913837225,21480.368683273602,25153.184916947186,25213.114135970725,24056.378613171215,21974.55692590189
2023-01-20,24542.124845115104,21664.582447792403,22889.71803979935,19092.610000692297,22521.467139557382,20937.075441154837,21537.54945845406,25219.894728517516,25210.504770652817,24051.860627233018,21830.0826023894
2023-01-27,24856.465540269975,22013.141382275913,23084.527974268753,19146.611723147103,22744.3765593074,21213.16418008134,21729.00243496608,25577.91839842764,25612.040007867174,24170.792900448072,22370.482394468872
2023-02-03,25351.32518428737,22396.616452109545,23488.211977907024,19158.278048870663,23127.37954801207,21447.77854133378,21985.37706189667,26196.1323628281,26727.43163258831,24593.150653839286,22738.289136433843
2023-02-10,24880.219781717857,22313.687341688885,23108.37850055481,18981.3800315533,22728.870747748293,21086.735443928254,21678.268194035856,25744.2489052609,26234.539813997508,24344.180146265116,22500.625442352633
2023-02-17,25015.0645809259,22540.47750624888,23275.437521681866,19156.424171735776,22879.49367212595,21159.075713557035,21821.002875635084,25834.938883892708,26179.673988946,24454.451726408028,22457.61049606236
2023-02-24,24324.119420769894,21905.243537913837,22664.136170559443,18488.53458132717,22221.901490722965,20296.526956600905,21154.760533346416,25209.696508892786,25735.8355631349,24030.37018682425,21857.653984435292
2023-03-03,24822.01901901475,21930.680606118833,23056.55900903316,18638.445843921556,22618.193001584383,20642.32952577654,21489.144108114648,25660.685572218157,26025.23277030335,24046.673863061693,22288.324392639053
2023-03-10,24140.803746344736,21624.62026192612,22449.51090675556,18222.412976243566,22023.89412881919,20113.354930296835,20915.271069977756,24905.812600197653,25206.42528974129,23498.955074287103,21280.304034941462
2023-03-17,24759.825757430892,22880.17583858033,22995.264178420817,18555.657736117842,22569.920164345287,20564.916171119556,21453.171356228188,25522.53740661335,25779.814328883338,23794.81975134803,21587.36433092815
2023-03-24,25321.008275530658,23142.808382946412,23472.436531051608,18922.812028928325,23037.1136994314,20991.57946170307,21874.26052761771,26039.71661205366,26201.06709305968,23990.380856661403,21906.200454648082
2023-03-31,25998.993714131415,23565.07287988487,24107.63258062738,19305.11143957299,23642.628244758598,21444.17133148109,22456.49242963552,26734.748305935493,27099.006100844195,24784.333846616584,22661.224430891572
2023-04-07,25998.870011292885,23631.611315607883,24171.316918824858,19466.67481342411,23689.844091689985,21405.282149178645,22517.763301163657,26737.794204682607,27114.554668726207,24766.4904851423,22650.14906339414
2023-04-14,26222.65177916384,23728.20103642594,24342.09488490304,19512.158616624576,23866.945917366018,21591.63074091633,22656.84065296744,27057.081356861203,27607.85293248629,25160.8368309677,22831.159955990795
2023-04-21,26410.57147787721,24066.23846926311,24546.526129670558,19644.801568376915,24066.168951364063,21735.285041507927,22854.034656163712,27173.7219122144,27789.954580559148,25555.538248446766,22816.768842050464
2023-04-28,26912.755759638967,24613.84818656157,25012.826544792635,19598.9363480797,24480.998216420012,21740.738254208856,23115.61350354931,27720.64799942102,29169.487119582373,26557.11034365036,23023.233896432495
2023-05-05,26740.1137853745,24808.052330793817,24915.931541553302,19619.96682231133,24367.27709968016,21562.852674137415,23082.566127076694,27449.211552979476,28721.757755002443,26384.672308485005,22840.572170415755
2023-05-12,26600.56348516035,24803.939435021846,24780.68038377701,19391.84389373544,24207.491366544888,21248.950893206882,22911.91545953374,27357.54114582508,28568.5579251763,26088.704005294276,22783.00243480342
2023-05-19,27025.932185475674,25217.64133578041,25046.558656214693,19511.118925717954,24522.712394761227,21734.972048828655,23186.371663087208,27887.96135916239,29055.72760056891,26288.967639640206,23172.13977490423
2023-05-26,26776.258233836055,25085.412074997137,24745.72598403071,19150.530659283057,24246.75936397236,21541.476168981655,22892.59896784017,27665.47215660905,28973.446152029548,25842.2799351899,23249.62862847874
2023-06-02,27224.548584207165,25548.88881785008,25113.30230918922,19338.23939073432,24630.249292207034,21907.881223682332,23221.040301015215,28046.222857993755,29621.360896715196,26202.398121717444,23686.927009667612
2023-06-09,26822.24084903763,25169.30771092293,24761.365288224817,19117.875481479343,24279.387218281056,21558.114551426555,22875.058149064593,27662.4904289348,29250.724982801603,25895.364437216205,23796.527917168412
2023-06-16,27590.323513687286,25643.317002373715,25458.891983054484,19603.72121012357,24951.242061547546,22106.86454651994,23540.940219626013,28456.196904205142,29899.121363197573,26300.723127865665,24416.067396242473
2023-06-23,27301.316102515335,24977.53823511454,25174.459556797232,19184.170724021573,24636.20503695571,21663.900563532625,23210.36108834542,28379.842465803515,29950.713639480004,26279.034473852,24068.820394163882
2023-06-30,27871.2777234962,25746.848344118454,25626.897160500183,19622.648612717847,25134.98349581385,22330.597271498034,23659.075318689433,28888.380743576134,30424.719084648383,26682.16308741004,24628.30156784309
2023-07-07,27598.61856222978,25550.104117543673,25375.973871878035,19520.700474546375,24900.97642535273,22218.930309742474,23433.27335909665,28659.309369068113,30344.233225531694,26383.025759506305,24365.5075428393
2023-07-14,28584.148623201272,25983.016637959056,26204.021154609993,20052.722255668894,25742.20052692583,23024.71604868786,24222.818429391933,29604.358356203265,30951.726770818128,26722.032747533784,24961.657281878266
2023-07-21,28597.101362512385,26110.38814512212,26244.943487890956,20049.79823604085,25765.701671722905,23002.084576576537,24278.8597479491,29605.836372943148,30975.906887119825,26923.48167944078,25122.782495569234
2023-07-28,28923.421821804655,26575.249601244755,26609.17993184516,20490.076701259786,26179.051839891687,23428.435718772067,24672.940276400906,29745.448817717417,31245.90034125894,26557.78061268409,25386.136184781542
2023-08-04,28087.982232537677,26017.74631033514,25804.122937283042,19867.78269566508,25398.235156129696,22818.25167825673,23928.428869972973,28974.514994548652,30552.968634283334,25953.35076335635,24824.426913970325
2023-08-11,27827.47513166456,25601.822611127,25648.402318077984,19698.709942949277,25182.822020140913,22371.72093707026,23772.992418527178,28789.934334830257,30216.53641530819,25888.761497534164,24759.97753247407
2023-08-18,27072.256359609517,25149.607620577288,25005.99673315984,19343.722944217167,24559.317069248566,21902.709681485732,23229.24000259078,28013.988869207493,29378.329024835206,25450.930176306894,24251.615876406555
2023-08-25,27263.10699601182,25337.145016200888,25175.83671977873,19397.515186051027,24720.198161092412,21993.212699215575,23359.196714845155,28210.881867607575,29516.75377376038,25565.159618218513,24444.40259673645
2023-09-01,27644.365391275536,25906.397514437554,25397.55828609403,19550.944386948486,25010.69438233992,22492.775711523944,23577.63124516718,28601.38843891746,29848.538078652487,25708.49715721697,25067.778767554417
2023-09-08,27219.7119975036,25747.94029754389,25079.165108235236,19388.565852671694,24670.964113007532,22079.052438574057,23285.456586819735,28260.95826782995,29555.17346161637,25436.557182428947,24752.75821617429
2023-09-15,27215.042367071925,25094.988479612788,25099.837548419076,19375.50538722965,24661.334649358498,22001.141212814644,23291.654693897628,28384.028610752033,29759.78344721905,25630.936096719535,24720.192095059967
2023-09-22,26625.653637579737,24259.252899184994,24557.606078614885,18995.219995884756,24132.99156838021,21581.911215332973,22804.835342901573,27777.590285973984,29241.43237460747,25170.287959805824,23998.163667814064
2023-09-29,26291.1439739237,23958.949219056794,24178.61572350198,18629.80166712821,23808.724708387228,21433.38835894289,22467.554907647536,27382.491800614578,28783.646708072458,24646.500503985586,23834.243652981204
2023-10-06,25939.21273864937,23922.808282168844,23822.794520397667,18224.886386076705,23482.338199093057,21120.644848983073,22066.93727420875,26959.753067330348,28621.25931997749,24109.780077524756,23949.099772200945
2023-10-13,25610.972308007567,23350.982705604394,23526.645578466883,17955.39879216353,23171.483628746242,20775.239429694524,21757.75883070511,26645.40948965553,28219.110270901085,23754.122420679592,24058.37684883895
2023-10-20,25734.061539885854,23438.68040909613,23663.716113242586,17951.554016179503,23238.19732849789,20642.02360793068,21840.861441218403,26921.99935506028,28417.403912662445,24166.414236393193,23483.545388283437
2023-10-27,25210.940076050305,23175.019180497937,23221.541839060155,17740.24521276024,22778.01243649069,20208.459815090046,21491.729946089345,26341.01477714269,27856.153928432996,23770.181351402083,22897.55584256446
2023-11-03,26880.9946154392,24581.24373188115,24699.910505483767,18788.171013435523,24246.59681662273,21611.150126519566,22854.750450622556,28110.421688512964,29565.799444964607,25302.0346162988,24236.23567037444
2023-11-10,27190.26605090764,25093.696004399226,24882.069983435365,18958.75780023867,24505.1931096581,22102.881456814248,23098.06787201036,28457.343310557906,29987.424380017594,25530.097324313476,24566.30731707286
2023-11-17,27784.560029844106,25508.348142947787,25375.908511660557,19385.53545837058,25034.123344194853,22762.619342278358,23580.193404479356,29039.04198849573,30588.903432492865,26086.5095362259,25133.896581974168
2023-11-24,28160.904054529146,25838.315435856788,25715.42748011308,19647.185940322837,25354.867510480282,23052.265392699188,23875.51094937956,29521.655222302834,31043.767607649803,26524.25254373007,25385.353006879683
2023-12-01,28249.253800204056,25804.18502575844,25741.8044407099,19849.316826929396,25403.50664763034,23371.627733218906,23961.23929685686,29834.447524483272,31184.07728562426,26863.315562565527,25597.226388660347
2023-12-08,28087.04239532068,25838.208934047074,25513.340567934538,19717.23268842173,25211.88911969443,23380.4436372528,23774.976509418746,29757.377440364107,31108.438652081477,26665.437290557362,25658.55713815192
2023-12-15,28552.99109705495,25611.99808597138,25860.708576683843,19957.582854115186,25566.892764119195,23881.688384959787,24107.085318274294,30324.92890880026,31565.46649043504,27057.798690245992,26273.693221472193
2023-12-22,29041.897382827683,25908.980289177296,26296.106694192804,20164.7668134041,25976.096229285824,24122.15756930086,24486.74780272329,31003.37598945689,32266.11576403149,27499.126380089834,26515.53151776283
2023-12-29,29281.702865577787,26261.808506297923,26521.78049954237,20565.804413078287,26243.81846288081,24551.23008791853,24765.69544464176,31196.127416756397,32550.925545540387,27857.66662172344,26608.46217563139
2024-01-05,28805.394578520856,25780.091188356517,26089.52712527564,20122.040470453638,25798.497067317025,24025.3131006388,24308.159106592975,30785.087510691348,32028.087440122825,27659.376688840504,26194.759448667533
2024-01-12,29399.994261173946,27186.500624620603,26592.976684674268,20497.60496488279,26344.027375500256,24501.52198969004,24786.273924128847,31224.21752462536,32521.471011873396,28103.11464407095,26685.157291601994
2024-01-19,29062.77133940008,27322.14197194893,26310.026032744736,20312.761128384638,26032.852146064637,24093.853673046407,24513.264948541204,31083.31845891587,32474.27808600356,27882.479745289715,27007.048689114323
2024-01-26,29253.860527338908,27401.814699071732,26479.786679144123,20377.79383344664,26200.23503864804,24209.62763695779,24650.09010786284,31173.719300173678,32262.092758463514,27755.158251395213,27285.833622918628
2024-02-02,29769.544156811753,28026.439598323057,26888.748261479217,20649.0196431331,26616.758757033367,24577.388669345175,24948.54481352845,31785.7292022099,33268.79631550566,28811.181081408682,27674.342660747614
2024-02-09,29296.212682936017,28077.3383892553,26619.846508825947,20328.50361854463,26306.305977226573,23850.207206863834,24675.732252258134,30942.15381274169,31891.58947898416,28558.108461294567,28057.820000550997
2024-02-16,29261.319512446255,27938.506635009842,26556.483060046772,20180.588066400258,26253.867672233344,23819.991244638873,24590.7157064781,30757.369874736665,31733.88513824651,28284.70258608049,27963.2103500569
2024-02-23,29411.079260622333,27947.104150397565,26757.82265941986,20183.784826750158,26367.44552220698,23569.798277681944,24682.068853842316,31093.365915900296,32022.836446215755,28671.456026031472,28430.09349648204
2024-03-01,29496.425654967883,28230.575644795987,26749.976585547236,19906.945838039028,26370.506896067967,23525.782633238203,24642.021736144427,31310.064793833728,32234.028370453114,28675.45046075434,28709.99951865372
2024-03-08,29469.82600099861,28066.395220174087,26669.822397859956,19810.61184985445,26290.055823206145,23526.074121444137,24520.66405766927,31449.097393394553,32715.240456892567,28999.176700988406,28646.739863588147
2024-03-15,29517.98835744424,28156.874746040095,26763.449043730307,19882.510268254424,26369.44035083434,23565.239224137153,24610.951656882935,31497.417578735665,32522.320625716977,29117.27777715619,28629.613786817536
2024-03-22,29978.193952882208,29162.88437362001,27119.41522217435,20300.753142665395,26783.187662195527,24168.138163757834,25005.241504878093,32009.917553713807,33054.29998993074,29454.125970703764,29268.66055547391
2024-03-29,30066.34989737043,28292.31229124798,27269.50674043647,20495.28951050913,26875.261587249857,24211.760072625275,25188.7085827096,32292.419033664806,33389.37175237559,29473.928994782924,29373.110088325895
2024-04-05,29523.81753011015,28023.264376349827,26722.74377891423,19973.63665096456,26360.258339409364,23772.74607353752,24687.610145499704,31705.575599278625,33156.62267892329,28929.71495729896,29112.544160454116
2024-04-12,29103.821865031496,27593.758640252985,26347.54323973428,19677.557548201417,25977.353090655444,23414.65313544324,24329.177418257543,31318.932120349556,32890.13983123335,28527.02880611611,28686.89313062357
2024-04-19,29049.88149443069,26909.350125941444,26367.72608019467,19867.965605949772,25964.018760204068,23461.9350439248,24361.85282598364,31304.604033859338,32624.67058814857,28459.2640586863,27805.81799103971
2024-04-26,30009.193536154762,28102.97400659616,27093.16018968362,20554.332987736158,26768.487402798375,24648.224100606618,25144.50993864163,32230.38235511327,33805.3034529281,28876.017071380993,28541.450834423402
2024-05-03,30511.33375037676,28452.133335713486,27403.54337518423,20810.090624659195,27177.897088644164,25429.33487131184,25522.40959762228,32734.73992666074,34330.01995858162,29254.164379467424,28711.601073464255
2024-05-10,31129.780407786155,28922.699735081635,27977.280370844113,21141.843288602606,27719.237197240964,25776.16288835535,25994.311008436205,33410.488000811776,35061.88200203926,29959.237193140732,29247.88962154659
2024-05-17,31419.055355082226,29279.836921942744,28233.291416917724,21562.20684759671,28032.41891360777,26250.401893643302,26268.26945433352,33524.88535167691,35068.386762905124,30055.16666657253,29731.376139491003
2024-05-24,30670.68543987774,29050.370156982375,27565.31480427243,20980.379265289026,27360.584021434188,25494.076190941094,25667.698457593775,32766.411034199722,34342.25738722048,29301.906209860445,29730.81999518317
2024-05-31,30707.091530978516,29259.060453436745,27571.240030970926,21095.62501965901,27437.112022198176,25857.0277149861,25737.881874096907,32727.88119012853,34358.841690178684,29266.62652645828,29614.585834846235
2024-06-07,31029.925456817833,29687.60654627192,27827.98995679341,21294.02245644187,27716.178599804956,26181.820239250992,25993.34003665814,33002.41674504129,34926.376537197095,29617.666279694567,29987.448914141598
2024-06-14,30543.977762995124,29493.17823695558,27384.818411337925,20855.002109389032,27237.87523403734,25596.699166892755,25526.396791111758,32690.402002664825,34611.374065273114,29404.61224344856,30479.92525842907
2024-06-21,30740.180629349707,29849.29429744078,27577.81668750957,21103.460990698823,27433.17862743194,25832.181567716558,25718.921270749248,32975.19612316648,34592.67927838384,29631.445658075438,30675.723253792832
2024-06-28,30683.112894776707,29738.43181879245,27462.639489263467,20890.75495432428,27344.983627548572,25788.955258439153,25588.945344568216,32905.41296327747,34553.65954081503,29667.18348738732,30659.383874824754
2024-07-05,30978.429636084267,30240.476205862866,27710.030012108007,20955.27384679084,27589.82607499295,25863.761706434118,25736.243980737425,33147.624019087554,34548.19924184687,30146.325160796565,31246.40827134439
2024-07-12,31417.96960709495,30295.987000519253,28071.787582168232,21325.109129098037,28035.753372118757,26614.122053332543,26147.612238187867,33317.41209348391,34278.39357864917,30096.968899408046,31547.810326983992
2024-07-19,30483.77494787728,29465.895265956075,27395.577226217927,21007.00589734569,27281.979881405234,25712.55516384831,25463.562738261342,32580.378432536472,32795.98975770089,29937.394843161015,30928.103652627517
2024-07-26,30585.86603221878,29038.424180899976,27579.104485031014,21276.093176240538,27457.960546933165,25940.044058150765,25699.153826715494,32804.57038408398,32966.45905702115,30030.275883107985,30671.77744512779
2024-08-02,30439.389307591,28777.7423153849,27636.42694911775,21226.16760097755,27372.778933999063,25310.220082549255,25641.917877625023,32912.59134988895,32961.75120396484,30842.239031276436,30021.658828874664
2024-08-09,30413.975751316444,29250.447076228676,27540.168372504028,21359.487919762647,27384.70003945102,25685.343044925325,25608.524001378293,32658.01474117298,32900.15263663275,30643.645371481503,30026.71692615539
2024-08-16,30911.664680603597,29903.688678579696,27978.84550568705,21794.623613151445,27856.19530494123,26251.540800498973,26077.95909205177,33150.83493607711,33214.076044087,30923.375288933705,31227.81615593953
2024-08-23,31348.648636089736,30453.015055381886,28387.040872535123,22267.419776740084,28282.346096410394,26721.925549349693,26468.182706520223,33518.89889491907,33480.44716881382,31308.889461174702,31668.36692535902
2024-08-30,31496.330180350193,30858.18426394258,28519.537592024328,22308.525855573436,28415.373327979538,26899.10556630676,26600.76667639284,33712.422874794414,33665.720716275915,31718.642879468454,31755.68862149004
2024-09-06,31047.926133749035,30540.447767925074,28181.187888566823,22166.94642766054,28047.273037603278,26444.958446063923,26275.90192805334,33358.938371,33335.100338450844,31457.65782904613,30441.92793056169
2024-09-13,31509.687476371768,31592.912938128164,28605.885382888173,22379.76960520252,28414.928813903884,26513.61564438392,26606.30713511641,34008.89032913541,33997.61653678954,32221.83522868616,31661.601676247294
2024-09-20,31702.653350370878,31863.369817349798,28666.01809425417,22262.529151890656,28520.969853871928,26706.628576674164,26695.082028685498,34136.69486148566,34100.371638106524,32196.24360202769,32111.33938644806
2024-09-27,32469.3200818455,32030.970929364492,29339.32174649131,22790.253141321136,29188.50448255436,27369.48362384585,27321.889365524243,34810.94766746294,35065.32580691905,32565.626045592468,32293.293612427628
2024-10-04,32274.218381090832,31332.78714664013,29066.84845414468,22527.409429093805,28975.490731845053,27345.060265585973,27077.95795553236,34418.92547922014,34786.16915945614,32310.992249749084,32378.630084573728
2024-10-11,32019.42932061307,31202.938127993137,28868.840937139285,22408.27803002515,28741.897057948252,27010.005126432985,26876.9820973973,34414.58389385734,34787.23259612253,32227.510648889547,32751.5917210882
2024-10-18,32134.653219065036,31555.81980418484,29024.879858529734,22538.583075327722,28867.462848486437,26997.49025343482,27049.24909892059,34590.903410712235,34853.36161330346,32383.512601221395,33034.70437278162
2024-10-25,31885.452255496326,31144.13323352851,28708.600855890705,21898.12026451677,28569.273822701904,26652.27442824496,26634.069545750237,34430.854232809186,34732.9812483591,32221.75783789741,32721.07418217108
2024-11-01,31759.760732923343,30419.925958952008,28465.413784317396,21729.33661157027,28402.27787880354,26875.15943285632,26374.537304726055,34407.284072798,34673.923077872874,32113.904364095473,32268.999257917145
2024-11-08,32169.09179853731,31340.794375011712,28763.14719248893,22063.792188928368,28790.616096249985,27566.29285701027,26759.793776520146,34902.64266788011,35327.95588411777,32270.60752375234,33803.2254081921
2024-11-15,32106.88844848512,32039.348472658217,28587.508338361084,21800.726578452293,28732.648849307538,27872.33938141336,26587.147606339204,34800.33784076056,34463.32536174052,32016.842689152112,33100.255483191504
2024-11-22,32564.048920487297,32367.229954683604,28983.18961702673,22135.47265820886,29126.774453595553,28391.33300841962,27016.44118642105,35564.339936862656,35493.947053406715,32649.591704436792,33651.77816142762
2024-11-29,33121.19728071518,33094.46801872119,29480.256621728742,22669.05431227455,29673.349104191697,29011.017206801283,27512.706752019334,35976.97566050302,35994.59925355734,33050.29024374892,34049.60789626382
2024-12-06,33574.07887492616,33990.14898711139,29788.024981165738,22779.524744705664,30016.713576145838,29369.047879648315,27741.066959736523,36396.52112122477,36307.70794693567,33376.48434467973,34346.84590939605
2024-12-13,33288.059967150584,33553.41660565093,29667.813100083684,22693.580822667904,29797.88258971295,28783.61585443203,27620.959890082922,36178.74151061903,35944.3371473327,33101.50298759684,34143.4097295513
2024-12-20,32433.694290958134,32661.590820025667,28887.79272574749,22228.547245055925,29055.241947086397,28224.972830937768,26951.770077066598,35116.5821408993,34621.7258128633,32175.924289239832,33517.831860856444
2024-12-27,32432.906414282683,32549.921871632374,28880.513390286585,22209.841451392836,29059.392422527028,28239.13756091986,26962.6676237776,35100.529467620334,34688.68790355991,32115.663288694337,33736.69576539252
2025-01-03,32241.171612338032,32349.989399511054,28626.83167701987,22103.301304368815,28855.315062011432,28267.54162684611,26741.911481752446,34997.82716291553,34630.93308406869,32085.54012528188,33563.18930105092
2025-01-10,30742.21006238879,31125.89014916831,27285.65508230992,21109.51470595246,27505.340700874327,26875.47776113451,25475.032145583933,33371.49419151093,32935.95646093501,30636.338890646482,32913.412115164
2025-01-17,31185.850922810478,31903.405843038927,27791.83809591576,21703.16791182304,28020.634886974298,27421.80630663591,26047.004892162928,33843.70072382994,33828.29545059642,31346.676053211024,33882.41261384593
2025-01-24,31738.27578955153,32454.609479603892,28276.134200082837,22029.80759374941,28521.40018674228,27824.184801048697,26444.91002696541,34250.925230348046,34254.661839666594,31926.415552871047,34471.51375176823
2025-01-31,32212.32437506129,32989.24517137207,28620.150028564112,22419.258695471348,28950.056923893815,28633.41760992454,26825.329078451097,34823.005066055535,34945.87484368894,32649.235612271455,34122.814790658114
2025-02-07,32531.20021775952,33425.31406453745,28818.402625288356,22651.15683325604,29276.753051575914,29273.1935393844,27043.92950583106,35083.147418197324,35699.59059702865,33215.06002887105,34063.28271041529
2025-02-14,33157.72717061651,33857.31166560165,29359.525966139972,23138.072167508788,29861.64869748121,29914.471278482895,27605.034707907653,35563.79544139797,36379.12671536939,33937.73752024968,34569.59930418628
2025-02-21,33550.919427172455,34125.57016420911,29811.669986074096,23939.05847221302,30352.04558858506,30617.571811530797,28187.3776518335,35695.45027981897,36434.4860706158,33335.32248056117,34016.2216382905
2025-02-28,33807.87519686834,33509.76020215991,30068.115217077182,23727.968966654735,30512.1727746383,30376.522395660333,28311.682093843516,36248.62746927432,37103.68207795103,33991.71096064253,33689.63117336706
2025-03-07,34164.17130325326,31997.848264937675,30504.202546322595,23981.661061843908,30849.487928880168,30365.490768586384,28606.876728997217,36412.40401198565,36922.95896181916,33697.978216414675,32654.29814632374
2025-03-14,33262.3490130881,31498.664966029883,29731.512351200716,23634.61373772922,30124.947836576615,29940.462880929907,27971.825663841864,35402.17930130171,35952.809918058934,32776.705575810476,31910.972559998485
2025-03-21,33338.46538762656,31653.004894563965,29779.570680411583,23666.143622706826,30179.550597551468,29923.06264556113,28084.855222606944,35610.92582169151,36220.236727833944,32889.17263779338,32073.500454111425
2025-03-28,33394.95950045653,31859.69934173348,29847.47354342669,23837.01995672359,30276.39595439422,30223.560581361256,28162.2614641272,35581.83273771921,36122.521754973975,32747.686266675944,31600.344844670097
2025-04-04,31637.998028654045,30118.019473628094,28471.503104417538,22822.71162060995,28733.440663186946,28269.08643620729,26870.60542723883,34205.01838334429,34728.587429908126,31388.445645922646,28735.238966497534
2025-04-11,32725.560915540067,32180.38602961508,29450.032603093947,23571.630317794825,29745.742759390716,29161.3905101446,27853.971213141147,35285.17344490192,35768.17160642497,32366.862634478282,30365.127217570658
2025-04-18,32993.1178415663,32270.911010813168,29670.873724875473,23789.06727447915,30023.056370306414,29569.168712050352,28083.931349774128,35385.34411181667,35829.22720152419,32475.285983325946,29936.899620440538
2025-04-25,33962.34881524556,33197.829558765276,30402.67957397477,24357.480782862498,30883.678061016803,30790.286341335268,28843.34906988076,36224.877978088836,36700.78134763703,33817.69291792378,31314.85977991669
2025-05-02,34831.16250253559,35090.61260209049,31105.572984525013,24924.352602861967,31672.22713789013,31713.452064188452,29514.636510588774,36893.5682899026,37623.33921203447,34781.874172648335,32231.603833066496
2025-05-09,34730.25793952117,35265.284790104655,30954.481437486065,24451.794469054585,31494.757875653755,31381.567351849993,29307.803060669772,36991.79062026797,38212.6123488311,35094.448824972504,32093.97923628212
2025-05-16,35209.85424213114,35929.95645735472,31394.402718020014,24612.6439547312,31864.603739439757,31407.32597832996,29671.623008977815,37805.000386384934,38833.31458355288,35933.4288974257,33792.11308173755
2025-05-23,35097.43859215209,35817.62474169213,31292.74317455577,24630.556521094808,31822.763597701505,31535.021621454478,29590.677139266,37576.32228897172,38670.72486650778,36059.77972367248,32933.94017594426
2025-05-30,35428.70350163163,36409.93897109949,31568.958663189685,24975.03520757908,32152.84182589021,32165.951160182783,29901.425377690066,37992.23887348822,39473.0250536174,36758.47563334804,33518.571039999806
2025-06-06,35406.7654444684,36896.179130637036,31466.440707698912,24838.008915019564,32089.871411181182,32116.462338955324,29736.087070498383,37883.03759025213,39490.111185775735,36916.24363189067,34073.0504348092
2025-06-13,35201.966610319156,37415.76612991798,31320.765547251023,24865.831459404584,31968.62255734517,32069.959075736664,29633.59384209855,37549.231678801014,39116.76245500746,36545.58781733431,33951.35338861306
2025-06-20,35007.96636471333,37660.76916935677,31101.002614722798,24942.174551486543,31830.717693557843,32242.247440412142,29534.67907088661,37233.03993618417,38911.1035082563,36199.98923730502,33896.58021409295
2025-06-27,35667.555318649174,39038.307129434055,31592.15041365115,25339.003018228806,32399.20627669625,32981.9288837392,29990.457755803858,37729.66908565421,39270.721760483844,36741.207055787,35073.27245254476
2025-07-04,35920.0079191656,38413.74468109038,31906.334685669975,25403.38253630982,32571.637217773703,32727.436667338738,30196.565824761354,38340.07847044563,39568.40040673595,36933.59662929028,35668.18142659316
2025-07-11,35594.90615884802,37515.91313417258,31677.101611054444,25095.035133605055,32264.54772806277,32173.85081820534,29907.67489488012,38112.770269364395,39247.19187288834,36737.66754220651,35570.071234870324
2025-07-18,35954.114918081716,38407.97285740049,31916.877485716985,25332.374572188044,32552.775716461405,32549.49897562161,30124.518833392747,38366.42398225123,39554.517853563804,36865.13946756275,35795.94326166522
2025-07-25,36140.13776553043,37773.81263486496,32127.239887101507,25519.83891430711,32736.185436938213,32618.217526675486,30340.923601102677,38385.80992627315,39932.05435867707,36724.71273188039,36338.940740448365
2025-08-01,35037.93931952164,36940.50305035639,31236.185750584937,25160.75488247326,31826.907125348604,31840.741660646065,29544.396953558025,37603.38176600435,39312.01550697235,36083.27012050745,35461.69701275738
2025-08-08,36316.82997631918,38932.25811646556,32433.47247096171,26221.398119277794,33104.925902810384,33080.88036687313,30738.906550505977,38622.570658308854,40343.98252924472,37171.10147308336,36343.509571534225
2025-08-15,36874.75803751623,39761.332743103085,32898.514766955755,26729.470187771873,33632.2992670386,33882.081299887475,31211.70472374379,39081.70945421625,41122.57805227534,37616.067512958485,36700.56829676524
2025-08-22,37087.41897281682,39310.98347781524,33121.14641084148,26897.79150965681,33838.20153670636,34105.79312684106,31397.367153335566,39337.627018630476,41273.65664611665,37921.613195555474,36807.228327245815
2025-08-29,36397.510140701415,38281.423203302045,32449.240680267052,25845.247348048273,33103.13610333076,32941.81718488796,30548.00288856039,38684.9966261841,40619.749899006725,37710.539903391706,36792.395465769834
2025-09-05,36210.560560230566,38291.35657576243,32250.910254342896,25771.41286486366,32938.98597892758,32884.820668699904,30403.603361628844,38530.9250644755,40566.81565743027,37756.40673624922,36917.30618128909
2025-09-12,36205.268606025544,38543.342321487966,32190.853139481045,25816.303370554735,32960.56123918655,33078.16680140194,30398.022825782555,38383.05697257833,40384.1044819346,37743.37837856353,37497.3822938615
2025-09-19,36095.822054282624,38758.44506510134,31986.820195012817,25408.509571699295,32754.835124307996,32876.22448918682,30144.04037748727,38372.321786029504,40438.48185262633,37923.37234683392,37961.11160927514
2025-09-26,36012.71306249648,38147.97266535451,31878.90460891603,25280.925043093986,32663.46648246374,32857.48705899654,30021.27270779812,38205.92568524666,40206.496793378836,37736.5494540484,37853.585683226665
2025-10-03,36057.68103257529,38067.79914653401,31932.789366213696,25390.850974325873,32697.08519464999,32868.23483345936,30083.608540101555,38039.61033606394,39741.71543097451,37056.409762861906,38276.26239698051
2025-10-10,35248.56365214512,36945.50381929313,31373.516445464014,24805.121917688713,31972.612060052797,31604.5747135978,29455.759862860803,37668.55324732307,39427.64191265536,36658.315933673555,37350.25396523441
2025-10-17,35998.55125707428,38107.85428431624,32104.97625597897,25548.451573969658,32702.186393939395,32285.140017994545,30240.09276174793,38522.0835438815,40358.59509275966,37399.86379259646,38000.57673572713
2025-10-24,36005.78382899606,38383.171185694184,32063.24712067418,25428.43375836066,32676.423329575056,32257.283627154546,30164.09531036795,38476.935384570694,40211.20254203649,37518.77781542934,38736.11982164342
2025-10-31,34776.93165935441,37271.00002581256,31006.122865656154,24831.7207726379,31630.846623914622,31232.122219292567,29325.824183920908,37068.134233130935,38668.143541856974,35747.96480104037,39011.23173908557
2025-11-07,35190.238156122345,37782.182549021025,31344.046866404693,24806.960716322472,31955.732899999664,31412.147461722634,29540.300543341506,37730.71201091912,39051.73490582443,36735.49822809407,38376.92451669814
2025-11-14,35435.109890370026,37605.92039153433,31604.076229882114,25003.785000414755,32161.350044992872,31456.72426455701,29786.981355434258,38115.083719415714,39342.89747036643,36864.96901403538,38431.83848724555
2025-11-21,35346.255109767044,36991.81682608119,31602.40061644856,24917.25586557695,32115.41947505019,31294.513202319544,29753.111120855738,38136.82569651713,38921.05584694641,36729.35536718039,37694.00746588565
2025-11-28,36070.234601440934,37931.97814738324,32243.295309777543,25246.9462338671,32738.05032725027,31735.431896797767,30322.566064751776,39165.96441244696,39844.32850916433,37838.68584453543,39087.30383263537
2025-12-05,35630.911832490725,37530.726836252885,31821.014271280732,24891.655648117932,32289.07175043055,31301.7387461309,29947.527999166705,38921.02105890299,39930.88826167185,37637.95029425562,39218.853080841785
2025-12-12,35752.594461539615,37559.87527881484,31995.266640602946,24934.34420009285,32400.98854855547,31299.923845435595,30081.74581122541,39270.783232993985,40393.34034521486,38050.502700764424,38994.07222325847
2025-12-19,35649.00475844862,37500.64479635815,31836.60768363093,24440.161952096743,32211.920817208582,30934.22527619852,29840.336772688723,39337.16342350542,40562.029624988754,38413.76806982802,39042.18222578663
2025-12-26,35743.84274221532,37789.25410928951,31874.144012401353,24455.91988440309,32290.012180290014,31109.400739603094,29883.169797546027,39394.25425247016,40431.580628974385,38454.34243798584,39599.76969289867
