ticker,rebalance_date,observation_date,available_date,trailing_pe,market_cap,earnings_positive,source,price_source,shares_source,cik,price_symbol,price_date,price_currency,spot_fx_to_usd,earnings_start,earnings_end,earnings_available_date,earnings_tag,earnings_accessions,earnings_method,shares_date,shares_available_date,shares_tag,shares_accession,shares_aggregation,shares_component_count,filed_shares,trailing_earnings_usd
BF-B,2016-01-01,2015-12-31,2015-12-31,12.152338380897499,8287894775.772095,True,SEC earnings + SEC EDGAR Company Facts + Yahoo Finance unadjusted close,Yahoo Finance unadjusted close,SEC EDGAR Company Facts,14693,BF-B,2015-12-31,USD,1.0,2014-11-01,2015-10-31,2015-12-02,NetIncomeLoss,0000014693-15-000014|0000014693-15-000033,annual_plus_ytd_less_prior_ytd,2015-04-30,2015-06-18,CommonStockSharesOutstanding,0000014693-15-000014,single_distinct_value,1,208700000.0,682000000.0
BF-B,2017-01-01,2016-12-30,2016-12-30,6.74839190402126,7106056674.934387,True,SEC earnings + SEC EDGAR Company Facts + Yahoo Finance unadjusted close,Yahoo Finance unadjusted close,SEC EDGAR Company Facts,14693,BF-B,2016-12-30,USD,1.0,2015-11-01,2016-10-31,2016-12-07,NetIncomeLoss,0000014693-16-000160|0000014693-16-000251,annual_plus_ytd_less_prior_ytd,2016-04-30,2016-06-16,CommonStockSharesOutstanding,0000014693-16-000160,single_distinct_value,1,197742000.0,1053000000.0
BF-B,2018-01-01,2017-12-29,2017-12-29,28.36041507053375,21100148812.47711,True,SEC earnings + SEC EDGAR Company Facts + Yahoo Finance unadjusted close,Yahoo Finance unadjusted close,SEC EDGAR Company Facts,14693,BF-B,2017-12-29,USD,1.0,2016-11-01,2017-10-31,2017-12-06,NetIncomeLoss,0000014693-17-000119|0000014693-17-000197,annual_plus_ytd_less_prior_ytd,2017-04-30,2017-06-15,CommonStockSharesOutstanding,0000014693-17-000119,single_distinct_value,1,384086000.0,744000000.0
BF-B,2019-01-01,2018-12-31,2018-12-31,30.55544520792942,22886028460.739136,True,SEC earnings + SEC EDGAR Company Facts + Yahoo Finance unadjusted close,Yahoo Finance unadjusted close,SEC EDGAR Company Facts,14693,BF-B,2018-12-31,USD,1.0,2017-11-01,2018-10-31,2018-12-06,NetIncomeLoss,0000014693-18-000084|0000014693-18-000176,annual_plus_ytd_less_prior_ytd,2018-04-30,2018-06-13,CommonStockSharesOutstanding,0000014693-18-000084,single_distinct_value,1,481001000.0,749000000.0
BF-B,2020-01-01,2019-12-31,2019-12-31,37.771459568961724,32256826471.89331,True,SEC earnings + SEC EDGAR Company Facts + Yahoo Finance unadjusted close,Yahoo Finance unadjusted close,SEC EDGAR Company Facts,14693,BF-B,2019-12-31,USD,1.0,2018-11-01,2019-10-31,2019-12-05,NetIncomeLoss,0000014693-19-000099|0000014693-19-000188,annual_plus_ytd_less_prior_ytd,2019-04-30,2019-06-13,CommonStockSharesOutstanding,0000014693-19-000099,single_distinct_value,1,477172000.0,854000000.0
BF-B,2021-01-01,2020-12-31,2020-12-31,41.15291551022514,37984141015.937805,True,SEC earnings + SEC EDGAR Company Facts + Yahoo Finance unadjusted close,Yahoo Finance unadjusted close,SEC EDGAR Company Facts,14693,BF-B,2020-12-31,USD,1.0,2019-11-01,2020-10-31,2020-12-08,NetIncomeLoss,0000014693-20-000070|0000014693-20-000162,annual_plus_ytd_less_prior_ytd,2020-04-30,2020-06-22,CommonStockSharesOutstanding,0000014693-20-000070,single_distinct_value,1,478209000.0,923000000.0
BF-B,2022-01-01,2021-12-31,2021-12-31,45.47613459216818,34880195232.19299,True,SEC earnings + SEC EDGAR Company Facts + Yahoo Finance unadjusted close,Yahoo Finance unadjusted close,SEC EDGAR Company Facts,14693,BF-B,2021-12-31,USD,1.0,2020-11-01,2021-10-31,2021-12-08,NetIncomeLoss,0000014693-21-000091|0000014693-21-000179,annual_plus_ytd_less_prior_ytd,2021-04-30,2021-06-21,CommonStockSharesOutstanding,0000014693-21-000091,single_distinct_value,1,478729000.0,767000000.0
BF-B,2023-01-01,2022-12-30,2022-12-30,35.51019610178928,31462033746.185303,True,SEC earnings + SEC EDGAR Company Facts + Yahoo Finance unadjusted close,Yahoo Finance unadjusted close,SEC EDGAR Company Facts,14693,BF-B,2022-12-30,USD,1.0,2021-11-01,2022-10-31,2022-12-07,NetIncomeLoss,0000014693-22-000069|0000014693-22-000151,annual_plus_ytd_less_prior_ytd,2022-04-30,2022-06-17,CommonStockSharesOutstanding,0000014693-22-000069,single_distinct_value,1,479020000.0,886000000.0
BF-B,2024-01-01,2023-12-29,2023-12-29,35.088388293104906,27368942868.621826,True,SEC earnings + SEC EDGAR Company Facts + Yahoo Finance unadjusted close,Yahoo Finance unadjusted close,SEC EDGAR Company Facts,14693,BF-B,2023-12-29,USD,1.0,2022-11-01,2023-10-31,2023-12-06,NetIncomeLoss,0000014693-23-000074|0000014693-23-000165,annual_plus_ytd_less_prior_ytd,2023-04-30,2023-06-16,CommonStockSharesOutstanding,0000014693-23-000074,single_distinct_value,1,479316000.0,780000000.0
BF-B,2025-01-01,2024-12-31,2024-12-31,17.877836437909252,17949347783.66089,True,SEC earnings + SEC EDGAR Company Facts + Yahoo Finance unadjusted close,Yahoo Finance unadjusted close,SEC EDGAR Company Facts,14693,BF-B,2024-12-31,USD,1.0,2023-11-01,2024-10-31,2024-12-05,NetIncomeLossAvailableToCommonStockholdersBasic,0000014693-24-000086|0000014693-24-000175,annual_plus_ytd_less_prior_ytd,2024-04-30,2024-06-14,CommonStockSharesOutstanding,0000014693-24-000086,single_distinct_value,1,472600000.0,1004000000.0
BTI,2019-01-01,2018-12-31,2018-12-31,1.5237873667366322,77947396803.98589,True,SEC earnings + SEC EDGAR Company Facts + Yahoo Finance unadjusted close,Yahoo Finance unadjusted close,SEC EDGAR Company Facts,1303523,BATS.L,2018-12-31,GBP,1.269357681274414,2017-07-01,2018-06-30,2018-07-26,ProfitLossAttributableToOwnersOfParent,0001193125-18-083410|0001564590-18-017544,annual_plus_ytd_less_prior_ytd,2017-12-31,2018-03-15,EntityCommonStockSharesOutstanding,0001193125-18-083410,single_distinct_value,1,2456278414.0,51153722957.369896
BTI,2020-01-01,2019-12-31,2019-12-31,13.059942522218883,104090054750.06734,True,SEC earnings + SEC EDGAR Company Facts + Yahoo Finance unadjusted close,Yahoo Finance unadjusted close,SEC EDGAR Company Facts,1303523,BATS.L,2019-12-31,GBP,1.3113033771514893,2018-07-01,2019-06-30,2019-08-01,ProfitLossAttributableToOwnersOfParent,0001193125-19-075779|0001564590-19-027704,annual_plus_ytd_less_prior_ytd,2018-12-31,2019-03-15,EntityCommonStockSharesOutstanding,0001193125-19-075779,single_distinct_value,1,2456415884.0,7970177094.8056555
BTI,2021-01-01,2020-12-31,2020-12-31,11331688.691838074,9.067469018870955e+16,True,SEC earnings + SEC EDGAR Company Facts + Yahoo Finance unadjusted close,Yahoo Finance unadjusted close,SEC EDGAR Company Facts,1303523,BATS.L,2020-12-31,GBP,1.36306631565094,2019-07-01,2020-06-30,2020-07-31,ProfitLossAttributableToOwnersOfParent,0001193125-20-086441|0001193125-20-205462,annual_plus_ytd_less_prior_ytd,2019-12-31,2020-03-26,EntityCommonStockSharesOutstanding,0001193125-20-086441,single_distinct_value,1,2456520738000000.0,8001869152.47859
BTI,2022-01-01,2021-12-31,2021-12-31,10.865518488533034,90642832016.17589,True,SEC earnings + SEC EDGAR Company Facts + Yahoo Finance unadjusted close,Yahoo Finance unadjusted close,SEC EDGAR Company Facts,1303523,BATS.L,2021-12-31,GBP,1.349837303161621,2020-07-01,2021-06-30,2021-07-28,ProfitLossAttributableToOwnersOfParent,0001193125-21-073992|0001564590-21-038490,annual_plus_ytd_less_prior_ytd,2020-12-31,2021-03-09,EntityCommonStockSharesOutstanding,0001193125-21-073992,single_distinct_value,1,2456591597.0,8342246355.922743
BTI,2023-01-01,2022-12-30,2022-12-30,13.490236061753878,97190768162.98575,True,SEC earnings + SEC EDGAR Company Facts + Yahoo Finance unadjusted close,Yahoo Finance unadjusted close,SEC EDGAR Company Facts,1303523,BATS.L,2022-12-30,GBP,1.2056326866149902,2021-07-01,2022-06-30,2022-07-27,ProfitLossAttributableToOwnersOfParent,0001193125-22-068869|0001564590-22-026578,annual_plus_ytd_less_prior_ytd,2021-12-31,2022-03-08,EntityCommonStockSharesOutstanding,0001193125-22-068869,single_distinct_value,1,2456617788.0,7204526868.030943
BTI,2024-01-01,2023-12-29,2023-12-29,6.800565449875158,71816361670.54755,True,SEC earnings + SEC EDGAR Company Facts + Yahoo Finance unadjusted close,Yahoo Finance unadjusted close,SEC EDGAR Company Facts,1303523,BATS.L,2023-12-29,GBP,1.2733986377716064,2022-07-01,2023-06-30,2023-07-26,ProfitLossAttributableToOwnersOfParent,0001303523-23-000012|0001303523-23-000022,annual_plus_ytd_less_prior_ytd,2022-12-31,2023-03-02,EntityCommonStockSharesOutstanding,0001303523-23-000012,single_distinct_value,1,2456867420.0,10560351517.80885
BTI,2025-01-01,2024-12-31,2024-12-31,,88794638842.50665,False,SEC earnings + SEC EDGAR Company Facts + Yahoo Finance unadjusted close,Yahoo Finance unadjusted close,SEC EDGAR Company Facts,1303523,BATS.L,2024-12-31,GBP,1.254909873008728,2023-07-01,2024-06-30,2024-07-25,ProfitLossAttributableToOwnersOfParent,0001303523-24-000024|0001303523-24-000039,annual_plus_ytd_less_prior_ytd,2023-12-31,2024-02-09,EntityCommonStockSharesOutstanding,0001303523-24-000024,single_distinct_value,1,2456867420.0,-17426191376.367897
BUD,2019-01-01,2018-12-31,2018-12-31,13.896351333058913,111768353771.79283,True,SEC earnings + SEC EDGAR Company Facts + Yahoo Finance unadjusted close,Yahoo Finance unadjusted close,SEC EDGAR Company Facts,1668717,ABI.BR,2018-12-31,EUR,1.1439945697784424,2017-07-01,2018-06-30,2018-07-27,ProfitLossAttributableToOwnersOfParent,0001193125-18-107544|0001193125-18-228768,annual_plus_ytd_less_prior_ytd,2017-12-31,2018-04-04,EntityCommonStockSharesOutstanding,0001193125-18-107544,single_distinct_value,1,1693242156.0,8043000000.0
BUD,2020-01-01,2019-12-31,2019-12-31,18.46536271810436,137917794141.52145,True,SEC earnings + SEC EDGAR Company Facts + Yahoo Finance unadjusted close,Yahoo Finance unadjusted close,SEC EDGAR Company Facts,1668717,ABI.BR,2019-12-31,EUR,1.120229721069336,2018-07-01,2019-06-30,2019-08-01,ProfitLossAttributableToOwnersOfParent,0001193125-19-083684|0001193125-19-209800,annual_plus_ytd_less_prior_ytd,2018-12-31,2019-03-22,EntityCommonStockSharesOutstanding,0001193125-19-083684,single_distinct_value,1,1693242156.0,7469000000.0
BUD,2021-01-01,2020-12-31,2020-12-31,97.64229574873238,118733031630.45857,True,SEC earnings + SEC EDGAR Company Facts + Yahoo Finance unadjusted close,Yahoo Finance unadjusted close,SEC EDGAR Company Facts,1668717,ABI.BR,2020-12-31,EUR,1.2299896478652954,2019-07-01,2020-06-30,2020-08-04,ProfitLossAttributableToOwnersOfParent,0001193125-20-082866|0001193125-20-209350,annual_plus_ytd_less_prior_ytd,2019-12-31,2020-03-24,EntityCommonStockSharesOutstanding,0001193125-20-082866,single_distinct_value,1,1693242156.0,1216000000.0
BUD,2022-01-01,2021-12-31,2021-12-31,17.691977582895532,101958866810.22696,True,SEC earnings + SEC EDGAR Company Facts + Yahoo Finance unadjusted close,Yahoo Finance unadjusted close,SEC EDGAR Company Facts,1668717,ABI.BR,2021-12-31,EUR,1.132502794265747,2020-07-01,2021-06-30,2021-07-30,ProfitLossAttributableToOwnersOfParent,0001193125-21-087552|0001193125-21-231487,annual_plus_ytd_less_prior_ytd,2020-12-31,2021-03-19,EntityCommonStockSharesOutstanding,0001193125-21-087552,single_distinct_value,1,1693242156.0,5763000000.0
BUD,2023-01-01,2022-12-30,2022-12-30,26.692467553703793,104207393329.6596,True,SEC earnings + SEC EDGAR Company Facts + Yahoo Finance unadjusted close,Yahoo Finance unadjusted close,SEC EDGAR Company Facts,1668717,ABI.BR,2022-12-30,EUR,1.066075325012207,2021-07-01,2022-06-30,2022-07-29,ProfitLossAttributableToOwnersOfParent,0001193125-22-079594|0001193125-22-205671,annual_plus_ytd_less_prior_ytd,2021-12-31,2022-03-18,EntityCommonStockSharesOutstanding,0001193125-22-079594,single_distinct_value,1,1737135607.0,3904000000.0
BUD,2024-01-01,2023-12-29,2023-12-29,17.96089480745028,112327436125.79405,True,SEC earnings + SEC EDGAR Company Facts + Yahoo Finance unadjusted close,Yahoo Finance unadjusted close,SEC EDGAR Company Facts,1668717,ABI.BR,2023-12-29,EUR,1.1068191528320312,2022-07-01,2023-06-30,2023-08-03,ProfitLossAttributableToOwnersOfParent,0001193125-23-073993|0001193125-23-202759,annual_plus_ytd_less_prior_ytd,2022-12-31,2023-03-17,EntityCommonStockSharesOutstanding,0001193125-23-073993,single_distinct_value,1,1737191283.0,6254000000.0
BUD,2025-01-01,2024-12-31,2024-12-31,14.71392116432093,87224124662.09447,True,SEC earnings + SEC EDGAR Company Facts + Yahoo Finance unadjusted close,Yahoo Finance unadjusted close,SEC EDGAR Company Facts,1668717,ABI.BR,2024-12-31,EUR,1.040615200996399,2023-07-01,2024-06-30,2024-08-01,ProfitLossAttributableToOwnersOfParent,0001193125-24-064823|0001193125-24-191588,annual_plus_ytd_less_prior_ytd,2023-12-31,2024-03-11,EntityCommonStockSharesOutstanding,0001193125-24-064823,single_distinct_value,1,1737197263.0,5928000000.0
CELH,2018-01-01,2017-12-29,2017-12-29,,79938412.75,False,SEC earnings + SEC EDGAR Company Facts + Yahoo Finance unadjusted close,Yahoo Finance unadjusted close,SEC EDGAR Company Facts,1341766,CELH,2017-12-29,USD,1.0,2016-10-01,2017-09-30,2017-11-08,NetIncomeLossAvailableToCommonStockholdersBasic,0001615774-17-001341|0001615774-17-006346,annual_plus_ytd_less_prior_ytd,2017-11-08,2017-11-08,EntityCommonStockSharesOutstanding,0001615774-17-006346,single_distinct_value,1,45679093.0,-3815946.0
CELH,2019-01-01,2018-12-31,2018-12-31,,59140174.05134368,False,SEC earnings + SEC EDGAR Company Facts + Yahoo Finance unadjusted close,Yahoo Finance unadjusted close,SEC EDGAR Company Facts,1341766,CELH,2018-12-31,USD,1.0,2017-10-01,2018-09-30,2018-11-08,NetIncomeLossAvailableToCommonStockholdersBasic,0001615774-18-001689|0001615774-18-012306,annual_plus_ytd_less_prior_ytd,2018-11-08,2018-11-08,EntityCommonStockSharesOutstanding,0001615774-18-012306,single_distinct_value,1,51129819.0,-15826434.0
CELH,2020-01-01,2019-12-31,2019-12-31,10.817472554958028,110889164.75526845,True,SEC earnings + SEC EDGAR Company Facts + Yahoo Finance unadjusted close,Yahoo Finance unadjusted close,SEC EDGAR Company Facts,1341766,CELH,2019-12-31,USD,1.0,2018-10-01,2019-09-30,2019-11-07,NetIncomeLossAvailableToCommonStockholdersBasic,0001615774-19-004030|0001213900-19-022270,annual_plus_ytd_less_prior_ytd,2019-11-06,2019-11-07,EntityCommonStockSharesOutstanding,0001213900-19-022270,single_distinct_value,1,68875257.0,10250931.0
CELH,2021-01-01,2020-12-31,2020-12-31,211.36613814185836,1201596626.9194794,True,SEC earnings + SEC EDGAR Company Facts + Yahoo Finance unadjusted close,Yahoo Finance unadjusted close,SEC EDGAR Company Facts,1341766,CELH,2020-12-31,USD,1.0,2019-10-01,2020-09-30,2020-11-12,NetIncomeLossAvailableToCommonStockholdersBasic,0001213900-20-006069|0001213900-20-036371,annual_plus_ytd_less_prior_ytd,2020-11-11,2020-11-12,EntityCommonStockSharesOutstanding,0001213900-20-036371,single_distinct_value,1,71651556.0,5684906.0
CELH,2022-01-01,2021-12-31,2021-12-31,207.61042199160943,1859653746.1560822,True,SEC earnings + SEC EDGAR Company Facts + Yahoo Finance unadjusted close,Yahoo Finance unadjusted close,SEC EDGAR Company Facts,1341766,CELH,2021-12-31,USD,1.0,2020-10-01,2021-09-30,2021-11-12,NetIncomeLossAvailableToCommonStockholdersBasic,0001829126-21-001412|0001829126-21-014180,annual_plus_ytd_less_prior_ytd,2021-11-11,2021-11-12,EntityCommonStockSharesOutstanding,0001829126-21-014180,single_distinct_value,1,74815090.0,8957420.0
CELH,2023-01-01,2022-12-30,2022-12-30,,2643489993.9420853,False,SEC earnings + SEC EDGAR Company Facts + Yahoo Finance unadjusted close,Yahoo Finance unadjusted close,SEC EDGAR Company Facts,1341766,CELH,2022-12-30,USD,1.0,2021-10-01,2022-09-30,2022-11-09,NetIncomeLossAvailableToCommonStockholdersBasic,0000950170-22-003965|0000950170-22-023818,annual_plus_ytd_less_prior_ytd,2022-11-07,2022-11-09,EntityCommonStockSharesOutstanding,0000950170-22-023818,single_distinct_value,1,76225201.0,-158712727.0
CELH,2024-01-01,2023-12-29,2023-12-29,36.68889407174118,4210307416.990803,True,SEC earnings + SEC EDGAR Company Facts + Yahoo Finance unadjusted close,Yahoo Finance unadjusted close,SEC EDGAR Company Facts,1341766,CELH,2023-12-29,USD,1.0,2022-10-01,2023-09-30,2023-11-07,NetIncomeLossAvailableToCommonStockholdersBasic,0001829126-23-002816|0001341766-23-000035,annual_plus_ytd_less_prior_ytd,2023-10-31,2023-11-07,EntityCommonStockSharesOutstanding,0001341766-23-000035,single_distinct_value,1,77225007.0,114757000.0
CELH,2025-01-01,2024-12-31,2024-12-31,36.3245973756833,6190728481.5429535,True,SEC earnings + SEC EDGAR Company Facts + Yahoo Finance unadjusted close,Yahoo Finance unadjusted close,SEC EDGAR Company Facts,1341766,CELH,2024-12-31,USD,1.0,2023-10-01,2024-09-30,2024-11-06,NetIncomeLossAvailableToCommonStockholdersBasic,0001341766-24-000015|0001341766-24-000093,annual_plus_ytd_less_prior_ytd,2024-10-30,2024-11-06,EntityCommonStockSharesOutstanding,0001341766-24-000093,single_distinct_value,1,235031452.0,170428000.0
CMG,2016-01-01,2015-12-31,2015-12-31,0.5658373760271403,299306470.09806824,True,SEC earnings + SEC EDGAR Company Facts + Yahoo Finance unadjusted close,Yahoo Finance unadjusted close,SEC EDGAR Company Facts,1058090,CMG,2015-12-31,USD,1.0,2014-10-01,2015-09-30,2015-10-21,NetIncomeLoss,0001193125-15-033771|0001058090-15-000044,annual_plus_ytd_less_prior_ytd,2015-10-16,2015-10-21,EntityCommonStockSharesOutstanding,0001058090-15-000044,single_distinct_value,1,31187503.0,528962000.0
CMG,2017-01-01,2016-12-30,2016-12-30,2.919170439070969,218461958.14875412,True,SEC earnings + SEC EDGAR Company Facts + Yahoo Finance unadjusted close,Yahoo Finance unadjusted close,SEC EDGAR Company Facts,1058090,CMG,2016-12-30,USD,1.0,2015-10-01,2016-09-30,2016-10-26,NetIncomeLoss,0001058090-16-000058|0001058090-16-000088,annual_plus_ytd_less_prior_ytd,2016-10-21,2016-10-26,EntityCommonStockSharesOutstanding,0001058090-16-000088,single_distinct_value,1,28949162.0,74837000.0
CMG,2018-01-01,2017-12-29,2017-12-29,1.0994929544717957,163203236.697021,True,SEC earnings + SEC EDGAR Company Facts + Yahoo Finance unadjusted close,Yahoo Finance unadjusted close,SEC EDGAR Company Facts,1058090,CMG,2017-12-29,USD,1.0,2016-10-01,2017-09-30,2017-10-25,NetIncomeLoss,0001058090-17-000009|0001058090-17-000044,annual_plus_ytd_less_prior_ytd,2017-10-20,2017-10-25,EntityCommonStockSharesOutstanding,0001058090-17-000044,single_distinct_value,1,28232923.0,148435000.0
CMG,2019-01-01,2018-12-31,2018-12-31,1.2741963467204014,239965575.38881302,True,SEC earnings + SEC EDGAR Company Facts + Yahoo Finance unadjusted close,Yahoo Finance unadjusted close,SEC EDGAR Company Facts,1058090,CMG,2018-12-31,USD,1.0,2017-10-01,2018-09-30,2018-10-26,NetIncomeLoss,0001058090-18-000018|0001058090-18-000055,annual_plus_ytd_less_prior_ytd,2018-10-23,2018-10-26,EntityCommonStockSharesOutstanding,0001058090-18-000055,single_distinct_value,1,27787300.0,188327000.0
CMG,2020-01-01,2019-12-31,2019-12-31,1.5022965708231844,465352888.07476044,True,SEC earnings + SEC EDGAR Company Facts + Yahoo Finance unadjusted close,Yahoo Finance unadjusted close,SEC EDGAR Company Facts,1058090,CMG,2019-12-31,USD,1.0,2018-10-01,2019-09-30,2019-10-23,NetIncomeLoss,0001058090-19-000007|0001058090-19-000038,annual_plus_ytd_less_prior_ytd,2019-10-18,2019-10-23,EntityCommonStockSharesOutstanding,0001058090-19-000038,single_distinct_value,1,27795204.0,309761000.0
CMG,2021-01-01,2020-12-31,2020-12-31,3.2712366925427854,776012581.9150772,True,SEC earnings + SEC EDGAR Company Facts + Yahoo Finance unadjusted close,Yahoo Finance unadjusted close,SEC EDGAR Company Facts,1058090,CMG,2020-12-31,USD,1.0,2019-10-01,2020-09-30,2020-10-28,NetIncomeLoss,0001058090-20-000010|0001058090-20-000041,annual_plus_ytd_less_prior_ytd,2020-10-26,2020-10-28,EntityCommonStockSharesOutstanding,0001058090-20-000041,single_distinct_value,1,27980349.0,237223000.0
CMG,2022-01-01,2021-12-31,2021-12-31,1.3846569797416945,983754475.0831223,True,SEC earnings + SEC EDGAR Company Facts + Yahoo Finance unadjusted close,Yahoo Finance unadjusted close,SEC EDGAR Company Facts,1058090,CMG,2021-12-31,USD,1.0,2020-10-01,2021-09-30,2021-10-27,NetIncomeLoss,0001058090-21-000010|0001562762-21-000375,annual_plus_ytd_less_prior_ytd,2021-10-22,2021-10-27,EntityCommonStockSharesOutstanding,0001562762-21-000375,single_distinct_value,1,28135406.0,710468000.0
CMG,2023-01-01,2022-12-30,2022-12-30,0.9510493383170002,769255306.2483673,True,SEC earnings + SEC EDGAR Company Facts + Yahoo Finance unadjusted close,Yahoo Finance unadjusted close,SEC EDGAR Company Facts,1058090,CMG,2022-12-30,USD,1.0,2021-10-01,2022-09-30,2022-10-26,NetIncomeLoss,0001058090-22-000011|0001058090-22-000043,annual_plus_ytd_less_prior_ytd,2022-10-24,2022-10-26,EntityCommonStockSharesOutstanding,0001058090-22-000043,single_distinct_value,1,27721112.0,808849000.0
CMG,2024-01-01,2023-12-29,2023-12-29,1.0725567371570248,1255296808.9203644,True,SEC earnings + SEC EDGAR Company Facts + Yahoo Finance unadjusted close,Yahoo Finance unadjusted close,SEC EDGAR Company Facts,1058090,CMG,2023-12-29,USD,1.0,2022-10-01,2023-09-30,2023-10-27,NetIncomeLoss,0001058090-23-000010|0001058090-23-000041,annual_plus_ytd_less_prior_ytd,2023-10-24,2023-10-27,EntityCommonStockSharesOutstanding,0001058090-23-000041,single_distinct_value,1,27444660.0,1170378000.0
CMG,2025-01-01,2024-12-31,2024-12-31,55.350704417867604,82164356860.42404,True,SEC earnings + SEC EDGAR Company Facts + Yahoo Finance unadjusted close,Yahoo Finance unadjusted close,SEC EDGAR Company Facts,1058090,CMG,2024-12-31,USD,1.0,2023-10-01,2024-09-30,2024-10-30,NetIncomeLoss,0001562762-24-000023|0001058090-24-000050,annual_plus_ytd_less_prior_ytd,2024-10-25,2024-10-30,EntityCommonStockSharesOutstanding,0001058090-24-000050,single_distinct_value,1,1362593000.0,1484432000.0
DEO,2019-01-01,2018-12-31,2018-12-31,22.5739961919195,95635503138.12213,True,SEC earnings + SEC EDGAR Company Facts + Yahoo Finance unadjusted close,Yahoo Finance unadjusted close,SEC EDGAR Company Facts,835403,DGE.L,2018-12-31,GBP,1.269357681274414,2017-07-01,2018-06-30,2018-08-15,ProfitLoss,0001193125-18-249410,annual_fallback,2018-06-30,2018-08-15,EntityCommonStockSharesOutstanding,0001193125-18-249410,single_distinct_value,1,2695586790.0,4236534033.453742
DEO,2020-01-01,2019-12-31,2019-12-31,25.265402476697126,109157049391.45515,True,SEC earnings + SEC EDGAR Company Facts + Yahoo Finance unadjusted close,Yahoo Finance unadjusted close,SEC EDGAR Company Facts,835403,DGE.L,2019-12-31,GBP,1.3113033771514893,2018-07-01,2019-06-30,2019-08-05,ProfitLoss,0000835403-19-000005,annual_fallback,2019-06-30,2019-08-05,EntityCommonStockSharesOutstanding,0000835403-19-000005,single_distinct_value,1,2600942652.0,4320416011.268107
DEO,2021-01-01,2020-12-31,2020-12-31,56.57844389817881,100504368463.53004,True,SEC earnings + SEC EDGAR Company Facts + Yahoo Finance unadjusted close,Yahoo Finance unadjusted close,SEC EDGAR Company Facts,835403,DGE.L,2020-12-31,GBP,1.36306631565094,2019-07-01,2020-06-30,2020-08-07,ProfitLossAttributableToOwnersOfParent,0000835403-20-000006,annual_fallback,2020-06-30,2020-08-07,EntityCommonStockSharesOutstanding,0000835403-20-000006,single_distinct_value,1,2561988428.0,1776372086.945381
DEO,2022-01-01,2021-12-31,2021-12-31,38.90543272091507,139403544897.26984,True,SEC earnings + SEC EDGAR Company Facts + Yahoo Finance unadjusted close,Yahoo Finance unadjusted close,SEC EDGAR Company Facts,835403,DGE.L,2021-12-31,GBP,1.349837303161621,2020-07-01,2021-06-30,2021-08-05,ProfitLossAttributableToOwnersOfParent,0000835403-21-000011,annual_fallback,2021-06-30,2021-08-05,EntityCommonStockSharesOutstanding,0000835403-21-000011,single_distinct_value,1,2558828824.0,3583138270.1040683
DEO,2023-01-01,2022-12-30,2022-12-30,30.674755273261127,109911889545.69852,True,SEC earnings + SEC EDGAR Company Facts + Yahoo Finance unadjusted close,Yahoo Finance unadjusted close,SEC EDGAR Company Facts,835403,DGE.L,2022-12-30,GBP,1.2056326866149902,2020-07-01,2021-06-30,2021-08-05,ProfitLossAttributableToOwnersOfParent,0000835403-21-000011,annual_fallback,2022-06-30,2022-08-04,EntityCommonStockSharesOutstanding,0000835403-22-000008,single_distinct_value,1,2497679997.0,3583138270.1040683
DEO,2024-01-01,2023-12-29,2023-12-29,24.967003206611256,89460224679.41978,True,SEC earnings + SEC EDGAR Company Facts + Yahoo Finance unadjusted close,Yahoo Finance unadjusted close,SEC EDGAR Company Facts,835403,DGE.L,2023-12-29,GBP,1.2733986377716064,2020-07-01,2021-06-30,2021-08-05,ProfitLossAttributableToOwnersOfParent,0000835403-21-000011,annual_fallback,2023-06-30,2023-08-03,EntityCommonStockSharesOutstanding,0000835403-23-000016,single_distinct_value,1,2459843065.0,3583138270.1040683
DEO,2025-01-01,2024-12-31,2024-12-31,21.61683677254204,77456115118.2883,True,SEC earnings + SEC EDGAR Company Facts + Yahoo Finance unadjusted close,Yahoo Finance unadjusted close,SEC EDGAR Company Facts,835403,DGE.L,2024-12-31,GBP,1.254909873008728,2020-07-01,2021-06-30,2021-08-05,ProfitLossAttributableToOwnersOfParent,0000835403-21-000011,annual_fallback,2024-06-30,2024-08-01,EntityCommonStockSharesOutstanding,0000835403-24-000029,single_distinct_value,1,2432411924.0,3583138270.1040683
DPZ,2016-01-01,2015-12-31,2015-12-31,34.142442752003504,6079505783.75,True,SEC earnings + SEC EDGAR Company Facts + Yahoo Finance unadjusted close,Yahoo Finance unadjusted close,SEC EDGAR Company Facts,1286681,DPZ,2015-12-31,USD,1.0,2014-09-08,2015-09-06,2015-10-08,NetIncomeLoss,0001193125-15-059100|0001193125-15-339829,annual_plus_ytd_less_prior_ytd,2015-10-01,2015-10-08,EntityCommonStockSharesOutstanding,0001193125-15-339829,single_distinct_value,1,54647243.0,178063000.0
DPZ,2017-01-01,2016-12-30,2016-12-30,37.40071449695655,7656075860.3849945,True,SEC earnings + SEC EDGAR Company Facts + Yahoo Finance unadjusted close,Yahoo Finance unadjusted close,SEC EDGAR Company Facts,1286681,DPZ,2016-12-30,USD,1.0,2015-09-07,2016-09-11,2016-10-18,NetIncomeLoss,0001193125-16-476935|0001193125-16-740199,annual_plus_ytd_less_prior_ytd,2016-10-11,2016-10-18,EntityCommonStockSharesOutstanding,0001193125-16-740199,single_distinct_value,1,48078847.0,204704000.0
DPZ,2018-01-01,2017-12-29,2017-12-29,32.116793813032636,8264004332.825241,True,SEC earnings + SEC EDGAR Company Facts + Yahoo Finance unadjusted close,Yahoo Finance unadjusted close,SEC EDGAR Company Facts,1286681,DPZ,2017-12-29,USD,1.0,2016-09-12,2017-09-10,2017-10-12,NetIncomeLoss,0001193125-17-060262|0001193125-17-308404,annual_plus_ytd_less_prior_ytd,2017-10-05,2017-10-12,EntityCommonStockSharesOutstanding,0001193125-17-308404,single_distinct_value,1,43734145.0,257311000.0
DPZ,2019-01-01,2018-12-31,2018-12-31,30.015562685923037,10315058225.956253,True,SEC earnings + SEC EDGAR Company Facts + Yahoo Finance unadjusted close,Yahoo Finance unadjusted close,SEC EDGAR Company Facts,1286681,DPZ,2018-12-31,USD,1.0,2017-09-11,2018-09-09,2018-10-16,NetIncomeLoss,0001193125-18-049576|0001193125-18-299738,annual_plus_ytd_less_prior_ytd,2018-10-09,2018-10-16,EntityCommonStockSharesOutstanding,0001193125-18-299738,single_distinct_value,1,41594653.0,343657000.0
DPZ,2020-01-01,2019-12-31,2019-12-31,31.370714371195234,12015736501.312683,True,SEC earnings + SEC EDGAR Company Facts + Yahoo Finance unadjusted close,Yahoo Finance unadjusted close,SEC EDGAR Company Facts,1286681,DPZ,2019-12-31,USD,1.0,2018-09-10,2019-09-08,2019-10-08,NetIncomeLoss,0001193125-19-046191|0001193125-19-264105,annual_plus_ytd_less_prior_ytd,2019-10-01,2019-10-08,EntityCommonStockSharesOutstanding,0001193125-19-264105,single_distinct_value,1,40900458.0,383024000.0
DPZ,2021-01-01,2020-12-31,2020-12-31,32.23266389765211,15108287618.090881,True,SEC earnings + SEC EDGAR Company Facts + Yahoo Finance unadjusted close,Yahoo Finance unadjusted close,SEC EDGAR Company Facts,1286681,DPZ,2020-12-31,USD,1.0,2019-09-09,2020-09-06,2020-10-08,NetIncomeLoss,0001193125-20-042675|0001193125-20-265920,annual_plus_ytd_less_prior_ytd,2020-10-01,2020-10-08,EntityCommonStockSharesOutstanding,0001193125-20-265920,single_distinct_value,1,39399906.0,468726000.0
DPZ,2022-01-01,2021-12-31,2021-12-31,40.52694208020134,20534150486.254333,True,SEC earnings + SEC EDGAR Company Facts + Yahoo Finance unadjusted close,Yahoo Finance unadjusted close,SEC EDGAR Company Facts,1286681,DPZ,2021-12-31,USD,1.0,2020-09-07,2021-09-12,2021-10-14,NetIncomeLoss,0001193125-21-055734|0000950170-21-002121,annual_plus_ytd_less_prior_ytd,2021-10-07,2021-10-14,EntityCommonStockSharesOutstanding,0000950170-21-002121,single_distinct_value,1,36386777.0,506679000.0
DPZ,2023-01-01,2022-12-30,2022-12-30,27.271108092898274,12262344669.539337,True,SEC earnings + SEC EDGAR Company Facts + Yahoo Finance unadjusted close,Yahoo Finance unadjusted close,SEC EDGAR Company Facts,1286681,DPZ,2022-12-30,USD,1.0,2021-09-13,2022-09-11,2022-10-13,NetIncomeLoss,0000950170-22-002426|0000950170-22-019533,annual_plus_ytd_less_prior_ytd,2022-10-06,2022-10-13,EntityCommonStockSharesOutstanding,0000950170-22-019533,single_distinct_value,1,35399379.0,449646000.0
DPZ,2024-01-01,2023-12-29,2023-12-29,27.645095063722632,14378988005.303925,True,SEC earnings + SEC EDGAR Company Facts + Yahoo Finance unadjusted close,Yahoo Finance unadjusted close,SEC EDGAR Company Facts,1286681,DPZ,2023-12-29,USD,1.0,2022-09-12,2023-09-10,2023-10-12,NetIncomeLoss,0000950170-23-003938|0000950170-23-052997,annual_plus_ytd_less_prior_ytd,2023-10-05,2023-10-12,EntityCommonStockSharesOutstanding,0000950170-23-052997,single_distinct_value,1,34880983.0,520128000.0
DPZ,2025-01-01,2024-12-31,2024-12-31,25.34036240556477,14495143422.506348,True,SEC earnings + SEC EDGAR Company Facts + Yahoo Finance unadjusted close,Yahoo Finance unadjusted close,SEC EDGAR Company Facts,1286681,DPZ,2024-12-31,USD,1.0,2023-09-11,2024-09-08,2024-10-10,NetIncomeLoss,0000950170-24-019725|0000950170-24-113947,annual_plus_ytd_less_prior_ytd,2024-10-03,2024-10-10,EntityCommonStockSharesOutstanding,0000950170-24-113947,single_distinct_value,1,34531978.0,572018000.0
EA,2020-01-01,2019-12-31,2019-12-31,11.431410392072106,31390652936.63,True,SEC earnings + SEC EDGAR Company Facts + SimFin unadjusted close,SimFin unadjusted close,SEC EDGAR Company Facts,712515,EA,2019-12-31,USD,1.0,2018-10-01,2019-09-30,2019-11-06,NetIncomeLoss,0000712515-19-000019|0000712515-19-000129,annual_plus_ytd_less_prior_ytd,2019-11-01,2019-11-06,EntityCommonStockSharesOutstanding,0000712515-19-000129,single_distinct_value,1,291978913.0,2746000000.0
EA,2021-01-01,2020-12-31,2020-12-31,31.7010093391172,41655126271.6,True,SEC earnings + SEC EDGAR Company Facts + SimFin unadjusted close,SimFin unadjusted close,SEC EDGAR Company Facts,712515,EA,2020-12-31,USD,1.0,2019-10-01,2020-09-30,2020-11-10,NetIncomeLoss,0000712515-20-000019|0000712515-20-000075,annual_plus_ytd_less_prior_ytd,2020-11-06,2020-11-10,EntityCommonStockSharesOutstanding,0000712515-20-000075,single_distinct_value,1,290077481.0,1314000000.0
EA,2022-01-01,2021-12-31,2021-12-31,47.51897332700638,37302394061.700005,True,SEC earnings + SEC EDGAR Company Facts + SimFin unadjusted close,SimFin unadjusted close,SEC EDGAR Company Facts,712515,EA,2021-12-31,USD,1.0,2020-10-01,2021-09-30,2021-11-09,NetIncomeLoss,0000712515-21-000064|0000712515-21-000148,annual_plus_ytd_less_prior_ytd,2021-11-05,2021-11-09,EntityCommonStockSharesOutstanding,0000712515-21-000148,single_distinct_value,1,282808143.0,785000000.0
EA,2023-01-01,2022-12-30,2022-12-30,37.43782795795783,33731482990.120003,True,SEC earnings + SEC EDGAR Company Facts + SimFin unadjusted close,SimFin unadjusted close,SEC EDGAR Company Facts,712515,EA,2022-12-30,USD,1.0,2021-10-01,2022-09-30,2022-11-08,NetIncomeLoss,0000712515-22-000011|0000712515-22-000068,annual_plus_ytd_less_prior_ytd,2022-11-04,2022-11-08,EntityCommonStockSharesOutstanding,0000712515-22-000068,single_distinct_value,1,276080234.0,901000000.0
EA,2024-01-01,2023-12-29,2023-12-29,37.056696489496474,36797299614.07,True,SEC earnings + SEC EDGAR Company Facts + SimFin unadjusted close,SimFin unadjusted close,SEC EDGAR Company Facts,712515,EA,2023-12-29,USD,1.0,2022-10-01,2023-09-30,2023-11-07,NetIncomeLoss,0000712515-23-000028|0000712515-23-000048,annual_plus_ytd_less_prior_ytd,2023-11-03,2023-11-07,EntityCommonStockSharesOutstanding,0000712515-23-000048,single_distinct_value,1,268966447.0,993000000.0
EA,2025-01-01,2024-12-31,2024-12-31,36.68309150315488,38370513712.3,True,SEC earnings + SEC EDGAR Company Facts + SimFin unadjusted close,SimFin unadjusted close,SEC EDGAR Company Facts,712515,EA,2024-12-31,USD,1.0,2023-10-01,2024-09-30,2024-11-01,NetIncomeLoss,0000712515-24-000023|0000712515-24-000048,annual_plus_ytd_less_prior_ytd,2024-10-30,2024-11-01,EntityCommonStockSharesOutstanding,0000712515-24-000048,single_distinct_value,1,262272821.0,1046000000.0
GOOGL,2017-01-01,2016-12-30,2016-12-30,1.431995600292861,27305292106.384277,True,SEC earnings + SEC EDGAR Company Facts + Yahoo Finance unadjusted close,Yahoo Finance unadjusted close,SEC EDGAR Company Facts,1652044,GOOGL,2016-12-30,USD,1.0,2015-10-01,2016-09-30,2016-11-03,NetIncomeLossAvailableToCommonStockholdersBasic,0001652044-16-000012|0001652044-16-000038,annual_plus_ytd_less_prior_ytd,2016-09-30,2016-11-03,CommonStockSharesOutstanding,0001652044-16-000038,single_distinct_value,1,689136000.0,19068000000.0
GOOGL,2018-01-01,2017-12-29,2017-12-29,1.87876517238944,36594588027.80151,True,SEC earnings + SEC EDGAR Company Facts + Yahoo Finance unadjusted close,Yahoo Finance unadjusted close,SEC EDGAR Company Facts,1652044,GOOGL,2017-12-29,USD,1.0,2016-01-01,2016-12-31,2017-02-03,NetIncomeLossAvailableToCommonStockholdersBasic,0001652044-17-000008,annual_fallback,2017-09-30,2017-10-27,CommonStockSharesOutstanding,0001652044-17-000042,single_distinct_value,1,694790000.0,19478000000.0
GOOGL,2019-01-01,2018-12-31,2018-12-31,2.871770818243658,36362362100.6012,True,SEC earnings + SEC EDGAR Company Facts + Yahoo Finance unadjusted close,Yahoo Finance unadjusted close,SEC EDGAR Company Facts,1652044,GOOGL,2018-12-31,USD,1.0,2017-01-01,2017-12-31,2018-02-06,NetIncomeLossAvailableToCommonStockholdersBasic,0001652044-18-000007,annual_fallback,2018-09-30,2018-10-26,CommonStockSharesOutstanding,0001652044-18-000035,single_distinct_value,1,695957000.0,12662000000.0
GOOGL,2020-01-01,2019-12-31,2019-12-31,3.654211638331771,46269627764.556885,True,SEC earnings + SEC EDGAR Company Facts + Yahoo Finance unadjusted close,Yahoo Finance unadjusted close,SEC EDGAR Company Facts,1652044,GOOGL,2019-12-31,USD,1.0,2017-01-01,2017-12-31,2018-02-06,NetIncomeLossAvailableToCommonStockholdersBasic,0001652044-18-000007,annual_fallback,2019-09-30,2019-10-29,CommonStockSharesOutstanding,0001652044-19-000032,single_distinct_value,1,690906000.0,12662000000.0
GOOGL,2021-01-01,2020-12-31,2020-12-31,4.690436908279055,59390312132.629395,True,SEC earnings + SEC EDGAR Company Facts + Yahoo Finance unadjusted close,Yahoo Finance unadjusted close,SEC EDGAR Company Facts,1652044,GOOGL,2020-12-31,USD,1.0,2017-01-01,2017-12-31,2018-02-06,NetIncomeLossAvailableToCommonStockholdersBasic,0001652044-18-000007,annual_fallback,2020-09-30,2020-10-30,CommonStockSharesOutstanding,0001652044-20-000050,single_distinct_value,1,677724000.0,12662000000.0
GOOGL,2022-01-01,2021-12-31,2021-12-31,7.603895150107054,96280520390.65552,True,SEC earnings + SEC EDGAR Company Facts + Yahoo Finance unadjusted close,Yahoo Finance unadjusted close,SEC EDGAR Company Facts,1652044,GOOGL,2021-12-31,USD,1.0,2017-01-01,2017-12-31,2018-02-06,NetIncomeLossAvailableToCommonStockholdersBasic,0001652044-18-000007,annual_fallback,2021-09-30,2021-10-27,CommonStockSharesOutstanding,0001652044-21-000057,single_distinct_value,1,664682000.0,12662000000.0
GOOGL,2023-01-01,2022-12-30,2022-12-30,90.38314433286887,1144431373542.7856,True,SEC earnings + SEC EDGAR Company Facts + Yahoo Finance unadjusted close,Yahoo Finance unadjusted close,SEC EDGAR Company Facts,1652044,GOOGL,2022-12-30,USD,1.0,2017-01-01,2017-12-31,2018-02-06,NetIncomeLossAvailableToCommonStockholdersBasic,0001652044-18-000007,annual_fallback,2022-09-30,2022-10-26,CommonStockSharesOutstanding,0001652044-22-000090,single_distinct_value,1,12971000000.0,12662000000.0
GOOGL,2024-01-01,2023-12-29,2023-12-29,138.35510350795101,1751852320617.6758,True,SEC earnings + SEC EDGAR Company Facts + Yahoo Finance unadjusted close,Yahoo Finance unadjusted close,SEC EDGAR Company Facts,1652044,GOOGL,2023-12-29,USD,1.0,2017-01-01,2017-12-31,2018-02-06,NetIncomeLossAvailableToCommonStockholdersBasic,0001652044-18-000007,annual_fallback,2023-09-30,2023-10-25,CommonStockSharesOutstanding,0001652044-23-000094,single_distinct_value,1,12541000000.0,12662000000.0
GOOGL,2025-01-01,2024-12-31,2024-12-31,70.06202430669839,2321575237426.758,True,SEC earnings + SEC EDGAR Company Facts + Yahoo Finance unadjusted close,Yahoo Finance unadjusted close,SEC EDGAR Company Facts,1652044,GOOGL,2024-12-31,USD,1.0,2023-10-01,2024-09-30,2024-10-30,NetIncomeLossAvailableToCommonStockholdersBasic,0001652044-18-000007|0001652044-24-000118,annual_plus_ytd_less_prior_ytd,2024-09-30,2024-10-30,CommonStockSharesOutstanding,0001652044-24-000118,single_distinct_value,1,12264000000.0,33136000000.0
KDP,2016-01-01,2015-12-31,2015-12-31,24.149165120366415,17604741372.747116,True,SEC earnings + SEC EDGAR Company Facts + Yahoo Finance unadjusted close,Yahoo Finance unadjusted close,SEC EDGAR Company Facts,1418135,KDP,2015-12-31,USD,1.0,2014-10-01,2015-09-30,2015-10-22,NetIncomeLoss,0001418135-15-000006|0001418135-15-000027,annual_plus_ytd_less_prior_ytd,2015-10-19,2015-10-22,EntityCommonStockSharesOutstanding,0001418135-15-000027,single_distinct_value,1,188892081.0,729000000.0
KDP,2017-01-01,2016-12-30,2016-12-30,19.212747244241665,16657451860.757523,True,SEC earnings + SEC EDGAR Company Facts + Yahoo Finance unadjusted close,Yahoo Finance unadjusted close,SEC EDGAR Company Facts,1418135,KDP,2016-12-30,USD,1.0,2015-10-01,2016-09-30,2016-10-27,NetIncomeLoss,0001418135-16-000050|0001418135-16-000085,annual_plus_ytd_less_prior_ytd,2016-10-24,2016-10-27,EntityCommonStockSharesOutstanding,0001418135-16-000085,single_distinct_value,1,183715145.0,867000000.0
KDP,2018-01-01,2017-12-29,2017-12-29,23.906348133049065,17523353181.524963,True,SEC earnings + SEC EDGAR Company Facts + Yahoo Finance unadjusted close,Yahoo Finance unadjusted close,SEC EDGAR Company Facts,1418135,KDP,2017-12-29,USD,1.0,2016-10-01,2017-09-30,2017-10-25,NetIncomeLoss,0001418135-17-000010|0001418135-17-000047,annual_plus_ytd_less_prior_ytd,2017-10-23,2017-10-25,EntityCommonStockSharesOutstanding,0001418135-17-000047,single_distinct_value,1,180541455.0,733000000.0
KDP,2019-01-01,2018-12-31,2018-12-31,30.67770932374984,35616820524.873566,True,SEC earnings + SEC EDGAR Company Facts + Yahoo Finance unadjusted close,Yahoo Finance unadjusted close,SEC EDGAR Company Facts,1418135,KDP,2018-12-31,USD,1.0,2017-10-01,2018-09-30,2018-11-08,NetIncomeLoss,0001418135-18-000006|0001418135-18-000035,annual_plus_ytd_less_prior_ytd,2018-11-06,2018-11-08,EntityCommonStockSharesOutstanding,0001418135-18-000035,single_distinct_value,1,1389111598.0,1161000000.0
KDP,2020-01-01,2019-12-31,2019-12-31,36.558792041915225,40726494334.69356,True,SEC earnings + SEC EDGAR Company Facts + Yahoo Finance unadjusted close,Yahoo Finance unadjusted close,SEC EDGAR Company Facts,1418135,KDP,2019-12-31,USD,1.0,2018-10-01,2019-09-30,2019-11-07,NetIncomeLoss,0001418135-19-000007|0001418135-19-000080,annual_plus_ytd_less_prior_ytd,2019-11-05,2019-11-07,EntityCommonStockSharesOutstanding,0001418135-19-000080,single_distinct_value,1,1406787332.0,1114000000.0
KDP,2021-01-01,2020-12-31,2020-12-31,34.560326483499615,45032105408.0,True,SEC earnings + SEC EDGAR Company Facts + Yahoo Finance unadjusted close,Yahoo Finance unadjusted close,SEC EDGAR Company Facts,1418135,KDP,2020-12-31,USD,1.0,2019-10-01,2020-09-30,2020-10-29,NetIncomeLoss,0001418135-20-000007|0001418135-20-000031,annual_plus_ytd_less_prior_ytd,2020-10-27,2020-10-29,EntityCommonStockSharesOutstanding,0001418135-20-000031,single_distinct_value,1,1407253294.0,1303000000.0
KDP,2022-01-01,2021-12-31,2021-12-31,30.194145130153135,52266065220.295074,True,SEC earnings + SEC EDGAR Company Facts + Yahoo Finance unadjusted close,Yahoo Finance unadjusted close,SEC EDGAR Company Facts,1418135,KDP,2021-12-31,USD,1.0,2020-10-01,2021-09-30,2021-10-28,NetIncomeLoss,0001418135-21-000005|0001418135-21-000028,annual_plus_ytd_less_prior_ytd,2021-10-26,2021-10-28,EntityCommonStockSharesOutstanding,0001418135-21-000028,single_distinct_value,1,1417961594.0,1731000000.0
KDP,2023-01-01,2022-12-30,2022-12-30,27.658007333799123,50503521391.5172,True,SEC earnings + SEC EDGAR Company Facts + Yahoo Finance unadjusted close,Yahoo Finance unadjusted close,SEC EDGAR Company Facts,1418135,KDP,2022-12-30,USD,1.0,2021-10-01,2022-09-30,2022-10-27,NetIncomeLoss,0001418135-22-000005|0001418135-22-000023,annual_plus_ytd_less_prior_ytd,2022-10-25,2022-10-27,EntityCommonStockSharesOutstanding,0001418135-22-000023,single_distinct_value,1,1416251307.0,1826000000.0
KDP,2024-01-01,2023-12-29,2023-12-29,24.004409338084333,46592558525.22169,True,SEC earnings + SEC EDGAR Company Facts + Yahoo Finance unadjusted close,Yahoo Finance unadjusted close,SEC EDGAR Company Facts,1418135,KDP,2023-12-29,USD,1.0,2022-10-01,2023-09-30,2023-10-26,NetIncomeLoss,0001418135-23-000003|0001418135-23-000018,annual_plus_ytd_less_prior_ytd,2023-10-24,2023-10-26,EntityCommonStockSharesOutstanding,0001418135-23-000018,single_distinct_value,1,1398336103.0,1941000000.0
KDP,2025-01-01,2024-12-31,2024-12-31,19.12611490651062,43569289757.03119,True,SEC earnings + SEC EDGAR Company Facts + Yahoo Finance unadjusted close,Yahoo Finance unadjusted close,SEC EDGAR Company Facts,1418135,KDP,2024-12-31,USD,1.0,2023-10-01,2024-09-30,2024-10-24,NetIncomeLoss,0001418135-24-000007|0001418135-24-000090,annual_plus_ytd_less_prior_ytd,2024-10-22,2024-10-24,EntityCommonStockSharesOutstanding,0001418135-24-000090,single_distinct_value,1,1356453649.0,2278000000.0
KO,2016-01-01,2015-12-31,2015-12-31,27.140092725180878,186832398320.14517,True,SEC earnings + SEC EDGAR Company Facts + Yahoo Finance unadjusted close,Yahoo Finance unadjusted close,SEC EDGAR Company Facts,21344,KO,2015-12-31,USD,1.0,2014-09-27,2015-10-02,2015-10-28,NetIncomeLoss,0000021344-15-000005|0000021344-15-000041,annual_plus_ytd_less_prior_ytd,2015-10-26,2015-10-28,EntityCommonStockSharesOutstanding,0000021344-15-000041,single_distinct_value,1,4348985156.0,6884000000.0
KO,2017-01-01,2016-12-30,2016-12-30,24.78725997209977,178815293438.72772,True,SEC earnings + SEC EDGAR Company Facts + Yahoo Finance unadjusted close,Yahoo Finance unadjusted close,SEC EDGAR Company Facts,21344,KO,2016-12-30,USD,1.0,2015-10-03,2016-09-30,2016-10-27,NetIncomeLoss,0000021344-16-000050|0000021344-16-000076,annual_plus_ytd_less_prior_ytd,2016-10-24,2016-10-27,EntityCommonStockSharesOutstanding,0000021344-16-000076,single_distinct_value,1,4312959416.0,7214000000.0
KO,2018-01-01,2017-12-29,2017-12-29,42.96251011186015,195479421008.96368,True,SEC earnings + SEC EDGAR Company Facts + Yahoo Finance unadjusted close,Yahoo Finance unadjusted close,SEC EDGAR Company Facts,21344,KO,2017-12-29,USD,1.0,2016-10-01,2017-09-29,2017-10-26,NetIncomeLoss,0000021344-17-000009|0000021344-17-000032,annual_plus_ytd_less_prior_ytd,2017-10-23,2017-10-26,EntityCommonStockSharesOutstanding,0000021344-17-000032,single_distinct_value,1,4260667316.0,4550000000.0
KO,2019-01-01,2018-12-31,2018-12-31,71.67351585184042,201545926575.37524,True,SEC earnings + SEC EDGAR Company Facts + Yahoo Finance unadjusted close,Yahoo Finance unadjusted close,SEC EDGAR Company Facts,21344,KO,2018-12-31,USD,1.0,2017-09-30,2018-09-28,2018-10-30,NetIncomeLoss,0000021344-18-000008|0000021344-18-000042,annual_plus_ytd_less_prior_ytd,2018-10-26,2018-10-30,EntityCommonStockSharesOutstanding,0000021344-18-000042,single_distinct_value,1,4256513898.0,2812000000.0
KO,2020-01-01,2019-12-31,2019-12-31,30.60745885123064,237146591179.335,True,SEC earnings + SEC EDGAR Company Facts + Yahoo Finance unadjusted close,Yahoo Finance unadjusted close,SEC EDGAR Company Facts,21344,KO,2019-12-31,USD,1.0,2018-09-29,2019-09-27,2019-10-24,NetIncomeLoss,0000021344-19-000014|0000021344-19-000042,annual_plus_ytd_less_prior_ytd,2019-10-21,2019-10-24,EntityCommonStockSharesOutstanding,0000021344-19-000042,single_distinct_value,1,4284491377.0,7748000000.0
KO,2021-01-01,2020-12-31,2020-12-31,28.28168904089961,235671314777.81647,True,SEC earnings + SEC EDGAR Company Facts + Yahoo Finance unadjusted close,Yahoo Finance unadjusted close,SEC EDGAR Company Facts,21344,KO,2020-12-31,USD,1.0,2019-09-28,2020-09-25,2020-10-22,NetIncomeLoss,0000021344-20-000006|0000021344-20-000046,annual_plus_ytd_less_prior_ytd,2020-10-19,2020-10-22,EntityCommonStockSharesOutstanding,0000021344-20-000046,single_distinct_value,1,4297434612.0,8333000000.0
KO,2022-01-01,2021-12-31,2021-12-31,29.01995554510526,255752868219.01266,True,SEC earnings + SEC EDGAR Company Facts + Yahoo Finance unadjusted close,Yahoo Finance unadjusted close,SEC EDGAR Company Facts,21344,KO,2021-12-31,USD,1.0,2020-09-26,2021-10-01,2021-10-28,NetIncomeLoss,0000021344-21-000008|0000021344-21-000030,annual_plus_ytd_less_prior_ytd,2021-10-25,2021-10-28,EntityCommonStockSharesOutstanding,0000021344-21-000030,single_distinct_value,1,4319420236.0,8813000000.0
KO,2023-01-01,2022-12-30,2022-12-30,27.71609988539178,275082291362.5134,True,SEC earnings + SEC EDGAR Company Facts + Yahoo Finance unadjusted close,Yahoo Finance unadjusted close,SEC EDGAR Company Facts,21344,KO,2022-12-30,USD,1.0,2021-10-02,2022-09-30,2022-10-26,NetIncomeLoss,0000021344-22-000009|0000021344-22-000042,annual_plus_ytd_less_prior_ytd,2022-10-24,2022-10-26,EntityCommonStockSharesOutstanding,0000021344-22-000042,single_distinct_value,1,4324513264.0,9925000000.0
KO,2024-01-01,2023-12-29,2023-12-29,23.65194737678251,254778777142.70117,True,SEC earnings + SEC EDGAR Company Facts + Yahoo Finance unadjusted close,Yahoo Finance unadjusted close,SEC EDGAR Company Facts,21344,KO,2023-12-29,USD,1.0,2022-10-01,2023-09-29,2023-10-24,NetIncomeLoss,0000021344-23-000011|0000021344-23-000060,annual_plus_ytd_less_prior_ytd,2023-10-20,2023-10-24,EntityCommonStockSharesOutstanding,0000021344-23-000060,single_distinct_value,1,4323413810.0,10772000000.0
KO,2025-01-01,2024-12-31,2024-12-31,25.766494627859114,268203442581.38553,True,SEC earnings + SEC EDGAR Company Facts + Yahoo Finance unadjusted close,Yahoo Finance unadjusted close,SEC EDGAR Company Facts,21344,KO,2024-12-31,USD,1.0,2023-09-30,2024-09-27,2024-10-24,NetIncomeLoss,0000021344-24-000009|0000021344-24-000060,annual_plus_ytd_less_prior_ytd,2024-10-22,2024-10-24,EntityCommonStockSharesOutstanding,0000021344-24-000060,single_distinct_value,1,4307797138.0,10409000000.0
MCD,2016-01-01,2015-12-31,2015-12-31,24.539580764777856,108479670728.777,True,SEC earnings + SEC EDGAR Company Facts + Yahoo Finance unadjusted close,Yahoo Finance unadjusted close,SEC EDGAR Company Facts,63908,MCD,2015-12-31,USD,1.0,2014-10-01,2015-09-30,2015-11-04,NetIncomeLoss,0000063908-15-000016|0000063908-15-000081,annual_plus_ytd_less_prior_ytd,2015-09-30,2015-11-04,EntityCommonStockSharesOutstanding,0000063908-15-000081,single_distinct_value,1,918229823.0,4420600000.0
MCD,2017-01-01,2016-12-30,2016-12-30,21.509926859780208,101081599292.16513,True,SEC earnings + SEC EDGAR Company Facts + Yahoo Finance unadjusted close,Yahoo Finance unadjusted close,SEC EDGAR Company Facts,63908,MCD,2016-12-30,USD,1.0,2015-10-01,2016-09-30,2016-11-04,NetIncomeLoss,0000063908-16-000103|0000063908-16-000161,annual_plus_ytd_less_prior_ytd,2016-09-30,2016-11-04,EntityCommonStockSharesOutstanding,0000063908-16-000161,single_distinct_value,1,830443627.0,4699300000.0
MCD,2018-01-01,2017-12-29,2017-12-29,24.127233957104316,137211579514.05225,True,SEC earnings + SEC EDGAR Company Facts + Yahoo Finance unadjusted close,Yahoo Finance unadjusted close,SEC EDGAR Company Facts,63908,MCD,2017-12-29,USD,1.0,2016-10-01,2017-09-30,2017-11-02,NetIncomeLoss,0000063908-17-000017|0000063908-17-000053,annual_plus_ytd_less_prior_ytd,2017-09-30,2017-11-02,EntityCommonStockSharesOutstanding,0000063908-17-000053,single_distinct_value,1,797185588.0,5687000000.0
MCD,2019-01-01,2018-12-31,2018-12-31,26.286179837320756,136890538738.8153,True,SEC earnings + SEC EDGAR Company Facts + Yahoo Finance unadjusted close,Yahoo Finance unadjusted close,SEC EDGAR Company Facts,63908,MCD,2018-12-31,USD,1.0,2017-10-01,2018-09-30,2018-11-01,NetIncomeLoss,0000063908-18-000010|0000063908-18-000064,annual_plus_ytd_less_prior_ytd,2018-09-30,2018-11-01,EntityCommonStockSharesOutstanding,0000063908-18-000064,single_distinct_value,1,770910250.0,5207700000.0
MCD,2020-01-01,2019-12-31,2019-12-31,25.358911580559205,148818772610.5117,True,SEC earnings + SEC EDGAR Company Facts + Yahoo Finance unadjusted close,Yahoo Finance unadjusted close,SEC EDGAR Company Facts,63908,MCD,2019-12-31,USD,1.0,2018-10-01,2019-09-30,2019-11-04,NetIncomeLoss,0000063908-19-000010|0000063908-19-000085,annual_plus_ytd_less_prior_ytd,2019-09-30,2019-11-04,EntityCommonStockSharesOutstanding,0000063908-19-000085,single_distinct_value,1,753093326.0,5868500000.0
MCD,2021-01-01,2020-12-31,2020-12-31,32.460850100371324,159885917169.37897,True,SEC earnings + SEC EDGAR Company Facts + Yahoo Finance unadjusted close,Yahoo Finance unadjusted close,SEC EDGAR Company Facts,63908,MCD,2020-12-31,USD,1.0,2019-10-01,2020-09-30,2020-11-09,NetIncomeLoss,0000063908-20-000022|0000063908-20-000076,annual_plus_ytd_less_prior_ytd,2020-09-30,2020-11-09,EntityCommonStockSharesOutstanding,0000063908-20-000076,single_distinct_value,1,745110988.0,4925500000.0
MCD,2022-01-01,2021-12-31,2021-12-31,27.502071378010733,200314087088.87897,True,SEC earnings + SEC EDGAR Company Facts + Yahoo Finance unadjusted close,Yahoo Finance unadjusted close,SEC EDGAR Company Facts,63908,MCD,2021-12-31,USD,1.0,2020-10-01,2021-09-30,2021-11-02,NetIncomeLoss,0000063908-21-000013|0000063908-21-000039,annual_plus_ytd_less_prior_ytd,2021-09-30,2021-11-02,EntityCommonStockSharesOutstanding,0000063908-21-000039,single_distinct_value,1,747245427.0,7283600000.0
MCD,2023-01-01,2022-12-30,2022-12-30,32.64369966254361,193015667364.68787,True,SEC earnings + SEC EDGAR Company Facts + Yahoo Finance unadjusted close,Yahoo Finance unadjusted close,SEC EDGAR Company Facts,63908,MCD,2022-12-30,USD,1.0,2021-10-01,2022-09-30,2022-11-07,NetIncomeLoss,0000063908-22-000011|0000063908-22-000055,annual_plus_ytd_less_prior_ytd,2022-09-30,2022-11-07,EntityCommonStockSharesOutstanding,0000063908-22-000055,single_distinct_value,1,732423892.0,5912800000.0
MCD,2024-01-01,2023-12-29,2023-12-29,25.808953631104288,215071172398.71826,True,SEC earnings + SEC EDGAR Company Facts + Yahoo Finance unadjusted close,Yahoo Finance unadjusted close,SEC EDGAR Company Facts,63908,MCD,2023-12-29,USD,1.0,2022-10-01,2023-09-30,2023-11-02,NetIncomeLoss,0000063908-23-000012|0000063908-23-000101,annual_plus_ytd_less_prior_ytd,2023-09-30,2023-11-02,EntityCommonStockSharesOutstanding,0000063908-23-000101,single_distinct_value,1,725342030.0,8333200000.0
MCD,2025-01-01,2024-12-31,2024-12-31,25.193539895692194,207740891271.89868,True,SEC earnings + SEC EDGAR Company Facts + Yahoo Finance unadjusted close,Yahoo Finance unadjusted close,SEC EDGAR Company Facts,63908,MCD,2024-12-31,USD,1.0,2023-10-01,2024-09-30,2024-11-07,NetIncomeLoss,0000063908-24-000072|0000063908-24-000156,annual_plus_ytd_less_prior_ytd,2024-09-30,2024-11-07,EntityCommonStockSharesOutstanding,0000063908-24-000156,single_distinct_value,1,716619686.0,8245800000.0
META,2016-01-01,2015-12-31,2015-12-31,106.03759887217628,298071690429.6875,True,SEC earnings + SEC EDGAR Company Facts + Yahoo Finance unadjusted close,Yahoo Finance unadjusted close,SEC EDGAR Company Facts,1326801,META,2015-12-31,USD,1.0,2014-10-01,2015-09-30,2015-11-05,NetIncomeLossAvailableToCommonStockholdersBasic,0001326801-15-000006|0001326801-15-000032,annual_plus_ytd_less_prior_ytd,2015-09-30,2015-11-05,WeightedAverageNumberOfDilutedSharesOutstanding,0001326801-15-000032,weighted_average_diluted_fallback,1,2848000000.0,2811000000.0
META,2017-01-01,2016-12-30,2016-12-30,44.63570974013385,333875108856.2012,True,SEC earnings + SEC EDGAR Company Facts + Yahoo Finance unadjusted close,Yahoo Finance unadjusted close,SEC EDGAR Company Facts,1326801,META,2016-12-30,USD,1.0,2015-10-01,2016-09-30,2016-11-03,NetIncomeLossAvailableToCommonStockholdersBasic,0001326801-16-000043|0001326801-16-000087,annual_plus_ytd_less_prior_ytd,2016-09-30,2016-11-03,WeightedAverageNumberOfDilutedSharesOutstanding,0001326801-16-000087,weighted_average_diluted_fallback,1,2902000000.0,7480000000.0
META,2018-01-01,2017-12-29,2017-12-29,34.26655665479645,521262859832.7637,True,SEC earnings + SEC EDGAR Company Facts + Yahoo Finance unadjusted close,Yahoo Finance unadjusted close,SEC EDGAR Company Facts,1326801,META,2017-12-29,USD,1.0,2016-10-01,2017-09-30,2017-11-02,NetIncomeLossAvailableToCommonStockholdersBasic,0001326801-17-000007|0001326801-17-000053,annual_plus_ytd_less_prior_ytd,2017-09-30,2017-11-02,WeightedAverageNumberOfDilutedSharesOutstanding,0001326801-17-000053,weighted_average_diluted_fallback,1,2954000000.0,15212000000.0
META,2019-01-01,2018-12-31,2018-12-31,19.706866659812146,384224779266.3574,True,SEC earnings + SEC EDGAR Company Facts + Yahoo Finance unadjusted close,Yahoo Finance unadjusted close,SEC EDGAR Company Facts,1326801,META,2018-12-31,USD,1.0,2017-10-01,2018-09-30,2018-10-31,NetIncomeLossAvailableToCommonStockholdersBasic,0001326801-18-000009|0001326801-18-000067,annual_plus_ytd_less_prior_ytd,2018-09-30,2018-10-31,WeightedAverageNumberOfDilutedSharesOutstanding,0001326801-18-000067,weighted_average_diluted_fallback,1,2931000000.0,19497000000.0
META,2020-01-01,2019-12-31,2019-12-31,32.75023587523587,590093750000.0,True,SEC earnings + SEC EDGAR Company Facts + Yahoo Finance unadjusted close,Yahoo Finance unadjusted close,SEC EDGAR Company Facts,1326801,META,2019-12-31,USD,1.0,2018-10-01,2019-09-30,2019-10-31,NetIncomeLossAvailableToCommonStockholdersBasic,0001326801-19-000009|0001326801-19-000069,annual_plus_ytd_less_prior_ytd,2019-09-30,2019-10-31,WeightedAverageNumberOfDilutedSharesOutstanding,0001326801-19-000069,weighted_average_diluted_fallback,1,2875000000.0,18018000000.0
META,2021-01-01,2020-12-31,2020-12-31,42.60320749569171,787520290557.8613,True,SEC earnings + SEC EDGAR Company Facts + Yahoo Finance unadjusted close,Yahoo Finance unadjusted close,SEC EDGAR Company Facts,1326801,META,2020-12-31,USD,1.0,2019-01-01,2019-12-31,2020-01-30,NetIncomeLossAvailableToCommonStockholdersBasic,0001326801-20-000013,annual_fallback,2020-09-30,2020-10-30,WeightedAverageNumberOfDilutedSharesOutstanding,0001326801-20-000084,weighted_average_diluted_fallback,1,2883000000.0,18485000000.0
META,2022-01-01,2021-12-31,2021-12-31,33.189549768534654,967342617553.7109,True,SEC earnings + SEC EDGAR Company Facts + Yahoo Finance unadjusted close,Yahoo Finance unadjusted close,SEC EDGAR Company Facts,1326801,META,2021-12-31,USD,1.0,2020-01-01,2020-12-31,2021-01-28,NetIncomeLossAvailableToCommonStockholdersBasic,0001326801-21-000014,annual_fallback,2021-09-30,2021-10-26,WeightedAverageNumberOfDilutedSharesOutstanding,0001326801-21-000065,weighted_average_diluted_fallback,1,2876000000.0,29146000000.0
META,2023-01-01,2022-12-30,2022-12-30,11.222264120166978,327084110046.3867,True,SEC earnings + SEC EDGAR Company Facts + Yahoo Finance unadjusted close,Yahoo Finance unadjusted close,SEC EDGAR Company Facts,1326801,META,2022-12-30,USD,1.0,2020-01-01,2020-12-31,2021-01-28,NetIncomeLossAvailableToCommonStockholdersBasic,0001326801-21-000014,annual_fallback,2022-09-30,2022-10-27,WeightedAverageNumberOfDilutedSharesOutstanding,0001326801-22-000108,weighted_average_diluted_fallback,1,2718000000.0,29146000000.0
META,2024-01-01,2023-12-29,2023-12-29,31.85469901827592,928437057586.6699,True,SEC earnings + SEC EDGAR Company Facts + Yahoo Finance unadjusted close,Yahoo Finance unadjusted close,SEC EDGAR Company Facts,1326801,META,2023-12-29,USD,1.0,2020-01-01,2020-12-31,2021-01-28,NetIncomeLossAvailableToCommonStockholdersBasic,0001326801-21-000014,annual_fallback,2023-09-30,2023-10-26,WeightedAverageNumberOfDilutedSharesOutstanding,0001326801-23-000103,weighted_average_diluted_fallback,1,2623000000.0,29146000000.0
META,2025-01-01,2024-12-31,2024-12-31,52.53237753163759,1531108675537.1094,True,SEC earnings + SEC EDGAR Company Facts + Yahoo Finance unadjusted close,Yahoo Finance unadjusted close,SEC EDGAR Company Facts,1326801,META,2024-12-31,USD,1.0,2020-01-01,2020-12-31,2021-01-28,NetIncomeLossAvailableToCommonStockholdersBasic,0001326801-21-000014,annual_fallback,2024-09-30,2024-10-31,WeightedAverageNumberOfDilutedSharesOutstanding,0001326801-24-000081,weighted_average_diluted_fallback,1,2615000000.0,29146000000.0
MNST,2016-01-01,2015-12-31,2015-12-31,9.436931519673443,5032923191.93528,True,SEC earnings + SEC EDGAR Company Facts + Yahoo Finance unadjusted close,Yahoo Finance unadjusted close,SEC EDGAR Company Facts,865752,MNST,2015-12-31,USD,1.0,2014-10-01,2015-09-30,2015-11-06,NetIncomeLossAvailableToCommonStockholdersBasic,0001104659-15-015731|0001104659-15-076694,annual_plus_ytd_less_prior_ytd,2015-10-26,2015-11-06,EntityCommonStockSharesOutstanding,0001104659-15-076694,single_distinct_value,1,202722461.0,533322000.0
MNST,2017-01-01,2016-12-30,2016-12-30,6.219052495490857,4219502737.1406364,True,SEC earnings + SEC EDGAR Company Facts + Yahoo Finance unadjusted close,Yahoo Finance unadjusted close,SEC EDGAR Company Facts,865752,MNST,2016-12-30,USD,1.0,2015-10-01,2016-09-30,2016-11-07,NetIncomeLossAvailableToCommonStockholdersBasic,0001104659-16-100960|0001104659-16-155163,annual_plus_ytd_less_prior_ytd,2016-10-20,2016-11-07,EntityCommonStockSharesOutstanding,0001104659-16-155163,single_distinct_value,1,190324886.0,678480000.0
MNST,2018-01-01,2017-12-29,2017-12-29,22.52499218942994,17846618886.66191,True,SEC earnings + SEC EDGAR Company Facts + Yahoo Finance unadjusted close,Yahoo Finance unadjusted close,SEC EDGAR Company Facts,865752,MNST,2017-12-29,USD,1.0,2016-10-01,2017-09-30,2017-11-09,NetIncomeLossAvailableToCommonStockholdersBasic,0001104659-17-013048|0001104659-17-067073,annual_plus_ytd_less_prior_ytd,2017-10-26,2017-11-09,EntityCommonStockSharesOutstanding,0001104659-17-067073,single_distinct_value,1,563963300.0,792303000.0
MNST,2019-01-01,2018-12-31,2018-12-31,14.246399626590472,13608431604.912125,True,SEC earnings + SEC EDGAR Company Facts + Yahoo Finance unadjusted close,Yahoo Finance unadjusted close,SEC EDGAR Company Facts,865752,MNST,2018-12-31,USD,1.0,2017-10-01,2018-09-30,2018-11-08,NetIncomeLossAvailableToCommonStockholdersBasic,0001104659-18-014057|0001104659-18-066941,annual_plus_ytd_less_prior_ytd,2018-10-31,2018-11-08,EntityCommonStockSharesOutstanding,0001104659-18-066941,single_distinct_value,1,552963481.0,955219000.0
MNST,2020-01-01,2019-12-31,2019-12-31,15.645625505033678,17084835303.990715,True,SEC earnings + SEC EDGAR Company Facts + Yahoo Finance unadjusted close,Yahoo Finance unadjusted close,SEC EDGAR Company Facts,865752,MNST,2019-12-31,USD,1.0,2018-10-01,2019-09-30,2019-11-08,NetIncomeLossAvailableToCommonStockholdersBasic,0001104659-19-011581|0001104659-19-061273,annual_plus_ytd_less_prior_ytd,2019-10-30,2019-11-08,EntityCommonStockSharesOutstanding,0001104659-19-061273,single_distinct_value,1,537681684.0,1091988000.0
MNST,2021-01-01,2020-12-31,2020-12-31,20.464978328328982,24410871729.77075,True,SEC earnings + SEC EDGAR Company Facts + Yahoo Finance unadjusted close,Yahoo Finance unadjusted close,SEC EDGAR Company Facts,865752,MNST,2020-12-31,USD,1.0,2019-10-01,2020-09-30,2020-11-06,NetIncomeLossAvailableToCommonStockholdersBasic,0001104659-20-027209|0001104659-20-122598,annual_plus_ytd_less_prior_ytd,2020-10-30,2020-11-06,EntityCommonStockSharesOutstanding,0001104659-20-122598,single_distinct_value,1,527916757.0,1192812000.0
MNST,2022-01-01,2021-12-31,2021-12-31,16.630218231019935,25409260544.520664,True,SEC earnings + SEC EDGAR Company Facts + Yahoo Finance unadjusted close,Yahoo Finance unadjusted close,SEC EDGAR Company Facts,865752,MNST,2021-12-31,USD,1.0,2020-10-01,2021-09-30,2021-11-05,NetIncomeLossAvailableToCommonStockholdersBasic,0001104659-21-029943|0001104659-21-135130,annual_plus_ytd_less_prior_ytd,2021-10-29,2021-11-05,EntityCommonStockSharesOutstanding,0001104659-21-135130,single_distinct_value,1,529139115.0,1527897000.0
MNST,2023-01-01,2022-12-30,2022-12-30,21.866673280748845,26486314144.73297,True,SEC earnings + SEC EDGAR Company Facts + Yahoo Finance unadjusted close,Yahoo Finance unadjusted close,SEC EDGAR Company Facts,865752,MNST,2022-12-30,USD,1.0,2021-10-01,2022-09-30,2022-11-04,NetIncomeLossAvailableToCommonStockholdersBasic,0001104659-22-028182|0001104659-22-114849,annual_plus_ytd_less_prior_ytd,2022-10-31,2022-11-04,EntityCommonStockSharesOutstanding,0001104659-22-114849,single_distinct_value,1,521743612.0,1211264000.0
MNST,2024-01-01,2023-12-29,2023-12-29,38.283500998168215,59939826693.315,True,SEC earnings + SEC EDGAR Company Facts + Yahoo Finance unadjusted close,Yahoo Finance unadjusted close,SEC EDGAR Company Facts,865752,MNST,2023-12-29,USD,1.0,2022-10-01,2023-09-30,2023-11-06,NetIncomeLossAvailableToCommonStockholdersBasic,0001104659-23-027245|0001104659-23-114789,annual_plus_ytd_less_prior_ytd,2023-10-31,2023-11-06,EntityCommonStockSharesOutstanding,0001104659-23-114789,single_distinct_value,1,1040441348.0,1565683000.0
MNST,2025-01-01,2024-12-31,2024-12-31,31.841478321148305,51115634612.592514,True,SEC earnings + SEC EDGAR Company Facts + Yahoo Finance unadjusted close,Yahoo Finance unadjusted close,SEC EDGAR Company Facts,865752,MNST,2024-12-31,USD,1.0,2023-10-01,2024-09-30,2024-11-08,NetIncomeLossAvailableToCommonStockholdersBasic,0001104659-24-029425|0001410578-24-001818,annual_plus_ytd_less_prior_ytd,2024-10-31,2024-11-08,EntityCommonStockSharesOutstanding,0001410578-24-001818,single_distinct_value,1,972519659.0,1605316000.0
MO,2016-01-01,2015-12-31,2015-12-31,27.304102503721136,114131148465.55435,True,SEC earnings + SEC EDGAR Company Facts + Yahoo Finance unadjusted close,Yahoo Finance unadjusted close,SEC EDGAR Company Facts,764180,MO,2015-12-31,USD,1.0,2012-01-01,2012-12-31,2013-02-27,NetIncomeLossAvailableToCommonStockholdersBasic,0000764180-13-000024,annual_fallback,2015-10-19,2015-10-29,EntityCommonStockSharesOutstanding,0000764180-15-000094,single_distinct_value,1,1960679441.0,4180000000.0
MO,2017-01-01,2016-12-30,2016-12-30,31.54959629782262,131877312524.89856,True,SEC earnings + SEC EDGAR Company Facts + Yahoo Finance unadjusted close,Yahoo Finance unadjusted close,SEC EDGAR Company Facts,764180,MO,2016-12-30,USD,1.0,2012-01-01,2012-12-31,2013-02-27,NetIncomeLossAvailableToCommonStockholdersBasic,0000764180-13-000024,annual_fallback,2016-10-17,2016-10-27,EntityCommonStockSharesOutstanding,0000764180-16-000211,single_distinct_value,1,1950270736.0,4180000000.0
MO,2018-01-01,2017-12-29,2017-12-29,32.5990028454496,136263831893.97931,True,SEC earnings + SEC EDGAR Company Facts + Yahoo Finance unadjusted close,Yahoo Finance unadjusted close,SEC EDGAR Company Facts,764180,MO,2017-12-29,USD,1.0,2012-01-01,2012-12-31,2013-02-27,NetIncomeLossAvailableToCommonStockholdersBasic,0000764180-13-000024,annual_fallback,2017-10-16,2017-10-26,EntityCommonStockSharesOutstanding,0000764180-17-000126,single_distinct_value,1,1908189678.0,4180000000.0
MO,2019-01-01,2018-12-31,2018-12-31,22.202405540600875,92806055159.71165,True,SEC earnings + SEC EDGAR Company Facts + Yahoo Finance unadjusted close,Yahoo Finance unadjusted close,SEC EDGAR Company Facts,764180,MO,2018-12-31,USD,1.0,2012-01-01,2012-12-31,2013-02-27,NetIncomeLossAvailableToCommonStockholdersBasic,0000764180-13-000024,annual_fallback,2018-10-15,2018-10-25,EntityCommonStockSharesOutstanding,0000764180-18-000095,single_distinct_value,1,1879045481.0,4180000000.0
MO,2020-01-01,2019-12-31,2019-12-31,22.305787997379547,93238193829.04651,True,SEC earnings + SEC EDGAR Company Facts + Yahoo Finance unadjusted close,Yahoo Finance unadjusted close,SEC EDGAR Company Facts,764180,MO,2019-12-31,USD,1.0,2012-01-01,2012-12-31,2013-02-27,NetIncomeLossAvailableToCommonStockholdersBasic,0000764180-13-000024,annual_fallback,2019-10-22,2019-10-31,EntityCommonStockSharesOutstanding,0000764180-19-000083,single_distinct_value,1,1868126510.0,4180000000.0
MO,2021-01-01,2020-12-31,2020-12-31,18.228513340909092,76195185765.0,True,SEC earnings + SEC EDGAR Company Facts + Yahoo Finance unadjusted close,Yahoo Finance unadjusted close,SEC EDGAR Company Facts,764180,MO,2020-12-31,USD,1.0,2012-01-01,2012-12-31,2013-02-27,NetIncomeLossAvailableToCommonStockholdersBasic,0000764180-13-000024,annual_fallback,2020-10-21,2020-10-30,EntityCommonStockSharesOutstanding,0000764180-20-000106,single_distinct_value,1,1858419165.0,4180000000.0
MO,2022-01-01,2021-12-31,2021-12-31,35.0180608018387,87054899153.371,True,SEC earnings + SEC EDGAR Company Facts + Yahoo Finance unadjusted close,Yahoo Finance unadjusted close,SEC EDGAR Company Facts,764180,MO,2021-12-31,USD,1.0,2020-10-01,2021-09-30,2021-10-28,NetIncomeLossAvailableToCommonStockholdersBasic,0000764180-13-000024|0000764180-21-000127,annual_plus_ytd_less_prior_ytd,2021-10-21,2021-10-28,EntityCommonStockSharesOutstanding,0000764180-21-000127,single_distinct_value,1,1836988822.0,2486000000.0
MO,2023-01-01,2022-12-30,2022-12-30,17.48190540503563,81920208727.99696,True,SEC earnings + SEC EDGAR Company Facts + Yahoo Finance unadjusted close,Yahoo Finance unadjusted close,SEC EDGAR Company Facts,764180,MO,2022-12-30,USD,1.0,2021-10-01,2022-09-30,2022-10-27,NetIncomeLossAvailableToCommonStockholdersBasic,0000764180-22-000019|0000764180-22-000102,annual_plus_ytd_less_prior_ytd,2022-10-18,2022-10-27,EntityCommonStockSharesOutstanding,0000764180-22-000102,single_distinct_value,1,1792172618.0,4686000000.0
MO,2024-01-01,2023-12-29,2023-12-29,8.15956165359493,71347207099.03406,True,SEC earnings + SEC EDGAR Company Facts + Yahoo Finance unadjusted close,Yahoo Finance unadjusted close,SEC EDGAR Company Facts,764180,MO,2023-12-29,USD,1.0,2022-10-01,2023-09-30,2023-10-26,NetIncomeLossAvailableToCommonStockholdersBasic,0000764180-23-000020|0000764180-23-000126,annual_plus_ytd_less_prior_ytd,2023-10-17,2023-10-26,EntityCommonStockSharesOutstanding,0000764180-23-000126,single_distinct_value,1,1768646674.0,8744000000.0
MO,2025-01-01,2024-12-31,2024-12-31,8.637599647215168,88621772380.42763,True,SEC earnings + SEC EDGAR Company Facts + Yahoo Finance unadjusted close,Yahoo Finance unadjusted close,SEC EDGAR Company Facts,764180,MO,2024-12-31,USD,1.0,2023-10-01,2024-09-30,2024-10-31,NetIncomeLossAvailableToCommonStockholdersBasic,0000764180-24-000018|0000764180-24-000102,annual_plus_ytd_less_prior_ytd,2024-10-22,2024-10-31,EntityCommonStockSharesOutstanding,0000764180-24-000102,single_distinct_value,1,1694812982.0,10260000000.0
MSFT,2016-01-01,2015-12-31,2015-12-31,36.109298298409804,443169418016.38354,True,SEC earnings + SEC EDGAR Company Facts + Yahoo Finance unadjusted close,Yahoo Finance unadjusted close,SEC EDGAR Company Facts,789019,MSFT,2015-12-31,USD,1.0,2014-10-01,2015-09-30,2015-10-22,NetIncomeLoss,0001193125-15-272806|0001193125-15-350718,annual_plus_ytd_less_prior_ytd,2015-10-15,2015-10-22,EntityCommonStockSharesOutstanding,0001193125-15-350718,single_distinct_value,1,7987913152.0,12273000000.0
MSFT,2017-01-01,2016-12-30,2016-12-30,29.130608669145225,483160275386.4427,True,SEC earnings + SEC EDGAR Company Facts + Yahoo Finance unadjusted close,Yahoo Finance unadjusted close,SEC EDGAR Company Facts,789019,MSFT,2016-12-30,USD,1.0,2015-10-01,2016-09-30,2016-10-20,NetIncomeLoss,0001193125-16-662209|0001193125-16-742796,annual_plus_ytd_less_prior_ytd,2016-10-14,2016-10-20,EntityCommonStockSharesOutstanding,0001193125-16-742796,single_distinct_value,1,7775350501.0,16586000000.0
MSFT,2018-01-01,2017-12-29,2017-12-29,29.842447987302414,659906052343.2183,True,SEC earnings + SEC EDGAR Company Facts + Yahoo Finance unadjusted close,Yahoo Finance unadjusted close,SEC EDGAR Company Facts,789019,MSFT,2017-12-29,USD,1.0,2016-10-01,2017-09-30,2017-10-26,NetIncomeLoss,0001564590-17-014900|0001564590-17-020171,annual_plus_ytd_less_prior_ytd,2017-10-20,2017-10-26,EntityCommonStockSharesOutstanding,0001564590-17-020171,single_distinct_value,1,7714590195.0,22113000000.0
MSFT,2019-01-01,2018-12-31,2018-12-31,41.43012565348445,779673534672.924,True,SEC earnings + SEC EDGAR Company Facts + Yahoo Finance unadjusted close,Yahoo Finance unadjusted close,SEC EDGAR Company Facts,789019,MSFT,2018-12-31,USD,1.0,2017-10-01,2018-09-30,2018-10-24,NetIncomeLoss,0001564590-18-019062|0001564590-18-024893,annual_plus_ytd_less_prior_ytd,2018-10-19,2018-10-24,EntityCommonStockSharesOutstanding,0001564590-18-024893,single_distinct_value,1,7676218736.0,18819000000.0
MSFT,2020-01-01,2019-12-31,2019-12-31,29.275870508525156,1203062622677.3328,True,SEC earnings + SEC EDGAR Company Facts + Yahoo Finance unadjusted close,Yahoo Finance unadjusted close,SEC EDGAR Company Facts,789019,MSFT,2019-12-31,USD,1.0,2018-10-01,2019-09-30,2019-10-23,NetIncomeLoss,0001564590-19-027952|0001564590-19-037549,annual_plus_ytd_less_prior_ytd,2019-10-18,2019-10-23,EntityCommonStockSharesOutstanding,0001564590-19-037549,single_distinct_value,1,7628805618.0,41094000000.0
MSFT,2021-01-01,2020-12-31,2020-12-31,35.40520253455656,1681605499581.2983,True,SEC earnings + SEC EDGAR Company Facts + Yahoo Finance unadjusted close,Yahoo Finance unadjusted close,SEC EDGAR Company Facts,789019,MSFT,2020-12-31,USD,1.0,2019-10-01,2020-09-30,2020-10-27,NetIncomeLoss,0001564590-20-034944|0001564590-20-047996,annual_plus_ytd_less_prior_ytd,2020-10-22,2020-10-27,EntityCommonStockSharesOutstanding,0001564590-20-047996,single_distinct_value,1,7560495969.0,47496000000.0
MSFT,2022-01-01,2021-12-31,2021-12-31,37.19759052953127,2525084037916.171,True,SEC earnings + SEC EDGAR Company Facts + Yahoo Finance unadjusted close,Yahoo Finance unadjusted close,SEC EDGAR Company Facts,789019,MSFT,2021-12-31,USD,1.0,2020-10-01,2021-09-30,2021-10-26,NetIncomeLoss,0001564590-21-039151|0001564590-21-051992,annual_plus_ytd_less_prior_ytd,2021-10-21,2021-10-26,EntityCommonStockSharesOutstanding,0001564590-21-051992,single_distinct_value,1,7507980444.0,67883000000.0
MSFT,2023-01-01,2022-12-30,2022-12-30,25.616240438926937,1787731803992.272,True,SEC earnings + SEC EDGAR Company Facts + Yahoo Finance unadjusted close,Yahoo Finance unadjusted close,SEC EDGAR Company Facts,789019,MSFT,2022-12-30,USD,1.0,2021-10-01,2022-09-30,2022-10-25,NetIncomeLoss,0001564590-22-026876|0001564590-22-035087,annual_plus_ytd_less_prior_ytd,2022-10-20,2022-10-25,EntityCommonStockSharesOutstanding,0001564590-22-035087,single_distinct_value,1,7454473144.0,69789000000.0
MSFT,2024-01-01,2023-12-29,2023-12-29,36.25127100894029,2794827989705.2607,True,SEC earnings + SEC EDGAR Company Facts + Yahoo Finance unadjusted close,Yahoo Finance unadjusted close,SEC EDGAR Company Facts,789019,MSFT,2023-12-29,USD,1.0,2022-10-01,2023-09-30,2023-10-24,NetIncomeLoss,0000950170-23-035122|0000950170-23-054855,annual_plus_ytd_less_prior_ytd,2023-10-19,2023-10-24,EntityCommonStockSharesOutstanding,0000950170-23-054855,single_distinct_value,1,7432262329.0,77096000000.0
MSFT,2025-01-01,2024-12-31,2024-12-31,34.62305823630016,3133802247084.0,True,SEC earnings + SEC EDGAR Company Facts + Yahoo Finance unadjusted close,Yahoo Finance unadjusted close,SEC EDGAR Company Facts,789019,MSFT,2024-12-31,USD,1.0,2023-10-01,2024-09-30,2024-10-30,NetIncomeLoss,0000950170-24-087843|0000950170-24-118967,annual_plus_ytd_less_prior_ytd,2024-10-24,2024-10-30,EntityCommonStockSharesOutstanding,0000950170-24-118967,single_distinct_value,1,7434880776.0,90512000000.0
PEP,2016-01-01,2015-12-31,2015-12-31,28.89984652973328,145568526970.26654,True,SEC earnings + SEC EDGAR Company Facts + Yahoo Finance unadjusted close,Yahoo Finance unadjusted close,SEC EDGAR Company Facts,77476,PEP,2015-12-31,USD,1.0,2014-09-07,2015-09-05,2015-10-06,NetIncomeLossAvailableToCommonStockholdersBasic,0000077476-15-000012|0000077476-15-000050,annual_plus_ytd_less_prior_ytd,2015-09-30,2015-10-06,EntityCommonStockSharesOutstanding,0000077476-15-000050,single_distinct_value,1,1456850777.0,5037000000.0
PEP,2017-01-01,2016-12-30,2016-12-30,22.595780139511884,150058575906.4984,True,SEC earnings + SEC EDGAR Company Facts + Yahoo Finance unadjusted close,Yahoo Finance unadjusted close,SEC EDGAR Company Facts,77476,PEP,2016-12-30,USD,1.0,2015-09-06,2016-09-03,2016-09-29,NetIncomeLossAvailableToCommonStockholdersBasic,0000077476-16-000066|0000077476-16-000107,annual_plus_ytd_less_prior_ytd,2016-09-22,2016-09-29,EntityCommonStockSharesOutstanding,0000077476-16-000107,single_distinct_value,1,1434183120.0,6641000000.0
PEP,2018-01-01,2017-12-29,2017-12-29,24.49632702778192,170543428767.41772,True,SEC earnings + SEC EDGAR Company Facts + Yahoo Finance unadjusted close,Yahoo Finance unadjusted close,SEC EDGAR Company Facts,77476,PEP,2017-12-29,USD,1.0,2016-09-04,2017-09-09,2017-10-04,NetIncomeLossAvailableToCommonStockholdersBasic,0000077476-17-000010|0000077476-17-000048,annual_plus_ytd_less_prior_ytd,2017-09-27,2017-10-04,EntityCommonStockSharesOutstanding,0000077476-17-000048,single_distinct_value,1,1422143357.0,6962000000.0
PEP,2019-01-01,2018-12-31,2018-12-31,31.517792517894108,155950037378.54004,True,SEC earnings + SEC EDGAR Company Facts + Yahoo Finance unadjusted close,Yahoo Finance unadjusted close,SEC EDGAR Company Facts,77476,PEP,2018-12-31,USD,1.0,2017-09-10,2018-09-08,2018-10-02,NetIncomeLossAvailableToCommonStockholdersBasic,0000077476-18-000012|0000077476-18-000076,annual_plus_ytd_less_prior_ytd,2018-09-25,2018-10-02,EntityCommonStockSharesOutstanding,0000077476-18-000076,single_distinct_value,1,1411568000.0,4948000000.0
PEP,2020-01-01,2019-12-31,2019-12-31,15.36667272142982,190577475091.17264,True,SEC earnings + SEC EDGAR Company Facts + Yahoo Finance unadjusted close,Yahoo Finance unadjusted close,SEC EDGAR Company Facts,77476,PEP,2019-12-31,USD,1.0,2018-09-09,2019-09-07,2019-10-03,NetIncomeLossAvailableToCommonStockholdersBasic,0000077476-19-000017|0000077476-19-000093,annual_plus_ytd_less_prior_ytd,2019-09-26,2019-10-03,EntityCommonStockSharesOutstanding,0000077476-19-000093,single_distinct_value,1,1394435338.0,12402000000.0
PEP,2021-01-01,2020-12-31,2020-12-31,29.10725052448466,204944150942.89648,True,SEC earnings + SEC EDGAR Company Facts + Yahoo Finance unadjusted close,Yahoo Finance unadjusted close,SEC EDGAR Company Facts,77476,PEP,2020-12-31,USD,1.0,2019-09-08,2020-09-05,2020-10-01,NetIncomeLossAvailableToCommonStockholdersBasic,0000077476-20-000015|0000077476-20-000068,annual_plus_ytd_less_prior_ytd,2020-09-24,2020-10-01,EntityCommonStockSharesOutstanding,0000077476-20-000068,single_distinct_value,1,1381956485.0,7041000000.0
PEP,2022-01-01,2021-12-31,2021-12-31,29.50259820801845,240180652011.4782,True,SEC earnings + SEC EDGAR Company Facts + Yahoo Finance unadjusted close,Yahoo Finance unadjusted close,SEC EDGAR Company Facts,77476,PEP,2021-12-31,USD,1.0,2020-09-06,2021-09-04,2021-10-05,NetIncomeLossAvailableToCommonStockholdersBasic,0000077476-21-000007|0000077476-21-000050,annual_plus_ytd_less_prior_ytd,2021-09-28,2021-10-05,EntityCommonStockSharesOutstanding,0000077476-21-000050,single_distinct_value,1,1382652943.0,8141000000.0
PEP,2023-01-01,2022-12-30,2022-12-30,25.622498532351432,248896950743.2618,True,SEC earnings + SEC EDGAR Company Facts + Yahoo Finance unadjusted close,Yahoo Finance unadjusted close,SEC EDGAR Company Facts,77476,PEP,2022-12-30,USD,1.0,2021-09-05,2022-09-03,2022-10-12,NetIncomeLossAvailableToCommonStockholdersBasic,0000077476-22-000010|0000077476-22-000052,annual_plus_ytd_less_prior_ytd,2022-10-05,2022-10-12,EntityCommonStockSharesOutstanding,0000077476-22-000052,single_distinct_value,1,1377709209.0,9714000000.0
PEP,2024-01-01,2023-12-29,2023-12-29,28.167296755288035,233506890101.3378,True,SEC earnings + SEC EDGAR Company Facts + Yahoo Finance unadjusted close,Yahoo Finance unadjusted close,SEC EDGAR Company Facts,77476,PEP,2023-12-29,USD,1.0,2022-09-04,2023-09-09,2023-10-10,NetIncomeLossAvailableToCommonStockholdersBasic,0000077476-23-000007|0000077476-23-000058,annual_plus_ytd_less_prior_ytd,2023-10-03,2023-10-10,EntityCommonStockSharesOutstanding,0000077476-23-000058,single_distinct_value,1,1374863961.0,8290000000.0
PEP,2025-01-01,2024-12-31,2024-12-31,22.29610428469781,208624647791.91742,True,SEC earnings + SEC EDGAR Company Facts + Yahoo Finance unadjusted close,Yahoo Finance unadjusted close,SEC EDGAR Company Facts,77476,PEP,2024-12-31,USD,1.0,2023-09-10,2024-09-07,2024-10-08,NetIncomeLossAvailableToCommonStockholdersBasic,0000077476-24-000008|0000077476-24-000052,annual_plus_ytd_less_prior_ytd,2024-10-01,2024-10-08,EntityCommonStockSharesOutstanding,0000077476-24-000052,single_distinct_value,1,1371989025.0,9357000000.0
PM,2016-01-01,2015-12-31,2015-12-31,18.822359068703744,136198590221.14029,True,SEC earnings + SEC EDGAR Company Facts + Yahoo Finance unadjusted close,Yahoo Finance unadjusted close,SEC EDGAR Company Facts,1413329,PM,2015-12-31,USD,1.0,2014-10-01,2015-09-30,2015-10-30,NetIncomeLoss,0001413329-15-000016|0001413329-15-000058,annual_plus_ytd_less_prior_ytd,2015-10-26,2015-10-30,EntityCommonStockSharesOutstanding,0001413329-15-000058,single_distinct_value,1,1549295695.0,7236000000.0
PM,2017-01-01,2016-12-30,2016-12-30,21.819061971108237,141932998122.05908,True,SEC earnings + SEC EDGAR Company Facts + Yahoo Finance unadjusted close,Yahoo Finance unadjusted close,SEC EDGAR Company Facts,1413329,PM,2016-12-30,USD,1.0,2015-10-01,2016-09-30,2016-10-25,NetIncomeLoss,0001413329-16-000076|0001413329-16-000105,annual_plus_ytd_less_prior_ytd,2016-10-21,2016-10-25,EntityCommonStockSharesOutstanding,0001413329-16-000105,single_distinct_value,1,1551349890.0,6505000000.0
PM,2018-01-01,2017-12-29,2017-12-29,23.269406648688182,164095855686.54907,True,SEC earnings + SEC EDGAR Company Facts + Yahoo Finance unadjusted close,Yahoo Finance unadjusted close,SEC EDGAR Company Facts,1413329,PM,2017-12-29,USD,1.0,2016-10-01,2017-09-30,2017-10-26,NetIncomeLoss,0001413329-17-000014|0001413329-17-000054,annual_plus_ytd_less_prior_ytd,2017-10-23,2017-10-26,EntityCommonStockSharesOutstanding,0001413329-17-000054,single_distinct_value,1,1553202587.0,7052000000.0
PM,2019-01-01,2018-12-31,2018-12-31,15.501123069691012,103780018951.58133,True,SEC earnings + SEC EDGAR Company Facts + Yahoo Finance unadjusted close,Yahoo Finance unadjusted close,SEC EDGAR Company Facts,1413329,PM,2018-12-31,USD,1.0,2017-10-01,2018-09-30,2018-10-25,NetIncomeLoss,0001413329-18-000007|0001413329-18-000053,annual_plus_ytd_less_prior_ytd,2018-10-22,2018-10-25,EntityCommonStockSharesOutstanding,0001413329-18-000053,single_distinct_value,1,1554523901.0,6695000000.0
PM,2020-01-01,2019-12-31,2019-12-31,17.701479583247355,132389365803.10696,True,SEC earnings + SEC EDGAR Company Facts + Yahoo Finance unadjusted close,Yahoo Finance unadjusted close,SEC EDGAR Company Facts,1413329,PM,2019-12-31,USD,1.0,2018-10-01,2019-09-30,2019-10-24,NetIncomeLoss,0001413329-19-000007|0001413329-19-000071,annual_plus_ytd_less_prior_ytd,2019-10-21,2019-10-24,EntityCommonStockSharesOutstanding,0001413329-19-000071,single_distinct_value,1,1555874621.0,7479000000.0
PM,2021-01-01,2020-12-31,2020-12-31,16.752883036641805,128930187849.99533,True,SEC earnings + SEC EDGAR Company Facts + Yahoo Finance unadjusted close,Yahoo Finance unadjusted close,SEC EDGAR Company Facts,1413329,PM,2020-12-31,USD,1.0,2019-10-01,2020-09-30,2020-10-27,NetIncomeLoss,0001413329-20-000007|0001413329-20-000062,annual_plus_ytd_less_prior_ytd,2020-10-22,2020-10-27,EntityCommonStockSharesOutstanding,0001413329-20-000062,single_distinct_value,1,1557315937.0,7696000000.0
PM,2022-01-01,2021-12-31,2021-12-31,16.44780133451957,147898629600.0,True,SEC earnings + SEC EDGAR Company Facts + Yahoo Finance unadjusted close,Yahoo Finance unadjusted close,SEC EDGAR Company Facts,1413329,PM,2021-12-31,USD,1.0,2020-10-01,2021-09-30,2021-10-27,NetIncomeLoss,0001413329-21-000007|0001413329-21-000091,annual_plus_ytd_less_prior_ytd,2021-10-25,2021-10-27,EntityCommonStockSharesOutstanding,0001413329-21-000091,single_distinct_value,1,1556827680.0,8992000000.0
PM,2023-01-01,2022-12-30,2022-12-30,17.990594412314802,156895973869.7974,True,SEC earnings + SEC EDGAR Company Facts + Yahoo Finance unadjusted close,Yahoo Finance unadjusted close,SEC EDGAR Company Facts,1413329,PM,2022-12-30,USD,1.0,2021-10-01,2022-09-30,2022-10-27,NetIncomeLossAvailableToCommonStockholdersBasic,0001413329-22-000011|0001413329-22-000114,annual_plus_ytd_less_prior_ytd,2022-10-21,2022-10-27,EntityCommonStockSharesOutstanding,0001413329-22-000114,single_distinct_value,1,1550202305.0,8721000000.0
PM,2024-01-01,2023-12-29,2023-12-29,18.276856272784414,146050358475.82025,True,SEC earnings + SEC EDGAR Company Facts + Yahoo Finance unadjusted close,Yahoo Finance unadjusted close,SEC EDGAR Company Facts,1413329,PM,2023-12-29,USD,1.0,2022-10-01,2023-09-30,2023-10-26,NetIncomeLossAvailableToCommonStockholdersBasic,0001413329-23-000025|0001413329-23-000201,annual_plus_ytd_less_prior_ytd,2023-10-20,2023-10-26,EntityCommonStockSharesOutstanding,0001413329-23-000201,single_distinct_value,1,1552405991.0,7991000000.0
PM,2025-01-01,2024-12-31,2024-12-31,19.084568946559155,187124198521.0125,True,SEC earnings + SEC EDGAR Company Facts + Yahoo Finance unadjusted close,Yahoo Finance unadjusted close,SEC EDGAR Company Facts,1413329,PM,2024-12-31,USD,1.0,2023-10-01,2024-09-30,2024-10-24,NetIncomeLossAvailableToCommonStockholdersBasic,0001413329-24-000013|0001413329-24-000172,annual_plus_ytd_less_prior_ytd,2024-10-18,2024-10-24,EntityCommonStockSharesOutstanding,0001413329-24-000172,single_distinct_value,1,1554833410.0,9805000000.0
QSR,2016-01-01,2015-12-31,2015-12-31,,7551605237.825151,False,SEC earnings + SEC EDGAR Company Facts + Yahoo Finance unadjusted close,Yahoo Finance unadjusted close,SEC EDGAR Company Facts,1618756,QSR.TO,2015-12-31,CAD,0.7208765745162964,2014-10-01,2015-09-30,2015-10-30,NetIncomeLossAvailableToCommonStockholdersBasic,0001193125-15-072217|0001193125-15-359374,annual_plus_ytd_less_prior_ytd,2015-10-20,2015-10-30,EntityCommonStockSharesOutstanding,0001193125-15-359374,single_distinct_value,1,202426801.0,-462000000.0
QSR,2017-01-01,2016-12-30,2016-12-30,39.827716544111986,11107950144.152834,True,SEC earnings + SEC EDGAR Company Facts + Yahoo Finance unadjusted close,Yahoo Finance unadjusted close,SEC EDGAR Company Facts,1618756,QSR.TO,2016-12-30,CAD,0.7419443130493164,2015-10-01,2016-09-30,2016-10-24,NetIncomeLossAvailableToCommonStockholdersBasic,0001193125-16-481509|0001193125-16-745261,annual_plus_ytd_less_prior_ytd,2016-10-20,2016-10-24,EntityCommonStockSharesOutstanding,0001193125-16-745261,single_distinct_value,1,234111128.0,278900000.0
QSR,2018-01-01,2017-12-29,2017-12-29,41.79334291113791,14606773347.442701,True,SEC earnings + SEC EDGAR Company Facts + Yahoo Finance unadjusted close,Yahoo Finance unadjusted close,SEC EDGAR Company Facts,1618756,QSR.TO,2017-12-29,CAD,0.7958298921585083,2016-10-01,2017-09-30,2017-10-26,NetIncomeLossAvailableToCommonStockholdersBasic,0001193125-17-048122|0001618756-17-000017,annual_plus_ytd_less_prior_ytd,2017-10-20,2017-10-26,EntityCommonStockSharesOutstanding,0001618756-17-000017,single_distinct_value,1,237532560.0,349500000.0
QSR,2019-01-01,2018-12-31,2018-12-31,15.59005785070593,13158008825.995806,True,SEC earnings + SEC EDGAR Company Facts + Yahoo Finance unadjusted close,Yahoo Finance unadjusted close,SEC EDGAR Company Facts,1618756,QSR.TO,2018-12-31,CAD,0.7341066002845764,2017-10-01,2018-09-30,2018-10-24,NetIncomeLossAvailableToCommonStockholdersBasic,0001618756-18-000007|0001618756-18-000030,annual_plus_ytd_less_prior_ytd,2018-10-19,2018-10-24,EntityCommonStockSharesOutstanding,0001618756-18-000030,single_distinct_value,1,251315753.0,844000000.0
QSR,2020-01-01,2019-12-31,2019-12-31,29.477251839900614,18894918429.376293,True,SEC earnings + SEC EDGAR Company Facts + Yahoo Finance unadjusted close,Yahoo Finance unadjusted close,SEC EDGAR Company Facts,1618756,QSR.TO,2019-12-31,CAD,0.7656616568565369,2018-10-01,2019-09-30,2019-10-28,NetIncomeLossAvailableToCommonStockholdersBasic,0001618756-19-000005|0001618756-19-000020,annual_plus_ytd_less_prior_ytd,2019-10-24,2019-10-28,EntityCommonStockSharesOutstanding,0001618756-19-000020,single_distinct_value,1,298114230.0,641000000.0
QSR,2021-01-01,2020-12-31,2020-12-31,33.125274074945345,18550153481.969395,True,SEC earnings + SEC EDGAR Company Facts + Yahoo Finance unadjusted close,Yahoo Finance unadjusted close,SEC EDGAR Company Facts,1618756,QSR.TO,2020-12-31,CAD,0.784270703792572,2019-10-01,2020-09-30,2020-10-28,NetIncomeLossAvailableToCommonStockholdersBasic,0001618756-20-000004|0001618756-20-000075,annual_plus_ytd_less_prior_ytd,2020-10-20,2020-10-28,EntityCommonStockSharesOutstanding,0001618756-20-000075,single_distinct_value,1,303902641.0,560000000.0
QSR,2022-01-01,2021-12-31,2021-12-31,25.282743108737538,18962057331.553154,True,SEC earnings + SEC EDGAR Company Facts + Yahoo Finance unadjusted close,Yahoo Finance unadjusted close,SEC EDGAR Company Facts,1618756,QSR.TO,2021-12-31,CAD,0.7846583127975464,2020-10-01,2021-09-30,2021-10-25,NetIncomeLossAvailableToCommonStockholdersBasic,0001618756-21-000007|0001618756-21-000060,annual_plus_ytd_less_prior_ytd,2021-10-18,2021-10-25,EntityCommonStockSharesOutstanding,0001618756-21-000060,single_distinct_value,1,315071796.0,750000000.0
QSR,2023-01-01,2022-12-30,2022-12-30,20.633478479677237,19766872383.530792,True,SEC earnings + SEC EDGAR Company Facts + Yahoo Finance unadjusted close,Yahoo Finance unadjusted close,SEC EDGAR Company Facts,1618756,QSR.TO,2022-12-30,CAD,0.7378984093666077,2021-10-01,2022-09-30,2022-11-03,NetIncomeLossAvailableToCommonStockholdersBasic,0001618756-22-000018|0001618756-22-000055,annual_plus_ytd_less_prior_ytd,2022-10-28,2022-11-03,EntityCommonStockSharesOutstanding,0001618756-22-000055,single_distinct_value,1,305904620.0,958000000.0
QSR,2024-01-01,2023-12-29,2023-12-29,26.803744932660113,24418211633.653362,True,SEC earnings + SEC EDGAR Company Facts + Yahoo Finance unadjusted close,Yahoo Finance unadjusted close,SEC EDGAR Company Facts,1618756,QSR.TO,2023-12-29,CAD,0.7558807134628296,2022-10-01,2023-09-30,2023-11-03,NetIncomeLossAvailableToCommonStockholdersBasic,0001618756-23-000013|0001618756-23-000057,annual_plus_ytd_less_prior_ytd,2023-10-27,2023-11-03,EntityCommonStockSharesOutstanding,0001618756-23-000057,single_distinct_value,1,312028584.0,911000000.0
QSR,2025-01-01,2024-12-31,2024-12-31,16.26507334383124,20656643146.665676,True,SEC earnings + SEC EDGAR Company Facts + Yahoo Finance unadjusted close,Yahoo Finance unadjusted close,SEC EDGAR Company Facts,1618756,QSR.TO,2024-12-31,CAD,0.6968737840652466,2023-10-01,2024-09-30,2024-11-05,NetIncomeLossAvailableToCommonStockholdersBasic,0001618756-24-000020|0001618756-24-000190,annual_plus_ytd_less_prior_ytd,2024-04-23,2024-04-30,EntityCommonStockSharesOutstanding,0001618756-24-000082,single_distinct_value,1,316382439.0,1270000000.0
SNAP,2020-01-01,2019-12-31,2019-12-31,,22772772773.605347,False,SEC earnings + SEC EDGAR Company Facts + Yahoo Finance unadjusted close,Yahoo Finance unadjusted close,SEC EDGAR Company Facts,1564408,SNAP,2019-12-31,USD,1.0,2018-10-01,2019-09-30,2019-10-23,NetIncomeLoss,0001564590-19-002053|0001564590-19-037449,annual_plus_ytd_less_prior_ytd,2019-09-30,2019-10-23,SharesOutstanding,0001564590-19-037449,single_distinct_value,1,1394536000.0,-984624000.0
SNAP,2021-01-01,2020-12-31,2020-12-31,,74339729666.90063,False,SEC earnings + SEC EDGAR Company Facts + Yahoo Finance unadjusted close,Yahoo Finance unadjusted close,SEC EDGAR Company Facts,1564408,SNAP,2020-12-31,USD,1.0,2019-10-01,2020-09-30,2020-10-21,NetIncomeLoss,0001564590-20-003323|0001564590-20-047000,annual_plus_ytd_less_prior_ytd,2020-09-30,2020-10-21,SharesOutstanding,0001564590-20-047000,single_distinct_value,1,1484716000.0,-1072444000.0
SNAP,2022-01-01,2021-12-31,2021-12-31,,75490343630.58472,False,SEC earnings + SEC EDGAR Company Facts + Yahoo Finance unadjusted close,Yahoo Finance unadjusted close,SEC EDGAR Company Facts,1564408,SNAP,2021-12-31,USD,1.0,2020-10-01,2021-09-30,2021-10-22,NetIncomeLoss,0001564590-21-004377|0001564590-21-051474,annual_plus_ytd_less_prior_ytd,2021-09-30,2021-10-22,SharesOutstanding,0001564590-21-051474,single_distinct_value,1,1605153000.0,-623604000.0
SNAP,2023-01-01,2022-12-30,2022-12-30,,14831769633.917809,False,SEC earnings + SEC EDGAR Company Facts + Yahoo Finance unadjusted close,Yahoo Finance unadjusted close,SEC EDGAR Company Facts,1564408,SNAP,2022-12-30,USD,1.0,2021-10-01,2022-09-30,2022-10-21,NetIncomeLoss,0001564590-22-003868|0001564590-22-034804,annual_plus_ytd_less_prior_ytd,2022-09-30,2022-10-21,SharesOutstanding,0001564590-22-034804,single_distinct_value,1,1657181000.0,-1118643000.0
SNAP,2024-01-01,2023-12-29,2023-12-29,,28593636205.421448,False,SEC earnings + SEC EDGAR Company Facts + Yahoo Finance unadjusted close,Yahoo Finance unadjusted close,SEC EDGAR Company Facts,1564408,SNAP,2023-12-29,USD,1.0,2022-10-01,2023-09-30,2023-10-25,NetIncomeLoss,0001564408-23-000013|0001564408-23-000052,annual_plus_ytd_less_prior_ytd,2023-09-30,2023-10-25,CommonStockSharesOutstanding,0001564408-23-000052,single_distinct_value,1,1688933000.0,-1362698000.0
SNAP,2025-01-01,2024-12-31,2024-12-31,,18523700737.32376,False,SEC earnings + SEC EDGAR Company Facts + Yahoo Finance unadjusted close,Yahoo Finance unadjusted close,SEC EDGAR Company Facts,1564408,SNAP,2024-12-31,USD,1.0,2023-10-01,2024-09-30,2024-10-30,NetIncomeLoss,0001564408-24-000019|0001564408-24-000062,annual_plus_ytd_less_prior_ytd,2024-09-30,2024-10-30,CommonStockSharesOutstanding,0001564408-24-000062,single_distinct_value,1,1719935000.0,-955204000.0
STZ,2020-01-01,2019-12-31,2019-12-31,46.90272182351036,36208901247.75,True,SEC earnings + SimFin historical shares + Yahoo Finance unadjusted close,Yahoo Finance unadjusted close,SimFin historical shares,16918,STZ,2019-12-31,USD,1.0,2018-09-01,2019-08-31,2019-10-03,NetIncomeLoss,0000016918-19-000024|0000016918-19-000100,annual_plus_ytd_less_prior_ytd,2019-12-31,2019-12-31,SimFinCommonSharesOutstanding,simfin-price-series,simfin_historical_observation,1,190824249.0,772000000.0
STZ,2021-01-01,2020-12-31,2020-12-31,38.73909104103136,42341826507.847275,True,SEC earnings + SimFin historical shares + Yahoo Finance unadjusted close,Yahoo Finance unadjusted close,SimFin historical shares,16918,STZ,2020-12-31,USD,1.0,2019-09-01,2020-08-31,2020-10-01,NetIncomeLoss,0000016918-20-000078|0000016918-20-000237,annual_plus_ytd_less_prior_ytd,2020-12-31,2020-12-31,SimFinCommonSharesOutstanding,simfin-price-series,simfin_historical_observation,1,193297539.0,1093000000.0
STZ,2022-01-01,2021-12-31,2021-12-31,64.10606354220955,48541111314.16107,True,SEC earnings + SimFin historical shares + Yahoo Finance unadjusted close,Yahoo Finance unadjusted close,SimFin historical shares,16918,STZ,2021-12-31,USD,1.0,2020-09-01,2021-08-31,2021-10-06,NetIncomeLoss,0000016918-21-000060|0000016918-21-000217,annual_plus_ytd_less_prior_ytd,2021-12-31,2021-12-31,SimFinCommonSharesOutstanding,simfin-price-series,simfin_historical_observation,1,193413998.0,757200000.0
STZ,2023-01-01,2022-12-30,2022-12-30,409.16231821291865,42757462253.25,True,SEC earnings + SimFin historical shares + Yahoo Finance unadjusted close,Yahoo Finance unadjusted close,SimFin historical shares,16918,STZ,2022-12-30,USD,1.0,2021-09-01,2022-08-31,2022-10-06,NetIncomeLoss,0000016918-22-000069|0000016918-22-000181,annual_plus_ytd_less_prior_ytd,2022-12-30,2022-12-30,SimFinCommonSharesOutstanding,simfin-price-series,simfin_historical_observation,1,184498219.0,104500000.0
STZ,2024-01-01,2023-12-29,2023-12-29,29.21371653699064,44305522500.0,True,SEC earnings + SimFin historical shares + Yahoo Finance unadjusted close,Yahoo Finance unadjusted close,SimFin historical shares,16918,STZ,2023-12-29,USD,1.0,2022-09-01,2023-08-31,2023-10-05,NetIncomeLoss,0000016918-23-000045|0000016918-23-000190,annual_plus_ytd_less_prior_ytd,2023-12-29,2023-12-29,SimFinCommonSharesOutstanding,simfin-price-series,simfin_historical_observation,1,183270000.0,1516600000.0
STZ,2025-01-01,2024-12-31,2024-12-31,68.92390573252804,39941403372.0,True,SEC earnings + SimFin historical shares + Yahoo Finance unadjusted close,Yahoo Finance unadjusted close,SimFin historical shares,16918,STZ,2024-12-31,USD,1.0,2023-09-01,2024-08-31,2024-10-03,NetIncomeLoss,0000016918-24-000054|0000016918-24-000178,annual_plus_ytd_less_prior_ytd,2024-12-31,2024-12-31,SimFinCommonSharesOutstanding,simfin-price-series,simfin_historical_observation,1,180730332.0,579500000.0
TPB,2020-01-01,2019-12-31,2019-12-31,18.126412522982655,562335695.700491,True,SEC earnings + SEC EDGAR Company Facts + Yahoo Finance unadjusted close,Yahoo Finance unadjusted close,SEC EDGAR Company Facts,1290677,TPB,2019-12-31,USD,1.0,2018-10-01,2019-09-30,2019-11-04,NetIncomeLoss,0001140361-19-004508|0001140361-19-019729,annual_plus_ytd_less_prior_ytd,2019-10-29,2019-11-04,EntityCommonStockSharesOutstanding,0001140361-19-019729,single_distinct_value,1,19662087.0,31023000.0
TPB,2021-01-01,2020-12-31,2020-12-31,106.30541903620801,853951431.1178589,True,SEC earnings + SEC EDGAR Company Facts + Yahoo Finance unadjusted close,Yahoo Finance unadjusted close,SEC EDGAR Company Facts,1290677,TPB,2020-12-31,USD,1.0,2019-10-01,2020-09-30,2020-10-27,NetIncomeLoss,0001140361-20-005641|0001140361-20-023876,annual_plus_ytd_less_prior_ytd,2020-10-19,2020-10-27,EntityCommonStockSharesOutstanding,0001140361-20-023876,single_distinct_value,1,19164080.0,8033000.0
TPB,2022-01-01,2021-12-31,2021-12-31,14.308653690428772,713028830.7014465,True,SEC earnings + SEC EDGAR Company Facts + Yahoo Finance unadjusted close,Yahoo Finance unadjusted close,SEC EDGAR Company Facts,1290677,TPB,2021-12-31,USD,1.0,2020-10-01,2021-09-30,2021-10-26,NetIncomeLoss,0001140361-21-005505|0001140361-21-035467,annual_plus_ytd_less_prior_ytd,2021-10-19,2021-10-26,EntityCommonStockSharesOutstanding,0001140361-21-035467,single_distinct_value,1,18873183.0,49832000.0
TPB,2023-01-01,2022-12-30,2022-12-30,9.63942021211111,379908829.39972305,True,SEC earnings + SEC EDGAR Company Facts + Yahoo Finance unadjusted close,Yahoo Finance unadjusted close,SEC EDGAR Company Facts,1290677,TPB,2022-12-30,USD,1.0,2021-10-01,2022-09-30,2022-10-26,NetIncomeLoss,0001140361-22-009150|0001140361-22-038501,annual_plus_ytd_less_prior_ytd,2022-10-17,2022-10-26,EntityCommonStockSharesOutstanding,0001140361-22-038501,single_distinct_value,1,17563978.0,39412000.0
TPB,2024-01-01,2023-12-29,2023-12-29,38.49710412658065,463351145.2675247,True,SEC earnings + SEC EDGAR Company Facts + Yahoo Finance unadjusted close,Yahoo Finance unadjusted close,SEC EDGAR Company Facts,1290677,TPB,2023-12-29,USD,1.0,2022-10-01,2023-09-30,2023-11-08,NetIncomeLoss,0001140361-23-011882|0001140361-23-052085,annual_plus_ytd_less_prior_ytd,2023-11-01,2023-11-08,EntityCommonStockSharesOutstanding,0001140361-23-052085,single_distinct_value,1,17604527.0,12036000.0
TPB,2025-01-01,2024-12-31,2024-12-31,22.392313227851915,1063590093.6965103,True,SEC earnings + SEC EDGAR Company Facts + Yahoo Finance unadjusted close,Yahoo Finance unadjusted close,SEC EDGAR Company Facts,1290677,TPB,2024-12-31,USD,1.0,2023-10-01,2024-09-30,2024-11-07,NetIncomeLoss,0001140361-24-010142|0001140361-24-045671,annual_plus_ytd_less_prior_ytd,2024-11-01,2024-11-07,EntityCommonStockSharesOutstanding,0001140361-24-045671,single_distinct_value,1,17697007.0,47498000.0
TTWO,2016-01-01,2015-12-31,2015-12-31,,2948244533.432354,False,SEC earnings + SEC EDGAR Company Facts + Yahoo Finance unadjusted close,Yahoo Finance unadjusted close,SEC EDGAR Company Facts,946581,TTWO,2015-12-31,USD,1.0,2014-10-01,2015-09-30,2015-11-06,NetIncomeLossAvailableToCommonStockholdersBasic,0001047469-15-004959|0001047469-15-008367,annual_plus_ytd_less_prior_ytd,2015-10-30,2015-11-06,EntityCommonStockSharesOutstanding,0001047469-15-008367,single_distinct_value,1,84622403.0,-214986000.0
TTWO,2017-01-01,2016-12-30,2016-12-30,2305.001677027735,4266558104.178337,True,SEC earnings + SEC EDGAR Company Facts + Yahoo Finance unadjusted close,Yahoo Finance unadjusted close,SEC EDGAR Company Facts,946581,TTWO,2016-12-30,USD,1.0,2015-10-01,2016-09-30,2016-11-03,NetIncomeLossAvailableToCommonStockholdersBasic,0001047469-16-013278|0001047469-16-016473,annual_plus_ytd_less_prior_ytd,2016-10-28,2016-11-03,EntityCommonStockSharesOutstanding,0001047469-16-016473,single_distinct_value,1,86560317.0,1851000.0
TTWO,2018-01-01,2017-12-29,2017-12-29,99.99318500698834,12520746653.835052,True,SEC earnings + SEC EDGAR Company Facts + Yahoo Finance unadjusted close,Yahoo Finance unadjusted close,SEC EDGAR Company Facts,946581,TTWO,2017-12-29,USD,1.0,2016-10-01,2017-09-30,2017-11-08,NetIncomeLossAvailableToCommonStockholdersBasic,0001628280-17-005833|0001628280-17-011117,annual_plus_ytd_less_prior_ytd,2017-10-31,2017-11-08,EntityCommonStockSharesOutstanding,0001628280-17-011117,single_distinct_value,1,114053077.0,125216000.0
TTWO,2019-01-01,2018-12-31,2018-12-31,54.934561551909475,11721991678.507996,True,SEC earnings + SEC EDGAR Company Facts + Yahoo Finance unadjusted close,Yahoo Finance unadjusted close,SEC EDGAR Company Facts,946581,TTWO,2018-12-31,USD,1.0,2017-10-01,2018-09-30,2018-11-08,NetIncomeLossAvailableToCommonStockholdersBasic,0001628280-18-006877|0001628280-18-013920,annual_plus_ytd_less_prior_ytd,2018-10-26,2018-11-08,EntityCommonStockSharesOutstanding,0001628280-18-013920,single_distinct_value,1,113872075.0,213381000.0
TTWO,2020-01-01,2019-12-31,2019-12-31,41.56838859578399,13877066143.650742,True,SEC earnings + SEC EDGAR Company Facts + Yahoo Finance unadjusted close,Yahoo Finance unadjusted close,SEC EDGAR Company Facts,946581,TTWO,2019-12-31,USD,1.0,2018-04-01,2019-03-31,2019-05-14,NetIncomeLossAvailableToCommonStockholdersBasic,0001628280-19-006691,annual_fallback,2019-10-28,2019-11-08,EntityCommonStockSharesOutstanding,0001628280-19-013731,single_distinct_value,1,113346942.0,333837000.0
TTWO,2021-01-01,2020-12-31,2020-12-31,59.092125173009165,23900341855.350113,True,SEC earnings + SEC EDGAR Company Facts + Yahoo Finance unadjusted close,Yahoo Finance unadjusted close,SEC EDGAR Company Facts,946581,TTWO,2020-12-31,USD,1.0,2019-04-01,2020-03-31,2020-05-22,NetIncomeLossAvailableToCommonStockholdersBasic,0001628280-20-008291,annual_fallback,2020-10-23,2020-11-06,EntityCommonStockSharesOutstanding,0001628280-20-015824,single_distinct_value,1,115021621.0,404459000.0
TTWO,2022-01-01,2021-12-31,2021-12-31,50.66293025663123,20491078108.66681,True,SEC earnings + SEC EDGAR Company Facts + Yahoo Finance unadjusted close,Yahoo Finance unadjusted close,SEC EDGAR Company Facts,946581,TTWO,2021-12-31,USD,1.0,2019-04-01,2020-03-31,2020-05-22,NetIncomeLossAvailableToCommonStockholdersBasic,0001628280-20-008291,annual_fallback,2021-10-22,2021-11-04,EntityCommonStockSharesOutstanding,0001628280-21-021561,single_distinct_value,1,115299786.0,404459000.0
TTWO,2023-01-01,2022-12-30,2022-12-30,43.205875328404126,17475005129.451004,True,SEC earnings + SEC EDGAR Company Facts + Yahoo Finance unadjusted close,Yahoo Finance unadjusted close,SEC EDGAR Company Facts,946581,TTWO,2022-12-30,USD,1.0,2019-04-01,2020-03-31,2020-05-22,NetIncomeLossAvailableToCommonStockholdersBasic,0001628280-20-008291,annual_fallback,2022-10-27,2022-11-08,EntityCommonStockSharesOutstanding,0001628280-22-028716,single_distinct_value,1,167819126.0,404459000.0
TTWO,2024-01-01,2023-12-29,2023-12-29,67.67653314673382,27372382919.994812,True,SEC earnings + SEC EDGAR Company Facts + Yahoo Finance unadjusted close,Yahoo Finance unadjusted close,SEC EDGAR Company Facts,946581,TTWO,2023-12-29,USD,1.0,2019-04-01,2020-03-31,2020-05-22,NetIncomeLossAvailableToCommonStockholdersBasic,0001628280-20-008291,annual_fallback,2023-10-27,2023-11-09,EntityCommonStockSharesOutstanding,0001628280-23-037956,single_distinct_value,1,170067620.0,404459000.0
TTWO,2025-01-01,2024-12-31,2024-12-31,79.9326766294318,32329490456.863358,True,SEC earnings + SEC EDGAR Company Facts + Yahoo Finance unadjusted close,Yahoo Finance unadjusted close,SEC EDGAR Company Facts,946581,TTWO,2024-12-31,USD,1.0,2019-04-01,2020-03-31,2020-05-22,NetIncomeLossAvailableToCommonStockholdersBasic,0001628280-20-008291,annual_fallback,2024-10-25,2024-11-07,EntityCommonStockSharesOutstanding,0001628280-24-045867,single_distinct_value,1,175627391.0,404459000.0
UVV,2016-01-01,2015-12-31,2015-12-31,12.66710937546,1273994525.4368896,True,SEC earnings + SEC EDGAR Company Facts + Yahoo Finance unadjusted close,Yahoo Finance unadjusted close,SEC EDGAR Company Facts,102037,UVV,2015-12-31,USD,1.0,2014-10-01,2015-09-30,2015-11-05,NetIncomeLossAvailableToCommonStockholdersBasic,0000102037-15-000017|0000102037-15-000034,annual_plus_ytd_less_prior_ytd,2015-10-30,2015-11-05,EntityCommonStockSharesOutstanding,0000102037-15-000034,single_distinct_value,1,22717448.0,100575000.0
UVV,2017-01-01,2016-12-30,2016-12-30,14.891187062990834,1452456603.75,True,SEC earnings + SEC EDGAR Company Facts + Yahoo Finance unadjusted close,Yahoo Finance unadjusted close,SEC EDGAR Company Facts,102037,UVV,2016-12-30,USD,1.0,2015-10-01,2016-09-30,2016-11-08,NetIncomeLossAvailableToCommonStockholdersBasic,0000102037-16-000046|0000102037-16-000070,annual_plus_ytd_less_prior_ytd,2016-11-04,2016-11-08,EntityCommonStockSharesOutstanding,0000102037-16-000070,single_distinct_value,1,22783633.0,97538000.0
UVV,2018-01-01,2017-12-29,2017-12-29,34.497732142857146,1318503322.5,True,SEC earnings + SEC EDGAR Company Facts + Yahoo Finance unadjusted close,Yahoo Finance unadjusted close,SEC EDGAR Company Facts,102037,UVV,2017-12-29,USD,1.0,2016-10-01,2017-09-30,2017-11-07,NetIncomeLossAvailableToCommonStockholdersBasic,0000102037-17-000030|0000102037-17-000058,annual_plus_ytd_less_prior_ytd,2017-11-03,2017-11-07,EntityCommonStockSharesOutstanding,0000102037-17-000058,single_distinct_value,1,25114349.0,38220000.0
UVV,2019-01-01,2018-12-31,2018-12-31,12.796090400989605,1352060503.9493637,True,SEC earnings + SEC EDGAR Company Facts + Yahoo Finance unadjusted close,Yahoo Finance unadjusted close,SEC EDGAR Company Facts,102037,UVV,2018-12-31,USD,1.0,2017-04-01,2018-03-31,2018-05-25,NetIncomeLossAvailableToCommonStockholdersBasic,0000102037-18-000012,annual_fallback,2018-11-05,2018-11-08,EntityCommonStockSharesOutstanding,0000102037-18-000035,single_distinct_value,1,24968799.0,105662000.0
UVV,2020-01-01,2019-12-31,2019-12-31,13.593185013816479,1415336016.8235855,True,SEC earnings + SEC EDGAR Company Facts + Yahoo Finance unadjusted close,Yahoo Finance unadjusted close,SEC EDGAR Company Facts,102037,UVV,2019-12-31,USD,1.0,2018-04-01,2019-03-31,2019-05-24,NetIncomeLossAvailableToCommonStockholdersBasic,0000102037-19-000022,annual_fallback,2019-11-04,2019-11-12,EntityCommonStockSharesOutstanding,0000102037-19-000051,single_distinct_value,1,24804346.0,104121000.0
UVV,2021-01-01,2020-12-31,2020-12-31,11.445027418414032,1191667699.8326874,True,SEC earnings + SEC EDGAR Company Facts + Yahoo Finance unadjusted close,Yahoo Finance unadjusted close,SEC EDGAR Company Facts,102037,UVV,2020-12-31,USD,1.0,2018-04-01,2019-03-31,2019-05-24,NetIncomeLossAvailableToCommonStockholdersBasic,0000102037-19-000022,annual_fallback,2020-11-02,2020-11-05,EntityCommonStockSharesOutstanding,0000102037-20-000045,single_distinct_value,1,24514867.0,104121000.0
UVV,2022-01-01,2021-12-31,2021-12-31,12.979490056977307,1351437484.2225342,True,SEC earnings + SEC EDGAR Company Facts + Yahoo Finance unadjusted close,Yahoo Finance unadjusted close,SEC EDGAR Company Facts,102037,UVV,2021-12-31,USD,1.0,2018-04-01,2019-03-31,2019-05-24,NetIncomeLossAvailableToCommonStockholdersBasic,0000102037-19-000022,annual_fallback,2021-11-01,2021-11-03,EntityCommonStockSharesOutstanding,0000102037-21-000035,single_distinct_value,1,24607384.0,104121000.0
UVV,2023-01-01,2022-12-30,2022-12-30,12.454439048142609,1296768648.1316566,True,SEC earnings + SEC EDGAR Company Facts + Yahoo Finance unadjusted close,Yahoo Finance unadjusted close,SEC EDGAR Company Facts,102037,UVV,2022-12-30,USD,1.0,2018-04-01,2019-03-31,2019-05-24,NetIncomeLossAvailableToCommonStockholdersBasic,0000102037-19-000022,annual_fallback,2022-11-01,2022-11-03,EntityCommonStockSharesOutstanding,0000102037-22-000037,single_distinct_value,1,24555361.0,104121000.0
UVV,2024-01-01,2023-12-29,2023-12-29,15.878872248875181,1653324057.4251328,True,SEC earnings + SEC EDGAR Company Facts + Yahoo Finance unadjusted close,Yahoo Finance unadjusted close,SEC EDGAR Company Facts,102037,UVV,2023-12-29,USD,1.0,2018-04-01,2019-03-31,2019-05-24,NetIncomeLossAvailableToCommonStockholdersBasic,0000102037-19-000022,annual_fallback,2023-10-31,2023-11-02,EntityCommonStockSharesOutstanding,0000102037-23-000058,single_distinct_value,1,24559181.0,104121000.0
UVV,2025-01-01,2024-12-31,2024-12-31,13.005544023278821,1354150249.2478142,True,SEC earnings + SEC EDGAR Company Facts + Yahoo Finance unadjusted close,Yahoo Finance unadjusted close,SEC EDGAR Company Facts,102037,UVV,2024-12-31,USD,1.0,2018-04-01,2019-03-31,2019-05-24,NetIncomeLossAvailableToCommonStockholdersBasic,0000102037-19-000022,annual_fallback,2024-08-05,2024-08-07,EntityCommonStockSharesOutstanding,0000102037-24-000031,single_distinct_value,1,24692747.0,104121000.0
YUM,2016-01-01,2015-12-31,2015-12-31,24.29952838629039,22647160456.022644,True,SEC earnings + SEC EDGAR Company Facts + Yahoo Finance unadjusted close,Yahoo Finance unadjusted close,SEC EDGAR Company Facts,1041061,YUM,2015-12-31,USD,1.0,2014-09-07,2015-09-05,2015-10-15,NetIncomeLoss,0001041061-15-000007|0001041061-15-000033,annual_plus_ytd_less_prior_ytd,2015-10-13,2015-10-15,EntityCommonStockSharesOutstanding,0001041061-15-000033,single_distinct_value,1,431241627.0,932000000.0
YUM,2017-01-01,2016-12-30,2016-12-30,14285469.99608922,2.324245968363716e+16,True,SEC earnings + SEC EDGAR Company Facts + Yahoo Finance unadjusted close,Yahoo Finance unadjusted close,SEC EDGAR Company Facts,1041061,YUM,2016-12-30,USD,1.0,2015-09-06,2016-09-03,2016-10-11,NetIncomeLoss,0001041061-16-000056|0001041061-16-000095,annual_plus_ytd_less_prior_ytd,2016-10-07,2016-10-11,EntityCommonStockSharesOutstanding,0001041061-16-000095,single_distinct_value,1,367005511000000.0,1627000000.0
YUM,2018-01-01,2017-12-29,2017-12-29,23.247720998161128,27502053940.824615,True,SEC earnings + SEC EDGAR Company Facts + Yahoo Finance unadjusted close,Yahoo Finance unadjusted close,SEC EDGAR Company Facts,1041061,YUM,2017-12-29,USD,1.0,2016-10-01,2017-09-30,2017-11-08,NetIncomeLoss,0001041061-17-000016|0001041061-17-000065,annual_plus_ytd_less_prior_ytd,2017-11-01,2017-11-08,EntityCommonStockSharesOutstanding,0001041061-17-000065,single_distinct_value,1,336993674.0,1183000000.0
YUM,2019-01-01,2018-12-31,2018-12-31,17.461546891872434,28706783090.23828,True,SEC earnings + SEC EDGAR Company Facts + Yahoo Finance unadjusted close,Yahoo Finance unadjusted close,SEC EDGAR Company Facts,1041061,YUM,2018-12-31,USD,1.0,2017-10-01,2018-09-30,2018-11-07,NetIncomeLoss,0001041061-18-000013|0001041061-18-000052,annual_plus_ytd_less_prior_ytd,2018-10-31,2018-11-07,EntityCommonStockSharesOutstanding,0001041061-18-000052,single_distinct_value,1,312301824.0,1644000000.0
YUM,2020-01-01,2019-12-31,2019-12-31,26.725452281495986,30467015600.905426,True,SEC earnings + SEC EDGAR Company Facts + Yahoo Finance unadjusted close,Yahoo Finance unadjusted close,SEC EDGAR Company Facts,1041061,YUM,2019-12-31,USD,1.0,2018-10-01,2019-09-30,2019-11-05,NetIncomeLoss,0001041061-19-000010|0001041061-19-000048,annual_plus_ytd_less_prior_ytd,2019-10-29,2019-11-05,EntityCommonStockSharesOutstanding,0001041061-19-000048,single_distinct_value,1,302462172.0,1140000000.0
YUM,2021-01-01,2020-12-31,2020-12-31,30.89536960564673,32749091781.985535,True,SEC earnings + SEC EDGAR Company Facts + Yahoo Finance unadjusted close,Yahoo Finance unadjusted close,SEC EDGAR Company Facts,1041061,YUM,2020-12-31,USD,1.0,2019-10-01,2020-09-30,2020-11-05,NetIncomeLoss,0001041061-20-000015|0001041061-20-000064,annual_plus_ytd_less_prior_ytd,2020-07-29,2020-11-05,EntityCommonStockSharesOutstanding,0001041061-20-000064,single_distinct_value,1,301668133.0,1060000000.0
YUM,2022-01-01,2021-12-31,2021-12-31,25.811327115722413,40704462861.49425,True,SEC earnings + SEC EDGAR Company Facts + Yahoo Finance unadjusted close,Yahoo Finance unadjusted close,SEC EDGAR Company Facts,1041061,YUM,2021-12-31,USD,1.0,2020-10-01,2021-09-30,2021-11-03,NetIncomeLoss,0001041061-21-000012|0001041061-21-000056,annual_plus_ytd_less_prior_ytd,2021-10-28,2021-11-03,EntityCommonStockSharesOutstanding,0001041061-21-000056,single_distinct_value,1,293133103.0,1577000000.0
YUM,2023-01-01,2022-12-30,2022-12-30,28.098584418275614,36078582393.06589,True,SEC earnings + SEC EDGAR Company Facts + Yahoo Finance unadjusted close,Yahoo Finance unadjusted close,SEC EDGAR Company Facts,1041061,YUM,2022-12-30,USD,1.0,2021-10-01,2022-09-30,2022-11-08,NetIncomeLoss,0001041061-22-000009|0001041061-22-000040,annual_plus_ytd_less_prior_ytd,2022-11-03,2022-11-08,EntityCommonStockSharesOutstanding,0001041061-22-000040,single_distinct_value,1,281687866.0,1284000000.0
YUM,2024-01-01,2023-12-29,2023-12-29,24.33559662528861,36625072921.05936,True,SEC earnings + SEC EDGAR Company Facts + Yahoo Finance unadjusted close,Yahoo Finance unadjusted close,SEC EDGAR Company Facts,1041061,YUM,2023-12-29,USD,1.0,2022-10-01,2023-09-30,2023-11-07,NetIncomeLoss,0001041061-23-000009|0001041061-23-000050,annual_plus_ytd_less_prior_ytd,2023-11-02,2023-11-07,EntityCommonStockSharesOutstanding,0001041061-23-000050,single_distinct_value,1,280308219.0,1505000000.0
YUM,2025-01-01,2024-12-31,2024-12-31,24.534915435538437,37440280954.63165,True,SEC earnings + SEC EDGAR Company Facts + Yahoo Finance unadjusted close,Yahoo Finance unadjusted close,SEC EDGAR Company Facts,1041061,YUM,2024-12-31,USD,1.0,2023-10-01,2024-09-30,2024-11-07,NetIncomeLoss,0001041061-24-000011|0001041061-24-000039,annual_plus_ytd_less_prior_ytd,2024-11-01,2024-11-07,EntityCommonStockSharesOutstanding,0001041061-24-000039,single_distinct_value,1,279071854.0,1526000000.0
