Date,DEO,BUD,STZ,BF-B,PRNDY,MNST,CELH,KDP,PEP,KO,META,GOOGL,SNAP,TCEHY,MSFT,PM,BTI,MO,UVV,TPB,NTDOY,EA,TTWO,CCOEY,UBSFY,MCD,CMG,YUM,DPZ,QSR
2011-01-14,0.03115517948654133,0.02288084674483006,-0.008761420401797879,-0.005739782975809994,0.040933586876364454,0.020581103327340595,0.025315326364659184,0.003099285453784057,0.005857017173414715,0.0033319070674006366,,0.012477766621228657,,0.12043064157404783,-0.010544956074408696,0.004421184351268968,-0.0014638268638135763,-0.009474590154624239,-0.0028163965954189152,,0.029669125295106978,,0.03753368986757851,,0.028303824211225712,-0.00417721883979104,0.04631127635089878,-0.02942787974860932,0.03137297455969755,
2011-01-21,-0.012992710689388764,-0.03890968364616257,-0.0167014069375494,-0.0026606570282202806,0.024300953622446178,0.021603862864231445,-0.4700051044654969,-0.010462511801901754,-0.013720244500691368,-0.005718865250907147,,-0.01998441244345394,,-0.05860763611393258,-0.009943502150636292,0.0005295516150220543,-0.02439939821347554,-0.0029018576482511952,-0.022822459084324988,,-0.060245493265059465,,-0.06992523225349673,,0.022989556262993215,0.012746056156052477,-0.04912445670823871,0.008948227727848894,-0.028970316778655785,
2011-01-28,0.0,-0.011375082015166276,0.00734165342931521,-0.022752174723331894,0.002085607113044109,-0.009564352223183251,0.03922856721199591,-0.00971195842759479,-0.022569737474952487,-0.008961533583510818,,-0.017876079197374266,,0.054753971550778394,-0.009682362028671595,-0.0017654560365261216,0.0016363520320872118,-0.012531235165737634,-0.003416231937584058,,-0.024912343187287043,,0.021173448531084934,,0.0444517293838003,-0.023333671536961968,-0.018959650670311655,-0.039510870197820624,-0.018160175363551165,
2011-02-04,0.02745821055455286,0.00939835949596388,0.03187857151013414,0.016963482509010162,0.0031201721176323757,0.031414401390317884,0.03773650717973554,0.022702482999546983,-0.00873368079831946,0.005610583135661198,,0.016485933000000088,,0.04085291429822197,0.0007206270809470954,0.03591964116182453,0.050216754780411786,0.008788592242480653,-0.006602644089377325,,0.04606944856505156,,0.12908963703925866,,0.042559683953531616,0.010452996607469322,0.11555764152436358,0.06062516691745456,0.0091213842616383,
2011-02-11,-0.027458210554552963,0.0071698160945519625,0.018055490973318253,-0.0076206309414100035,-0.005205779230676442,-0.005992131308409992,0.20067065030711798,-0.04828488251109626,0.0004698298016885817,0.01601541468091618,,0.0218870259177504,,-0.054067130577067656,-0.018903111692314328,0.016062247487029082,0.010439815528557666,0.018166735775262285,0.08431411837931549,,0.04294192749785015,,0.11368271908878803,,-0.004175378102107758,0.02783326878907971,0.08711625817822566,0.009487717126318755,0.03157831477802553,
2011-02-18,0.01068944586226019,-0.019659978438058574,0.040423912277129104,0.01872261036977692,-0.048111795827716096,0.012298029288613125,0.058843383490243734,0.069659672022932,-0.007228331082222827,0.01529838013849438,,0.00889541597963583,,0.05109743145273098,-0.0011036728794763084,0.029907033980344687,0.030806563003133954,0.014219291400301254,0.015706248859293455,,0.04957477869389513,,0.028662459702632707,,0.0,-0.0001319295273159642,-0.032448744784706975,0.02774098550541161,0.005264841309711369,
2011-02-25,-0.0037216010426158377,0.005449637478054745,-0.029549121300522712,0.011999035693308372,0.014678192040373423,0.029760574162757694,-0.05884338349024363,0.0005495792649159982,0.002991895005105245,-0.0037248983908655343,,-0.032322176024743694,,-0.04058957993999762,-0.019026982108424812,0.013260877167945113,-0.0022405770653793687,0.0060327687730427244,-0.0004796640290722499,,0.0010452422232091261,,-0.002460082111813139,,-0.10582559149821734,-0.014304999885135797,-0.04637913421795729,-0.022929943950673017,-0.02063148302212869,
2011-03-04,0.01764498042106551,0.050169356988694014,-0.023378470744853056,-0.011115950132271554,0.009667093393785381,-0.048798727877628706,0.19236937976664753,0.02654486970291321,0.004473651542428108,0.01389761043528318,,-0.015562122399342048,,0.09273780036316988,-0.022857895206423777,0.019881130922082362,0.018396743726290247,0.015121493249214054,0.006217262306118026,,-0.08841318586379743,,-0.011768518598967336,,-0.033100004752283446,0.021134655980792203,0.026384259743466774,0.01901411023381637,0.031077825586097774,
2011-03-11,-0.02671367289126496,-0.017204182274779652,-0.026001717961077732,0.01931895070970019,-0.015621004919105399,-0.014520312536357428,0.0,0.001602643514937816,0.01952369588898127,0.0010720623209976503,,-0.040622836409715445,,-0.009572923547270054,-0.010459027536084136,0.00439996082334276,-0.013953117521484147,0.004210910688002636,-0.005737598277045847,,-0.014368051803588855,,-0.038747284621472984,,0.004796180541057795,0.009165051862964726,-0.008823084782930573,0.03109865367558984,0.030702176574783507,
2011-03-18,-0.02947445071349179,-0.03586808955653618,-0.05249047044904537,-0.03691002953716424,-0.04553810082247893,-0.0007223876335522634,0.16127275586046985,0.017664398042985287,-0.022050719495863607,-0.03309856103002719,,-0.027511649178487318,,-0.12627996196837457,-0.03486895164096546,-0.03283198972938689,-0.02125258355433368,-0.01002974969117894,0.009069382446473446,,-0.017518682007273984,,-0.024919267184640638,,-0.024214182724427193,-0.04997088362942457,-0.02382160307887634,-0.030510338520065437,-0.007869715116039544,
2011-03-25,0.015046058874660859,0.04320301603068181,0.05558466204600402,0.017295607664193087,0.047165133669363674,0.06539634357357912,-0.02151051222199117,0.0,0.011633637053815512,0.039404640120720306,,0.03275181493644048,,0.020404871601960473,0.03252961896964061,0.06384251675767909,0.023302004105531793,0.040305359738021976,0.022784809590502924,,0.011130758477701027,,0.035869462298828474,,0.004889876303224808,0.03049348874605812,0.039445052739059294,0.01633618367649359,0.02617812297279025,
2011-04-01,0.024887581415908855,0.023898637217823957,0.054120978070565526,0.014382101875023735,0.024097719188809666,0.03198137754964454,-0.021976649946253597,-0.009815671248231595,0.019195048548577332,0.03020481785816254,,0.020589035265924635,,-0.010350577960612999,-0.005479557491070017,-0.0029217032021114243,0.04845495617267192,0.006177493110726888,0.02974338147085813,,-0.03196490077258982,,-0.0365337086652727,,-0.024692536526148105,0.009786080022418325,0.06506421853245144,-0.008524162042652798,0.015275768338049193,
2011-04-08,0.02072271627238598,0.002883999598431026,0.04902292192138659,-0.006871746068875234,-0.007968104365187164,0.015937943336646134,-0.06899290696590589,-0.001333600344467069,0.007789639684893826,0.0007432461516772009,,-0.023318194790874477,,0.06318709125176097,0.02289135224518509,0.013765585610181508,0.009342825437710721,0.00995817997570304,0.005582052028698613,,-0.09952955566564668,,0.03332554184960188,,0.024692536526148015,0.0006573701383068573,-0.01752494266041935,-0.03605041772932762,-0.023002025554915,
2011-04-15,0.004195287551454206,0.041641643940002866,0.02295783816495782,0.03913007456946983,0.007438892006757958,0.020757529053544735,-0.154150706436475,0.022436822518563753,0.02077749237094352,0.010940629463788,,-0.08565377779336496,,-0.027419934974521165,-0.027217727193348088,0.011028034639663854,0.018428453806120633,0.028922249410899173,-0.022683954232442467,,0.03717417031585449,,0.0,,0.0,0.017468785919977584,0.057342049812292385,0.03561525880422858,0.0005539886200209076,
2011-04-22,0.007330687027022084,0.01729547417540902,0.009037460443752851,0.010665565156664489,0.02612453006725098,0.03126956676655999,0.05406981916677269,0.019643966796248434,0.004460641885736268,-0.0019132300426465468,,-0.010608021981532123,,0.08685050261927783,0.005894973025593515,0.015652457480416458,0.01751227379205438,-0.03580556214393591,-0.015648347283518133,,-0.015484183248378467,,0.0019261471393349256,,-0.014742189046604412,-0.0060915532294195975,-0.02784526371094558,0.048305310605369384,0.01320111279638111,
2011-04-29,0.024382507807917796,0.04035336448847424,0.0071715373371758605,0.0030661500555092167,0.04339774466697642,0.01308601516649596,-0.23639133870782428,0.0033223372833329034,0.02171733961637618,-0.0062069726446836275,,0.035544254516569375,,0.011300590996231884,0.01555231409045009,0.02670719067852883,0.02723818545132449,0.029491945550220763,0.020964664838800374,,-0.03204237564645691,,0.03714623763440793,,0.0,0.018038779045191283,-0.03863808920125925,-0.00018599588160407977,0.01464668420390523,
2011-05-06,0.00941802677453821,-0.07496235782508903,-0.0022355855685202773,-0.021094646733719427,-0.03774056182168931,-0.02154561099783766,-0.1053604908225583,0.00203815062250132,0.00550119751395879,-0.008335866922609016,,-0.016305713769292195,,-0.03936094025917699,-0.0019306455508179942,-0.012170764045958711,-0.004659061896244712,0.0044603812016070395,-0.02473887597725178,,0.0284599041974765,,-0.03650499178296353,,-0.020000700295307327,0.004968111817164023,0.004898178999316528,0.0,0.16676387862230146,
2011-05-13,0.02215389134340927,0.003364348524599492,0.016426387843214884,0.024151748026563728,-0.001539494702488915,0.026822760062977718,0.1053604908225584,0.0617021729556593,0.018451423650671855,0.018952653891396946,,-0.010799710248577758,,0.02166139584929963,-0.033008851122891585,-0.0042360811619788965,0.0022755997536626975,0.012898964774245262,0.01965425402930534,,-0.09472302029581492,,0.02093320437057777,,-0.046520032943323956,0.025591107106488768,0.044857076681158146,0.022489308193580387,0.06996460116995913,
2011-05-20,-0.009090942801198652,0.014834717137999612,-0.03860436854833014,0.007187606839744516,0.007164715795372388,0.044987759043329224,0.0,0.007630194826324265,0.010433018584323843,0.001758512910557324,,-0.010478638113631835,,0.008180864758929426,-0.015277414267590798,0.027149706524341316,0.01668017018074245,0.01562228596155512,0.016316827945138692,,0.010347824068882109,,0.057925296370934985,,-0.021391162194268835,0.019500963653119444,-0.0018204906121537827,0.02519956350517682,0.04121274847547481,
2011-05-27,0.012300566892192047,-0.029381716662906357,-0.007810565334716537,-0.0055240983627858516,0.011660662502962247,0.018939580282330545,-0.1823255652142897,-0.02501351787110177,-0.01270375349229512,-0.026557295328018128,,-0.005990974123281586,,-0.018952862256123852,0.010964820314678908,0.0046899258806098465,0.006794521398875,0.007183741910392871,-0.028203734750888245,,0.016895950474604068,,-0.02945808393371939,,-0.04987184809122929,-0.0012329986634832953,0.04557116951452262,-0.014502482830347375,0.002444055306345225,
2011-06-03,0.004264009373797493,0.013202671697722226,-0.037598509658300285,-0.03380613208512437,0.017982286497302366,0.02631185726721427,0.0,-0.018682744056928678,-0.013253505351670133,-0.01484463084664725,,0.00417641918039177,,0.023899603437335958,-0.0349326738595266,-0.02193434039136428,-0.0008883812355397191,-0.012243121341088672,-0.09822168950159384,,-0.012291585956717747,,-0.013513677209216264,,0.09220621964441297,-0.013320561963647504,-0.022194391618559236,-0.018749903460752716,-0.013928335855748267,
2011-06-10,-0.023195731283246937,-0.0410182511442342,0.005730760015684775,0.012870042923493445,-0.040925352938435015,-0.01648582672171104,0.03922856721199591,0.0002480369054256469,-0.004067894182882601,-0.0021386192129606296,,-0.02628495481356837,,-0.09031751038502144,-0.008399710619831168,-0.024058757187803276,-0.017033046197274148,-0.021608635912996527,-0.043886950858308696,,-0.11245282381127668,,-0.03652798545002149,,0.08441730629891138,-0.002237293521545577,-0.052449421179113186,-0.030220374531415236,-0.04730672771017279,
2011-06-17,-0.020531016404668763,-0.0012271509920796766,0.006171467280185997,0.03600225247289515,-0.014545146417939487,0.010007023526970138,0.07410052362100276,0.013579439179180124,0.0004365851426299393,0.010724449834071094,,-0.04925935304254295,,-0.06043169368355182,0.022931950301918094,0.0166387750745095,-0.02726732794003766,0.016756838638583352,0.007001737574457453,,-0.06240548591261981,,-0.07317095232049116,,-0.048790129898738696,0.026523686925021796,-0.010724178229539808,0.03772664490635827,0.02898782360173925,
2011-06-24,-0.008058226786436602,-0.0241445203550551,-0.014779860863153966,0.00968456072821886,-0.013699109967775526,0.07638731207518912,0.1335380781917869,-0.016163429220255838,-0.003936846422816087,-0.010570795062906918,,-0.0211279512306325,,0.09232563940738088,0.0016474337635886832,-0.04130930663090884,-0.012387349305233473,-0.010766566714526138,0.002947862461425078,,-0.04212052095303439,,0.021168453120817034,,-0.06187538330150477,-0.008274140207578754,0.0864256408446149,-0.018221449082998314,0.04075479482275717,
2011-07-01,0.025560836962599896,0.04256715597365371,0.046454513569361124,0.031137385393501277,0.04698738153716395,0.06905267808732035,-0.06454160381049572,0.05510877310860881,0.025102413281652105,0.04752075740558233,,0.09274542845922297,,0.03416276295584269,0.06838888536282799,0.025029917577871527,0.043151857211276796,-0.009752676541742115,0.019870896325578997,,0.016111735623055522,,0.041038179425349985,,0.021053381284535634,0.04550274030683713,0.07383032738376237,0.05263951709131357,0.039158397404100036,
2011-07-08,0.012898244098053119,-0.007953178114397852,-0.019912423765953924,-0.005012405421860299,0.007132111918479869,-0.031953233913879255,0.06454160381049576,-0.0054713207580784256,-0.003711105029103596,0.008628029356134947,,0.020816952287137085,,-0.019694351289005402,0.03400400544024703,0.03907671914887968,0.03322972960261547,0.013478100002433564,0.012379810356199032,,0.09038933629119443,,-0.0038986677151260614,,0.0655145385431174,-0.0005836658279519582,0.029892064036683097,-0.020293278481108772,0.01348539107806159,
2011-07-15,-0.035475936405392774,-0.025847701755613323,-0.02990971887440685,-0.022061166182960442,-0.045698729913038194,-0.034029213333348296,0.1177799157305557,-0.026346016617468285,-0.020223309392543104,-0.01688634756037951,,0.11633045252775288,,-0.0018433354751687572,-0.005213614115945429,-0.03638399777603858,-0.009963380369156605,-0.00746504658247121,-0.0497615889427731,,-0.05892411907929916,,-0.06662401324072789,,-0.11352370959483937,-0.001402709582668622,-0.002154168983311023,0.002737515473732662,-0.025583060507512342,
2011-07-22,0.026089707889692452,0.05391724217549575,0.03364446359848187,0.026546999564023982,0.004241770887490418,0.027961509197354923,-0.18232151954105144,-0.0115784462493294,-0.041259651747244615,0.03205873754086846,,0.03390557248656204,,-0.02996465154655824,0.027620777739860013,0.0745458431800167,0.025314836157242164,-0.012441318745135614,0.023978896959722926,,-0.006719926065947122,,-0.020387346815763915,,0.04278721823936262,0.035397718624866695,0.03308791178415276,-0.017078932772944158,0.013648315059389194,
2011-07-29,-0.01793226744333409,-0.028590413612236486,-0.051145938437705374,-0.03210564496328738,0.05906745295717822,-0.04952327541714029,0.03278654696562451,-0.06658869433778837,-0.026504092300962526,-0.024975694477465542,,-0.023799705840044465,,-0.009551152748083156,-0.004733335770987719,-0.013121336095645857,-0.019390509051876424,-0.002278765894421568,-0.011372869383345445,,-0.173510863391958,,-0.04280669205840589,,-0.08748740352450189,-0.023766772125322053,-0.03314953820079485,-0.03259450319230327,0.03986111924828851,
2011-08-05,-0.03801072598919541,-0.05828290087328554,-0.10596016573316776,-0.05980022832946333,-0.09406439091161296,-0.009177994689569494,-0.032786546965624504,-0.008510943382159184,0.009789672213857657,-0.018400980024890358,,-0.04168935252246819,,-0.03715004636936732,-0.06483058062374498,-0.026049881757610263,-0.01632135658622934,-0.015712760704287378,-0.01067710978141488,,-0.03312408144066847,,-0.10544283934124178,,-0.040822063061640615,-0.01632164359125913,-0.04106848919026622,-0.040767085457410784,-0.057443195512821954,
2011-08-12,-0.016761512629584235,0.004775308016319565,0.028488898896488705,-0.018057837226699736,-0.030600148737746007,0.06328636032375039,-0.4054601534844155,-0.0002664630298314397,-0.023309694555244995,0.005526045897707354,,-0.02672507409911655,,-0.05486426894928329,-0.022844597833340037,-0.039867069172233864,-0.00826229634123368,-0.027012286500995943,0.019084189015952355,,-0.07698179624444694,,-0.055899462895109296,,-0.10008340219071121,0.0165524322337128,0.019644000345373183,0.012347411347959733,0.019902938546547823,
2011-08-19,-0.05012353399568196,-0.013094067961543002,0.0047578464053602545,-0.0042711710826104435,-0.06899293635109545,-0.017083785939018704,-0.10536550753447842,-0.04620238585902349,-0.017724897576294314,-0.0005957796508178014,,-0.13836526925456596,,-0.07787067086772169,-0.03644103931544934,0.03248488319612818,-0.00717648460318707,0.020036082161143547,0.015541619812388207,,0.1126089454296774,,-0.04818059237888903,,-0.054067230038362155,0.0084039407081229,-0.12857049480515176,-0.0383177122305089,-0.03379503058516144,
2011-08-26,0.06227144915848282,0.0003714216123360738,0.005260280199738769,0.05554245268469192,0.001814144134870482,0.06240602641354655,0.24512687168250144,0.02295810568925848,0.017408211504339008,0.020649586130494463,,0.07065363806508976,,0.03706613434002115,0.04869117584155163,0.005361489969199252,0.012278317195166671,0.0226889650441397,0.01791860317710184,,0.030044262120022428,,0.09912542755329881,,-0.10227893626171222,0.030483169745153207,0.06750511049851526,0.06579037834588548,0.0754204295927923,
2011-09-02,0.03397048722506993,0.008867507201059452,0.00418892668681285,-0.020408034408948488,0.041426308616608724,-0.01188639264169589,0.2984853363020169,0.031227021202930555,0.010228140738563546,0.017940484998192032,,-0.003841389318396337,,0.040383776791250846,0.021548574629443012,-0.013970115801230571,0.01935968620162066,0.015842930245665632,0.0354064741706983,,0.038548511143042995,,0.0429389365596535,,0.0,-0.0026428681260999517,0.021907629085923436,-0.0022764849412409273,-0.004457502868604494,
2011-09-09,-0.03741135453570839,-0.06320294713161996,-0.04106180569491717,-0.03569499279664273,-0.028817185004065316,0.033279480064139916,-0.3429459998140313,-0.023599854501528867,-0.053707048020104765,-0.005319564421073981,,1.9119169601487274e-05,,-0.03339364872564113,-0.002328568189974,-0.034892985794238676,-0.039562159219433936,-0.013184602146544272,-0.02088676073986098,,-0.02937203225325644,,0.06374518112292404,,-0.12260223784831902,-0.04664274199237425,-0.0010807643330197044,-0.02150225812391121,0.00037236082724773057,
2011-09-16,0.03314156962047402,0.02915543276163022,0.04106180569491702,0.04452964134004554,0.009501616398505719,0.06330163226872787,0.0,0.05043730319061983,0.033762278409549755,0.03325683670701207,,0.04075101587596407,,-0.0074287167346628056,0.05222497947077009,0.04712726435472413,0.024599719856846863,0.03546736611447186,0.030170376133684947,,-0.08056365884487346,,0.04153607281242646,,-0.05358422795300529,0.037622350518921294,0.041370985429374445,0.04403805872550137,0.051144213761502716,
2011-09-23,-0.04386112470294889,-0.026611813586869145,-0.08274561769940911,-0.056316153074889394,-0.049056453741311776,-0.04780809590793525,0.0,-0.03873140530825297,-0.027945281798850877,-0.054972562725750275,,-0.03949427469177608,,-0.11171572769198883,-0.07899868902292392,-0.06743111080010054,-0.05408643216333562,-0.042914870697880615,-0.0623430807473571,,-0.001042726908171567,,-0.08409564712457675,,-0.08617772485236427,-0.01047486182920378,0.007642230996272121,-0.04151884257311998,-0.004252331468365566,
2011-09-30,0.010192330478149205,0.03476118380350118,0.021336955889632456,0.05133853519030428,-0.029608401999882492,-0.005939442074228391,-0.2006662081704871,0.04779753338865359,0.025525124960407278,0.0020745106778079893,,-0.020124744810637543,,0.01846490157915133,-0.006806182326447785,-0.022665176500463912,0.006156404987849278,0.03956434472854889,-0.047913449082898456,,-0.054676054632069655,,-0.01250015065656526,,0.06765864623180683,0.005137463647821608,-0.056314474646695686,-0.04493533155645791,-0.0328490851097326,
2011-10-07,0.03417828284669116,-0.02329672937012253,0.12369098553143636,0.025756199757389745,0.057158261587077173,-0.01430747131129395,-0.18232151954105144,-0.008025832589746297,-0.01431860025156561,-0.024877908758231912,,0.0001552559516905757,,0.04748249026976213,0.05319960605802317,0.04314066591815262,0.03786702105704985,0.02286217836000869,0.07092909526003371,,0.040491329684365154,,0.06394873455262669,,-0.057708298752263285,-0.007084845279659503,-0.027983231219461693,-0.0030418649989211234,-0.023015045612992897,
2011-10-14,0.04528696747515185,0.06742024662802709,-0.0034420410694209185,0.02943541367505175,0.08338180629683134,0.09229480393468384,0.4700035919928325,0.03398795712790895,0.019796146979969887,0.029161170735094565,,0.1385660832343872,,0.017747919174502767,0.0381212516983657,0.0342598469396858,0.009162489262315181,0.008711324582392346,0.041232358224274256,,0.01574840786341581,,0.034786082423210955,,0.24469187647298704,0.030938184413570213,0.08523331206021387,0.06273484243274385,0.06152986874330005,
2011-10-21,0.030192835109625785,0.007377693265897942,-0.0074164249434435225,0.029511945684528477,0.027398750947343755,-0.01731555294405682,0.11778309774455455,0.007011186472897185,0.0006427583665506086,0.004998748482224711,,-0.0020131236398006243,,-0.05374132280826978,-0.004041939742637126,0.03784996917859738,0.035398083033680236,-0.00798247537498521,0.02517875776514962,,0.009847194662947664,,0.0035549408594613666,,-0.17768116948891088,0.026117687679642322,0.03879499186539261,0.030225212471095258,0.12994955530591562,
2011-10-28,0.00023577276581107423,0.017240062692040817,0.02062904863782487,-0.004463648177494529,0.055204424170868835,-0.06722316885431223,0.03636401644126726,-0.06947456889015685,0.014663770416519688,0.010793325062268787,,0.016210289424450585,,0.13096951404756665,-0.00664942744595232,0.02983644798202454,0.032400472692624804,0.003999330881838648,0.07079658718347014,,-0.007766017610344327,,0.14016294252830774,,0.17768116948891083,0.010452503434759718,0.02344196980114931,0.007415491320153995,-0.0031053209950671332,
2011-11-04,-0.009126684010197493,-0.040088179306393155,-0.031106125072418014,-0.01899473234957238,-0.04659292350951559,0.09706972314715354,-0.11332909083299862,-0.00697819851251164,-0.019331451503033677,-0.016824224795162962,,-0.006687420974343869,,-0.03224702698761734,-0.027429884509776258,-0.02684093381058856,-0.012493336123362996,-0.0069186090907816244,-0.018752718744062577,,-0.022071331082428588,,-0.019309194034034412,,-0.10622229742050426,0.005558515300017851,-0.007143231433763012,-0.0029598993516017007,-0.004364257291645544,
2011-11-11,0.016533079692629467,0.08387312643207756,0.026233044625496194,0.02149165459022065,0.02644257614944489,-0.022327775253843808,0.03922856721199591,0.0016149037413651518,0.020596200426229075,0.005003633411446503,,0.02027488764243623,,-0.1257383925152831,0.02483225277158161,0.02016280013511339,0.00467669045266561,0.014869434788998673,0.04254955158388919,,0.07175214287729911,,-0.07711195379310472,,0.06669148790836438,0.010076150833048286,-0.020716391027603632,0.03333989428164515,0.011183996099108827,
2011-11-18,-0.030804592847636387,-0.026663410861618077,-0.05626804660076928,-0.015608690041386509,-0.06891010837332288,-0.02645708663603656,-0.039228567211995816,-0.012718282373760142,0.009593786641976883,-0.010774168804673795,,-0.022390876537867786,,-0.06672486273964415,-0.05419179664449161,0.020038090360011102,-0.02774065559963725,-0.005051986924650311,0.017758755369379334,,-0.08029006174772388,,-0.08060901492883481,,0.0923732888354353,-0.02154775187527016,-0.06520938005577497,-0.03593643553142288,0.0040080721692260755,
2011-11-25,-0.03415571637843378,-0.02437238642182386,-0.07343252358140767,-0.015450292251502724,-0.011941982368749845,-0.06808290670448398,-0.08337322412210264,-0.04911724732104789,-0.02215627671041743,-0.04011763875498058,,-0.05508001737054568,,0.00677255554495207,-0.04032797801474124,-0.024655501178125892,-0.050536220601549255,-0.014210764060734283,-0.03060650027291031,,-0.043258910701902485,,-0.023092233672191587,,-0.02985292306030223,-0.006924570357054782,-0.033706485241638634,-0.021021529265034852,-0.06318574489561007,
2011-12-02,0.05365289044797016,0.061438676293198886,0.05885662520933599,0.06444429625389342,0.04584384361305355,0.09859816615713336,0.1967023149551013,0.048299668990273076,0.03636461644992242,0.03225450553200324,,0.09702033871317159,,0.012384072579473151,0.03716066145653252,0.05669932155888881,0.05129938796856368,0.0416874803889901,-0.04382305935255585,,-0.0016801601037183516,,0.028965960131979836,,0.1144102848677436,0.045837170485568034,0.09429704809800663,0.06481085830239622,0.09527998362707579,
2011-12-09,0.010604565696238206,-0.009897114262393713,0.03706041331296843,0.02766439137680324,0.007621009713706693,0.03466857543251451,-0.1541471141858217,0.030334117500161538,0.014057743919659577,0.01776841834566134,,0.011316240984626786,,-0.0015396037670937267,0.018853906317999526,0.001456732162831124,0.026022659091672198,0.012939305047790011,0.040642023866408084,,-0.01695919490953219,,0.031702981466485335,,-0.055569862732747825,0.024054868407638784,0.024243064721060043,0.029947436405020674,0.03340494955337777,
2011-12-16,-0.01678323911626291,-0.023193497089517803,-0.013225286521773879,-0.03662994247734815,-0.06381572792127473,-0.01295163477703471,0.1892454615834251,0.034345643864199235,-0.007390778530251179,-0.0019254612170831657,,-0.00232972571157205,,-0.00721670528283097,0.0116056121420611,0.0002642124991095696,-0.023520566236179503,0.01243111228641257,0.006804131124079617,,-0.009163776665696644,,-0.029509215789685076,,0.0,-0.005523663432782607,-0.061510986714385096,-0.00449642444238621,-0.0411820291420024,
2011-12-23,0.026928293861209023,0.035091503224833086,0.060594680665938615,0.03551306220116172,0.046861626501508706,-0.009956496289019371,-0.3227768275987311,0.02594268204823911,0.0283384339451408,0.03639928179392808,,0.011405166628317354,,0.05043931516959226,0.0011529426984943378,0.050978466679403873,0.022140027315139546,0.03735764930808152,0.04788559207415614,,-0.010992375189725545,,0.008002997335498124,,-0.11332869901528085,0.026919206253841033,0.05177682872070311,0.022788689157080964,0.016972194178507934,
2011-12-30,0.014170211813143471,0.01586557882590792,-0.0038630031638597,-0.0003727614696337746,0.017496345838602555,-0.02993604805648188,0.0,-0.008826497890625066,-0.0033101605152744233,0.0004287556255749904,,0.01995308627895624,,-0.00938966389659635,-0.0026928053000420775,-0.0034344586172821282,0.008466863062785513,-0.006387814539629996,-0.009743315728412232,,-0.014650118563907123,,-0.018282044582442338,,0.007968183357454466,0.0017957761549217978,0.00719105795348935,-0.0003388862110787074,0.0023591517799699618,
2012-01-06,-0.0052757980785754464,-0.03452959184609684,-0.05009734447072535,-0.03616945873562782,-0.0092567161901951,0.03455975329719768,0.28767848020112763,-0.024616612468086704,-0.014574218450796449,-0.014975148149925246,,0.006358248206344952,,-0.009478734865103134,0.07956833190433324,-0.018000001982008556,-0.014330479594073556,-0.0318684732663209,0.017720676640577315,,0.021028851492503452,,0.08553427327714225,,0.10536051565782635,0.0026874645759599734,0.032652313144723916,0.014134321949492771,-0.019331345958477963,
2012-01-13,-0.019039468479514012,0.011810972382260636,0.05154730779920778,0.015461807608062561,0.020574605544488925,0.016739092962704143,0.0,-0.018339396859756506,-0.015255678528742411,-0.02854792602958384,,-0.03926727951036394,,0.08592477203912875,0.00496811992566737,0.003108893837799947,-0.023474269613435173,0.008321920130819112,-0.0043299820853717275,,-0.03171146590052251,,-0.01777218525269702,,0.007117479921592286,-0.0024879834837482425,0.016118145481791496,0.027557903232523207,0.013719281813737882,
2012-01-20,0.011884036856140532,0.040915665344487206,0.015816689750671315,0.04391142877517645,0.015948911793527386,0.07477050799024111,-0.33646367910312436,-0.0039737302538171496,0.02877440258858447,0.01628688169203314,,-0.0644329123316285,,0.07614309171595973,0.050390427062573954,-0.036885370993392966,-0.0017530880572346732,-0.009018657655523243,-0.005875341130856526,,0.0414900527563497,,0.03922070809400119,,0.04167276584472671,0.013756024388298512,0.004978831065755841,0.020209766929004055,-0.05354091798316126,
2012-01-27,0.03202737472901328,-0.009057261488298695,-0.005244228776976003,-0.012210033180669096,0.02962059906629759,0.028391351066823025,0.4054601534844154,0.02723425458822697,-0.007116441432543625,-0.009591844932027237,,-0.010309161950867507,,0.0017033361607091365,-0.016288322835707233,0.012535271868898018,0.015018569156800518,-0.01970483781348538,0.010421313806049496,,-0.040893514854453604,,0.03582279423473119,,0.059423360842307156,-0.030436550116921094,0.028682025274326735,0.005903876382837195,0.009641070168445995,
2012-02-03,0.0407727896179177,0.04774524376426496,0.04440970465437172,0.03286907551243637,0.022780005107518247,-0.017070272892646687,-0.03389812698368778,-0.0015514429933121687,0.01283356814885816,0.009445001038460797,,0.027800613160364068,,0.028525524647300758,0.03396999439789665,0.015255176876413762,0.037003940722453464,0.024571031002545585,0.017979923871482974,,0.019486829204970278,,0.03581913757810435,,-0.006430901243621243,0.013286283320312793,0.01469681247845087,0.015629675755188647,0.0471527601794853,
2012-02-10,0.005798153035093882,-0.004502293818134926,-0.019390531052545765,-0.021387307498979904,0.026668388430334738,0.024113334115107885,-0.1091988710186062,-0.0036287561213106815,-0.041503813523481134,-0.0020585203475723727,,0.015937391922418213,,-0.014580572947335235,0.008561408288495234,0.04865374588896353,0.023455587054683022,0.01274772792215773,0.007186494170009301,,0.009313270898217981,,-0.02500133722861744,,0.0,-0.0054142356050838735,0.011380737574301919,0.013998770192475665,-0.04252123407066122,
2012-02-17,0.016669576026576902,0.016970823893870782,0.03526763367920162,-0.013695612827605529,-0.03672901132580474,-0.017607266072860266,-0.12260179133409838,0.026647616061313294,-0.0200590522217938,0.01620585238761898,,-0.0020984297685350916,,0.06616330536777938,0.03085442003515048,0.016031940281176434,0.008000113119103244,0.014951289679807163,-0.006550339886195653,,0.06232721627482341,,-0.02954614621857842,,0.06252038746650573,0.005214525796145402,0.021678569058248977,0.007846759257583135,0.015589667827436881,
2012-02-24,-0.003903626355011403,0.013372102944104333,-0.02968905454962429,-0.001478018381142596,0.044979211501720524,0.05805606011209735,0.12260179133409838,-0.024572602960838442,0.010001206199720683,-0.0007242206895176525,,0.008661794038922317,,0.013265891608156704,0.007332825501966227,0.015538235167728552,0.007536616180028775,0.011402050351882992,0.010963687401941712,,0.05506946602923978,,0.014882160359494578,,0.0,0.003294547613488724,0.007045623626640565,0.004434700541549773,0.0069516780790035305,
2012-03-02,0.022148352781054398,0.0094643256809746,0.03013919269803789,0.004418811477174467,-0.00825020017591587,0.03844959791453359,0.1091988710186061,-0.020684272631655537,-0.004390775542331121,0.0026052602673568843,,0.01843859674813024,,-0.007001002537220848,0.018880419339053704,0.018261213180234603,0.01972600588611395,-0.0010011946087970576,-0.051193980737622165,,-0.07153524690622519,,0.0006420693000226246,,0.02985301232598561,-0.0012079372893068763,0.01783089176608121,0.010624185378929108,0.13108083498467873,
2012-03-09,0.012569606478448434,0.03928975667700355,0.004935951768655567,-0.014279898805938745,0.02597543177011343,0.0165880178024215,-0.14842743823060198,0.007642860020580796,0.010026490934766796,0.004759010426740488,,-0.03438733689669664,,-0.005479601210303656,-0.0028092514010571216,0.0007095843417034154,0.011567636223258638,0.016551102179042022,0.028072504828452804,,-0.008335690011805874,,0.015918833527654677,,0.0,-0.0270972984478318,0.009413167392445557,0.017508511315753122,0.050989963092966425,
2012-03-16,-0.006213075588303317,0.03918738454884466,0.01906545115121221,0.0036208501706104434,0.0009491265403721663,-0.0005037475880548819,0.14842743823060187,0.020839915926015237,0.020687121872525416,0.016604688089691427,,0.04046935087644195,,0.08893935755071934,0.018888836772193912,0.014083022017293717,0.020462078040917292,-0.000656771360901067,-0.0036549054560147043,,0.048471208441995844,,0.012555140383148098,,-0.0058997317296617885,0.008431770962175995,0.031620717251605236,0.014579857489118782,0.0032584768950341585,
2012-03-23,-0.000727713491086238,-0.002629816245540519,0.032832341009131266,0.017784436703439207,-0.0264375876385854,0.016490750807121035,0.06668467394931238,0.005690688783483328,0.01279221792396485,0.018779026499141864,,0.0276912643194614,,0.023421583352866093,-0.018264298896971485,0.011816861889151325,-0.007365291831990868,0.012245760096088737,0.001292024712485789,,0.01529962870783895,,-0.013819331693888206,,-0.1192634676701895,-0.02184231545874354,0.01113247026163815,0.03222329491161498,-0.01998141511952365,
2012-03-30,0.003114312873751127,0.007869156899355934,0.002546341811814107,0.020596799662181055,0.012103821628695954,0.02544585809764433,0.2548929922855826,0.036469106378021296,0.015951571556273955,0.03464193852823669,,-0.002103112672849961,,-0.0230628541612144,0.007779952829040826,0.029065691703204246,-0.002269739733317115,0.015342390152977834,0.00236288074352895,,-0.007356718026089379,,-0.026924707603642187,,0.0,0.026338101468987463,0.005974741644676435,0.007615315250491689,0.001378424817984122,
2012-04-06,0.0008285041193602231,-0.026051486796560313,-0.08766661127563553,0.00800251821857252,-0.04478003701887019,0.020563332999432818,-0.22313793544071137,0.008173054181299166,-0.0030188203817045427,-0.007322654657277128,,-0.014008193188211865,,0.03248877742251035,-0.02320598308299595,0.0003384998167883167,-0.0007904926840184166,0.01574814227588523,-0.012285008599482682,,-0.017021776101337496,,-0.007827820950443544,,0.0,0.00528647128613544,0.016560765827996832,-0.007049122502847146,0.0008260206506714389,
2012-04-13,0.00268810765662951,0.00014110684275687365,-0.0009261153045493971,-0.008482018385970505,0.0035169721763690155,0.013789076415759452,0.22313793544071134,-0.03208291674237588,-0.016615057079448985,-0.021044527716964426,,-0.012284075052716873,,0.007615046079245917,-0.02278235430747671,-0.009066022597760553,-0.013838564675505278,0.0041371404114047446,-0.017495943807864435,,-0.0568428679576891,,-0.04076746315846071,,0.0,-0.016872914615530116,0.03564120338743721,0.03454739756035888,-0.023392859902301385,
2012-04-20,0.04965526490046422,0.026735040739443265,-0.016344098066932534,0.019367299970141333,0.029646492889412693,-0.011739979830766993,-0.10535801971015572,0.033315875200562825,0.023844938833407967,0.029987767784560488,,-0.04677007706725833,,0.03955225171296483,0.050935661571495,-0.0003414982848189197,0.04422032669963638,0.012622144830314878,0.025150542432624427,,-0.015450980329787064,,-0.04321229016941026,,-0.14310091745447584,-0.010678634721776159,-0.04919216218308171,0.014579310175808859,-0.004801374226696545,
2012-04-27,0.0042166122504032665,0.020196877825028912,0.02464727042729434,0.016455856459668718,0.040548934256265316,0.031310715217484034,-0.2876820103636099,-0.021918720091955276,-0.007985857906926698,0.033167997950141,,0.031248332045781854,,0.00462966207129452,-0.013664763107089193,0.02252076031631019,-0.00750915006497246,0.007497786222199427,0.008892927134518882,,-0.03461770003119072,,0.01834915472331968,,0.0,0.014897986056774564,0.0003577401775591266,-0.008285400082037361,0.05051387407658137,
2012-05-04,0.006923156098779384,0.012585655830023792,-0.04509924337877873,0.0012719058397552326,-0.021262237164978166,0.01829634867874116,0.16990209463305406,0.0052743242516476415,-0.003030521261800996,0.0048172368794939455,,-0.029722875489145813,,0.018954596193234266,-0.0317688206599884,-0.007600233068922067,-0.0031938953959336496,0.009293968926736387,-0.03404346956714335,,-0.05082206685471707,,-0.06425886468904124,,0.006172871882547067,-0.015627609097472437,-0.02787587579013372,-0.03004317279842367,-0.12942500407109767,
2012-05-11,-0.030887455129943293,-0.022129804900752646,-0.0422049663604024,0.0021940483151872718,-0.018313424925402128,0.06959208068201807,-0.06454160381049572,0.025474559423286188,0.01356481144415688,0.006085149027995668,,0.013741586541593194,,-0.07075155605673955,0.0057935686770092575,-0.03400600202914383,-0.025927217638850752,-0.019932368658194154,0.004903548121823173,,-0.052881440913804575,,-0.06151056316432431,,-0.06351334559153629,-0.04229204945450963,0.0009066643013450195,0.007700400424120836,0.030474212865301456,
2012-05-18,-0.05352172615561231,-0.051622902522585785,-0.05990417911082424,-0.011368418239682552,-0.06168924327787927,-0.04210398170437483,0.06454160381049576,-0.01724216425973053,0.01956757283731325,-0.04515061539613155,,-0.008012367712766156,,-0.00959034525982706,-0.056031776889518915,-0.021708290448436758,-0.04914350192430267,-0.003466365994877145,-0.015459046768448793,,-0.030937276132126296,,-0.11946963792602339,,0.0,-0.022559554330122772,-0.04028632644540149,-0.061400649730038705,-0.11614954625145484,
2012-05-25,0.0003173845294664155,-0.0007319210841505468,0.028850546557569367,0.023066598394822963,-0.0005176208179117666,0.042523190625791574,0.17184973489732844,0.02065508331069742,0.0076045941749419135,0.01581021102714671,-0.18070101130153254,-0.014883586702107201,,-0.030375585512049767,-0.007200465255887805,0.012729649460682462,-0.002406716069354554,0.013482319022508498,0.029806441954322423,,-0.0627186528784523,,0.03253041471867817,,0.1376213373951415,0.013267205835624228,0.020920590937556514,0.04310329106300973,0.02797592906595446,
2012-06-01,-0.012871684687014563,-0.04049869059644316,-0.030448379323008815,-0.03752128824925626,-0.0077943562941383835,-0.014635766092420458,-0.054069819166772705,-0.01125826773988373,-0.00880915133620867,-0.028859251508895806,-0.1407654247609773,-0.035358310218506515,,-0.01131187205132616,-0.021214650416551708,-0.030804136032053855,-0.025355317760218394,-0.013166605773334651,-0.03387899767697959,,0.027968831637274656,,-0.044215865509038076,,-0.21425459108686293,-0.04104066183748355,-0.008225122644632722,-0.08443225069915984,-0.06399759515390738,
2012-06-08,0.05428138908080803,0.038299707593306184,0.02057583370315936,0.05851742564804667,0.0413853394462019,0.07586830505438903,0.027396290968604516,0.04828640461731278,0.011780293863555578,0.0289915669855066,-0.02262031498883845,0.016449499465169017,,0.049052163255987755,0.041313935908272224,0.014152539726451412,0.036398226477827915,0.03777542519662627,0.029706470984737127,,-0.02796883163727463,,-0.017328343429240334,,0.283247479603713,0.011922284916626348,0.025359353572569802,-0.0017016395504061612,0.03535370554657419,
2012-06-15,0.009989210357377072,0.040839683115497086,0.026283142188951364,0.02567693178127096,0.009960414088635492,0.03283219819719093,-0.05556426753485266,0.009069946346135786,0.016982677426665746,0.018039215765777487,0.1019970018094675,-0.02784553464106996,,0.03704142467759174,0.012401741988527643,0.04380399811845942,0.014502988272606057,0.03813674550394997,0.0032951966289879336,,0.028675862949896734,,-0.08342159761092906,,0.0,0.03085769623154161,-0.012077383599234081,0.006174172975164,-0.019221637672762935,
2012-06-22,-0.001909246482352245,-0.009628029909955288,-0.014860292498745197,0.013673497047615021,0.006421532867879152,-0.06609957371526576,0.05556426753485267,0.004907117801503528,-0.011289763618858481,-0.01522911464147419,0.09649089879464212,0.012271406546124585,,-0.0373908932144911,0.02239874397704709,-0.019800216810145505,0.021916569068128982,0.0029568421141904122,0.01954948471155854,,0.04152842399479427,,-0.013085251143480052,,0.0,-0.024043091248180784,0.0318636244862857,0.0170867157006407,0.005094722146444098,
2012-06-29,0.03615525573178138,0.12501261635451127,0.3343309768124009,0.04293251921414649,0.054611132014747245,-0.03328806522893626,0.07796172874155124,0.019619314300591516,0.02813070662427989,0.0424541277826697,-0.06081381478367068,0.014919169797211352,,0.027918430968738438,-0.003589587691149276,0.02342110806674014,0.019979041555671685,0.01987777731256546,-0.0034475602827101445,,-0.015716093679687605,,-0.042427454754329165,,0.0,0.0020354024951575065,-0.08939480138191225,-0.025895904568681766,0.04601140180349478,
2012-07-06,0.0002915671237970633,-0.023500557559026535,0.05044294758384849,-0.02859269444356716,-0.025335134585674123,0.030839694536036272,0.0,-0.010107733113669054,-0.006247045929949536,-0.0005114966611719809,0.020054717756398638,0.010136865958404212,,0.02417830562066517,-0.013162140044208785,0.024787696196775823,0.021601783433650417,0.01208282122077023,0.016505627023966022,,0.020450594315554724,,-0.004237290408819877,,0.0,0.012683278040484195,0.009273857279109239,0.007731593002963083,-0.014337257192242324,
2012-07-13,0.012242660381070606,-0.004250706780785608,0.02874653264036196,0.024972123115165615,-0.00920348092426099,0.004077216254132049,-0.13352599627640382,0.017849011972470016,0.0027024818906058157,-0.01119548363888756,-0.03234868332033354,-0.016275586782356213,,-0.04097406730529505,-0.026856432834415644,0.008460648945775532,0.009347881562426335,0.018416950609750023,-0.0002146838151281159,,-0.04485053029665368,,-0.057908008542621646,,-0.07616137125701354,0.028910717007589525,0.02289177680008581,0.0014448965841520928,0.04303820569459263,
2012-07-20,0.010768591395211167,0.005149841241647484,-0.029449504063013568,-0.010416928338948214,0.030668595512036198,-0.12648415495713097,0.1335259962764037,-0.007055786562702462,-0.006411733881440155,-0.0032397129013213314,-0.06592830704384187,0.057792341738114525,,0.01815437033275629,0.024535004287652252,-0.014740723934987498,0.00018952336029223852,0.008108538361368921,-0.00021481331338072475,,-0.04621759067933108,,0.05790800854262172,,-0.06693950906344193,-0.0077222842057382834,-0.21336660217972012,0.0035474639580727785,0.027288416632061763,
2012-07-27,0.016078714836473773,0.040395619287408986,0.020188570844399824,-0.007462434662381282,0.04881258667105641,0.04793226733257723,0.0,0.04051153298137923,0.03234727800941984,0.037956391684350325,-0.19308893032105381,0.03875959656170775,,0.012816510432899839,-0.012024151515872572,0.015738202012689915,0.0023704374561475446,-0.00027865875879964106,-0.031395815091582714,,0.04551164286952596,,-0.03456064124486294,,0.022814746713129042,-0.02644447588513691,-0.0682090287300645,0.027036907703801377,0.034869746907127984,
2012-08-03,-0.005237057244906737,0.008229665021822307,0.03054204641956742,-0.00042190401336341494,-0.020432228706361702,-0.02045420750127512,-0.16251933708946997,0.00021944922754333038,0.008406153993750375,0.010196712055561465,-0.11709767348377538,0.009982097450317253,,0.008010665693227703,-0.0003359977561303006,0.017889278810509973,0.03425487794930838,0.0005571137942095992,0.0035379078581047455,,-0.05815596048412247,,-0.11888259235186967,,0.0,0.004474997896693866,0.005288645860638895,0.011917335049189197,0.01786042015787704,
2012-08-10,0.005330399225519977,-0.008106429724512382,0.0006680583529976078,-0.027606736461350728,-0.016184735755217335,-0.20743204828746742,0.13720401072481078,-0.012579111033304051,-0.010207145170310671,-0.02556213405819721,0.033569561502886903,0.001044296344896716,,-0.004331192686201375,0.02227098612526342,0.0030412465873103926,-0.0028407349366459,-0.0270901590803586,0.03512933821759769,,0.020008114987392883,,0.14918791212797358,,0.0,-0.015637267469120957,-0.007621760565561246,-0.010419865201255615,-0.010795131507528373,
2012-08-17,-0.01106648474706292,-0.0013573872937727043,0.08204485082787297,0.011702459692317846,-0.011723863586902424,0.11427590473910745,0.0,0.0028829835008676546,0.017318077463484235,0.003421104184442224,-0.13530156102666602,0.0532897104911223,,0.06307668479966855,0.022258565873890603,0.012609179445489812,-0.02445602427295945,0.012790115001782515,0.03187487767513438,,0.008765536022630341,,0.0709809012063728,,0.014925635610135518,-0.009569490250534878,0.01248139402365244,-0.010983405183256037,0.05590260889882041,
2012-08-24,0.01812956633212396,0.015439847752264051,0.006746127047215516,0.0006434198987022931,0.027450068990752946,-0.01807834235988464,0.0,0.0006640036407568256,-0.004506840785959898,-0.02718092326952847,0.018721531801140407,0.002198075816925143,,-0.011032293952295906,-0.01106393316405871,-0.03953798938643909,-0.00985829866339854,-0.038283489698409875,-0.01246093635258169,,0.025844990033678673,,0.006927355596265803,,0.036367609480340964,0.017700049659188623,-0.013802572088144118,-0.03181728966369826,-0.014248341839840242,
2012-08-31,0.011418153385502046,0.023315457489238862,0.006701266972855774,0.029928491358522234,-0.013398105677055723,-0.013649237240585428,-0.1082106699117445,-0.008444623134166124,-0.00866062237918657,-0.02820820227222011,-0.07208879798081148,0.009474008568528942,,-0.034831230312142296,0.008471577184138945,-0.005138234998988637,0.007378822433583257,-0.00352712543239742,-0.008816564713044678,,-0.012839001901835151,,0.010789673563120838,,0.0,0.014228227738450994,-0.021795141048136416,-0.004852660898203758,-0.00281738944897718,
2012-09-07,0.015564649207809545,0.032375825882761916,0.021325522179418653,0.043820513783569194,0.054312194497887795,-0.012291027886440034,0.05556426753485267,0.0028972109250906103,0.0028843101902267052,0.013280221783631224,0.049685924901718984,0.030277646295946824,,0.03229216811048748,0.004209492709479786,-0.00527699671971253,-0.03221063607398635,0.009086625641157598,0.018798331932228702,,-0.00865177832892969,,0.02789983390954173,,0.10178268057615289,0.016952028235328664,0.12279018602773743,0.03136071519905713,0.020112052050874744,
2012-09-14,-0.004679572723842267,-0.01833837260784323,-0.0443572191190495,-0.03880701497687246,0.00964438924739248,-0.07951315895513279,-0.05556426753485266,-0.011710759889984929,-0.023009227054294288,0.012562372624474015,0.14765681426659996,0.004986304701869837,,0.05592188992985593,0.008365657035741518,0.0072908455078316775,0.008345972283163864,-0.02670584349112393,0.005365318932744234,,0.11156859619704282,,0.03633379061541949,,-0.046212799503952774,0.007443471986018803,0.030479145756631812,0.012244376545243818,-0.05660529760245977,
2012-09-21,0.02264433083965355,0.01902808974447635,0.0326994982891461,0.0035760357644881897,-0.00043623378648116547,0.01714798856833178,-0.028993340813066208,-0.0070577858630689674,0.0012764056949284436,-0.002363622208401647,0.03834623530910691,0.033681285320462426,,-0.01727568158494646,-0.0006414303685331748,0.02929369106584212,0.024437518978266397,0.033436136005170515,0.04329643980534835,,0.009026348516247082,,-0.018467816128810464,,0.1560793188713098,0.021682565194876616,-0.00014861076073428834,0.029021380979076472,0.01510339698674224,
2012-09-28,0.01357519089438313,-0.012722820070168221,-0.027741437317627488,0.012802153458117535,-0.0070086339681207305,-0.011769157124249613,-0.029850042677177467,0.01721460028866978,0.0031133698327606364,-0.002633021011334588,-0.0539214328814801,0.027559814621981166,,0.035144091922007646,-0.04693214432490146,-0.014896971861043128,-0.02082613060022478,-0.01986680766603384,0.003540893926097268,,0.018442572062500835,,-0.02739897171924641,,-0.005797112075608216,-0.021136776502762914,-0.057697151943416326,-0.03233221927627576,0.08320921856306251,
2012-10-05,0.02781861891790101,0.049504993778224794,0.11244509565049206,0.02152901366449681,0.002195731518758886,0.053482890957132184,-0.16430663386585082,-0.01151929465094123,0.004652766547120416,0.016991548978275595,-0.035239635604426583,0.017278646065955527,,-0.0008858740766601407,0.0030197623974160866,0.041381642258032196,0.03616600692631288,0.01810421455804891,0.025204710293892207,,0.10517143615767069,,0.07116169822568838,,-0.07859027023424509,-0.008208494618162908,-0.12249829183746311,-0.00513842788536912,0.002119393234162278,
2012-10-12,-0.02118763858818553,-0.0389681414773664,-0.03371104656759812,-0.018316015222644887,-0.013245543320026046,0.0008763340634984486,-0.03636401644126724,-0.012802778511295443,-0.014878616062723076,-0.009113575093611492,-0.06878788936926399,-0.03028525457781752,,-0.019690373163571404,-0.022016356224528928,-0.022002091959352897,-0.03111270501624929,-0.026223899029863853,-0.024460761593182178,,-0.07476264891300112,,-0.0026797454634756752,,0.060994525568270425,0.016457528293550884,0.03339480608921034,0.056038015973255695,-0.0021193932341623156,
2012-10-19,-0.005389605098573326,-0.01450246665153174,0.018401111355631404,-0.015394175844267147,-0.010723868606528313,-0.06814223014153281,0.16990209463305406,0.022749019402481155,-0.0024295703175524898,-0.02194962391041709,-0.027000751645811685,-0.08832690969330183,,0.00869949211596504,-0.019364380054963527,-0.039823215127250775,-0.012190936157088838,-0.014904827716514319,-0.009954640546005686,,-0.019753757992474367,,-0.018051100632831045,,0.01176483002949803,-0.04183186435438535,-0.17843884397497253,0.009173093542216761,0.06346028479489546,
2012-10-26,0.008820599751323602,-0.004215853585219139,-0.0028089896236515813,-0.01343136863193812,-0.026862394542010302,-0.150718332777735,-0.13353807819178687,-0.038987028939930946,-0.012962693730540167,-0.009672292283690024,0.1438724265696591,-0.00978666629758566,,0.02419697080379321,-0.015127901846594542,0.0018143872106492344,-0.011547440000644116,-0.027024506995781548,-0.00682568444615476,,0.002490749486252844,,-0.02489750636923695,,-0.005865113711324816,-0.022915785990441244,0.03446099854009748,-0.002714169726572288,0.00793384781047074,
2012-11-02,0.01187272635556421,-0.02099078970640797,0.0072868600090759735,0.0135864583122919,-0.00369847674397877,-0.04072203630944137,0.0,0.004201037319527705,0.0010139701507312555,0.0010789284992841384,-0.035253912943165475,0.018737563928413508,,0.04419832626882417,0.044713985222400054,-0.015410999263673994,-0.02076167387580453,-0.0018913444999070364,-0.012568319147892096,,-0.021371017613798806,,0.030347149372141204,,0.1423162135937522,0.0017281006370805801,0.04204264020704742,0.03126526055766848,0.0007408502356972031,
2012-11-09,-0.0047844272621099145,-0.008666499360994688,-0.010950170630929599,-0.004975595521562739,-0.010926789372046082,0.027552411077085157,0.06899647438129108,0.013186788919426647,-0.002900483740589135,-0.021535627859265105,-0.09762672034149936,-0.036852371982271884,,-0.0398346638735468,-0.022974003165804006,-0.01752262168360881,0.0303447980596594,-0.00696418129659849,-0.018530877447643937,,-0.023787790421084348,,-0.0009062283375175579,,0.03015300926562662,-0.024710014803410032,-0.010731314820285024,-0.002081698816056841,-0.016923934080471333,
2012-11-16,-0.002706814184634714,0.0004834581565127738,-0.036806707188522275,0.01792078976585279,-0.004744029125608225,0.004629107668045617,-0.1823255652142897,-0.015285198778124773,-0.007874282249852493,0.007412906382283698,0.2041194687300186,-0.02419550536893785,,-0.07690282218777046,-0.07533343440712126,-0.005752542456302971,-0.015956050436877957,-0.007653248617975505,-0.008137874719581186,,0.061198531448772985,,0.07170909071658782,,-0.0879118499930693,-0.007343188674532185,0.01240725600858174,-0.0011124471686364391,0.0040077626900455006,
2012-11-23,0.05378629235799168,0.04973346924407141,0.028016011681892265,0.04651966940765032,0.06756518250494163,0.010283560375000434,-0.08337322412210264,0.04472550661484307,0.02715011231122704,0.036787735287140494,0.018503589166492394,0.03161856349203605,,0.03994394830511227,0.04353341918844365,0.06252726451700677,0.03513928149188081,0.06924910216921995,0.03418814305500313,,-0.03360606252576971,,0.04698018287548465,,0.07796152858222118,0.03423842058166358,0.043127197620866954,0.028927719453528615,0.041381882202431094,
2012-11-30,-0.009323291724708721,0.011317273332495078,0.021694181873583344,0.025398787376989442,0.0119288074668809,0.12486854588426202,0.042555200769279475,0.0008925161288139211,0.0002846862597966101,0.006573878262082787,0.15415074854504784,0.04450578016521279,,-0.021310043774225157,-0.03976983231067344,-0.005879115162513269,0.016738058535137258,0.009808693664269322,0.010273145963998772,,-0.04531523719469406,,-0.0040339054952548345,,0.0,0.008824547594781351,-0.03925283421436508,-0.09817883711659568,-0.0021605281366984044,
2012-12-07,0.007332786849367507,-0.0025036539719416715,0.0033388864691401817,-0.019568342367857098,0.005692692452313966,0.013927563174764665,0.1892454615834251,0.014608445793527103,0.008428259653311607,-0.005553140092257373,-0.01838218992494677,-0.02048429246917747,,-0.0030815111176825563,-0.006028736981506892,-0.004572327969465708,-0.0039915905073750505,-0.010107296295012518,-0.002608697299494791,,-0.03025438380240225,,-0.003238866164322534,,-0.05129330693589688,0.016408837693634992,0.01814510159568922,-0.011696142208997855,0.004077812585107851,
2012-12-14,-0.021822156926102558,0.006474492246320158,-0.019636606533627622,-0.08028561934479846,0.023307405236697228,0.011303748032038183,-0.3227768275987311,-0.011971728022405318,-0.0014240273663669288,-0.0013268474369137254,-0.02504732476221597,0.025611890449986772,,-0.0009263587742751337,0.013140895398755873,-0.019411299971968384,-0.0011434946285773491,-0.00930536604803513,-0.0032201344539261527,,-0.11718599010946551,,0.060576948338346884,,0.10008342569226518,0.0045106777883117555,0.031659124239248375,0.02384606990042046,0.008818966380770368,
2012-12-21,-0.009120794566970437,-0.009327685480643447,-0.002836752059009976,0.000473675629488573,-0.012449302050411783,-0.024463060335284836,0.0,0.001119510256421599,-0.00758322061513152,-0.02065812973593576,-0.020728286187305822,0.01928659207212763,,-0.00962296163184184,0.023591273647930653,-0.03196825161255909,-0.035615690811855526,-0.026742999700585517,0.031547233434127804,,-0.023292960228389857,,-0.14339448178985328,,0.0,0.014520872359645885,0.05361339545771467,-0.061029823041649424,0.017874524507427995,
2012-12-28,-0.005064831435103825,-0.007916845677354062,-0.023861902561682705,-0.020102986106522613,-0.010858103186285566,-0.004039724647414601,0.13353136601530605,-0.01806715190607486,-0.0233935245006692,-0.025255162074925157,-0.013417845823607822,-0.022068639939515657,,0.0,-0.033336230420237034,-0.026447132824513435,-0.011526130475149264,-0.024151532966689804,-0.03801830954366293,,0.036255443530774485,,-0.02950593227295794,,0.0,-0.029255586913989096,-0.00682622800796758,0.0130643764563926,-0.006313316522305725,
2013-01-04,0.00839903324553158,0.0182630973671331,0.06695407111994092,0.010899313953864141,0.007829649934493048,0.00019266483034811494,-0.0870158642812938,0.04020192622534641,0.02094905896887623,0.04591329181086088,0.10435665150335906,0.05280867237941405,,0.04304054784740542,0.007130484736031959,0.04576092501276785,0.0205740285431573,0.04558440591997474,0.05352263140059696,,-0.0068415445817965985,,0.10172409084108477,,0.0,0.025589053240947165,0.03267550736758457,0.05413196191571034,0.06096904115064029,
2013-01-11,-0.011416095013128678,-0.009204068544702732,-0.03094952596632746,0.0033425076662366477,0.010773651636660614,-0.01887023291464136,-0.09530070063600875,-0.013222150305239863,0.020237257678904035,-0.02011589584866006,0.09796179608389767,0.002733488222997419,,-0.013233495994580981,0.0033600833618780495,0.030841786562657257,-0.002254095893551051,0.011913466806952936,0.005380940022224145,,-0.031773354191598595,,0.008976038178621457,,-0.07924929674599536,0.020708151717747335,-0.0005998401506591157,-0.016288025869768276,-0.003316226172211819,
2013-01-18,0.015929156542962165,0.023912801673455414,0.08368442606114368,0.026341761474908652,0.05300681420831054,-0.06281183948209895,0.09530070063600872,0.004868435541327586,0.022322971288409734,0.02117783742032529,-0.06714803269289676,-0.04913420165013951,,0.05907411760862661,0.015533134328778649,0.008369836043941502,-0.006793802174457054,0.010272403719116583,0.025926375778188567,,0.03405910436883249,,0.016915427950718393,,0.010256490134848532,0.005761340066694386,-0.016739296592061317,-0.026058184390929596,0.019516116648912264,
2013-01-25,0.0027996308999524364,0.021937725521343283,-0.006214625555828826,0.0072469559210630394,0.010111207099007542,-0.023485680791643117,-0.04651550173401216,-0.016470716934367257,0.00013723055496958736,-0.017392209273650004,0.06145735889583809,0.06745229485267987,,-0.014661658445242913,0.02285573891626961,-0.006243041166165907,0.020147483261670693,0.005395766760653762,0.016053744236803252,,-0.019985350295631758,,0.023679025453315208,,-0.04700605928874028,0.015700231749641958,0.028272549752123496,-0.008013453246654626,0.0075719098709756145,
2013-02-01,0.015802904465773027,0.006196016217173875,-0.16389502294910246,0.005362787869816685,0.04022605501841447,0.01992442722323,0.1743493893681291,0.015145609932922426,0.0024804815652281474,0.013138508933896157,-0.05910016734811169,0.02868194455392288,,0.009511410691424355,0.001792320137249115,-0.01453120171189843,0.01279526515467914,0.02217361543972182,0.02685859936976955,,-0.06744124592289959,,-0.0031249996327449747,,0.021164791166404323,0.023516087121878183,0.0299605127415767,0.019914863630031854,0.029098458788593382,
2013-02-08,-0.006274284065632895,-0.07350801290217522,-0.025725785671322644,-0.005516306390623117,-0.05481894121120803,-0.01714511978959207,-0.04081802335282309,0.010772703514883035,-0.0009639883290282802,0.0322399842251724,-0.04049961601378083,0.012518133542320665,,0.004579227986793042,-0.013699222195850097,0.02598424393927457,-0.0070024103322428,0.014225639839619292,0.016094325709615272,,-0.02950063978225782,,0.16283188793021028,,0.0804453504445901,-0.011320117596234728,0.025292243476711978,-0.009601416774768591,-0.022011562752677318,
2013-02-15,0.006857997814742264,0.07837247680635995,0.3091917355087566,0.002455233049257834,0.05404554557890136,0.08665546732331032,-0.13353136601530594,-0.0636497350860263,0.014766538036653254,-0.0354415757631423,-0.008088632056481694,0.009529688652968948,,0.01445814487092002,0.01655929925493716,-0.00509852659120436,0.0015388686387133531,-0.008976150583983404,-0.01771855822940661,,-0.025997975722777778,,0.0026560415352040127,,0.009615449881982607,-0.010276621349768988,-0.020570565669540165,-0.020265127483260415,-0.02953559457992179,
2013-02-22,0.007721257077535658,0.0069852928398570786,0.013051189462787365,0.02467789888688934,0.003860910398759539,-0.007664441906127546,0.046515501734012074,-0.0002326873241085156,0.02532760899363218,0.028972872508740047,-0.04292817240647134,0.008564459653412291,,-0.026523762742326523,-0.000720660628224531,0.03740648991957135,0.018474962074735233,0.026974148196179205,0.020199442990600048,,0.05466772636277307,,-0.008658070442019265,,0.004773274406909948,0.014274474022721998,0.004192492809549571,0.022559529888937318,0.015311316826394033,
2013-03-01,-0.00899072206459755,0.012345692362557868,-0.0027337342549758957,-0.019174713976121124,0.0019251295738010527,-0.0005920215030530397,0.12783388763411693,0.02030488233144883,0.011879476537639346,0.004661725151034862,0.023676307821275566,0.008070437045623761,,0.002021086256983916,0.006821422313252817,-0.021422357536227208,-0.006342329618377936,-0.05320254693700947,-0.020199442990600135,,0.008278186020697454,,-0.01550415563723645,,0.05556990945536512,0.012538885550085239,0.01331778347290303,-0.003673784645318761,0.046648380479654715,
2013-03-08,0.0064666708494479485,0.027130673891350637,0.0034158724036344673,0.03201084403933073,-0.0023103600584335904,-0.0677809790976812,-0.17434938936812908,0.005012730357896239,0.016587402805379285,0.013347117907854431,0.006458488631420296,0.030935930933505117,,0.0604379978295954,0.0017874351724824847,-0.003615304775895318,0.013768581276183096,0.01511365460365568,0.029183485144405073,,0.11659151932093312,,0.04645824164163596,,-0.013605638815206152,0.031177032436961745,0.006546333468179324,0.03776873943711014,0.029998914866300175,
2013-03-15,0.01346976078487525,-0.01776047625782158,0.03922925523781734,0.0200989971400935,0.009973235857561272,0.0217308218226743,-0.04878519890199662,0.010186496503089119,-0.0020743457981520644,-0.002780959497337899,-0.047985807320396374,-0.02092667750876274,,-0.04413096517205936,0.0014274490193698659,0.0028495836574209173,0.017705394628245538,0.003508269638924302,0.02322870354594387,,0.012395301210482983,,0.01672066130209255,,0.004555812082213534,0.009678533001094957,-0.0015236491758393676,0.035966776316310727,0.005640849985916146,
2013-03-22,0.022942598488498927,0.027594396999703754,0.018194303191134336,0.001306222415172831,-0.02943658194869279,0.0024773496301266247,0.04878519890199668,0.05195164583129109,0.020555296612532636,0.030685431916906727,-0.035131669445393525,-0.004911867592611782,,-0.105864906509511,0.0074611943189779595,0.002732485834074581,0.005562283730387585,0.006805467552329214,-0.04880708308416179,,-0.005085421120516311,,-0.011546010459801779,,-0.00455581208221365,-0.004021235436843391,-0.009756458623775194,-0.007291501448177866,0.027127529802082488,
2013-03-29,0.015617035972537278,0.014672648713165209,0.022286830590566308,0.03506166228422725,-0.024270460633341557,-0.015794102547477193,0.13353136601530605,0.011352709365347276,0.005958939194120772,0.009941006753659118,-0.005846786116680828,-0.020094295922900664,,0.007855360376295225,0.012662771261146623,0.021109670265648015,0.006466953191949255,0.01405576872443043,0.008242307362283307,,-0.021347796897555425,,0.04108000212304781,,-0.04196427064015899,0.004221824601810609,0.02372407597022588,0.0317757309458096,0.00487207610755416,
2013-04-05,-0.023477438285359496,-0.019782744280049877,0.004189362839183586,-0.02797907223554984,-0.009305739674769312,0.03983274930618303,-0.23362013522577027,-0.017836406801907866,-0.006595120571863758,-0.008942009366274735,0.06836730625514001,-0.014126009414110683,,-0.04742970187584893,0.0031413318351281865,0.0001077389093789385,0.009112604309681107,0.013000385087620234,-0.01148759004316614,,-0.005221993826232697,,-0.046254652965338636,,0.023530587180201804,0.017204863379699845,0.006515103375257535,-0.07158754474234288,-0.017453025453087176,
2013-04-12,-0.0013841288877220988,0.028085530884002886,0.027828017878500706,0.019539893385706032,0.024097143897078736,0.13305321737647718,0.19106493445649092,0.032425688096236395,0.017657519527671226,0.024643736084633657,0.0003650132748521014,0.008899779489846295,,0.04868079471204643,0.0031305094644301415,0.03933710797642792,0.02685100218068759,0.030249785949574216,0.05182109403737421,,0.06794525267617238,,0.023077925412840223,0.018817793884924768,0.018433683459957093,0.021170652987838476,0.04153395837423689,0.017345537388221807,0.025584635912734834,
2013-04-19,-0.014606964100816836,-0.011623451102949309,-0.013713901118576167,0.012771243157661736,-0.018018411703778846,-0.01849597515292613,0.08337322412210252,0.008985421474463594,0.03416386791975755,0.03774024498388066,-0.06288553341331136,0.012352966966675639,,0.02103387691494761,0.03347292869309045,-0.047676051286505435,-0.029631651108738437,-0.025096476567441007,-0.05346158202541896,,0.02074761521937488,,-0.06007028230995674,0.13319844024374675,-0.027779536507009785,-0.03607103370885526,0.06876857625663778,-0.04155957532439609,-0.024991541824205984,
2013-04-26,-0.005221523417171217,-0.030060084518140632,-0.015159932258880729,-0.021281819417652934,-0.02744399116706098,0.01673233314129838,-0.17434938936812908,0.00020836079769544056,-0.0031460448381614697,-0.013213734324300478,0.04260849776531089,0.0019358673010775027,,0.029852926192696735,0.06565065404751191,0.03588962483915512,0.032870478997864785,0.029542251926149784,0.03601502679052253,,-0.09168914060010644,,0.048597922522885056,-0.039220677201021154,-0.07808847617660668,0.009660823597054988,-0.012418047829223315,0.02759825869893227,0.03496865777369919,
2013-05-03,0.02551500945260332,0.021752392172805605,0.04939758625258561,0.019746557343376697,0.02501712016309326,0.013848886885550945,0.1743493893681291,0.02302755245439328,0.0038712744982585348,0.0033199407711117786,0.052949201571899626,0.053803126330178586,,0.051531153406148326,0.05209549274115179,-0.011077785554135012,0.018158139650035588,0.012124642459567701,0.013287220346219533,,0.02956606342834732,,0.005115095676324177,0.0251359604268963,0.13733125179154054,0.019921172202622597,0.015417002218109464,0.03020020642691222,0.06646983290689996,
2013-05-10,0.003799993896598141,0.005701010554538044,-0.017276043798451143,-0.014347741076243507,-0.009768302191155182,-0.05750665038541729,-0.12783388763411696,-0.004073626890936988,0.002049717749831736,-0.002133279343960215,-0.059300794979364156,0.03999484836609464,,-0.0005646502238532891,-0.02417770849879878,-0.010022342844696342,0.010791034442511034,0.0046455293979171695,0.029096666185933102,,-0.022837053187005477,,0.047331387728287114,-0.03733139050858397,-0.004434592848067865,-0.026783762646009183,0.007214928772811744,0.020823835863054523,0.03579339329153856,
2013-05-17,-0.005826921587303157,-0.003935518333334879,0.056336134142616415,0.032067388227562776,-0.023170155717739855,0.04823681917829273,0.0,0.005089175317448389,0.009592922256681537,0.019268105216357485,-0.016248353167389092,0.03235996077088135,,0.07380399168557181,0.0715453711976576,0.024974366501010956,0.0003486434257128292,0.020507768195154447,0.02564703686195685,,0.025746249197722147,,-0.00671351980292742,0.05838482107099875,0.10135249809030472,0.013284760843787564,0.013822591406065444,-0.002846330988331052,-0.007786307018532032,
2013-05-24,-0.006923524767916832,-0.007917383291684853,0.015017734553938022,-0.025712182154679943,0.03212776873606812,-0.017727852338509084,0.16706245484611273,-0.023835209974342263,-0.014665761565006558,-0.017134825872397206,-0.07677823553490767,-0.04024110792151195,,0.013072026576129776,-0.017356379279101577,-0.016438438780676648,-0.0160915672194837,-0.0093921124506898,-0.01825183004430923,,-0.054470838728410714,,-0.019165932095638265,-0.015160642983892454,-0.016194670287256973,-0.01238681985693222,-0.01853626612556776,-0.013633274041220816,0.019778979876872597,
2013-05-31,-0.03400011250326598,-0.03935885504124599,0.00018861416932932637,-0.03160799717135464,-0.029202172909784545,-0.023892465491305127,-0.080046590564819,-0.044867610884125136,-0.022162053889256034,-0.05473849142050398,0.0016441434369159676,-0.002407556431188583,,0.025135974527502544,0.018216219584012986,-0.03470013861146072,-0.02731777285810913,-0.027054425561119547,-0.018420328367044037,,-0.04469582019038991,,0.03797142849855626,-0.0832794721492422,0.0708958456839526,-0.02999387911849668,-0.019938413461030844,-0.02132101938541058,0.009322766022500782,
2013-06-07,0.02818048353448047,0.026728366906769645,0.006205843813562715,0.019140177917349628,0.008312711931280062,0.1211358191525917,0.11778309774455455,0.007582964699750826,0.028296377250721903,0.03489319951519295,-0.04450780973880022,0.009720465174139561,,-0.02202381904871964,0.02182319971082742,0.012895710080355994,0.0031836136026586084,0.001384035469264127,0.015905502631875016,,-0.01698379689035251,,0.02022675521092914,-0.047067561289567246,0.02626790096758945,0.01755280071057402,0.013208804597539314,0.08173323403626954,0.021035599421063166,
2013-06-14,-0.0324173812209104,-0.007228605366944847,-0.025057938839475942,0.0007155125706599254,-0.0319624758000034,-0.039051959547562666,0.20067065030711798,0.02098538424774188,-0.004615848519477958,-0.01929065592149933,0.014493075652920063,-0.005345315031995806,,-0.0038916568995648994,-0.03625330010051279,0.00032606465131576677,-0.00976406959007112,-0.0036501748412260805,0.00952267624772736,,0.01698379689035251,,-0.0937801082974711,0.06478951543484107,0.01834912100756125,0.0014233832264055732,0.006322245560669795,-0.03332980089039246,-0.0123009265221247,
2013-06-21,-0.03499747379137406,-0.07175534847856405,-0.029852933990897668,-0.02460656117267389,-0.03081185554925609,-0.05266202492901653,0.0,-0.03006590251241981,-0.02465311715466622,-0.014482646159786125,0.03737971737943705,0.006708614966529991,,-0.04329440234981956,-0.03340086345918672,-0.05191040913629246,-0.049822500508971246,-0.01843811536031624,-0.012380614195413196,,0.11215379166776526,,-0.02754272964141263,0.029668383814415698,-0.07550757120764176,-0.012164988739074558,-0.017759736613246088,-0.030411196215201407,-0.03570305566985944,
2013-06-28,0.010846154766713781,0.03403164764440152,0.03177346889105825,-0.010163299591416729,-0.02873447768625554,0.07881053381355761,-0.030768555674063877,0.008527448556580686,0.02050481711083707,0.008764524981669937,0.014167378357564476,-0.0006360859858674948,,0.05595130470524461,0.037461993616944946,0.00018429522541750512,-0.007837680609646777,0.0017165291946481145,-0.026440729027570806,,0.05032509503576225,,-0.004665099716193254,-0.04229479382401248,0.003913895668890902,0.01804060540994282,0.007465725901971069,0.005205659735141528,0.01124097007386626,
2013-07-05,0.02177088722184131,-0.02535782296357468,-0.029794973459360885,-0.0010369532226624251,0.019047841171304817,-0.003953221603132956,-0.2468671690247855,0.009534149095474866,-0.012178096722203673,0.010170059051951735,-0.020711302525667975,0.01479307529452059,,0.015030161687283022,-0.009599941955453583,0.010221978747437487,0.016952640516106725,0.014188546233502786,0.00866996331824503,,0.011521685340484346,,0.047612483936412334,0.06636342196909539,0.023167037953535825,0.008649383841556918,0.05857697980568878,0.03291093318801323,0.04801198022258551,
2013-07-12,0.02753692821756662,0.04074934891676291,0.03343391139230589,0.0670548070350216,0.03139783905080848,-0.012121289127413636,0.470005104465497,0.023234578487998245,0.04264218632393958,0.012507848417623259,0.06127597612982273,0.03249403907198994,,0.006049956445262584,0.041792111898208244,0.024717959108519545,0.008654230605418369,0.039502710550757124,0.04874871371649437,,0.022652531548998447,,0.011399762820051645,0.0035608002636068805,0.14538833598569287,0.017077727668466033,-0.0001553454722557452,-0.009737076451117108,0.03732142834550388,
2013-07-19,0.03386848497730899,-0.024629910911416128,-0.005559472833105675,0.011573546168472969,0.0056434326295405094,0.057297504230598414,-0.05128820054338299,0.017337126344560708,0.024484358209283144,0.001461045778285853,-0.001158397136933855,-0.029019483636764543,,0.07711923583861055,-0.1275021458586346,-0.012226066317633122,0.00792203645490426,0.006210130999120765,0.022143564391894216,,0.09841945202683752,,0.04914995220091408,0.02688652315424514,0.013114929775130771,-0.012980264707088175,0.05710525495188444,0.020179907105370574,0.003939662148719225,
2013-07-26,-0.021360324371532808,-0.0011185877504696006,-0.027676750181454796,-0.012682882077101429,0.01971795990247431,-0.00807797613723965,-0.026673528198168216,-0.03476594750978784,-0.012812087365475943,-0.011011603953311584,0.273183993808759,-0.012626761866620108,,0.0354281524834337,0.006981768164819918,0.0030425354183890832,-0.0020689350511886593,-0.034226406167811606,-0.004357058334264923,,-0.015037865353434095,,0.008358221174665703,-0.01393759757166197,0.016155425287520342,-0.022593394543976675,-0.007608925857054788,0.02628862462177028,-0.01937489001335589,
2013-08-02,0.03803104408889353,0.09415931983966948,0.054233513949180884,0.007464224707899676,0.03298100765686189,0.007762532334809947,-0.05556426753485266,0.016374721502520492,-0.012027975723894122,-0.010388401690911446,0.1122464441921688,0.023685358851713946,,0.04586668594613626,0.008502713981477613,0.007956380305621895,0.022893631324044542,-0.0061473357396984165,0.012855458960323201,,0.002421394320788091,,0.07499934207581964,0.013937597571662014,0.015898646815070604,0.011864826709643577,0.01520887734481899,0.005256594593521295,0.012588807448505837,
2013-08-09,0.030012903959823076,0.011850015379959023,0.015601993767781182,-0.0008268419606196046,0.021934686514984727,0.005193937779168585,0.028167976566248185,-0.011881954620275149,0.0005926596781367152,-0.0014932418575433265,0.011757268234827466,-0.017986228907584247,,-0.014693627962397156,0.025082425753931336,-0.00998346592512372,-0.00998624014938456,-0.00872595088011522,-0.09542190405802731,,-0.016458872297257326,,0.023979380453812288,-0.0023095217776292723,0.021841720790997613,-0.016055456704986572,-0.015529193273533963,0.0001342491218825263,-0.006035558423493219,
2013-08-16,-0.02259575651422099,-0.017162159617421603,-0.005914515745160277,-0.053937119797466154,-0.005236927810719648,-0.08961214184693067,0.10535801971015564,-0.0440733001477826,-0.05058230217767383,-0.028028393921946684,-0.03758049644484751,-0.03834925986640413,,0.02599782231899196,-0.020886541175782623,-0.033824052522221995,-0.010744850946506831,-0.031010320528440813,-0.11038898309287463,,-0.0465492621421623,,-0.011372940494915069,0.038553521093729434,-0.02817084963476091,-0.026889955810028728,-0.00940976267096367,-0.030570000299004352,-0.021090914522376946,
2013-08-23,-0.003731126033157166,-0.0027692725300285056,0.03497608839739913,0.016159579550413576,0.004030949504389491,0.023083147763544545,0.40546764130873814,0.017468162949864925,-0.004123953338487583,-0.013665303487359243,0.08945812112255716,0.015401708443922501,,-0.022521093580571718,0.08871300694592,-0.00444128812434032,-0.0018066975638019425,-0.000291438278183494,-0.03614984866203966,,-0.011658185103912007,,0.025276920181444968,-0.0011129912447592964,0.034324709340318636,0.0010517494334084435,0.002112535132407946,0.00566583932321403,0.012290288429917043,
2013-08-30,-0.024557360426801317,-0.04205969998312486,-0.029245589644722833,-0.042092817850505226,-0.07472705364194893,-0.03778555222154822,0.0,-0.01903127502953107,-0.001503897516005547,-0.008865933216911233,0.01808438259129761,-0.027151883224859077,,0.011860173723776384,-0.03962338884856211,-0.022867084349818004,-0.03149657098714751,-0.01173744401021194,-0.0030553340434715066,,-0.08565006066478928,,-0.025276920181444916,-0.03744052984897013,-0.08311490378512527,-8.089921168237681e-05,0.013268328411399648,-0.03577058598913493,-0.012615328264249343,
2013-09-06,0.00747116670589694,0.025593816606104082,0.06130741810072714,0.022154840279275403,0.007771947770112173,-0.038001722374540255,-0.08701323963648595,-0.006499670403409314,0.0011950843178624906,0.004442866673396379,0.0624324718827924,0.03786194090552739,,0.07134820507019303,-0.06974165206062617,0.008948514509556917,0.012814985116183333,0.015231298222464808,-0.002246087168668046,,0.02937268241455006,,-0.009852312900213734,0.00461361102376301,0.026317283546611638,0.0199356619167857,0.0008571147172494282,-0.005872785203872177,0.0022758034997119934,
2013-09-13,0.032555006918593275,0.026481411436264125,0.017529295949929535,0.026039446579853177,0.02966351283420626,-0.0036264219184846424,-0.018347251186072337,0.01845831935376006,0.013285059080369097,0.016072761626563306,0.008157732506619376,0.01073132345777544,,0.05834424120522448,0.05860174536434761,0.04175704490994694,0.02476869100265119,0.02635836715255862,0.05062841401097633,,-0.06845153307757769,,-0.029019919000176187,0.05158091321752409,-0.006514674949928501,0.01125984084895149,0.040347981769262804,0.04109187850189345,0.07423017676932767,
2013-09-20,0.014384092662256924,0.02232359294272803,-0.02518673544356051,0.006121216646039319,0.05087549867671025,0.015322489379678398,-0.09716583664568108,0.0150278173041837,0.017524869866265953,0.018184864552624,0.06930875984853768,0.015668370347662015,,-0.018241338301762076,-0.0072925306455020504,0.030185073454082702,0.0198099230464494,0.020173586733736558,0.011017775826621348,,0.062229670095722896,,-0.038677264323224256,0.025891476874621334,0.04785605176092363,-0.0046330981255268315,-0.024417485884499553,-0.006085075571739877,0.00933309698349492,
2013-09-27,-0.016030048525121764,-0.009492127476202225,-0.004552758916660634,-0.024277517948400874,-0.011173401658427617,-0.051952546307301756,-0.0851557201482736,-0.013470447694180421,-0.019019983554811288,-0.025708152733889027,0.07600119813859355,-0.030033196156542263,,0.02779795177065441,0.014532405200388414,-0.02479568888258368,-0.009527331049664156,-0.02391213873183416,-0.014327448334723838,,0.0006931399301702011,,0.06439142471786236,0.021075662473242458,-0.04785605176092371,0.002267725398430372,0.009399605883681151,0.0005549517376680505,0.012063559287910228,
2013-10-04,-0.0142206367888141,-0.006546865465112402,0.08395022235681773,-0.0002910173955584852,-0.04346738060662043,-0.02287118571503542,0.0,-0.034146623139573916,-0.007258087246468141,-0.03174862206537915,-0.003910808092689342,-0.0046203716144516006,,0.0133386803270244,0.018168907844613596,-0.003325917547949028,-0.03612080208100271,-0.00172999427310988,-0.00019516996758449186,,-0.025975431368237708,,-0.01613391933405708,0.01654636848477894,0.0032626425892958387,-0.025233066366526204,0.03545003117724107,-0.00835300111112946,0.01731795167563331,
2013-10-11,0.006977437505930139,-0.005573132264156631,0.016325353613390683,0.021299024082465284,0.013322535037136075,0.03560299020764476,-0.02247059810300099,0.010298381963486085,0.015082613269162264,0.01520615087651254,-0.03854683033217026,-0.000412781127040567,,0.0027564122490123934,0.007351711423441133,-0.023363821002066864,0.006594873768048386,0.02536101627614608,0.018174806773453962,,0.0308147541624961,,-0.05712540972086478,0.0020492269880218635,-0.02306525118597888,0.00042194507875491726,0.021624834673567052,-0.060248624726757447,-0.005398253633897481,
2013-10-18,0.019095929430439255,0.042669634882183796,0.021050469849012807,0.03332701281552027,0.007416702601107049,0.07126009048730905,0.12783307077800465,0.024514713083829444,0.026613141147071074,0.02638941882000736,0.09898709710663739,0.14832276343311723,,0.021244325257674564,0.024027800645286482,0.022099099469884895,0.037005933100339276,0.00896345318621778,0.00981809697410946,,0.005502022910552054,,0.02231444124948029,0.02226804087767545,-0.20661422591199163,0.004843914798407752,0.13895502934227177,-0.004787714339418788,-0.01934946900551048,
2013-10-25,0.016148093127561918,0.019382479487461413,-0.006550372465571986,0.0026133395075133127,-0.020739237638243153,0.007422150395050129,-0.10536247267500368,0.0362168822201463,0.004087608418349053,0.006425808780247963,-0.042768070593331396,0.003740167725844035,,-0.012473804387523624,0.02178645405188263,0.019028505741030446,0.026474802748057264,0.010817168045518757,0.010481242994568186,,-0.004123697341005826,,0.0069445210274590745,-0.03670140652999636,-0.004106777931561619,-0.004421698969162783,0.03424805465770354,-0.0016511673617479166,0.006837558119047363,
2013-11-01,-0.032403497736466495,-0.020551571347076195,0.02609942496724308,0.003975613106945487,-0.007572606653965084,-0.025428101938176344,-0.1957473224337763,0.016153724279651935,0.014412555860425143,0.014751216007097428,-0.043271374098474355,0.011595299312160178,,-0.008587156685346682,-0.005613344502055099,0.013007664570903023,-0.0022706984474220775,0.029357549317538027,-0.0020874785021407502,,-0.03432910461638574,,0.03568768243265116,-0.0788319551454676,0.03636760912993175,0.025623463791421237,0.00018954175197391913,0.028288067610986515,-0.009226351484462346,
2013-11-08,0.014315841912262687,0.010034782990337563,0.01752868671499147,0.015207354580639883,-0.0015289435994783136,-0.027359789464526253,0.19574732243377635,0.01006931015345056,0.015140231378889323,0.011047037885391842,-0.04564940393197679,-0.010777996246251144,,-0.04503554295226769,0.06140214208386027,-0.0039066007213863,0.00390245427616203,0.005876091458646242,-0.04189904869042187,,0.09705810546927544,,-0.025931503215556775,0.03640774173584506,-0.02004073173151355,-0.0023676138106162006,0.014302127823875023,0.03006342137783745,0.010558108330435603,
2013-11-15,0.009430962523466107,0.017549043682275854,0.035029130285985276,0.011788500020182507,0.011045007084353022,0.04085108981034476,-0.02247059810300099,0.013475894729191184,0.002094381831892698,0.004235736961836923,0.03066336776123792,0.017106225311397157,,0.06501827528061292,0.001587072296325255,0.021575189091897255,-0.009464234909397604,0.011913037542160625,0.005925245621127718,,0.05597190112747421,,0.02704387587046281,-0.016384803912204097,0.07034151376286558,-0.0009279713276630566,0.02175337764062468,0.0471893205922949,0.018177118543290877,
2013-11-22,-0.010985822800414127,-0.012116538006339479,0.01749186319132195,0.003854682424485825,-0.007208031350768707,-0.0024394731763174218,-0.20067301529937986,0.007794745768066051,-0.0033767241240191597,0.00520751255852046,-0.05839538916061117,-0.0016172040642877306,,-0.003423278726585804,0.00039417343204990073,-0.04947478670921411,-0.02668562444277763,-0.01939749279193051,0.00451968942263627,,0.027150967312546282,,-0.06487204646484684,0.027160805405442984,-0.02290183341365635,0.013832442650820597,-0.01750234245474167,0.05675338238573225,0.013132965283792531,
2013-11-29,-0.006868968513293742,-0.012167558073915426,0.0007100712519245523,-0.004787416581150614,-0.03155628171630147,0.03193399003367014,0.26663077557062553,-0.013992082565551508,-0.015041314233481437,0.001027140710469187,0.01673145840368182,0.026490076398823816,,0.04654459321544651,0.014795810042700494,-0.016349429322622518,-0.001503570033530844,-0.007811525398508548,0.022294246183466093,,-0.04380255724076118,,-0.03010462029271603,0.0,0.007692338569246961,-0.0009176922342097435,-0.025667157666625577,-0.007949954707700983,-0.008928913928129383,
2013-12-06,-0.008732537943555834,0.005079737126737915,0.003402989968689375,0.020922374100600723,-0.026253302920751207,0.06334446264081238,-0.21256095640385292,0.015217240438394928,-0.008830488234259406,0.006695447215770121,0.019589748528738512,0.009655146611544931,,0.03470536415449415,0.006014057579770041,0.003384886511811012,-0.013253976991718657,0.012896451392837533,0.016352929466471777,,-0.03867362784459316,,0.016970030231127444,-0.005373485540827194,0.00382409295183407,-0.005870904260334929,0.003715506467943667,-0.04354504314147758,0.009358685730235858,
2013-12-13,-0.026501746559987747,-0.023862371224231474,-0.01900475676719693,-0.039289085957589995,-0.020957395806588702,-0.025541539538340242,-0.026673528198168216,-0.02151075632728502,-0.027061614266485744,-0.030872063567893522,0.10636137249937372,-0.008523274070118665,,-0.0058407802929276425,-0.044511440388137966,-0.006898000999002121,-0.024992969669805035,-0.009656798477348367,-0.03766808001741614,,-0.020902162965813438,,0.01786832203705095,0.012848225136686972,-0.0076628657456105625,-0.02468269172260864,-0.024956535214278344,-0.03502879782843901,-0.005619036295687133,
2013-12-20,0.03413719324552464,0.031046985766558642,0.005466661653438673,0.023838158828784387,0.012808867138158944,0.07489799584962076,-0.0273962909686045,0.017500535648171733,0.010814878625397708,0.020437085986614627,0.033200947142261635,0.0368597279701312,,0.007503120712230237,0.0029936241990514132,0.0032796829913301043,0.017819730531570935,0.0388576994481938,0.040493082889607956,,0.08232495566979717,,0.037084167166884556,-0.044596899995377574,0.034029806537639325,0.021682148470703815,0.03880063660750152,0.02176343985872202,-0.0034750213777245136,
2013-12-27,0.031035226577499027,0.025501521731077777,0.005294660794222618,0.003586858604213122,0.033962592068038186,0.017657204315874104,-0.05716131737931433,0.007817373273187645,0.01094129073328891,0.015366363941463127,0.005788739862430982,0.016025439877792223,,0.04052972006870406,0.013227566239502888,0.025217173079764364,0.02717602162205566,0.005759578139244573,0.01567467344760933,,0.01687805313900928,,0.0056721865533547605,0.00222227312040963,0.014760401298199752,0.004136051642873832,-0.004492959364377221,0.0065195862193323075,0.017967266781488574,
2014-01-03,-0.005564701267858503,-0.021928576429171787,-0.009751816167663954,-0.006385621289332046,-0.028070961710193132,0.0014821178811933431,0.0845576083479188,-0.024897426192588862,-0.005699298775626391,-0.004931386360184341,-0.016000162218928807,-0.01205368627332808,,0.020055834507766813,-0.010242689049170932,-0.014047559358106754,-0.0171481049520019,-0.015520447853961526,-0.016615315006274962,,-0.00659677823168079,,-0.0028321256633681608,-0.017917583102904193,-0.011049825512574671,-0.0038253683632955343,0.0010545498820141853,0.02262014720656851,-0.017531964175462798,
2014-01-10,0.0038147348366841085,0.013975473287748048,0.14290846911897176,0.003596893373561521,-0.011818061237664657,0.033496723123433714,0.07796172874155124,0.017286503773756658,0.01520498586461971,-0.008189314967361095,0.060106869928997754,0.02253151122034386,,0.012121339983418718,-0.023853061814716463,-0.0352211542635042,-0.028238482675083353,-0.012270006190698795,0.01231962766264014,,0.13119713662032126,,0.0005670671710131819,0.011236108560462955,0.07490132000756385,-0.007695029011743569,0.013571891891489952,-0.0071724018418052714,0.03181637529652269,
2014-01-17,-0.028423224114854158,-0.03610016451699343,-0.00639122289321421,0.0518252493994625,0.017226107261219082,-0.01007638770993422,-0.07796172874155118,0.001237975936397964,-0.01569138306537032,-0.02140888341612872,-0.028713411258173203,0.01784574104663772,,0.05543215115052654,0.009389757747556881,0.009161931597582206,-0.01199729394946207,-0.0061918696638457215,0.008970228706347397,,-0.2404426728326806,,-0.03401885699587312,0.0,-0.03141624940122745,-0.00912279153040387,-0.020560116300967025,-0.034635747843381665,0.006159933516090341,
2014-01-24,0.0010961464512530667,-0.03428573445712137,-0.04816209908880453,-0.0183491191788937,0.03271715412699407,-0.02297611112046195,-0.08455760834791887,-0.00041226819579038285,-0.009411366021726738,-0.011264839620035518,-0.03341170603992937,-0.023480243358384605,,-0.0890460371304751,0.011750724875604988,-0.02220531297718785,-0.0012871258335067366,0.007264598866425921,-0.008032006376433105,,0.0805587740125217,,0.07945602049716467,0.03296991211362228,0.010582099541046563,-0.0052806409614322685,-0.06890357026456724,-0.046559199831608576,-0.006581105391346138,
2014-01-31,-0.062401712159869185,-0.02227549679165836,0.011412271133675456,-0.009821689058181357,-0.07260317321805286,0.0051679758347723155,0.21131202381578928,-0.012247202692061407,-0.013227559673351858,-0.02661244032699459,0.13900311415539826,0.04959372203961208,,0.09951269734707689,0.027596654838108928,-0.04210077502776293,-0.050381511606424643,-0.05737929477377759,-0.03823094246282566,,-0.09884572397663008,,0.038261905886930556,0.08195360571153136,-0.0430173446348085,-0.0027572395799714973,0.11402173017307926,-0.02456517285383307,-0.008040155521640037,
2014-02-07,0.000582918380358507,0.015727006749496574,0.010768102581514526,0.0203114098445085,0.04437058461493658,0.008359682014723367,-0.18231868300272305,0.020874990361356864,-0.0017436591792883167,0.003431168410299046,0.027584604012651864,-0.00299356693220122,,-0.013100552622498105,-0.03441164080291087,0.0266446186784537,0.010363879781551105,0.0022687267997222945,0.05607531947962213,,-0.03335959595750683,,-0.02802195973075463,-0.07548802441841118,0.07070082962951037,0.01841279666970615,-0.004849048375193935,0.06597967705280615,-0.015845090485336364,
2014-02-14,0.032354787139051266,0.0422131941281294,0.023842055237005392,0.029714802911712482,0.03127288160785955,0.04455974386357943,0.028167976566248185,0.028432022993621367,-0.026910705949855118,0.025495946243214006,0.042164336333605015,0.021309592243389668,,0.05028901191547628,0.02858105585767252,0.0017430691146453072,0.05242194794348194,0.007619748265889143,0.03689375640219367,,0.025812330315106595,,0.02436566455535486,0.02545202222080245,0.07240003729991268,-0.0014608361023367535,0.008736711510913492,0.02328720587858571,0.03783623502888861,
2014-02-21,0.015039122427070225,-0.0012802738296438863,0.012271402859751243,0.00897743856282586,0.018475288961552705,0.043728743620040686,0.17767889441155468,0.02822632167955941,0.0016634740557059647,-0.04599418561478992,0.022111695814015727,0.0008226162733611351,,0.04135143648910271,0.01699421345225758,-0.017821974181423325,0.02273132855296199,-0.005638544441585329,-0.016650411430603328,,0.04905248711502169,,0.00937508418783938,-0.005249372886441987,0.018868465912800166,0.006970635668810668,-0.008372610985116496,-0.007793839300015047,0.014715719628454702,
2014-02-28,0.008400562920170416,0.03037744670839134,0.008427508518882127,0.02562398543193435,-0.00640571620283803,-0.010619131015695166,0.0,0.007125753097212279,0.02337570517564324,0.02706453831697935,-0.0018971153114049465,0.009804107595545963,,0.06845799959082738,0.008651504445386699,0.024269809452705328,0.0396583637826679,0.02485120825160972,0.03999114560434442,,0.009787998656244579,,0.02457878595810727,-0.008456696661168476,-0.006250014291515528,-0.005086765841278308,0.028206742206159135,0.016743273153103016,0.07632854031172907,
2014-03-07,-0.014018693348103503,-0.011730935043009065,0.034925305477341954,0.053485270269179076,0.002566885613231587,-0.008277389188765964,0.2461335269708532,0.003448143123832564,0.025488365608097557,0.00912049794038912,0.019384760897380063,-0.0007076717503413123,,0.014008794297143091,-0.010760008727115274,-0.007069992520293083,0.018398047779375922,0.015054183275067981,-0.015910806195793253,,-0.011100302059488594,,0.07030706507471371,0.012658477965421513,0.10973959405657528,0.003671953135759051,0.04868822645136093,0.04073553930784204,0.003535225904010117,
2014-03-14,-0.025988319658122497,-0.03534010825116808,-0.01694646668974199,-0.011071196467531774,-0.03434362954959172,-0.04643561364493827,0.0,0.009487085803568938,-0.006890393435454707,-0.002014369985372825,-0.03025261780093084,-0.035177168829982536,,-0.1185374105771803,-0.005291097988485828,-0.005617253975514139,-0.004168348843994762,0.0002933057508099708,-0.021556343998994296,,-0.039509724098328765,,0.013580209721918327,-0.048318627293120205,-0.07281235668895265,0.02154600908630428,-0.02984734315553023,-0.02732695480072476,0.005936275546333761,
2014-03-21,-0.019057841834120095,0.02121608099917585,0.006765117759756989,0.029515619717124235,-0.017849633707090855,-0.017712313871637988,-0.10535943283956967,0.007418055878615505,0.013976330555707005,0.007048644301881431,-0.007113376369735041,0.008693395478100382,,0.03392944940555876,0.06321117011609287,0.013799019659587975,-0.006842995129727492,0.003022395611525451,0.014836284146359355,,-0.036165214336126295,,0.012479961140108924,0.0,0.02682728756953623,-0.02186059875114082,0.05925507358291667,0.0025271677598751813,-0.02584584741314536,
2014-03-28,0.051719570342589095,0.037260589966134176,0.001803897269659862,-0.00873042638660631,0.04662261395344606,0.009543130756466732,-0.05715961762070613,0.02211467818228366,0.009812578658995002,0.013180332028606493,-0.1137570188080741,-0.05462475074705139,,-0.07178157828971825,0.0034802751148982204,0.012004104492002008,0.04118357270044234,0.018214440079931834,-0.02388087339831925,,0.03616521433612641,,-0.013410647944220271,0.00219785243929214,0.01459878519327518,0.01837017545388443,-0.07463423308050811,-0.01431725110429498,-0.01691034596816414,
2014-04-04,-0.015668298276905735,0.00772007664411968,0.013370700087817648,-0.0025881944071583633,-0.012976251504739321,-0.04157783950285742,0.06820836214657784,-0.004458539810351402,-0.004349255755349854,-0.01892002620387165,-0.05585548129332218,-0.027826919161983113,,-0.047459789946264486,-0.010727183054893018,0.021852778276960937,0.0017133322455245212,0.012050052342032476,-0.027076230317828687,,-0.02700059799961646,,-0.013121030663829657,0.03452343104316434,0.002894355230134138,0.006457973898831157,-0.02140272578019119,0.016573781207614026,-0.010549881001936278,
2014-04-11,0.018069425680711636,-0.009706505296829213,-0.07764468685602435,-0.014874051365279868,0.018974456494790733,-0.05219375158357967,-0.06820836214657783,-0.04805480337290376,0.006757722133177676,0.01067033509899705,0.030883628684400952,-0.01383196202094725,,0.015725039204949817,-0.016692598111899902,0.003976897508055335,0.021306617876264162,0.00212745403154133,0.008710887758254382,,-0.052586830648833925,,-0.0693298567569799,-0.13126158056411508,0.0,0.014404589415462622,-0.037232621361272665,-0.009424642916224909,-0.036726151800716283,
2014-04-18,-0.010285408595027044,0.033522503119626054,0.034635904637571796,0.01701275098619408,0.010622687686832515,0.0654567627178919,0.0,0.02603069017262938,0.028454727695960687,0.052690079943725356,0.006980572267981863,0.010322862108378423,,0.01328409385512657,0.020197338268031963,0.00012039940265094904,0.010791411501024133,0.02102538118911729,-0.006561384108050602,,0.008836539646001666,,0.03624122233511682,0.025075812934590862,-0.0087083194541799,0.009622324497978485,-0.02894516000766253,0.026144251939685538,0.02136306710939745,
2014-04-25,-0.015629014286045996,-0.000916173096136,-0.021775600412607492,-0.0024770434308736444,-0.0033872624775693324,-0.02655223090821634,0.034685565159580156,0.019600757378171758,-0.003512576201987566,0.007096181657725411,-0.02108949163908809,-0.03796269617613161,,-0.037345645932246256,-0.002501967422998254,0.011479251443893508,0.008082089691862367,0.01701938625068759,0.0069347299898158115,,-0.04651985128099216,,-0.0073403615835169935,0.0011785770303871569,0.05942342982788763,0.004776610694620083,-0.03386113647806039,0.017272029332683424,-0.007025055433098579,
2014-05-02,0.013526797374190038,-0.008210100307534057,0.02609920626563879,0.02075252909048756,0.014316091665529655,0.017181998051303122,-0.04651885450478004,0.04364005495428455,0.0031618280481939868,-0.0014635838506559672,0.04655161616204166,0.020379814938669454,,-0.030443398806289938,-0.005527504085057856,0.014986117174912671,-0.004684943635000602,0.021751107473534204,0.017955153765637038,,0.028767990886538756,,0.01993743826738143,0.026730277832058776,0.021739965507499983,0.006925284072531835,-0.0010755526350796029,-0.019107829854759777,-0.01049440816418542,
2014-05-09,0.011747882764286465,0.02545928414780129,-0.022562232958510762,-0.0011047032489432946,-0.00839640133775741,0.0010455308486653605,-0.011974994594476632,0.016655315413952137,0.019109358051803794,-0.001955808892754444,-0.054729053566392835,-0.013673287013602466,,-0.03220938578790377,-0.003786215088551975,0.011876044666833278,0.0032991015603170714,0.005737504553978881,0.014930842519237373,,-0.019593659485017303,,-0.01895567331236348,-0.04335765444214457,0.0369434803235148,0.014680095458944225,0.011709415842038025,0.0017046525511977275,-0.024829904178145058,
2014-05-16,0.043745460882932886,0.01682982197998108,0.04474753898936275,0.018401051978217897,0.027854570919721582,0.05177831638113689,-0.0750351341817855,0.005257557395993614,-0.007252848516152719,0.000489259693274909,0.01353473279028419,0.0031852893189938743,,0.11935394681229583,0.014337400402321931,-0.007318655872990782,0.027864827416921013,0.012115628134530357,-0.0010849124949696837,,0.02331805556206052,,-0.06538934088457812,0.0154487995796986,-0.020943154236839217,0.0020385327051601434,-0.014203762279314441,-0.02011437415031914,0.004624571390519614,
2014-05-23,-0.019796623602552414,-0.007243140674035153,-0.005318174023478821,-0.007844852202699367,-0.007407335552989331,-0.01255185734755276,-0.16941788221911935,-0.003852892862299524,-0.008237751845516896,-0.007609971990602788,0.055807301748751405,0.06503528460086298,,0.03533952387644826,0.007253992000288596,0.009284156214411364,-0.0020250543743824782,-0.0002453749527584464,-0.057914376105171264,,0.05567032552226741,,0.02891267317131657,-0.021454842417190714,0.03381339388620444,-0.011114398534565818,0.04263285722286021,-0.0005345369489268333,0.018971807444672372,
2014-05-30,0.005840392916416857,-0.001182182041328105,0.019443539893476778,0.013580650052260074,0.012315389973807428,-0.004171235674352846,0.0,0.01238137653821119,0.028710259554428144,0.008099333980167801,0.03129034973638774,0.0138272451178796,,-0.019635987172521054,0.020232851358982454,0.022501444125863232,0.0239530011037181,0.021401287529406364,0.0263000828544782,,0.023628533038400165,,0.04866896750086502,-0.02069470424099028,0.007643341883944581,0.0024240629252719795,0.04633293636596375,0.03340654852869759,-0.00619189039375184,
2014-06-06,-0.015808407074594133,0.01058805615564869,-0.013643275093883819,0.022583134052537118,-0.026039745625444973,-0.016128164265679836,-0.08004421498214485,0.014111384337913948,0.0026866835907260788,0.0019531477469310328,-0.012718919089102384,-0.009879764631417636,,-0.0021268412099581125,0.013104051527513013,-0.0023746366345507,-0.01646354899022233,-0.004099205149302416,0.011142178058885954,,-0.013831384926221262,,-0.05377103899657927,0.058524211597327985,0.03000222168713052,0.00521139765833984,0.03956582261141484,0.03407790728834673,0.019950879095165377,
2014-06-13,0.0153422814843926,8.995303503716554e-05,-0.0049527308305515275,-0.009035877366031177,0.003761599266365507,0.008750271545297589,0.12516460677286537,-0.005658638054618548,-0.00822403129692876,-0.007748321751313558,0.03149890761637525,-0.010085554009869217,,0.057237176178887676,-0.006045266854071171,0.0013574128780750262,0.0019266882473386328,0.01278294454864374,0.03609072322444775,,-0.0069882275074499255,,0.04500767239002481,0.0,-0.04534777638966844,-0.014522218394611304,0.032989842187866936,-0.009546393932342528,-0.015281683565792932,
2014-06-20,-0.015894936157568127,0.044624083738330156,0.057642370424492724,0.02915215519409305,0.0004171779071094952,0.053983122861741624,-0.04512039179072047,0.03820146238853525,0.021669542424706034,0.03217426801581263,0.0,0.01095077937022161,,-0.006050474254344974,0.010854889078033792,0.029959489625488986,0.02870273711145271,0.039499501647051495,0.012039468359918256,,0.07365710051753295,,0.04774176114593535,0.0006958962359187046,-0.012970399857799289,0.014129991642028274,0.007063757034483863,0.015902158582246306,-0.010253534321779762,
2014-06-27,-0.0041127455258414955,-0.011253449272066276,0.005699863017928293,-0.02276488485651916,-0.0033416662778567112,-0.048480631993721976,-0.04725276504983621,-0.03010005451846299,-0.00382309235865871,0.011921787427486967,0.04694239809817352,0.03327831050966475,,0.02858294086957412,0.013583149753067607,-0.0610627897250799,-0.033820553781860815,-0.030612610089158488,-0.03912155792107407,,-0.03716423282853836,,0.04244298444222215,0.0,-0.03995201295108079,-0.004523591039249543,0.006242788904488398,0.017363600837921093,0.01630052863927189,
2014-07-04,0.032974127597049915,0.00676711788316725,0.0353968978409501,0.0020138113248781846,0.0051462257226828415,0.012912628500167018,0.09237315684055668,0.013978839707807805,0.014095825638512072,0.0009476443508435524,-0.019568859573314824,0.012538546003337335,,0.05482577451852287,-0.010707655473836083,0.009851205701261403,0.031296659559505585,0.013538053961517022,0.026903528415463434,,0.054600935981717835,,0.017276234794934103,-0.02893301997760831,0.02945323870778714,-0.004742259181462746,0.012436145421390675,0.007056414230693275,0.00886741324948138,
2014-07-11,-0.027756959593252646,-0.02264970513185018,-0.018603199802638137,-0.006161088771466439,-0.023380565071856436,0.012044049066694824,0.0,-0.0006769255047141967,-0.0018904883393217134,-0.0061757025380671125,0.0007542615874128206,-0.010900837163324597,,-0.02385551798246583,0.006913620777850771,-0.00327291059890707,-0.009253320915274267,0.024237765155320903,-0.00890407762254646,,-0.03584618197703972,,-0.021305711708221365,0.014218112046268714,-0.07106814618884616,-0.0060591332563609554,-0.008501873567981037,0.0028070376316152025,-0.0006795303459440529,
2014-07-18,-0.021194301345768086,-0.0036330191760881037,-0.02146496897821349,-0.012545147931210587,0.001289576250263879,-0.04597012510162045,0.0,0.0070895761215105605,0.0026680411144000523,0.01090030435280176,0.030871861912373778,0.030981899916926868,,0.010113901701325928,0.05993942466124744,0.007116804096891371,-0.0018116860694959052,-0.029441628594256065,-0.01609375552720053,,0.03199757499012942,,0.04087575822721535,0.04148064771281858,-0.005681828079570931,-0.013844307055593546,-0.010193963454627065,-0.06173325180009187,-0.0047683684433495535,
2014-07-25,-0.014927955026239698,-0.015837206225802317,-0.011600835772822601,-0.01335981054721944,-0.026111447187208186,-0.011867888138555029,-0.02985444728830571,0.03487692346749848,0.01607587770195378,-0.03428333443370278,0.09435318983722146,-0.011685768727710719,,0.01250025689666283,-0.004260497596043837,-0.013695099199245553,-0.00869161382720669,-0.010248764230670155,-0.018984535953286728,,0.0019261936787167732,,0.012411925589039573,0.0,-0.0028530662653855803,-0.03359139836145126,0.12839088743079075,-0.04463974309030226,0.013563140019018791,
2014-08-01,-0.025246594296302435,-0.035245985926497705,-0.03491400323360155,-0.04358277515591975,-0.02004050599049167,-0.02722904882096873,-0.01526594450241478,-0.04757303824717164,-0.038298928290741205,-0.04260197731103826,-0.038364611140364595,-0.041792223727624575,,0.02575224414527218,-0.037550207925715035,-0.03538580875510635,-0.03528452241209249,-0.030157709313723722,-0.014573826878882944,,-0.12559093604810845,,-0.048811468936832095,0.0,-0.089612143788526,-0.01494621696440184,0.0023133358555467052,-0.049560324694099246,-0.05624719109081425,
2014-08-08,-0.020153119494472824,0.005961354207787346,0.009525122503948965,0.04576741860445031,0.012072590326426387,0.06299426460607303,-0.20409496445878833,0.028549813303961443,0.02444055797584357,0.004064090116063295,0.009627497949576607,0.007537665602445969,,0.020372282270977732,0.00790127536011506,0.023411017559383646,-0.000775524468152943,0.02751869205730251,-0.014402876629531542,,-0.02952241559254149,,-0.06886526263203074,0.0,-0.07458886225915982,-0.007985478405661989,-0.008090220966663012,-0.00697853356413592,0.026578256401097927,
2014-08-15,0.012410900215493941,0.022043637164807044,0.03584719883084702,0.012361733930397972,0.018058196567446415,0.2972474439344821,0.018690258654085096,0.0,0.017130099923778622,0.03560682966931402,0.007771249994188514,0.009934317390930583,,-0.0023754847378873647,0.036144741950438826,0.007841556873955602,0.014970892549029235,0.01359942304985048,-0.024078729349562022,,0.03170189038500209,,0.03756315498628829,0.0634091696691351,0.05566087088145215,0.002562465761611221,0.012582854040421136,0.02135117581344986,0.033971194538310844,
2014-08-22,-0.0019450240468212485,0.0005447262076036938,-0.002747609553617346,-0.003995567136646027,-0.008327974691570348,-0.07921407156428148,0.054067168985500444,0.001323693597335112,-0.0027257074320621525,0.005853886327858668,0.012685820951939897,0.01501411888992712,,-0.004767574768065747,0.014231940826157148,-0.001895453082397403,-0.002297681140855142,0.009199211546007164,0.006911095059845633,,0.010826513339382799,,0.02861876673049634,0.0,0.04666471985332171,0.007011957494103097,-0.0018153266863160959,0.012926462416665051,-0.007000068899641738,
2014-08-29,0.014537573917879984,0.014780512173198932,-0.0016063613009089353,0.0025933358458301737,0.035455528291994436,0.02334463702551988,0.13133753681920282,0.03955126143190047,0.009669295796051068,0.014486027417668412,0.003346870446261143,-0.017329563958557538,,-0.031555984408902435,0.00618173052324558,0.014595358240954976,0.021337064079199757,0.011439361132577618,0.03746332422454614,,-0.002875559155374595,,0.05149480985207826,0.0,0.0,0.0008365384570218426,0.0025081451139696803,0.00027642449902166074,0.01899980922206161,
2014-09-05,0.00896943926808119,0.01129758803638731,-0.002414181073828906,-0.0017096639508090347,-0.008103863671147916,0.009120159886125424,-0.16705745461863092,-0.011027018847441786,-0.0009251044635808716,0.002872060659276566,0.032091368026851905,0.02613390319616034,,0.024963282191671914,0.010510560185571604,-0.001520195141485691,-0.005249034251182923,0.007170025724455524,-0.009904885256688756,,0.01925188049763037,,-0.00511731778595227,-0.12629363499137572,0.0180727641866287,-0.006960220017842275,-0.0010319873376885018,-0.0009669485156558744,0.012905430083271977,
2014-09-12,-0.010472213391614039,-0.018750781495340995,-0.011343923197341704,-0.024258706909734844,-0.0017149334192245577,0.007481471791300315,-0.056089518232082754,0.0009193246313202848,-0.009637532341457923,-0.001864861429355883,0.0028434989148802105,-0.021781780911786862,,-0.05818478015788637,0.01706126116154002,-0.016876555048259988,0.0021195965666253374,0.006611438618349997,-0.018937605507766138,,-0.02720283468163841,,0.005967677419439502,-0.031748645989907356,0.04380265112628338,0.0028964426069535906,-0.01957226963603302,-0.010837918577873942,-0.0019624109106728222,
2014-09-19,0.013963555241660316,0.03419904094781361,0.023925863737226688,0.03354211482244928,-0.0025771664764885254,-0.0012244740381431958,0.019052008391925394,0.03633895887194575,0.03162787472143992,0.014130534957308313,0.0055344425906669985,0.03444850993155415,,0.020814566068763064,0.017406508541559337,0.01804628903629253,0.006754005545045519,0.041526249387625294,-0.1082691258282725,,0.010826513339382799,,0.007620629542785137,0.016000285343616607,-0.05581479639354438,0.010868550304737263,-0.0010835676029131197,0.019369336255474795,0.01267754896572159,
2014-09-26,-0.0336960051684724,-0.02460117701085453,-0.01696554458140266,-0.03276466888689772,-0.027028516087597956,0.008319054246204568,0.018690258654085096,-0.0018718909897302524,-0.007061481481902835,0.003560595413875017,0.011231840374486171,-0.029332667023757922,,-0.0584812732374682,-0.02363560140124768,-0.015803835352120932,-0.035019125773485885,0.018062363949732724,-0.017987125782604585,,-0.009376222943991007,,-0.012306500036548264,-0.025975534412821098,-0.02446602896215433,0.003597083333302573,-0.005011900647402537,-0.008807834277718573,0.0035005708061713633,
2014-10-03,-0.02637290412442547,-0.04165183643410623,0.004728814170662768,-0.00880964140701929,-0.04242528284055695,0.016433323583192133,-0.018690258654085027,0.01071550043029034,0.0039646672319178095,0.018779586293328827,-0.01728285339617263,-0.0028104414609194718,,-0.012654159115749828,-0.006919359861197332,0.015261906220395022,-0.030074732837279954,0.00826057535643511,-0.016739647535024823,,-0.05129327136855361,,-0.024201676361004353,-0.02924549039591191,0.0030911896080078717,0.0016882847050059139,0.02056585653370059,-0.009863363347885198,0.005549066298896384,
2014-10-10,-0.011918282290968295,-0.011136692289594434,-0.012504215161731102,-0.02886253976723348,-0.01579929949814261,0.03007670544197455,-0.05826882546486589,-0.00480017090049053,0.012224603767124814,0.03361500876468659,-0.060277386590725596,-0.05443606914051466,,-0.01757980410015485,-0.04572448447205369,-0.0027253234045556446,-0.008386538741525045,0.011409375879953422,-0.02096838243349813,,-0.02393018267110549,,-0.054845259292712924,-0.0077721096656918915,-0.12126134285103256,-0.027358004684893293,-0.028451324618222015,-0.03292459698093731,-0.01674123933037248,
2014-10-17,0.017159941666774748,0.0017865828920476858,-0.02095694623106839,-0.011828999568178771,0.003273147840327607,-0.029207739987493365,0.05826882546486581,-0.02101727175972976,-0.033737768437755826,-0.03640953648818162,0.04084929200498361,-0.05978620872992825,,-0.002732307661501071,-0.009126441866029712,0.020202808691069576,0.010001308948604433,-0.02294936755437566,-0.011693683804441597,,-0.010208206960977757,,-0.005560669208365128,-0.04931040768045156,0.044300298771465,-0.013745290225623133,-0.02136824878872177,-0.007591144024084621,0.10465331493885535,
2014-10-24,0.016260757576722143,0.021376200945574433,0.049101929547274444,0.03755052989917577,0.03486598199299238,0.060860868966426375,-0.05826882546486589,0.05714077239618,0.03320940491689554,-0.04410165958923562,0.06029149611620986,0.04839210808362306,,0.051976996983622514,0.055718800731429645,0.02367098210708752,-0.021385330088822978,0.039296293501005566,0.022561784064305555,,0.003938655631780015,,0.04097066448182569,0.020284605855435033,0.03601040379178659,0.00689637372769715,-0.04126229629881451,0.021845203770347897,0.03292680034578853,
2014-10-31,0.028110436896535803,0.020298413233076032,0.03626256859732515,0.04040825340351494,0.01743007207012613,0.030087270237156277,-0.040824013625603686,0.03602017469999722,0.01646027837041104,0.020504787419142655,-0.0730120803951957,0.03397635751662336,,0.04134133001027073,0.017619704673715337,0.010730079328048122,0.039333587697250524,0.017739811254787522,0.02318890549996144,,0.07202803610658659,,0.16530276610194458,0.0747770981368784,0.1351378363308801,0.02222331429297018,0.03544851230696347,0.027522658928294433,0.012580358676860304,
2014-11-07,-0.014257318324701975,-0.012608973926325718,0.021826546890008982,0.009878875801539575,-0.004509240899304403,0.07180416114612785,0.13613034893062684,0.01005766611003952,0.00652940210023428,0.010451307084216889,0.00810141980181548,-0.02867067500865253,,-0.015066150142546428,0.03618498866079919,-0.010048692986896484,0.005969900996352149,0.031160609386964237,-0.056392151753718034,,-0.04030394957570647,,-0.011024666392772236,0.0,0.01947215101240628,0.01451021504279726,0.017140666821859597,0.014237730913413007,0.022384615431009478,
2014-11-14,0.011880804735827585,0.022181625788185045,-0.007294337553468128,-0.002675013567394703,0.015601080738660912,-0.0043455977631405756,-0.24613352697085308,0.002142188078995387,0.009459240776165301,0.009641339218371181,-0.009569316908766093,0.006088418138334455,,0.0912191124667733,0.018319786957101295,-0.02110194403214745,0.003408267833174491,-0.02209941415325836,-0.06254420866062269,,0.047592693728176684,,0.008753606630966923,0.0,-0.08027236243409794,0.011604663616557506,0.0315001854216733,0.026010409600419723,0.007242828026579245,
2014-11-21,0.020603762824578993,0.033468238626315684,0.009429769556659858,0.008534412324272255,0.009683066019697968,0.014077565311908971,0.04546471899082617,0.02646523072947299,0.011901571051884174,0.040587928524641236,-0.015205729901763443,-0.016892828513928922,,-0.0576337394212274,-0.02651640512776576,0.008310163259238602,0.014807428790806477,0.009385509084378891,0.01407450701716262,,0.0021762251097997808,,0.018769320195591417,-0.08014623004153203,0.04665571739166887,0.004873147851474001,-0.01795657903678252,0.014339019595504005,0.013466939062861014,
2014-11-28,0.02515133790186212,0.021164285759653234,0.027767809572510516,0.030443289904566583,0.04118975925031718,0.0243694776466168,0.0,0.027676442386476496,0.012161239681158202,0.01427704424198367,0.05217421360107677,0.005826734570902304,,-0.02226449962074568,-0.003549104334385712,-0.0008047407231334645,0.015606810991413,0.020503584000005865,-0.001998530922011819,,0.04948010250760444,,0.028232873137371963,0.009377179111296438,0.005681828079570861,0.010145324661831346,0.008687114653031238,0.018157513035503968,0.012329350747648519,
2014-12-05,-0.003985235701899557,-0.00849823304153422,-0.01368233591565988,-0.05810268808153584,-0.02038271270124535,-0.049909816744643766,0.021976649946253632,-0.028231830616407674,-0.017107830931098047,-0.029426978210177656,-0.01739630435839968,-0.03899651633961044,,-0.03694686238014027,0.012677665216013918,0.002412826650753666,-0.009608116025241841,0.015988281475266024,0.013906383457918352,,-0.006226334738831806,,0.005408328322017671,-0.0618753353514221,0.03068584762815264,-0.005178325062614298,-0.00460658805177547,0.013500620608867028,0.011020497657608836,
2014-12-12,-0.07283604366178972,-0.0501142212542302,-0.04638509676038644,-0.05298480245890645,-0.039821791832576676,-0.014920065199459851,0.08338582272875021,-0.01857037656203554,-0.03137921823433381,-0.062075650980918835,0.0190680049398434,-0.012519129469809381,,-0.0650145815769743,-0.03082975756377754,-0.031711541278919245,-0.09286928457842832,-0.02819943791463372,0.022675736081449394,,-0.04688353295662527,,0.011796380954346396,0.06984355600430214,-0.030685847628152577,-0.06089690061450973,-0.004399783307089553,-0.07214488923155393,0.004577666071958262,
2014-12-19,0.0036743675478240617,0.03508800868675859,0.04333083710581371,0.017862181049984195,0.0008927637089717265,0.060182379780252676,0.07695908411895083,0.020442068639061645,0.007361970189555154,0.025103196361719683,0.025998493898925855,-0.0028227568845190275,,0.041376000872553005,0.015009328972421056,-0.016361736681747785,0.02390087348861811,0.018162301404347696,0.025468353040357695,,-0.03553298357498399,,-0.0003554373287626369,0.0,0.016854315751592953,0.028287253390530176,-0.00954868998637359,-0.023331439382950955,0.006500105104051877,0.16829173178026496
2014-12-26,0.0189443291664208,0.009060252807410794,0.05280054009485455,0.02410560971084563,0.011089003833389456,-0.0010755827066625421,-0.0769590841189509,0.020032547944135608,0.01672792576588976,0.02379116322411687,0.011203816139845304,0.04047418162313845,,-0.010688182110266134,0.00460553015688373,0.015600157088117959,0.011106141391193177,0.011129198218177825,-0.004947556279816955,,0.004511264213972932,,0.030114342370705437,0.0,0.002781640379193226,0.01659568203695746,0.04008116226750639,0.02730410252286056,-0.002511160048583874,-0.07121141931205596
2015-01-02,-0.0389671991338265,-0.03144954937833171,-0.024717701324695623,-0.02263155244724466,-0.03729894231613392,-0.030502612831748748,0.0,-0.020870143708425184,-0.027261382396145596,-0.01927235703577097,-0.029267813625291194,-0.022352381938236354,,-0.034851472964311805,-0.02366979477709946,-0.0282326405450811,-0.040083023946679563,-0.03274380282509403,-0.01883487035834715,,-0.021995579289346732,,-0.031181345123229426,0.0,0.0,-0.016166928568221647,0.0005012826049388458,-0.010859946486246417,-0.012227248721510361,-0.01810221700411088
2015-01-09,-0.012100652484324992,0.002056207742936086,0.09614907535810263,0.00947316608199954,0.024870773338590446,0.07890412105721399,0.039216817072940446,0.030941194588979305,0.024888567002873285,0.020900817188932892,-0.009091552720147389,-0.05598048472438119,,0.13812785985033793,0.00915367926317227,0.020764820281250634,-0.007757040863037511,0.032743802825094086,-0.03971116093711216,,-0.02563239460439476,,-0.008218718308849581,-0.07083693829179637,0.048790183091541886,-0.0005364626642911521,0.051523996794045845,0.015225469971174577,0.06378262671687544,0.041906554632756866
2015-01-16,0.037001981407610886,0.04402842146409363,0.038919735848540284,0.003921010586377753,0.05263245953170459,0.015682990881534534,-0.14457928974794418,0.03473162226633455,0.004843127702460101,-0.011688053549428442,-0.03348495735019854,0.019265208938159938,,-0.04395632701129758,-0.020336400209447075,-0.0002416089010007746,0.03242218976561173,0.04728286181774223,0.005061217905275194,,0.010954641883009483,,0.04696021345042133,0.04402566039807952,-0.04325000783848654,-0.018625102507037302,-0.004433912272508755,-0.008457592574041434,-0.0202027710500786,-0.025600068377221865
2015-01-23,0.02310790034981925,0.024565420653546752,-0.00891064956117573,0.03817089128296398,0.008858964503337242,0.003526436575343296,0.12516311373604358,0.02645808284836293,0.012664326925559952,0.01817417816167594,0.03464201365686605,0.05986132445935485,,0.07848336011883489,0.02012470147714031,0.0014500727617628713,0.0408033534207188,0.021261774246512547,0.019990535083865377,,-0.014106844441041003,,0.022008727494778193,0.050341674482634775,-0.0027662509387050317,-0.02132094319176121,0.0036215299294292047,0.022929591622146063,-0.00396786656650843,0.009199778950858044
2015-01-30,0.0031371037038912734,0.017769856703989746,-0.0014473727257208104,-0.04456425004239007,0.007114561522498154,-0.01997865984415886,0.3586324155667856,-0.01592045772374189,-0.04940920053544692,-0.05067396945981206,-0.024978479545345274,-0.008151855570522058,,-0.015924809885588913,-0.15514045832848758,-0.03164757295265393,-0.005753271575549839,-0.020319754710281253,-0.006453436183225834,,-0.05100245640921428,,-0.004699615805746048,0.0,0.09505835862024509,0.031651256216524995,-0.005409078256076947,-0.025002804158346117,0.009637592880388384,-0.016155739314077218
2015-02-06,-0.014838970655702749,-0.0064102971884230035,0.022028046142219097,0.014743875843589707,-0.012589542702341487,0.001708645862476518,0.20935165125711597,0.00927486856019087,0.03076542402213405,0.006777772289669504,-0.019152103962921083,-0.006850521544284554,,0.020012664438930662,0.048554429457058665,0.012755083977928622,-0.015747096275862297,0.004322661449850829,0.15706340206186,,0.03187845926990401,,-0.031792060321469306,0.13401587569735673,0.0,0.01662816786512217,-0.07292102787929901,0.02257124693599724,0.008144490567705024,0.0051571357887795636
2015-02-13,-0.02171368322048168,0.003539061090057727,0.0010618822252256694,0.005859371080930174,0.0004225108514878321,0.005023640040187035,0.06453845904940005,-0.01342485195299434,0.024715403484847576,0.012943482055167727,0.01691012602397812,0.031853879637792806,,-0.02179772874557494,0.033846485990510385,0.019496294959897263,0.0021620217390386207,0.026460642505001273,-0.024996143315018673,,-0.0016102660835843972,,-0.013639004689141969,0.0,0.002515722182973634,0.01750786674942227,0.022431124261985392,0.010227484958610217,0.0014008435006114877,-0.003607111421198626
2015-02-20,0.02600032116346516,0.015084332739649924,0.02377974888054201,0.016290409790818472,-0.006352124198936108,0.029458169886384267,0.10848163350303132,0.024011141597646005,-0.0007064289199500884,-0.0004759467821618092,0.05346933221820151,-0.017128205576638546,,0.0041605490445315325,0.006863720177755299,0.0020491849338057574,0.02066169772980823,0.015403048408711685,0.0222257524483142,,0.028595933264136526,,-0.050181955456636895,0.0,-0.05686286922324434,-0.015381948223189189,-0.0013196282932246585,0.03731890036264151,0.024692676381229454,0.07098690910468813
2015-02-27,0.027597691275867815,0.02469860363738951,-0.008938404830511502,-0.005655393362635072,0.002545630023954326,0.15167365637834823,0.05455888220635084,-0.0003808651160302502,-0.0008081619215967968,0.03119733830044485,-0.01170773825775171,0.037725384807008995,,0.032100713690075236,-0.00022789731382213637,-0.0009638657652410748,0.02627162913340335,0.012154020502626579,0.02215970593817123,,0.0436683940394767,,-0.019439881634823353,0.0,-0.0324352443969582,0.05744816631784855,-0.013488125314981033,0.04514139263287875,-0.00950865036498258,0.06361579165359943
2015-03-06,-0.025306971752958436,-0.014793791754267928,-0.03377511438168563,-0.02900109802649541,-0.02314716223553488,-0.03240724231371265,-0.1840949513441337,-0.005600001031984962,-0.022121494156431835,-0.0419774688320071,0.013083665280985637,0.018088852425248027,,-0.038646467915136484,-0.034570895664632,-0.035707156294811075,-0.016011658979806845,-0.05326838542422438,0.0020852322168980362,,0.0659898866109014,,-0.06552051846585953,0.0,0.005479460395805221,-0.018058893630736667,-0.009504104346915813,-0.024335244040327938,-0.006521701942787518,-0.07217923318390466
2015-03-13,-0.052074747094739915,-0.03332165075580603,0.04865674870507906,-0.0014657786937840116,-0.02680909245549922,-0.008379344836766897,0.041674798609539196,-0.015150430555239082,-0.019423828017403597,-0.03128481123520257,-0.024801999484252074,-0.03535321643215028,,0.020680283086433188,-0.02340665575358475,-0.03044004773722822,-0.06106669375495225,-0.027797540419153475,-0.0482178401187694,,-0.014846393541415277,,0.02468281525684092,0.0,-0.047561431917355484,-0.00806309404268047,0.023748657210200908,-0.021064339575907347,-0.008331004586005516,-0.05468883934144019
2015-03-20,0.04392986675182505,0.01757320910530378,0.015424882663554825,0.01244644030596104,0.049956254691034034,0.014945339832557508,0.0,0.004423320220990705,0.010755808541734777,0.018372014835083904,0.07108323591277373,0.021379249645475513,,0.08300724304001568,0.03560821289892716,0.022916083265180114,0.038507396382902855,0.0005839392838284851,0.003927070584716561,,0.28607806927055923,,0.009782899270903601,0.06453839179131096,0.05301103137445642,0.007239087717496901,0.017838182030059723,0.021695747503505503,0.04806408664988218,0.00025664836223822775
2015-03-27,-0.01490084673271689,-0.0024449469475925855,-0.0324006305268979,-0.003572417646517111,0.01930397382907308,0.003411838879110174,0.243346039676098,0.024239653773042134,0.006377596863564464,-0.014121558558700809,-0.0059844120081523665,-0.013184939238608936,,0.004832135465194798,-0.0455656880442526,-0.021452321531684474,-0.026333308992909563,-0.021227145781717405,0.010180958682624383,,0.020652168952203467,,-0.016490364722168842,0.022002026727041754,-0.030347193229332336,-0.0009281711851375283,-0.03547208921439616,-0.011427463599485509,-0.03481494494965713,-0.004629368684729591
2015-04-03,-0.006023051260878285,0.025458529165967077,0.02816331791327245,0.018393794012613554,0.004147729349492811,-0.01702942076971538,0.12044531607482067,-0.010188397652301258,-0.0027133682569161306,0.014859036352155321,-0.021109890843051007,-0.02956012201203271,,0.037839618986633634,-0.016736398594561854,0.00610209302131305,0.002636706213627694,0.016743833910390298,0.018999274651414936,,-0.038466352777418514,,-0.010346301115182895,0.0,0.01666710271113144,-0.011722553736056502,-0.015710049796078405,0.018723021706736585,-0.0005939541085265632,0.004372720322491266
2015-04-10,0.010956025858499809,-0.004944291357060249,0.03299539884768541,0.027292170974412926,-0.0033167436769141823,0.019562669337531178,0.12641330899364586,0.00765116078377504,0.005315481522874993,0.0049047030578689725,0.005868281496505347,0.013268196258799573,,0.08214285846135316,0.03487691024767195,0.008249390055451661,0.02167416473871239,0.025459910146471348,0.0175766245443102,,0.07247268018773274,,0.010742114646807738,0.0495301232029092,0.0404913222594699,0.02034865091117216,0.045881622792893,0.008129135819775098,-0.004863558440359105,0.0005132988691751273
2015-04-17,-0.009801638401675366,-0.011093297377550538,-0.048141116170180714,-0.011713692374694109,0.002902453842819451,-0.01039070518188378,-0.10535991961118757,-0.02235122387745184,-0.004062044300197194,-0.014289859319035269,-0.015477706792199989,-0.029226835808446833,,-0.05869636902535888,-0.0023996552132697292,0.09027995411313845,0.0270533962248621,-0.01457941956457685,-0.0035779546947209487,,0.07370990625694822,,-0.022005334702440753,-0.04560006354543577,-0.026811231741269037,-0.030311280371504424,0.0013606379704083587,-0.0033800403572893673,-0.012616828886438447,-0.012390003905035396
2015-04-24,0.005927980241511334,8.088495425553922e-05,-0.0029360523479111645,-0.012728010265031302,0.05046510710737422,0.03495277824293826,0.0,0.0241277887077891,-0.0067024741755986154,0.01453418554358915,0.009241523574346214,0.07400338355217813,,0.06012085151973082,0.1399082505812832,-0.02988159856727654,0.014228635638865412,0.006164702198879627,0.007352522628066818,,0.02784400277304086,,0.01445810791012884,0.0,0.018843069660936063,0.03987688768794289,-0.07033053125218644,0.08816027841450305,0.1383064896203983,0.07671984424942518
2015-05-01,-0.02022808229593253,-0.001383384264044947,0.013314773676262331,0.0027332281640202677,-0.022293855864468713,-0.004595038887388457,0.23551561354564965,-0.03733525637179261,0.004089643177222026,0.0004888712265218459,-0.03164962633780686,-0.04001174762083299,,-0.030341910892783354,0.016368310146023326,0.0077045084287214755,-0.01808737875057999,-0.027452435194815307,-0.016672663655243735,,-0.030671569023618197,,-0.029128244825517798,0.0,-0.04360366139040205,-0.009565607316438457,-0.005505298527864974,0.053644045845171476,-0.05057321296015897,-0.004822791994661523
2015-05-08,-0.004330092819218427,0.009836884501391528,-0.0047766415717523675,0.00967017377684813,0.0064201495809193794,-0.0939860624785203,0.029081172331908163,0.00708281697229387,0.010306518226563192,0.0017099638783936943,-0.006095073079430172,-0.004017741543507313,,-0.012795596782944047,-0.018878159957900237,0.021355474165141917,0.0093071248799175,0.029371032529374393,0.03307125740472358,,0.05508512280237809,,0.02833046025958532,-0.016443236902397646,0.05157182347073501,0.004387050864331397,-0.00028396148499638865,-0.022225425800722967,0.007265419375121289,-0.0050889675217389825
2015-05-15,0.020580687131175505,0.003176223954127692,0.018145836514396198,0.027411193891355025,-0.0036061730822295576,0.029527805423662755,-0.10041867836784146,0.01169484209385448,0.01714895377633747,0.013091194272481059,0.024036777688351114,-0.004491520574136724,,0.043057330914375566,0.011452362369822442,0.016069013537413007,0.01380101597125728,0.012382028223635901,-0.017236334375714132,,0.0644268135279276,,-0.014874603169152978,0.0,-0.04325000783848654,-0.0019360866978948585,-0.002290358861255602,0.04439364800700381,0.011026929325166999,0.023530701077555664
2015-05-22,-0.00853870145227841,-0.003584217077120716,-0.0014359122722807638,-0.005803179994887378,-0.014964785904512482,-0.02223760079216881,-0.0921469463563598,-0.004531940563383111,-0.020157060018113144,-0.0074947164427736366,0.0014909851539162532,0.01458704286367897,,-0.01629950495770034,-0.02293603436420197,-0.028352311006301506,-0.014513617959429613,-0.030564293698463686,0.07445165038482608,,-0.08154446514675737,,0.09902210967702758,0.02997638070005357,-0.011111215122715117,0.009643675898779494,-0.009421657707703153,-0.026092948941134824,-0.01194357389680325,-0.05612618844314324
2015-05-29,-0.008882639706832212,-0.016289918740155847,-0.003302860101913031,-0.0024373415107357883,0.010539058587189364,-0.01659625373802521,-0.11440997459514166,-0.005465357294462796,0.0017646159673024519,-0.006084910919220132,-0.016903748606948408,-0.016730113604943413,,-0.035920249534475944,-0.0008532322242170505,-0.012917090632117358,-0.013100492270131096,-0.0005861055434472579,0.0011662604444686545,,-0.03938431519270637,,0.004027119050476832,-0.011264896171271249,-0.011236062731748753,-0.022747371272033808,-0.017585560703073717,-0.015745166036398184,-0.0033992695002477047,-0.02723119440291169
2015-06-05,0.06151461569389829,0.03215809140471145,0.00827836377618694,0.03436630831334619,-0.04832668361679354,-0.013685325295914033,0.04652041675226659,-0.03694744468520561,-0.028334510699917978,-0.02121911027214687,0.03657475317191181,0.007690615890941673,,0.005495684018666953,-0.015484379822378996,-0.041414172106074655,-0.05590556185277519,-0.060173093236260175,0.016373290841468664,,-0.014758520518983851,,0.029519770355836875,0.0030849047628737198,-0.005665732178300458,-0.004074125035943342,-0.0027982956975856703,0.007518290848374782,0.012256690719236733,0.015905640571299125
2015-06-12,-0.0007626777971096859,-0.020120788176711604,0.013785590025147306,0.009518998035659228,-0.004240744853228349,0.022368422994383862,-0.10904120822085239,0.002162059780644812,0.00738833533135628,0.004718406127754812,-0.007454067989993561,-0.00375576991974034,,0.007446201331091403,-0.003690933879940108,0.026741034703508474,0.01760919810606355,0.007089004127255607,0.04025644031804978,,-0.009638620426835432,,0.003187541237670706,0.0,0.04716548936793347,-0.005036407045877572,-0.0066037096772196035,0.003518260156379123,0.023366351070576528,-0.03312020305728368
2015-06-19,0.010377375140007777,-8.184029336512263e-05,-0.008499849800881774,0.027527753162609733,0.011409413650338136,0.04067559854338742,0.2655496815377816,0.014310406900159004,0.011876848064989842,0.010950943896341004,0.011948694555164535,0.01819070206536172,,-0.015450380006257172,0.002823834039342539,0.009725335066863818,0.054067492304904506,0.02629540438885021,0.040814661987404084,,-0.032483250639345,,-0.00995035513341913,0.0,-0.030263694457884304,0.010672861526381935,0.0090607737080471,0.01265125855828503,-0.0033898053188565194,-0.004218450343764576
2015-06-26,0.005441047873052058,0.03170256164216579,-0.017729011800675234,0.00019883347623124656,0.01708002854283545,0.041671187352926124,-0.02504569196253356,0.0036134772383237704,0.000527208371972576,-0.009950341506923126,0.06453081398830236,-0.008031909497186436,,0.025782611900996316,-0.01838908889590084,-0.003872669645499309,-0.0037410869282962565,0.0032389939827465984,0.0077218131682656906,,0.10305683141377336,,0.0219012932764198,0.0,0.011111215122715136,0.012514820492034956,-0.009552855953671172,0.005188617059393032,0.026367070747691436,0.02967405916366933
2015-07-03,-0.015055745215950279,-0.0321122580053252,-0.002644325628916976,-0.0023811952956297794,-0.03568184452358403,-0.042569008352327936,-0.07913731065002357,-0.009258946049835452,-0.0026380366648550355,-0.012832188558000888,-0.00821433202809043,-0.010396141755711203,,-0.011816956882852657,-0.019184386241974546,-0.0022154158914671953,-0.023658086663859403,-0.009952421668529728,0.0013978694344036393,,-0.03676903956381719,,-0.0435628039798521,0.0,-0.03371102572879788,-0.01157861393796208,0.0001640543216718411,-0.013022301519380088,-0.008916908495624782,0.013501622703833802
2015-07-10,0.00793458833707079,0.03741835621070252,-0.009007641274175431,0.009980724177131126,0.03058857404363611,0.018613109120361997,-0.056467074014853284,0.03964578168373138,0.009358474595489984,0.022534799577910304,0.007532434005297636,0.015895751133224605,,-0.05079829981265359,0.004718548545066534,0.012123182374513599,0.027754692284915592,0.04626956984861046,0.0021363024901323584,,-0.061795697203654604,,0.030904385883754708,0.0,0.052863505063967184,0.01527207774281582,0.04782408526782271,-0.007565205838167417,0.01775530701175502,-0.017356232901164233
2015-07-17,0.016758104667843554,0.014817249056045523,0.014883358594225004,0.0001966005329695351,0.004175480090117688,0.0286074987584021,-0.04237881344178524,0.01912174880863524,0.012790460644779239,0.021069218833304298,0.07679269581765387,0.2295711730643134,,0.03683264479450993,0.0440714774385924,0.043699707404694914,0.017705466016623348,0.036548870955267536,0.005609765420859216,,0.07343201283948819,,0.09704576145008285,0.06556472389377077,0.0,-0.0015372943131338299,0.03462855687074785,-0.028880773251048358,-0.05205640247783158,0.050211454871869586
2015-07-24,-0.054802292155451376,-0.032507336499238884,-0.011528008439816566,0.005978793641814418,0.0008329045335980832,0.06113694222896312,0.058840957839592145,-0.009579522469635171,-0.006218724741748233,-0.01983217744786817,0.02063421834303907,-0.06625330096750412,,-0.03319145973148768,-0.014693262133802256,-0.013843173965286821,-0.03726995394233307,0.010652882124505762,-0.038493394907802805,,0.00415598623772093,,0.008633161887006014,0.005752596840351813,0.05535010402945296,-0.014462682996470652,0.09619557210054196,-0.013402909832077398,0.008325687170446114,-0.018535047088304227
2015-07-31,-0.01931208713676043,-0.03968692133692537,0.030367928552327547,0.05771800749848395,-0.005845368874305989,0.030818466972492648,0.055569016755549705,0.029090284626188196,0.0017657929676650993,0.015702470539463883,-0.030794129886085556,0.0041608348417645664,,-0.03433141687400277,0.01640786817623986,0.010342155581625866,0.07555695172622065,0.010908970883081407,0.035867857968812415,,0.014184613054360208,,0.005397697718986247,0.06298385048200435,-0.012903454059856923,0.03837952004586067,0.018273528888420633,0.012036395534255343,0.025624198742774214,0.07563897632127911
2015-08-07,0.006567433918227129,0.00891052807193661,0.03132508674655257,0.012830988297538062,0.011242815479573945,-0.02893963272499399,0.05630007971255309,0.020360005979633458,0.028142112522771063,0.016656822896217022,0.0030800306913930974,0.010424578730149596,,-0.0228266846485819,0.0008561542992825523,-0.005157823040722067,-0.007338045590418892,0.02020630324660956,-0.1269177258701152,,0.05695653710723111,,-0.003807137882784458,0.0,0.018018549736181017,-0.009457774061925864,0.00924003075413728,-0.0017104392374295138,-0.003607906337315584,-0.008826851802583111
2015-08-14,0.005297047758361371,-0.02773985648999583,0.03562426381615741,-0.012001468631380812,-0.0281353386674943,0.008211812988367082,-0.18817725834389867,0.004630707482495654,0.0013112788739945,-0.012527115987812806,0.0012717482295663155,0.03690868895741426,,0.019597642480054685,0.0055475379871814424,-0.00980244197795526,-0.011579126694123369,0.004853966358657906,-0.02274431630150772,,0.039550828243059194,,-0.023802982601087742,0.0,-0.002554277316255226,0.0035321032878966015,-0.0010417778135765792,-0.04697127762514613,0.006502575931132465,-0.006084919382310142
2015-08-21,-0.05325506209786379,-0.07392448683816909,-0.03903004205086477,-0.05942742755871793,-0.051562251131136584,-0.07947220671405682,-0.12164554874634863,-0.040315559371617626,-0.030491539409295585,-0.04259171717729581,-0.09270825506947553,-0.0680325795689963,,-0.11106728252017935,-0.08074838668337715,-0.03970485047225167,-0.05834520760068328,-0.0331846141709584,-0.008792694064119548,,-0.03270731007934378,,-0.06176460096243257,0.0,-0.05791092238952176,-0.02179304650925468,-0.038592309343772196,-0.04765422711546481,-0.08869298874296845,-0.07732733503766462
2015-08-28,0.011947057292047161,0.008498950650897537,0.038483225070546905,-0.03757080157488728,-0.07204040361073098,0.010882933006812926,-0.030305411084514525,-0.024214988752987866,-0.028666730919727105,-0.002025491881250519,0.05592470900938391,0.02402452031054138,,0.020865127831631206,0.01977083394442722,-0.007810091943368352,-0.013616689915819076,0.004254983277291926,0.008385395595763267,,0.05756087068005043,,0.030687765347836,0.04390517672983572,0.00809720241664188,-0.0003301070897366091,0.0016513833456603638,0.02625204793455462,0.0369248787607444,0.0065304857583173915
2015-09-04,-0.035793104526191645,-0.03698458626596444,-0.003288119000044887,-0.030408519954224226,-0.02241825462095621,-0.0450799465122656,0.020304798447326185,-0.01753059944116594,-0.020575223925975966,-0.02385670391084779,-0.030682450330794732,-0.047702299403584225,,-0.05144832285297865,-0.030508826087365385,-0.03882776288248975,-0.041805712885143384,-0.03360210004927907,-0.009207215271946288,,-0.03647205945812704,,-0.045688862923940796,-0.01297039174215889,-0.013531993120957394,-0.01465240204421242,-0.002735303068919662,-0.03646748756322258,-0.027209360774141697,-0.052411164580134076
2015-09-11,0.030260717949525905,0.015460556228315181,-0.0008630363986922336,0.0097206651068539,0.005896855309688479,-0.011010972913016828,-0.09480784757102179,0.015268428729653406,0.007669918109684143,-0.001549738527133747,0.042045113916700724,0.04102540170695685,,0.02817060856751819,0.020212315921876774,0.027815101916114783,0.029700905578045785,0.014663820711063591,0.01913767676596591,,-0.005020805775159454,,0.025335366163836075,-0.06564153954411651,-0.01925786388390892,0.02663248918651982,0.013574835420477719,0.03168960043945616,0.0466436660787261,-0.004539272752778068
2015-09-18,0.028640770312134724,0.06113325397651036,-0.0004711840549900489,0.026785725855844017,0.007809051082741452,0.013689123640878107,0.01643871990018483,0.010151733296569987,0.015486984203099224,0.022047455648081832,0.025208928013601032,0.008539888594929887,,0.03500837441261988,0.0,0.021782092903749075,0.04250871688607026,0.027383557711091053,0.01441413582295064,,-0.10191753829957342,,0.011923165455275084,-0.028277095925564592,0.06453852527678262,-0.0037025199456875127,0.0005759159039521621,-0.015843893799169038,0.013159210448508873,-0.018364123096290978
2015-09-25,-0.029675590748956992,-0.043073104714794,0.01920977899463043,0.008370529588428008,-0.01272053655771641,0.012037252884502261,0.06826903469900737,0.012609440896185915,0.004503603812922838,0.01628508183904303,-0.017417801051458116,-0.03193048190424272,,-0.02300322998520536,0.01052405691564867,-0.007663013875005991,-0.010641748405510663,0.013598137527175227,0.0009934654357790684,,-0.010740308678467762,,0.017788647550137215,-0.030084775121566196,0.06307266311436902,0.0055483974332373705,0.0010961219173779334,-0.019528280871296398,0.011307685460176777,0.01487937014311757
2015-10-02,0.0323220326772875,0.004827931349166106,-0.005406649564391111,0.0013038208837842652,0.020950768483917723,-0.017027352740090575,0.15051736911319163,0.017239569811592886,0.00735496318508485,0.01924816392266443,-0.007574012806354275,0.02596630663928856,,0.059078792237681504,0.03642493172365225,0.004638621907598272,0.0253703707634431,0.0012765471258632678,-0.013192294282911094,,0.027322718174300424,,-0.02254090689493567,-0.05466944327141343,0.002441943087650178,0.022293194711780165,-0.008015278309355485,0.03745723606167843,-0.055238407563877816,-0.06289286211882517
2015-10-09,0.01842029978494464,0.016583132412581865,0.05843523271593584,0.05833918003440077,0.05624720827206539,0.025797448867082236,-0.1354037530875715,0.05060165655086726,0.0548607160536214,0.03956366198419183,0.012627551166433557,0.02145784096854606,,0.04401169818164956,0.03323526560882306,0.05024849342849995,0.027781947463047244,0.03492856893218116,0.05030424866622159,,0.009095318387610159,,0.018206872397420207,0.07321564755324218,0.16385950141872072,0.029328156964245764,0.011637420997304746,-0.14976888851174763,-0.014133976304785677,0.03787808485822673
2015-10-16,0.018350673869805996,0.02837434343327245,-0.013235951149131278,0.013904918488484724,0.025648255389268446,-0.038420598117143864,0.03921979845125046,0.005124242048616768,0.0023095239943344455,0.0,0.045085792948961506,0.035245506198229394,,0.025506239671479046,0.008454944080679686,0.04318387775073979,0.02652480367776731,0.033067856873150156,0.04386314301723586,,0.07833487720586517,,0.053979287583328116,-0.011673265148436163,0.1691223168432912,0.01984844078838478,-0.014055958364754961,0.03342063717344319,0.007939425681230934,0.006312457343044097
2015-10-23,0.00516950397706084,0.031050694244769566,0.008182781840998743,0.012055791940623272,0.041337027509199716,0.06817078590769829,-0.04927057140536736,0.06622342814023377,0.02701430074683475,0.01815895821390014,0.04657126311151314,0.0339479625384085,,0.03454834786762296,0.10689602939691036,0.020856127587426828,-0.003383524766230634,0.038912751967057506,0.01905493701151928,,0.030099105729922266,,0.05751004855257909,0.0019549845430621316,0.0069687457323044065,0.07150858034181745,-0.10645272828498493,0.010065732507170421,-0.020160473042264974,0.021116161155486448
2015-10-30,0.0056643248101158825,0.0050408436843878655,-0.010332020761635032,-0.021429829390412294,0.0034045588446883655,-0.037859881476357216,-0.030771720754924767,-0.0058017804222223945,-0.0023463303999118282,-0.010336360789545987,-0.00215518681597467,0.024796760237360136,,-0.04456696632267147,-0.004360013683825711,-0.013818072854209806,0.000592858713664814,-0.009546086357121397,-0.019980317795990136,,-0.19688680042331627,,-0.007800769294285642,0.03737858204113846,0.02570829115518352,-0.0030246865508640687,-0.014714034525988615,-0.027539850015881835,0.02438836253663224,0.07307429823790469
2015-11-06,-0.013384338657712843,0.011676034989230361,-0.017827371068631623,-0.016522853162239545,-0.018435999268393784,0.09722901916361391,0.07038134108806157,-0.03541897842147286,-0.024467264754591503,-0.009251543558543449,0.04908439503652769,0.03230453614561148,,0.047603621047211137,0.04240120087335926,-0.023231429427462234,-0.02799154709241575,-0.05751831155532517,0.011597143403809754,,0.013264713608196501,,0.029675767474183826,0.006563516060987922,0.008424681878344624,0.009399043602784707,-0.0444417925852131,0.004642952458105306,-0.021127599763500936,-0.1068556935091656
2015-11-13,-0.011336462239923007,0.009787150038514566,0.0006809180804662213,-0.019531038338447097,-0.014253604921541258,-0.023639891922939027,-0.09676864509429485,0.006931519280423033,-0.016990483990843575,-0.013919082149541571,-0.029852987103594266,-0.02867663752331733,,-0.026627605583404226,-0.03860887310061535,-0.03499216748222196,-0.02094243934069315,-0.014289762337154113,-0.0012819845080668767,,-0.00636472965384678,,-0.03208836910952807,-0.0009349473248849514,-0.05164662222165724,-0.029919928678173904,-0.03237683093224244,-0.025159529378575234,-0.02737203632637721,-0.015075295110596253
2015-11-20,0.0374994194307639,0.04651616714921444,0.04018045135598426,0.028301013748488184,0.01583161817581529,0.009226063739494559,-0.0663226167031928,0.011674895438918939,0.02079361194750164,0.025057825413253854,0.03190497626890221,0.04869553063586254,,0.04960542007480833,0.031945601807282537,0.030582772222965175,0.03837903572192131,0.014990380700175292,0.04216222462516606,,-0.03396929427396001,,0.07220829772901453,0.07129761558272862,-0.007092221713653067,0.0352012469835705,-0.1005202962779479,0.04627123498767426,0.032910294812519815,0.051265141539286484
2015-11-27,-0.0064554561403655135,0.02580649461283197,0.043857686100693065,0.01085565128546909,-0.000873156714314115,0.05549135038611082,-0.08961223213116722,0.03015074007775422,0.006373396043971098,0.02446677869785911,-0.01757812072048518,-0.006494687067530068,,-0.026014469215943633,-0.004809468032349636,0.016493284363308054,0.0023077025880240253,0.010793857656000666,-0.006344693623689628,,-0.00713931281313325,,0.00252490402753769,-0.011388564992010358,-0.0053523290788579135,0.010615383886777194,0.07269493366387543,0.0027448652943052043,0.033980885518953584,-0.009701016067684498
2015-12-04,-0.0068447441927697045,-0.009882883373984111,0.006101472074369927,-0.013722519795290844,-0.0026234078465239134,0.0010215800055533748,-0.06453790273919044,0.020220088001686197,0.010152042338883314,0.0032393870429426254,0.006898814540484777,0.009334793074512772,,-0.01018863341713274,0.03605647885018224,0.025746170475833066,-0.015486889502037818,0.013074222144335327,-0.0037198074880596655,,-0.010288148156685186,,0.022167797422594455,-0.007961129211173732,0.03687863597410552,0.017098768236962145,-0.027106135883404783,0.042662487819176045,0.01080188281140253,-0.025227701690717037
2015-12-11,-0.04480747906273796,-0.04208712393628013,-0.04503028469131432,-0.045624894137198904,-0.02258250246152335,-0.04543268621901843,0.06453790273919043,-0.016364139463826977,-0.032994176226863896,-0.02384404687519062,-0.038987036272608626,-0.03764738018689489,,-0.048252677826179056,-0.033649137313131974,-0.038409550606591604,-0.05626616705109994,-0.03566504320472914,-0.05208747758324721,,-0.06571125548953115,,-0.041404609422272295,0.027158852936072935,-0.00865809562843535,-0.001033188359206745,0.006748401836544493,-0.06567741896743362,-0.008054798216177961,-0.011731832886253466
2015-12-18,-0.025882117899038427,0.011354496336464202,0.001950673806336551,0.0022965259897982865,0.008028667643397148,-0.026390310438342248,0.2181311234958446,0.013181138300115844,0.001226450733535771,0.005426046187726505,0.018626807959726727,0.008532080467529943,,0.05029885950681257,0.001294244456970665,0.006927149735056204,-0.001101357974685183,0.011796963404393101,0.016869405099029802,,-0.059141701312584186,,-0.007166434914193853,0.06037036684799591,0.012100436429168976,0.004984193850325224,-0.04325860947071915,0.007545387175702121,0.0018393464500120016,0.030711755537525805
2015-12-25,0.023424283409328006,0.01401422528971906,0.03167882330269506,0.016125445968814142,0.016740270799629992,0.020227362345073628,-0.07294799908469468,0.024575698853090626,0.02660884503486487,0.024175888480820456,0.009375265971304985,0.011808182015540056,,0.005605119424332224,0.028052597194275546,0.03387841325475426,0.025923605590038375,0.029985867478661565,0.05385422676531195,,-0.026114236415135834,,0.027803304584654614,0.002438011098699181,-0.001719730223224147,0.0162398573464174,-0.08880733304008227,0.029623742270316212,0.006410727863348032,0.014069628723326937
2016-01-01,-0.005850901232545677,-0.005981912324488421,-0.004133977763048211,-0.026047817741872235,-0.0035008330945810536,0.0009403386818886537,0.04750235889637735,-0.007695868320775744,-0.006185478255024863,-0.013410468693297763,-0.0034337221189064135,0.015766146128299772,,-0.003053432415559703,-0.003418498204434713,-0.010748626580200064,-0.011790464918558022,-0.001373344877994803,-0.023438925433548124,,0.037183390221538895,,-0.025504400330560256,0.0,0.015371806060441228,-0.0036332377833007802,-0.03128623773156176,-0.012921078260657491,0.015489902522139854,0.003754667547223104
2016-01-08,-0.04203742700278077,-0.06502949303914503,0.03151186835063703,-0.06502179372916776,-0.06614744741417339,-0.03212990032207604,-0.03675063447316731,-0.007971523046327807,-0.027496304911022718,-0.03433488851516802,-0.0726097924029962,-0.06244903559016175,,-0.08784584275972498,-0.05845298623622666,-0.013744292587850315,-0.05375036980069538,0.000515604256856397,-0.0735443391004132,,-0.07268283403125157,,-0.07446129749677638,0.0,-0.0941244798660299,-0.022772828301080347,-0.1493239844622754,-0.06957975553604234,-0.020706748255843423,-0.16050574428105718
2016-01-15,-0.021749474986285232,-0.006165806426168578,-0.02933766387968587,-0.011133432746916146,-0.01272702540028759,-0.021866472254398948,-0.010751724423210072,-0.03634372756284213,-0.0343242559625021,-0.0002412962620288684,-0.024546120628805537,-0.028335287849713044,,-0.050210292366770555,-0.02594026377621316,-0.004855692282509083,-0.026820746123894727,-0.018018830169476967,0.0005812998235616108,,-0.0329352313510407,,0.00739380050849786,0.0,-0.013121030663829657,-0.002601454526762983,0.14114218962210676,-0.008895604306187231,-0.04514506618306496,0.05055444517012696
2016-01-22,0.040036156745611264,0.038589269299276696,0.04123945648175511,0.002062708768204251,0.05715845920987635,0.021242306777673695,0.18232107351317398,0.015469503496311866,0.020235181729887784,0.013403896941439456,0.030793829067561403,0.04804637377905375,,0.05852299922950424,0.025175722366572575,0.006699127801126196,0.019244476877152823,0.01870498932860339,0.024489382859374503,,0.0927898692788418,,0.031719898137264974,0.0,-0.00947877994225316,0.027572403597249683,-0.05435676343383915,0.02778172479612157,0.06899314726233187,0.03752989185771454
2016-01-29,0.010832118683788522,0.039303418461557556,0.024699203121494845,0.059482286520685934,0.048961097579192224,-0.06542685411959065,-0.08947096002149205,0.03568925785958989,0.03536076715210246,0.02024083727341712,0.13601719259562237,0.021091712917555572,,0.03364364967888339,0.05216296271324116,0.03550792449403947,0.06638362735622695,0.047416671384885284,0.033819465397292456,,0.030629384345891512,,0.0313211514265773,-0.06713919416496418,0.037387497074397126,0.044436967189251275,0.00489084499173661,0.047975287092435585,0.020663454406185264,-0.03424885746354163
2016-02-05,-0.030458435560522495,-0.06178741724071024,-0.09803053494893015,-0.014724190416046782,-0.04003995644402052,-0.08739510849415218,-0.04534775459530454,-0.049029960935510694,-0.020140908271285257,-0.01124629545828511,-0.07530841220788796,-0.07865577191919801,,-0.038068448305507034,-0.0937501605306804,-0.005123595454264575,-0.02462241219853395,-0.02166987772401151,-0.00733556748074918,,0.016370741414053085,,-0.038782758707193624,-0.07384101077246345,-0.0703043271060322,-0.07010091340183333,0.015704914451634598,-0.03673102842276856,-0.03174598999358535,-0.04944576471632676
2016-02-12,-0.01728749263296623,-0.02464613001828542,0.000579808354182483,0.00630735848628201,-0.07131136138180154,-0.01105256574534943,-0.13205961899721416,0.02890101216620574,0.01195052757430793,0.015663163078375654,-0.019992912771865188,0.004437465373100847,,-0.03899906729310345,0.006755416348547457,-0.005486974183858377,0.005707700945173718,0.0028391451990901107,-0.01520754898471529,,-0.07980948412657853,,0.02221984398176239,0.0,-0.1902267666956383,0.021686648319504027,0.043442094073470855,-0.03530626494908118,-0.007913949025174722,0.0015633490274361696
2016-02-19,0.019105100005410693,0.008454949401355591,0.010665418240382599,0.05015362028978934,0.028210392186942997,0.04169430892267642,-0.02985356557076269,-0.015670883083184744,0.011006056177617338,0.015194032655772807,0.024785829992512505,0.02130271815021275,,0.04231960560553672,0.03295701257502264,0.03182628926256163,0.009047475528253784,0.009789952893896838,0.03669436919419462,,0.0702453842213796,,0.015697912669013867,-0.04199083411334182,0.20585207004591533,-0.011942714114627969,0.062531094082115,0.04614169686599716,0.030312319527104226,0.020408970240012897
2016-02-26,0.001192015270050997,-0.03612584200641234,0.018043031008034928,-0.018800797227947193,-0.014946354920614887,0.02484935880272561,0.07020419254790988,0.017951792670591164,-0.012327455694278303,-0.014498134709328538,0.031533449201362064,0.003801157540399326,,0.012627061640804637,-0.010085434157546728,-0.00534409541976417,-0.013186798773134957,0.016052817336232515,-0.015431115765120712,,-0.058789191096626545,,0.032352515476588975,0.0,0.13570925567723813,0.012085328572057335,-0.010947509640302128,0.012681689868568309,0.1745092872700311,0.05014480456812263
2016-03-04,0.027082847987819715,0.03492224351681642,0.012939148691101254,-0.02109838049809807,0.03012975624883943,-0.014633609486632502,0.12715524484557264,-0.004348754837331348,0.023656462497020556,0.022235858551834235,0.004345723937477635,0.007367102473394807,,0.0474120544577292,0.014129767745890538,0.03270179598763956,0.058366451742174814,0.023130050062700188,0.015070527086347223,,0.08721124041454303,,0.00529171609639726,0.0,-0.0016934385237673969,0.001024688552052787,0.04443197717923518,0.0887717423713331,-0.010472115911174106,0.08558791355287995
2016-03-11,0.014291931799869179,0.012734570353376901,-0.012868778355601414,0.002147608303015367,0.027917567866633828,0.03783513105321556,-0.004987089583398012,-0.0023255643155467224,0.013014688142809865,0.03217885096297503,0.009366486451530862,0.019863666548726518,,0.003635850534553216,0.01979117848871143,0.020945285645666556,0.01809593258323566,-0.0065133540449611544,0.00018052374225535785,,-0.018298277233697285,,-0.004733356035294376,0.0,0.010118120402112027,0.03661420637150679,-0.04080233682355054,-0.0035939366342057745,-0.006734551437563619,0.03220947712731478
2016-03-18,0.006287040366811504,0.03176210168110773,0.034454745510510615,-0.0019427176378483922,0.016732677429013996,0.019749880080926804,0.08617766015018304,-0.00760795069336913,-0.00019705666256996358,0.008810865146286899,0.018473680339204573,0.014051082024048329,,0.06181302881682522,0.007883315098647033,0.0172613186493692,0.005465273649081729,-0.007607942621319234,0.004494471242924466,,-0.02550433750528477,,-0.02715875236460799,0.10096493737917508,-0.0033613444701297694,0.020600834938921463,-0.10907581905089085,0.006919596567858866,-0.006932403647402102,0.016746828096768907
2016-03-25,-0.020672909842413562,0.0002468685485867476,0.01926379167456524,-0.0123588336686014,-0.02744746050666864,-0.03944043234365206,0.004576252409299623,-0.023743863124982754,-0.006040779602546361,-0.0004386006670058612,0.01425416705241712,-0.0007546953230115707,,-0.011271757874901053,0.013370411881802937,0.004268881914609093,-0.012798260370833717,-0.010782427090729888,0.001254370625821584,,0.06822714754201614,,0.00913508225224949,0.0,0.02164949034407188,-0.006386985032982554,0.03453304080005129,0.013192888387764196,-0.015951278000368486,-0.03934375399011121
2016-04-01,0.01104124535450773,0.03292775652653995,0.01837599262814118,0.027293089741509284,-0.01401167833382162,0.02661411707069496,-0.027779620457212675,0.03420361925630479,0.03032635349439389,0.027054725748773042,0.0262771467661823,0.019456011808536084,,0.013218998486961144,0.02477822901176111,0.02209729022198137,0.025864797833512653,0.03518136607719883,0.023372316224878006,,-0.07398421119108964,,0.07656109907288172,0.0565219203806149,0.02922283039661096,0.0298051673719247,-0.014014611303037116,0.036138267059155654,0.036081978144004725,0.04164045394131162
2016-04-08,0.002880779289888312,-0.032598719214942104,0.04062311545611399,-0.029990575319403624,0.0036347761111592733,-0.016531796691036417,0.027779620457212616,0.0024066602299900757,0.01244873035959789,0.0008537219514110215,-0.04791604487103763,-0.013341295677779978,,-0.001947240612060101,-0.02091185705727043,0.011264726665710236,0.013152292297721685,0.011666658044061154,-0.0584359603559597,,0.04515436178689289,,-0.04138153199554838,0.0,-0.040821994520255166,0.007373050780640529,-0.029607230890748116,0.0008506025795922085,0.026469372516217202,-0.031066694058950278
2016-04-15,0.02002637881158242,0.037520805680583004,-0.014570567592837485,-0.006567892542668356,0.020202794313491177,-0.03258119577806542,0.00909136739058609,-0.03434645939089083,-0.01254531123569366,-0.016564723737535668,-0.008988980509276656,0.02667333045246132,,0.031184927111206004,0.022350202154274204,-0.0076623308635729165,0.02074071728985514,-0.03379322961381749,0.0014974357273455782,,0.05057563549883824,,-0.019111576017469174,0.0,-0.0016680953113547977,-0.0014077387716795377,0.039199485392644284,-0.00046892635385106785,0.011390120646673314,0.051503872632597744
2016-04-22,-0.004192364109949732,0.015715147566054202,-0.01193953283625878,-0.024993483890114923,-0.04174837156507111,-0.04250199218814671,0.01793727886927008,-0.020680291475434504,-0.017400081015854347,-0.03442537489046073,0.008355913067009897,-0.05566179137796355,,-0.01667101317332843,-0.07207809243090509,-0.03238335314741399,-0.005166207252626592,-0.01898598900094372,0.004478588434894133,,0.017681166080364824,,0.022124880780291734,0.0,0.003333412713915429,-0.018004231634295778,-0.058260854690167896,-0.007974156250585045,-0.045832994011205615,0.015365731013824685
2016-04-29,-0.010651164954151507,-0.01462220827429465,0.007783147623218767,0.03239210112126503,-0.001391080772768689,0.15923688606760772,0.0851582413862037,0.04833936844226845,0.009563431296408676,0.005820668324860029,0.06156082400678234,-0.04135744752695955,,-0.02529295835502492,-0.03758427587334701,0.01230513660914065,0.0201777762926815,0.03554674862760575,0.015518383194323292,,-0.12853656872132196,,-0.06731409753267847,0.0,-0.04770925257526129,0.007857474345601492,-0.05039850029152134,-0.020280503532144386,-0.09110493091740533,0.061983664457381446
2016-05-06,0.004421149472237891,0.006661544365501661,0.024883651378658393,0.009814612686643255,0.0060145441524336605,0.026750353851834767,0.004072883619107929,0.032892367684872144,0.019239016261740263,0.011540323953584017,0.016113653883808213,0.024145250904743086,,-0.021409991573209934,0.010373307304856041,0.022173778220671354,-0.002869188158368533,0.003502423590743502,0.025697956031791522,,0.025464402426031426,,0.02141899191976424,-0.0433926717737259,0.03935495342240276,0.03182277815552709,0.030045042410327037,0.017443819910422327,-0.013073174974288662,-0.01748939188721058
2016-05-13,-0.0007354261892685469,-0.0009604082938939603,0.011711382450397562,0.0036942726540520996,-0.006943007557503291,0.0032351550729253346,-0.008163742600148285,0.010166732192492822,-0.007458898161836715,0.0006615437241855661,0.002674473961896755,-0.0004827341424623691,,-0.003024081104372109,0.013599996081374405,0.005665862291619892,-0.010149994895520712,0.025881877261513742,-0.01385245183599016,,0.010798631999333471,,0.056776543467022836,-0.04718279195233464,0.1274305966290725,-0.013492173648367632,0.05502642423311057,-0.008185546171129184,0.021886070658228975,-0.05946207732767805
2016-05-20,-0.019690747111261047,-0.023494273770708868,-0.046717612462250355,-0.02195382314926893,-0.013561311027827008,-0.004789074636238612,0.0,-0.039764509468199566,-0.0399506213297862,-0.03135744952390266,-0.020746149865882243,-0.004313851453969239,,0.03326483948095379,-0.0020762201259002756,-0.02865537905326932,-0.0027409709178806093,-0.025405346627458292,-0.017544401439041787,-0.04428396585640755,0.04477117441294657,,-0.016091992371853922,0.020749535632603112,-0.0029585792223912073,-0.04989272451270286,-0.018563304756694737,-0.00875548180706228,0.009060860497468135,0.02254508922211738
2016-05-27,0.036290849521059314,0.03464180570087552,0.023916650847057828,0.029403311043344052,0.027857299954415472,0.01749313642595806,0.01626137782646019,0.010253132197344191,0.01841059332303005,0.018708795394178152,0.01715069920412685,0.03524470034970447,,0.07452759271895595,0.03303196384904766,0.011560885295377459,0.022206699443386026,0.015758350230728323,0.023864746406596048,0.0322304447577606,-0.027399019500285747,,0.06467599733497183,0.0,0.06314867480685608,0.005613928721075939,-0.010074523743619945,0.036874533403790995,-0.007176658168666121,0.04033195249660314
2016-06-03,-0.012836520119169638,0.013527605918251183,-0.02847002426726655,-0.0075438331061166,0.01679928843594558,0.01549300809584729,0.01995993803663981,0.006058293300895166,0.013045794707243447,0.005789212919433652,-0.007651905022259559,-0.015828292182529867,,0.0036299113157427496,-0.010181649462412552,0.01937155346572957,-0.0014654196974209558,0.020733906757685678,0.0005396005297475364,-0.013145954387616876,0.007747760950912523,,-0.0002577219118154608,0.0,0.03954161484502268,-0.008212613185099875,-0.0260890029613134,0.00024174125781243773,0.00024569964221497585,-0.024051267612218066
2016-06-10,-0.04220121829617536,-0.01988236793404678,0.0,0.00951445194268828,-0.04371545400406158,0.00443862659943209,-0.007935761443681752,0.0004553038575712022,0.007578961262535669,0.020873641757499537,-0.015739020626573362,-0.003634940215921184,,0.011706375294009759,-0.006003666869772593,0.0017788839492346342,-0.01816635109529459,0.012630481203965507,-0.0021609965272410135,-0.24560556839691766,0.019651258549373232,,0.006424279941875027,0.10500330098428122,-0.022989528602326254,0.008288543651712542,-0.06837741950218684,-0.0013321945923453885,0.03252307414420853,0.01886154063626921
2016-06-17,-0.012115321318578771,-0.010091229452406994,0.00422879413472599,-0.015804360431880916,-0.023317626142759333,0.015766714517692154,0.011881311899692572,-0.009259934499450577,0.0009676825681790201,-0.018799797168775556,-0.03135595119621309,-0.040271428510099024,,-0.027224757400698102,-0.02657347919146145,-0.005643051550705953,-0.013781706236159139,-0.0025193391737119005,-0.014895908653353728,-0.12002110140792178,-0.049303783713490854,,-0.05123938938040973,-0.031022804772230274,-0.04190553223673155,-0.0007355858878551364,-0.01991263323130188,0.012646781975807974,0.011218427604168076,0.015023789387700838
2016-06-24,0.009339735867022044,-0.014268688105552877,-0.009916133602207198,-0.029072506748329216,0.004803339531633472,-0.0164182128339642,-0.0608707059557542,0.008826071904824448,-0.013925209673037996,-0.019387680675724137,-0.008351882342294243,-0.027422691316871844,,0.01913477322967345,-0.006002674560413204,-0.020344513407742883,0.006455224025912217,0.024468672921374335,0.0096530975938923,0.32708607477544743,-0.02007522045075103,,-0.030106226887518763,-0.1168508034579661,0.026743265833796725,-0.023417642051063323,0.008671678639840487,-0.016898402799581033,-0.01839441811316424,-0.03605711606804966
2016-07-01,0.08599670693873249,0.07037995890583991,0.07012405861821099,0.05167565627391134,0.07475785573123638,0.04017530765404932,-0.05592942464782635,0.03695253610693491,0.03516573696254787,0.02672786821745025,0.01865079739104656,0.0359063071412634,,0.03633552726516745,0.02634122969082469,0.03588482811719294,0.07863397863902502,0.029404930659811777,0.02806008431984636,-0.010863941178177091,0.02799382108565331,,0.05223746037154203,0.02212077161331205,0.035474419798148554,0.008005530104055416,-0.01716539519360928,0.01665938165377465,0.059187671335514364,0.006500508726846068
2016-07-08,-0.008035068069812462,-0.02817082027298456,0.014442187456537872,-0.006187582184892601,-0.01797499460290034,0.011020255203219838,-0.10732808558683606,0.01535462919788172,0.024685525245199885,0.00574622005530497,0.02635941747717314,0.010546229920559284,,0.011250565080551946,0.022037959606898732,0.017713276268485716,-0.0177684805228154,0.01166760203380011,0.0337616864868705,0.0019840610071483814,0.15519637473507086,,0.04939280744690205,0.0,0.0026773752071126027,0.0075295819100054725,0.014616849210326925,0.026346768804535195,0.018827930499278986,-0.006500508726846179
2016-07-15,0.0021254584700589234,-0.01832751025167651,-0.017625333388975727,0.003960379909120298,0.003648006990161067,0.0006189231353315333,0.05276912795663426,-0.0012364421943367157,0.01275662062408023,0.005493859730223949,-0.003246558945987836,0.024563931309029275,,0.022970106480115354,0.026416481914374425,0.005224306973242231,0.004393366148278416,-0.0060328077107230866,0.0319851999398487,0.08179439349787894,0.4763750938723673,,0.015195225819382367,-0.02679141977410764,-0.010752781438702409,0.018781999516057354,0.01280206405749555,0.025320407003679917,0.004357345343045661,0.0076998913667645
2016-07-22,0.008719737760154802,0.0054861193644796784,0.027636053472924915,0.012390914356087992,0.007256221099242924,-0.006331888391067226,-0.018868049007342156,0.013616620739597136,-0.004295141206670151,0.004373391094457798,0.03481407915110651,0.03164347218382276,,0.009625343738564874,0.052066118549560635,-0.03725762129767254,-0.009122479296269505,-0.007955477035708902,-0.012739202874198463,0.01720293775190619,-0.1406611381270162,,0.0029622073303555443,0.03767101641889987,0.03974029099126156,0.036928057960493164,0.08885387045722717,0.029395965867388654,0.09202214339620061,0.07723603686537699
2016-07-29,0.02177300604172128,0.025983515343316704,-0.018237544778889184,-0.017165733435474718,0.02894870842873727,0.0003113893197533193,0.0,0.001727391752531988,-0.0024759806210763254,-0.049193632786634335,0.024006771834974145,0.04135714915956197,,0.007882209302065962,0.0019425532392125635,0.004197837669938635,0.00873104256612031,-0.016989222538657565,0.0005058857015475151,0.0008971424896723999,-0.11769689705991125,,-0.009659502714148362,-0.1084713975668304,0.056797576357792326,-0.08634502878320138,-0.04268535090977306,-0.007575978519673624,-0.009997668395795668,-0.0075723927585162045
2016-08-05,-0.007839267989263115,-0.044146344477219455,-0.00946047769852685,-0.007051986149868122,-0.0004389480768801944,0.011697436496454407,0.06453902139072316,-0.01771759172044054,-0.002389711362021617,-0.0034439252946589726,0.009715656254385514,0.019508997349260204,,-0.011219487563831766,0.022331638311711914,-0.013354207610837984,-0.012926755247239694,-0.01743348441913311,0.026290722473163265,-0.02727452305277314,0.001550442819270222,,0.02918658767272147,-0.03165126848311104,0.01823765733598722,0.01317234561887653,-0.055424310522554594,-0.007633812397145278,-0.007632758028559928,0.04288549004227104
2016-08-12,0.004332928712005892,0.018717611425244796,0.017247255759411054,0.004808764025773609,0.03580296084758804,-0.008279319341576672,-0.018019454725990352,0.004638978621402717,-0.0006446029892967141,0.012569863054445208,-0.002159780318198808,0.000148792335866896,,0.009979235484901037,-0.0003451497745194771,0.0007070776555343197,0.018159837479025637,0.0031515212580079674,-0.009736483313404093,0.044171300763334316,0.060487950448510325,,-0.0007253967100563915,-0.01884874416273818,-0.023157711988597205,0.002596701873328357,-0.009518421309385447,0.013654122445930781,-0.00034149376361345367,0.015725420652618165
2016-08-19,0.011060478907300284,0.001504687998886105,-6.0262778247207773e-05,0.028477177751699775,0.010956645949700344,-0.010791308957455885,-0.022988592021442145,-0.023728960579318382,-0.0038751227705245976,-0.00250124558475372,-0.010626412665843459,-0.009211513828162179,,0.07950147195980081,0.0006749708974626877,0.009349956316178541,0.004179055737061837,-0.006161896592690442,-0.00432092198710809,-0.029532176862763014,0.014477258317518909,,-0.00874642630433234,0.07040123186891849,-0.00866874734783212,-0.03846413077186671,-0.022473997314877495,-0.007251234768676988,0.00783861382296585,0.007979338741236564
2016-08-26,-0.008436767770763853,-0.005077109774440452,0.0005433176185894042,0.002180197094941892,-0.03932144273145327,-0.015229914949370829,0.0,-0.017744763706921587,-0.006678756347426689,-0.013755318194343438,0.011266792958026989,-0.008073566167719998,,-0.013464310351844052,0.007090324858330918,-0.008340207499997495,-0.01278229722500007,-0.0075668574918590125,0.011591195229889053,0.1738080398673737,-0.03398832266225209,,0.03028354749409814,0.07951211676559909,-0.03673623508097097,-0.0049685115675363375,0.07498091578633428,0.0024605486846603487,0.007238886584795507,-0.019857100365206295
2016-09-02,0.011117975397753884,0.008079269733589228,0.008479067624963244,-0.045138334916641785,0.04099639764402416,-0.020522415365525928,0.0,0.012570971547569606,0.010949733859030161,0.00781804978083212,0.012327727948521138,0.004590867335062869,,0.016516538037169765,-0.006222705788367204,0.026585990333430176,0.025558227553239696,0.0158243015071693,-0.005944387895398899,-0.000763315186809198,0.0696371054124353,,0.056605839553084666,-0.024874548869755816,0.02169837209415269,0.01981437035303922,-0.025002567766089334,0.019138407708854617,0.017705234379783,0.03258682412187497
2016-09-09,-0.04135462596814561,-0.028242999582007836,-0.02823938618432647,-0.054229162120534115,-0.026713432412363944,-0.04181096977826527,-0.02353097464329068,-0.04443053914437148,-0.03605492432692787,-0.03235492347432644,0.004652743318323682,-0.010584430600019522,,0.028911477733490613,-0.025642585403158506,-0.04245276356902433,-0.04560996510099979,-0.050915531309713595,-0.04852515947618724,0.18053737866260824,0.13170926520551446,,-0.04483822952495142,0.011131732528121864,0.011299574195370369,-0.010850056245992739,0.04345809407917264,-0.04814910949775202,-0.03278273478754439,-0.07394866992001684
2016-09-16,0.01447870526271566,0.006954316481880889,0.013824740897093143,0.011561195059347117,-0.019089579070383614,-0.008439454295576392,-0.019230822923468997,0.01007808813993474,0.011751540112973502,0.005056251961315585,0.015380770199639971,0.01196395724509986,,0.01287016978156153,0.018333017898342015,0.013239479551093834,-0.0018654074950105104,-0.002551928091956928,-0.028031916423072796,-0.18206684477042023,-0.0060975749311756745,,0.04550911804825882,0.0,-0.020177270009179224,0.006090405025178458,-0.0412323127215926,0.012227791967363157,0.02887117693988644,0.0015605841112489422
2016-09-23,0.03187330171748695,0.04775750178652193,0.012196624390357845,0.027169856337544793,0.04454695628546204,0.014722649561960732,-0.004867229168596105,0.009431851639771744,0.019377980719759793,0.01413840042442544,-0.00863727296996495,0.0210681229301829,,0.024897410643149504,0.0031392805906616775,0.026852314501298855,0.037674192292657685,0.01689466640556353,0.049700611832677294,0.031629010840529624,0.024170341533732882,,0.034929419465489206,0.10249674500106443,-0.020592728687155098,0.016262082948696452,0.010909670135886054,0.02910441246279309,0.027804189556676445,0.02659819784020763
2016-09-30,-0.0026676561632335235,0.009557870638259542,-0.0008404891357210394,0.001265374578372366,-0.013496843726773226,-0.011311126200442938,0.014528180240826723,-0.003279864170742332,0.013234240423966417,-0.009875974081927457,0.00241978574300544,-0.01346525686472949,,-0.006435530487695966,0.0029555435824880406,-0.0330820472399548,-0.0021914073861546437,-0.010070587560386276,-0.009572624608521041,-0.11537640835953146,-0.01564409455985761,,-0.02713509688684687,0.017334308061921003,-0.022354655533063882,-0.01556817074096449,0.02314657875187953,0.001873701314149899,-0.015745891442184377,-0.03352798787922844
2016-10-07,-0.02956063290306745,-0.032168539430401266,0.014016025557908384,-0.022596995315199778,-0.01929293144980364,-0.00662903356435716,0.009569871851238336,-0.04273562321925626,-0.02589077684618701,-0.014039033036550467,0.0055972066946195645,-0.004175041371744032,,-0.0043133481141123895,0.003466278172380241,-0.012419771393224564,-0.04913055504045382,-0.02093591251053897,-0.031007860572567523,0.034345090021378116,-0.024556230207806687,,-0.008688997573378321,-0.03243536243954166,-0.02832286949138967,-0.016695442297689062,0.015022320735283472,-0.03461931559552609,-0.006673403657722168,-0.005848849413664281
2016-10-14,-0.037624145750309056,0.010941769277714373,0.003665540941959139,-0.02245827759717568,-0.006950567270161763,-0.005224830537703104,0.01886804900734209,-0.004238420523167261,0.007894015689645444,-0.0014392159502590795,-0.008642354467341544,0.004846438465554738,,-0.02664872969984241,-0.006596204848932653,-0.001980896554462814,-0.017598217033617126,0.008363031407398606,-0.004840028061929546,-0.018661752550247837,-0.004984384933313926,,-0.045785063615136685,-0.047607417544889404,-0.04190553223673155,0.005625418241459763,-0.06181452471776255,0.0165066577326776,0.0018546261381148696,-0.007928454714939992
2016-10-21,-0.0023994124533595206,-0.014721024948658842,-0.012170964664041417,-0.007747877594737561,0.0439209366564254,0.014914393506887258,-0.02364080993713456,0.008458697492332289,-0.011391025674701464,0.010978572848706418,0.032239709533858414,0.02389806061657226,,0.021592875417385988,0.03826906085287996,0.004996591961145473,-0.052082592537174184,0.01997806634465178,0.0,0.08701133548899595,-0.04961811276457494,,0.05247561155967853,0.07594272040627402,-0.01003595093352335,-0.001403601974579479,0.019116371966884708,-0.01935818021632688,0.09607942685734036,0.066639949948493
2016-10-28,-0.010307996239672258,-0.0815689775560503,-0.008337406303873,0.02263112026648759,-0.010484439382571905,-0.02294209061168058,0.0,0.004315594699542362,0.013635060165672577,0.002370825821521567,-0.005923223477674091,-0.00547563980197611,,-0.035751139511930284,0.003513923385138655,0.0,0.006507304430491351,0.03365078824492368,-0.040335195221112584,-0.07156984496696468,-0.00989453171162446,,-0.006243110391758932,0.012249932807215662,-0.026278858850604114,-0.016192767441000955,-0.10715853078761021,-0.014476959617315512,0.009333912908077384,-0.0755493687650221
2016-11-04,-0.03090277725421622,-0.04150330450131953,-0.036998739594256036,0.0,-0.0213046306921975,-0.062280572621757936,-0.06422059104370478,-0.019569502767734958,-0.011837665679212574,-0.012869533179650288,-0.08368651679804588,-0.04806430984172312,,-0.044502902333078874,-0.019565376523073563,-0.008550792353245204,-0.014390273396614438,-0.023032006038070558,-0.001872897335432854,0.03174851697735235,-0.024833519420989665,,0.07723437509380496,0.03822130475727266,0.03202599559374038,-0.009500611243856332,0.0009452904252093002,-0.029890388626956407,-0.006932247026319672,0.018190647503747163
2016-11-11,-0.024362960307057945,-0.03902439823416881,-0.0461643830988628,-0.01510390071390487,-0.061728840132813906,-0.0726017723079946,0.08317797377327839,-0.04914828256890763,-0.025073381516602298,-0.01595791926131524,-0.014430705808829469,-0.01204260045457977,,-0.005507428491544176,0.005266419612547478,-0.07094697713678477,-0.038246578655847845,-0.04154730603791872,0.022244058040826686,0.17185010274294155,-0.033514967911884366,,-0.007272727622085885,-0.07796156996544604,-0.04993697612612094,0.028235515630180154,0.06947327907509974,0.014770661698216779,-0.043759458684525916,-0.020487743160451065
2016-11-18,0.003446725131140983,-0.0401246771001562,0.018013867399350257,0.0107495671709027,-0.004131073495920616,-0.005741591566058866,0.11517180948558912,0.013264325553963419,-0.01838691738324265,-0.002928712082947922,-0.016946751206535524,0.005452975153233009,,-0.004745026096628593,0.02901711983270859,0.0015727772034614502,-0.0086291222219139,0.016221200261723114,-0.003673141559070272,-0.09952949456069073,0.06889917067549647,,-0.006486085565239566,-0.03349399132458364,0.04706753644646394,0.04936532785857101,0.036400049688828845,0.02698047604582312,0.02895870705119278,0.060678605300383125
2016-11-25,0.001179108745826358,0.019055544480847043,0.008087617849447047,0.018376719925690288,-0.036543287232338025,0.07330214971599118,-0.025425063686446883,0.05295687067014239,0.008453286010476032,0.01504161780012016,0.028308600602380687,0.005475194511645672,,-0.01719012771867006,0.002978260716593129,0.0022421069242193866,0.024122222767292395,0.026878217620920956,0.0018381667304802353,0.05238278786706242,0.016265875800063462,,0.02426250635914599,-0.027896288433192175,-0.0014378476943800128,0.005485094693815079,-0.0036979747850234695,0.015592920352698438,0.04725022048798978,0.043208612251364964
2016-12-02,-0.014340271033922875,-0.02387659974322934,-0.06880129884234676,-0.032079763514903464,-0.002895718277700307,-0.009183620613687564,0.12869059831795954,-0.033384507289398097,-0.008115326377593324,-0.020158250570986684,-0.04224902609523218,-0.020419064261464073,,-0.020778880698932342,-0.021373242079890935,-0.013643946523707248,0.002725136895693856,-0.0076285535777928905,0.025386558869167623,-0.016690169644963823,-0.045552568760254465,,-0.02804800631738674,-0.040784607296363386,-0.04412476312410534,-0.012514272336865025,-0.025300300279390613,-0.014631342159650245,-0.025041218279136593,-0.01104768500874316
2016-12-09,0.034173784268181,0.020983535878899163,0.04551756159515427,0.018482310572145076,0.03046392444151443,-0.009041601226270787,0.01869245290296818,0.05991046648914458,0.029095504363597518,0.03983003397324421,0.036417179299706975,0.05718530224600326,,0.00656555399816051,0.044884606847907696,0.024227585313574742,0.0069609516810473565,0.03501062578592769,0.0865635678353714,-0.05254903935522794,0.08074398967372134,,0.04772604070037366,0.010237459273896254,0.017884215098099763,0.025220776835800308,-0.07803650841429073,0.032624660535013596,-0.02672266830958237,0.04358800264169429
2016-12-16,0.0004811380922523254,-0.0052290744746151165,0.03187722889919595,-0.011180662542154012,-0.0014074420839529692,0.010390856529174567,-0.03390151970384093,0.008975567657514661,0.021964424244137085,-0.006209453315296144,0.0015862507555813186,0.00048160902834586534,,-0.04346692532188389,0.005310974771548896,0.011787839845506198,0.013511956458888218,0.011551897843463213,0.02833082742943378,-0.05546418704912131,-0.16895340135891995,,-0.01070390479938867,-0.05324461005113757,0.0029498518456641306,0.01619681270418383,0.05793739543218895,-0.00372863918677227,-0.019467231685285285,-0.023429904521040885
2016-12-23,-0.005209487889320327,0.0047459643582835375,-0.04525030856926774,-0.011753351728285956,0.0014074420839528198,0.023760409406739357,-0.0632617692129565,0.0014330817495627295,-0.0073953846954553275,-0.0033596907721341798,-0.02192894558488738,-0.0025222251993323188,,-0.012897969973124613,0.014975454087593938,0.014388383353915601,-0.002759373237534016,0.0191355569358624,0.004776795210805182,0.020874052548487988,-0.07942808068293074,,0.01271077460743524,0.1134333710328195,0.018964844702220787,-0.0008116278937870485,-0.00588357408937518,-0.006871530142547981,0.00951492920650842,-0.017048464203903626
2016-12-30,0.005305819046460075,0.018667162062886957,0.0165741002947737,0.0020059039887868418,0.01165243096342315,-0.02736239094945397,0.0,-0.0012125495270844929,-0.004386403660966841,-0.0033713254981803734,-0.019112031975700654,-0.019184979093968185,,0.04691332298538843,-0.017546999724681333,-0.0009831347774575067,0.004180329491985849,-0.0014775120278398494,0.012628469986293632,-0.06479318921067366,0.035697024999758326,,-0.01189890293394482,0.04015909130231792,0.017192384096632155,-0.011598819650959156,-0.03246319678574148,-0.007551152099689413,-0.014526251994637446,-0.0006291687043532427
2017-01-06,0.023297690862920478,0.004636477893705594,-0.025567535437787437,0.003111741447562448,0.020638163479757474,0.028458985813450972,0.12636280285682375,0.002863482058283177,-0.0006692307577752366,0.006731016270314499,0.07014537933058143,0.04050840670604823,,0.03966509317924281,0.011201944784789994,0.003817921515652512,-0.0010655112750875032,0.008980289200056566,0.013895870009887156,0.05634155598088698,0.001924880461288648,,0.01330128107703735,0.014137447400512869,-0.06302449068890131,-0.007918013107677903,0.05446328771506497,0.01706494084918114,0.02633905100559957,0.03727429137106381
2017-01-13,0.012516455297259952,-0.0006610145736987477,-0.0010709117915486776,-0.024714823592139338,0.021110065550891868,-0.02463234812504957,0.06947168643033756,-0.015404503408575156,-0.02921001980953264,-0.020819184793458137,0.03917085396159134,0.006919677355977516,,0.023530537449733723,-0.0022303863691922605,-0.01580347089101394,0.023358831826525536,-0.009572409700241044,0.03976034704057631,0.0,-0.005785792665703656,,0.03269294361823698,-0.031029714145207235,0.0,0.006108996387859133,0.030427844693781216,0.008346075490369297,0.022199932485974697,0.0060455006679130665
2017-01-20,-0.003626795891028886,-0.004449778938749484,0.005344975176546602,0.02382644291944764,0.020238363307629886,-0.02272308716186887,0.12001803134289386,0.012871810406410018,0.016505260584624912,0.010705686883196777,-0.010180975752870598,-0.003339065460216359,,-0.013658729438313812,0.0006376249978331648,0.045095837425547715,0.017978196402758374,0.03532592458778837,0.11728331945369684,0.013031950995904108,-0.003487799710666897,,0.01423644418204398,-0.03026596658155992,-0.003030302393570126,0.006235711355640083,-0.013603991819923153,-0.001237918683714709,0.004238616169775961,-0.02358311577972484
2017-01-27,0.0513864655308702,-0.0020896481564325513,-0.007759058565213191,0.012581647120958347,0.027916706920149543,-0.028203690140174133,0.08278650943053895,-0.007414530004910913,0.002322119992310277,0.0031411974429096704,0.039662666826774114,0.020153583389381467,,0.03247288284100822,0.04731681228145619,0.01833574282967114,0.052478103414172445,0.014464310195889597,-0.012747617833585004,0.006074381722967468,-0.014467427487072219,,0.025274830687418738,-0.043973023630095455,-0.021473270432491465,0.004895511533315846,0.02774571860057355,0.02023382212538269,0.024421101099281136,0.028593677425736427
2017-02-03,-0.009871632248955226,0.0012355214868008833,0.0010063413439025052,0.0024100247153691144,0.0,0.008005697527689535,-0.12224508617518648,0.018597715008517098,0.015629146823790716,0.0021693413653036658,-0.009120271009727647,-0.02990929181046986,,0.010594252986991163,-0.03244540196987998,0.04853327874809081,0.00749439839510324,0.006455670099110967,-0.05339236592310072,-0.01602453504952476,0.050308118193629875,,0.004460176151549295,-0.10638036746158736,0.048420982870445585,0.011169725161766413,-0.030513600700215273,0.00499517767592488,0.022247766959593945,-0.0068203565566698
2017-02-10,0.017189895059004343,0.005492799144937573,0.04458279069855625,0.027197939923738933,-0.029224165095349853,0.031624077141166544,0.11675027831524276,0.019862473652054666,0.00937438177888585,-0.02338161674545394,0.024212384544214042,0.017789094291064383,,-0.010974640966679522,0.00501252172071,0.014921393976036089,0.005604757360741582,0.012924526397100617,0.06747223722881616,0.0,-0.02541385327767694,,0.07068500520936914,0.030153036222879993,0.06987877625629829,0.012636929082417103,0.022706039254440487,0.026374001792288607,0.05787546006371544,0.03442495155855871
2017-02-17,0.00874683121464483,0.02738871787017165,0.037065621774185424,0.026062921555640117,0.002178218225131613,-0.008671831067965537,0.0054948078599438375,0.0044792481417187035,0.01913699551011801,0.015890732512957115,-0.004930507021908999,0.013917531252130154,,0.03917674941941455,0.015685241405219753,0.009985632637828907,0.0005586863569504303,0.007566051093856054,-0.10669299123811733,0.017537344308614047,-0.01392675042673581,,0.030792558956261467,0.05114470790105827,0.017747856530080437,0.015614662979504609,0.033892661504502285,0.005865097716367458,0.008335302402878546,0.047103135857938155
2017-02-24,0.009858370035405555,0.004035270589279025,-0.015429333206787146,0.014009075435933233,-0.0047984851117902315,-0.0018353258369187644,0.008185574202667502,0.00858186729768402,0.01541491445534614,0.013251501342645201,0.014202437643765472,0.0014871132787519163,,-0.008082157972813734,0.0,0.03841940540280378,0.020378424647116877,0.019811019839805235,0.024150469868212874,-0.005305029412051208,0.020054629701440434,,-0.036336573295911785,-0.017078232340156204,-0.008152211403099336,0.00662893332670191,-0.01581630027127725,-0.03647613326304582,-0.0088186530774313,0.028711947700179027
2017-03-03,-0.0179343129391735,-0.004862548348316442,-0.0005671612876291289,0.005188208286264289,0.006971969012808704,0.09812433048957754,-0.013680382062611237,0.0012652892580778824,0.013469733983356528,0.01661577257514495,0.012692146125588525,0.0014967804873980439,,-0.012994650488439046,-0.005742211755674824,0.022852419700066826,-0.010374489934358485,0.015199972087981918,-0.024891136901349184,0.005305029412051249,-0.005743697809474943,,0.009681914446731988,-0.03902928057270673,0.038800849189952503,0.0014863878736558439,-0.011493691173520818,-0.014047933332231016,0.014707639947542792,-0.010682691826592847
2017-03-10,-0.0031098579639375653,-0.010354227464705773,-0.007587575326293721,-0.053499905230943785,-0.002173483901018519,-0.02572356072468743,0.18553052134855372,0.004252209902395167,-0.008812623959410687,-0.0044825462010056405,0.011741066416425356,0.014417232731373616,-0.20494545528861619,0.02290475028642292,0.01052800079576327,0.002989333851523576,-0.007453601815891025,0.011577675969250198,0.0,0.0015106770966874482,0.030631877857052334,,0.01502762358139433,0.01285237916127043,0.023347403468671816,0.0006252261827668469,-0.020247402129318793,-0.011133674133754918,-0.012295045681296345,-0.001646792761163637
2017-03-17,0.03247996360729688,0.037750685436595106,0.02624589799934493,0.008370065686992393,0.028315772489378,-0.0075034861791859215,-0.04924787699758477,0.009037291581952133,0.01629179802903702,0.002620529583050058,0.00753682701956688,0.012642950867475486,-0.12175551297237049,0.04254428642419868,-0.0009242956319071301,0.02201038501294364,0.04538463393066951,-0.009007168339067258,0.03639334671636648,0.11332880003667324,0.07875268756892298,,-0.016922063361841034,0.05448076767496561,0.02531778353110258,0.00514388159781221,-0.012760317219816304,-0.006865305106461346,-0.007760572116110119,-0.0029337654592151603
2017-03-24,0.0029242777671413134,-0.00799630040302388,0.014180305699393976,0.006391258295360667,-0.01792619886249272,0.010063191801056448,-0.1064294233105472,0.014230275243133448,0.006532192207601405,0.002138776141611877,0.0035692752234645626,-0.04361417935279949,0.15166178478858058,0.015628318635626814,0.0016939007989919012,-0.001601405004131386,0.021267945904472584,-0.026833420650173856,-0.010057048127324905,0.04222255630757433,0.039485546835147135,,0.0018944397804465686,-0.04179147828864993,0.021027376530379744,0.005426834524069308,0.02802042365403729,-0.0045507348468721,-0.010223453444469264,0.0023845464146489783
2017-03-31,-0.007327250203746278,-0.009972060661035878,-0.012203604201885805,-0.019513864257438118,0.017926198862492602,-0.01653996430664491,0.04189061561221428,0.009852538263845217,-0.0023216822480419965,0.00756860163267375,0.01211084024689711,0.015045322047144285,-0.0092776933361308,-0.005528837037859773,0.01345166177092343,0.009880259597699245,0.01122060643866424,-0.024207559179331546,0.021429381477623338,0.007722179044405831,-0.04051875690325036,,0.0195934631987838,-0.04665867913298845,0.03369750058669338,0.002085323539522381,0.07332786792947271,0.0050202598171854365,0.007351930207384631,0.02103041218239214
2017-04-07,-0.013764412828423995,0.0016387814442132,0.04994420614014986,-0.011105461288224533,0.0008458254440515728,-0.006955031437254238,-0.06351334559153629,-0.014089924708115263,-0.002237642336512251,0.003997761848307362,-0.008980591799517521,-0.006745861130696506,-0.07893373639209063,0.01581340668542433,-0.0027365964804645726,0.006180494414470088,0.0018079305454128199,0.004052158127607829,-0.0022157579803135136,0.01778939723442453,0.0048126226531257305,,-0.013589460458103449,-0.0030533098635045653,0.023392858046331406,0.002696681648529749,0.004076774685126715,0.00592938968715338,-0.050865219981730575,0.005546113163968476
2017-04-14,0.014023909270734896,-0.008311551080731571,-0.00837001541809326,-0.004388657116115845,0.02008430625878746,-0.020937336690523552,-0.01652928566578902,0.0068125499839673306,0.009541541296138515,0.004215482107223165,-0.009922513137368154,-0.0022827424918814036,-0.030726589752667687,0.010517301905651866,-0.011176979343160379,-0.004764655887855692,0.011968969624645675,-0.005733536302587937,0.012766045123254266,0.010648419085814969,-0.0058469846265950184,,-0.01620729340835255,0.012158183995771062,-0.00463499827848622,0.006136869290623662,0.03574628283585875,-0.0029629057511961873,-0.006414905556775391,0.0007136414010232387
2017-04-21,-0.013585262856790301,-0.006902774570838975,0.018414766111560146,0.017224694297254442,0.018876123178283626,0.010853974289397314,-0.03390162018676693,0.007787734157280527,0.006633762335042025,0.006522534156549843,0.03031273506651179,0.022094579941165135,0.0359960922623543,0.0282834499417338,0.022079674549930314,-0.030898598032104593,-0.007014712865591683,0.002381170280592362,0.03802775617044396,0.0024890913747667455,0.06445228813847877,,0.07949438430722332,0.025846279150736187,0.011547516679332416,0.02006353675855578,0.03282327865319288,0.016017657172783223,0.02977536481990224,0.009051192826341911
2017-04-28,0.029205321116284457,0.04478909319052085,0.0026117119684976164,0.022655862570885456,0.017328866223081735,-0.00022030013271383308,0.11394425144409225,-0.06668443768329933,-0.0013230753978041299,0.001855255295473995,0.044711934728789704,0.0735642055760422,0.0745514810767607,0.02814351664544214,0.030551999522551516,0.011067971515426192,0.018842118956014668,0.004328162649783387,-0.003398112371131364,-0.01755535958212465,0.024282355353058793,,0.008949996794274804,0.06827302475230157,0.08154292607798097,0.04771503047866338,-0.009690137177462194,0.014245423541213552,0.011589282217679665,-0.007626354538600517
2017-05-05,0.01789233203067893,0.0817026204539417,0.034015487412060515,0.03509106250663951,0.04682866116732673,0.04460503824591368,0.010203979327638222,-0.004812360838974095,-0.00052975653668492,0.01243694218405859,-6.649085013054823e-05,0.02748184048208035,0.027986142181639768,0.010787005474361407,0.007857242148552969,0.01264075024587501,0.008633991000720887,-0.012053460227076977,-0.008888822399488709,-0.002533229963191567,0.017522367143801388,,0.04007708336286767,0.0018315434094573445,0.0615579321616101,0.028393604445404983,0.00174775575513849,0.05258525806009955,0.06266212850152383,0.04677910959510426
2017-05-12,0.0026730840000093476,-0.00623936264844192,0.0032533632496912243,0.003869471000851523,0.010240810406890042,0.0035762774940001373,-0.11841725480974981,-0.009473496748088483,-0.0027421242172216303,-0.0022914290273923278,0.0005988729139122471,0.00510124005201327,-0.1919408201610802,0.05434934613534629,-0.009026089282405836,-0.0048225291386435965,0.01847886217136332,-0.003814198875574057,-0.019418171221919477,-0.023741748296419857,0.004332997355361805,,0.038385599528144305,-0.005504724706653685,0.03902930667500187,0.0096778865538183,0.029090982159278803,-0.005788800431512452,0.011122676637048039,0.006907286775532693
2017-05-19,0.008307728460843862,-0.015304734641709335,0.024177436398062063,0.07307643362045012,0.0030144339458086588,0.0014688848851824362,0.02817064422478649,0.006288849217713491,0.006884451566951052,0.007086557203576355,-0.015215416731955006,-0.0005131391045994615,0.04395191941797973,0.04248324798077643,-0.00442627106811977,0.026762356131576074,0.014625775336458183,0.0035325015854100455,-0.027690685291936804,0.012903430146729978,0.05322161955866649,,-0.005901485268395651,0.012797360916727826,0.02177090194787985,0.019011607486465,-0.00890889552858701,0.01683872850969441,0.0026594699686742543,0.021102663775347048
2017-05-26,0.004128323617787449,0.00405924259583899,-0.01104818914731995,-0.022932431327462373,0.01085138282122267,0.06514125002052351,0.030098290889964185,0.02744659862383765,0.03644622724805528,0.033377338594328954,0.02711796721899409,0.03965767743603267,0.0592118272734334,0.021023290312364874,0.032985289697068425,0.043405609812366866,0.012885326820489347,0.048320023477851734,-0.055508418648938386,0.04512019835129883,0.09491085356898495,,0.1314019874494123,0.0409309548351105,0.007462713898624507,0.01147615376135237,-0.010029701992892449,0.028420555854983195,0.05586648604349165,0.01774024850559955
2017-06-02,0.017235393160511966,-0.0023657174932386806,0.021001730742253207,0.0190660297355617,0.028976746392189744,0.0072428411896477635,0.09015054853629181,-0.006548823607770802,0.00480741539874653,0.01095574033514138,0.009681309411767595,0.0028652645131120335,-0.006145099101658628,-0.018729207536967447,0.02540368392876354,0.016224201948127518,0.016287358775047514,0.009495991941810547,0.032200402242212614,0.01821557081354637,0.007693302393347034,,0.0074974734152424465,0.021561838163864984,0.05338220153189447,0.03181061194488793,-0.004341313977809692,0.02601426094260933,0.051764124965431604,-0.008995225716965127
2017-06-09,-0.032344529239152466,-0.04066010959065261,-0.020614516211029717,-0.06649525332174758,-0.02341008519323049,-0.024083304206415003,0.057432092923876014,-0.01563204473365841,-0.014811539429878274,-0.012498763510603599,-0.026451793733957934,-0.026447804682139992,-0.1539926509815332,-0.00028639518595496627,-0.02027121288887375,-0.013806749110631338,-0.040799153461693646,0.004516122548832923,-0.014100029486198139,-0.0006019066984823129,0.015471718134454046,,-0.03073139391158304,0.008496173134923042,-0.015091282513544375,-0.014809134385045573,-0.03668459726505269,-0.012101128954117987,-0.05592618049219495,-0.0581737227970807
2017-06-16,0.018152962413945716,0.003518344982976454,-0.0006633119748171104,0.006286543518252915,0.02123873363003581,0.005181401282124318,-0.04762757634438337,0.02651148427203528,0.007904092895335904,0.007975241263341381,0.006927807114896347,-0.011925186494323189,-0.03032231160365508,0.0022896724697831997,-0.004560987612677228,0.014217413153387372,0.019069626940889494,0.03195523371159302,-0.008255575973223338,-0.06658749800093709,0.052216608726280034,,-0.015255204695046369,0.03654894008275889,0.0,0.0033612543261425385,-0.021405730565909976,-0.0043873397130261265,0.024558164506819687,0.05784501419640546
2017-06-23,-0.02058157663818255,-0.00528173404419709,0.02019479802397352,-0.011384163243145555,-0.011295677126287996,0.0328475328802317,0.11506880832315827,-0.0037598521442705713,0.0008554274745849666,-0.0013250205080358654,0.028983829097753672,0.02825294418247726,0.0,0.02929779365195731,0.01713812356989217,-0.010337329145726304,-0.01921226215583229,-0.010275272617135834,-0.019019243834502802,0.04774763300278871,0.06501702717304993,,-0.017410755373452234,0.0,0.038601246551614864,0.017284776327442547,-0.08271386915740267,0.027643872008683137,0.029027938705154414,0.02113914756297566
2017-06-30,0.004767933096962904,-0.026291708945986546,0.048436746407803634,-0.006358632023490691,-0.017889878813831226,-0.04544898091198703,-0.07913684219714308,-0.01956404068163436,-0.012648354879220107,-0.008879485111158254,-0.026729159145679093,-0.058907221393326936,0.013027628786458908,-0.0016673492285539549,-0.032541845184107444,-0.01780556918460034,-0.022647995055449125,-0.026763160602731043,-0.006162962406948405,-0.06070134040743853,-0.03269723218904035,,0.006837166232222179,-0.03485828458298584,-0.024391429819820974,-0.009616558972919706,0.0019725503551056636,-0.014268307272499153,-0.025760802796995094,0.006255429560895294
2017-07-07,-0.012934752333373553,0.004159707855958432,-0.0010849556348303104,-0.00888712497869747,-0.004143894699565555,0.020323481877199803,-0.03593196612601515,-0.02051379051796244,0.00017350556166351413,-0.010309144305603205,0.003042115725183891,0.011900607578923477,-0.03376573360749414,-0.03682069652398873,0.0076592714087541924,0.00382405076540646,-0.017366153617160405,-0.002958723909882122,-0.010248116950772128,-0.025752373163051977,-0.06853195703344504,,0.016355019372988673,-0.05825198342917713,-0.02771750269923816,0.02010233870197783,-0.005325371419762959,-0.0036674224087299206,0.0037277766047674583,-0.018559413240090698
2017-07-14,0.028830577981550275,0.030831734872409956,0.024501321157315428,-0.016325323431698756,0.019810001184226312,0.018951381216357987,0.02171373399344497,0.011805186851304689,-0.005034017811646284,0.006511742724261704,0.05479681449047924,0.03765347821582147,-0.11785578511102705,0.06695208824349073,0.046690020200942824,0.01037866535722323,0.028105093003120658,-0.00431892768323276,0.008624147201853265,0.013289192295446782,0.019777517896589374,,0.021486274794256716,0.0,0.022412413341055867,-0.006355373449666267,-0.04461533560796964,0.0055594149065807405,-0.014755898683414776,0.0024406310295411156
2017-07-21,-0.009075967789800644,0.0039296846726967994,0.0010080685339407395,0.018191843026201897,0.0,0.01745854726429052,-0.05645691019486853,0.011668251505587776,0.014683244116113547,0.007802879467289836,0.027498635384338332,0.017181736564276868,-0.05312179386445868,0.030035063258436776,0.013782194940756129,0.003770224258622188,0.032240139754161894,-0.006922550314395237,0.00311734133691471,-0.005958110100680771,0.04612060365747952,,0.039114737092582036,0.03691102565538545,0.10269742191110953,-0.008796839231116073,-0.1364554458224247,0.01537060199573512,0.018986101775706914,-0.002277708925337943
2017-07-28,0.07533262875252691,0.05460829352653886,-0.01999529509983923,0.03601964900365852,0.02304842392507073,0.015662137368861587,-0.1149459319998322,-0.005927273780966188,-0.00017140726442446786,0.021529763947516243,0.047622360351053855,-0.03638413489468028,-0.04737535753786721,0.030430407201640947,-0.010215756643503009,-0.00898795381200448,-0.0970867203243277,-0.09239969897456458,-0.0038985983027443735,0.03778936903605402,0.016171517758664586,,0.010668422267249034,0.017956865309306076,0.007968199924551443,0.012460860818803179,0.014831330076343721,0.003472834485826969,-0.15234681974654793,-0.018409263032892736
2017-08-04,0.01586241221648395,-0.009535253762008833,-0.003964767262095678,-0.03064638436587577,0.02005089673986295,-0.013192817996786971,0.06045770697933343,-0.001983213414287352,-0.002060394251783871,-0.011146364702268567,-0.01654666454419348,-0.013171496058399547,-0.02122289333311215,0.011867748024611281,-0.0049411554582126545,-0.03215447491541479,0.014373357248699934,-0.021441227737952068,-0.0653717060861825,-0.03513686942399735,0.001414392134351446,,0.09076007250053283,0.0576290598999779,0.017309583455053627,-0.013110840090887503,-0.017092488858306824,0.0003996568884640704,0.07215922214048724,0.02990642847698001
2017-08-11,-0.004882318283349489,-0.03570440458549653,0.012084307753466608,-0.0016504104223296805,-0.029133619688563626,0.020839966130479497,0.0892314012219224,-0.003093306552198161,0.0012022251349706604,0.001975912097598311,-0.009120687142328407,-0.016739253396940677,-0.13353143293197414,0.004257799064038604,-0.0024795891150783665,0.0010447250135946179,-0.045977879922417066,-0.01864012814457587,-0.049583084202927806,0.11616249279278601,-0.0323186779255434,,0.017965614531500418,0.0,-0.022880680091041793,0.022371340760172942,-0.05411396748537474,0.007039052795525995,-0.02017262778171264,-0.04041238257465456
2017-08-18,0.019422753843510557,0.004135838129430853,0.011333329998463867,0.04894760854761057,0.00582248677613342,0.004264390341323188,0.054580090473189305,0.007715157431584363,0.009312298161707568,0.001753290878848477,-0.003993989877628556,-0.004212779519351198,0.1691327051448458,0.045917647318288825,0.005175634084624398,0.003909641174481485,-0.022399271789865574,-0.009687865474371882,0.008726185834412896,-0.015448515985286172,0.003642900284211012,,0.030547631928475944,0.08139569234555477,0.02910153419951054,0.0029202854622738385,-0.04758994638370774,-0.0019869690712116797,-0.02201813614437542,0.015305018050994273
2017-08-25,0.003703851162996993,0.0016322103355902548,0.0022207313009359945,-0.00908387881881388,0.006149394654500198,0.02141569863840704,0.10304860113757504,-0.008157944895847303,-0.014993037986922052,-0.0021918731173931035,-0.006532304878952777,0.0046534404682519685,0.053503520767205034,0.004050163310753035,0.004541878422840395,-0.0046058637143152085,0.015504113617356714,0.006104954271296929,-0.008726185834412795,0.017215882045198916,-0.0014555680145124732,,0.027531059235790634,-0.009633274094429706,0.012326874181870819,0.006696788097778873,-0.007902927022364293,0.0055539957356676405,-0.05407011968275725,0.013121436913203999
2017-09-01,0.01713035737918803,0.018203953141444098,0.009584902367010909,0.05724672030426305,-0.02927387258954391,0.015454046768909557,0.04879011804678982,0.015160114945807407,0.006887394669690685,0.004597970044156911,0.033697160547867304,0.02283245358590529,-0.035115433885665556,-0.0014274818639977063,0.015263807983776767,0.026051171087231356,0.014789064654667032,-0.00846277954455497,0.0,-0.0011781158798246283,0.0161351549704572,,0.013017167699207174,-0.07016358392123305,0.02196225744256925,0.012129289439718392,0.035503350439959204,0.010494711677905298,0.026828871430070206,-0.0014675536230019707
2017-09-08,0.013261789773901925,0.023822551763388725,0.010729855622024378,0.021062871035609516,0.029994881404761364,0.004270431054087673,0.25131449923881616,-0.0021830911317683764,-0.006930184344270476,0.011293923934450363,-0.006239804523082278,-0.01117583427231661,0.0723043423186813,-0.028497559719175523,0.0005406438126221117,-0.00655600683194177,0.028937164715423083,-0.020832022130226342,-0.015901400929900885,-0.01543989085258194,-0.00719248711787267,,0.03826559429557924,-0.034121973773937234,0.03387658438541995,-0.0006258444865185596,-0.06428231329925976,-0.00195978215141071,0.015350605238910065,0.0292673336757168
2017-09-15,-0.00926473934039622,-0.005199113851157917,0.004977797759014017,-0.007760729128704609,-0.010505504763774959,-0.002488879322978149,-0.11431670737064932,0.006526110055873989,-0.0016528907082291973,0.0053306463293929275,0.004028216312373697,-0.006522026163618135,-0.005884302832748759,0.06726004277043574,0.01781792918565523,-0.010908463897654564,-0.008093257922554557,0.013181963706977426,0.028962178975653737,0.0005987909404247919,0.07037148760906546,,0.007699619407905259,0.016393861591571718,0.026439544819356047,-0.01762347045973436,0.04260821265551053,-0.016213139763016082,0.045744180903912565,0.0018910761564742051
2017-09-22,-0.0243768842299865,-0.03768610482925169,-0.007847563202654461,0.0059183820820264774,0.0014556614005925561,-0.00660773770132254,-0.06800491565068797,-0.03106484557317608,-0.02646817199636365,-0.015054202599045639,-0.006429562479153954,0.00848521948373932,-0.10718368414159425,0.017032418126509095,-0.012022082578114933,-0.028736484025523028,-0.027889902578094664,0.0016014837633403557,-0.026294513898860748,0.03525584277164238,0.022836562659611565,,0.024111752164281266,-0.04149978204750458,-0.005657718186832679,0.012601619986257974,0.00388910826452971,0.00952262985314844,0.012911832884509832,0.02785336225688778
2017-09-29,0.00015143634816252793,0.024694697927543287,-0.011763019404400494,0.0012901658884937747,0.007246432093033316,-0.010084749009019994,0.09024691886169067,-0.0030473390643933934,-0.0037622251686644575,-0.0106076565970321,0.0019332851525125819,0.0317819703564365,0.059507650569958805,-0.011094900219731696,0.0010742837221942795,-0.003928402567091642,0.0035292613178643526,0.014773003421195911,0.017606347030017462,-0.01864805930795111,0.007207557637956564,,-0.005949137181920524,0.04959686208223494,-0.02440897529966096,-0.01413215677780422,-0.020832085142008714,-0.03155749730771705,0.006771839474684768,-0.014299072396355542
2017-10-06,0.0062620403926542155,0.019177834116225593,0.052067605024294424,0.004226827399929446,0.007910915965489916,0.0021695711465089134,-0.06104791949409849,-0.0023765435812563513,-0.009286458769406624,0.01060765659703203,0.007927573480056918,0.0202510565468564,0.017047804661682472,0.02828488071242015,0.020068406660616305,0.0023390884391372825,-0.0019234338167954737,-0.01381350411787441,-0.017041126739357794,0.015757906410276246,0.05750897215054298,,0.047750881931980384,0.006430880363685077,0.06744128230222217,0.018464808450748063,-0.0006174005896672875,0.031030749468549057,0.03386964629948727,0.024890874233720713
2017-10-13,0.021282145158957374,0.030370470507526195,-0.007404691427311323,0.013117315372237825,0.03103214021321715,0.008273480574864834,0.016057424600761778,0.011154363051307419,0.019908971073620677,0.015054202599045668,0.008729500391487411,0.014219496066793695,0.10940910676306745,-0.0019940645015755596,0.019415385476987495,0.024151003266878232,0.033912085186970864,0.039190119763369655,0.053217702656450934,0.07580200518514049,0.018928029727166385,,-0.02502374526933677,0.03154845944381928,0.04775438597810834,0.03551487450173672,0.05934648613016847,0.0035495586855401468,-0.06232391917572278,0.011839884680888528
2017-10-20,-0.0037620272365597395,0.0010364369660074062,0.012815809626312614,0.014910916511221265,0.045809379696451366,0.01122101449060348,-0.04340641860397053,-0.002467980844599103,-0.009008396595254283,0.004321698993711731,0.007111732218685367,-0.0027819571615425717,-0.05865683518863553,-0.003777385514704356,0.01689089421324291,-0.04000350681109733,-0.004507505383756105,-0.0007691309216797622,-0.034575791344206734,-0.02665356251641031,-0.026559302095385987,,0.0033411178095594917,-0.04121027736616452,0.0038785065058184846,0.005607842433689971,-0.005190295643458306,-0.00039334305276836205,-0.03624854368698143,0.017352630902273722
2017-10-27,0.008902715058551874,-0.04732105159750394,0.003072056794751695,-0.0035731031431471966,-0.014028196097809014,0.00512324975167276,-0.049251990923177925,-0.0375374071005139,-0.009090828841402533,-0.006706423324231316,0.0164373991606176,0.028058377780827808,-0.007742028298517038,0.008865191474331251,0.0615125271233129,-0.033233919403110206,0.021423362876533934,-0.001231352758361793,0.005263380935508745,-0.010529707725347915,-0.013339058657665718,,0.027355149127072435,0.008058086867778506,-0.020861231853910863,-0.005486995087321162,-0.1622509360398125,-0.012284810306795445,-0.007713476797575645,-0.03439759116082301
2017-11-03,-0.0052145558573402865,0.016900483661045063,0.018747378595802514,-0.004843374707522415,0.007706422535519216,0.016081419515250623,-0.019608872916146873,-0.0015169855239114008,-0.003441385270345393,-0.0021727288747785223,0.005829516134113452,0.015665109367528414,-0.011071368210867146,0.04170430946884009,0.003929722137576034,-0.031450472591667354,-0.003513428493636226,-0.01567988578188931,0.022492208288651977,-0.0479271713628994,-0.009274912293335243,,0.010056863690664105,0.04664767759146615,0.02408185881986051,0.019519349012267442,-0.009424207661531785,0.047625103490999555,-0.03717809006514539,0.00779760580616725
2017-11-10,0.0014715751456698307,-0.029765816668141758,0.01511330616420393,0.029588699042030087,-0.009052904136633004,0.05875630268920214,0.06886086383932474,0.008142260769778973,0.022694442014017394,0.01232313555101697,-0.0025741946839360702,-0.0055774636362700665,-0.17957485335442364,0.053365175378742205,-0.0032138229821306596,0.0035004696822280583,-0.005370314507713646,0.01721889538988027,-0.030397648945761933,-0.09175102834516652,0.02530189958999292,,0.06012228415262673,0.086883676350473,0.020369876436018952,-0.018310885543510975,0.021412097495286078,0.008579967729828846,-0.02624922045936687,-0.008258113429701354
2017-11-17,0.0006617542636240121,-0.01133539114970186,-0.01094393069742846,0.02192950302304671,0.018277435285366316,0.016379160262897537,-0.033837855860178165,0.010830553107559055,0.01697275849825969,-0.017995517448212574,0.0030213733180901353,-0.007942204296903965,0.017864517208567576,0.04817842588485216,-0.012672938857300933,-0.0036954416547553344,0.017991174082429937,0.021303788633711802,-0.06653899960441487,0.06929166230639995,0.024878905119906914,,0.018330272454796848,-0.01414448424273847,-0.029413887897020236,0.006800794154294012,0.03650564416034151,-0.008747125834908174,0.030231137068514997,-0.0029222465361056025
2017-11-24,0.02696591076826732,0.02210361358867225,0.025517028109608927,0.004940566599798289,0.0331340116999776,-0.006778563320775575,0.017062012551852496,-0.008053692030914768,0.01058195045140264,0.0037120640013948076,0.020897385648973314,0.01971953482424214,-0.001540794146118096,0.02697513353122224,0.010382641461123467,0.0052473711473948635,0.009025557468964721,-0.014253680009125747,-0.0066197346395144826,0.04040494470636467,0.05676680306398371,,0.0005091010663254035,0.015548024766210292,0.05614842157646463,0.01423408664777282,-0.03700675156525954,0.0073520686554549705,-0.00735974556932525,0.017405268310498254
2017-12-01,-0.004300433766114507,-0.01802454298244956,-0.01489334314339202,0.03112192318504304,-0.006474484655302562,0.018770073580675964,-0.07613432934357846,0.041856410711023244,0.01447771854145718,0.01012555388152721,-0.04292617349170721,-0.03021956169672862,0.06708920715923168,-0.09153910722853524,0.011938891198113463,0.005123265501004515,-0.03102461317945882,0.04625613938372682,0.010382227414834305,0.01371470577865298,-0.044555675390631926,,-0.062301416979897925,0.0028011176470133237,-0.047104410115463485,0.027934232780820942,0.09644543406951428,0.05192446131320863,0.04023091408206563,-0.04885078474078448
2017-12-08,0.018503052571192606,-0.033286735464174114,-0.002840054723131015,0.09415562255875198,0.00937447036930379,0.004756677007521541,0.047533735964607,0.04219458853035727,-0.001799838471494809,-0.014461395517892302,0.02202878784273389,0.023438576740913254,0.08297776631208163,0.029144898998495858,-0.0011874060630215418,0.027391373938437324,0.030725087993690208,0.04225576199849453,0.018605521285533045,-0.010268500272821397,-0.039777961432250736,,-0.03631418534564715,0.026226476001798477,0.0038510616424194365,0.0016181145277590285,0.02665792979921361,-0.0009599805853812121,-0.0038531820032552196,-0.03575538472887444
2017-12-15,-0.00197645001696888,-0.009536640711754129,0.02920487190841812,0.0021035588231490595,-0.02277993506195532,0.01241862843101391,-0.003875554235880869,0.0037331053463664846,0.022478582059883134,0.01923543520193424,0.006570434333034689,0.021326478977755896,0.04413437288378763,-0.003373460542076169,0.03146276691654639,0.02857735188103956,-0.013572778653487383,0.0018157366473022522,-0.017666599289371605,0.036593234368456844,-0.000828379778919581,,0.040188939428089286,0.06927441439805469,-0.039195051639576414,0.005242120553676311,-0.012037926068015195,-0.012317244213906918,0.008677322957212559,0.00818351826838129
2017-12-22,0.012218674608803885,0.008461684218646357,-0.002810981202796637,0.017409964121638023,0.020202602615936482,-0.003756487021763139,-0.023576773499488522,0.023154224637048464,-0.005213890078275702,-0.013075153298302332,-0.016677296245929146,-0.002933340172871048,-0.03883985849578412,0.03726183004624063,-0.015549073559834108,-0.03699974453649439,0.011172909228643509,0.01550731641839762,-0.007532993997454531,0.0033113937871145564,-0.033287233659946416,,-0.01860901550651121,0.02187796767562428,0.029539384732744717,-0.015283607431088567,-0.055633018510485334,0.0012145575616607938,0.041443974247578355,0.004579481395152414
2017-12-29,0.01901141807013107,0.0,0.021045344249641173,0.012897811639034196,0.020118827482240656,-0.00755551425272847,0.04280790858254022,0.009731716346292928,0.011068219929554325,0.006340968748816326,-0.004184775232732629,-0.014569611797447295,-0.036294304512411904,-0.005761540972732701,0.0003508031514944845,0.009510324259783348,0.014624588295652736,-0.01017072723212204,-0.007590352499216283,0.1520232895309032,-0.03509904071457962,,0.005846895836489812,-0.029086267070338397,-0.009096901234383685,0.004075307585306503,-0.021224236642970056,-0.009633923254022151,-0.02048085108816918,0.003258515067929573
2018-01-05,-0.007561145807659072,0.028106170436400145,-0.038760935012600146,-0.006867901431454568,0.005674581670392629,0.003155086366263206,-0.04479831292750124,-0.016203189516148974,-0.010478325433875207,0.004132773370834235,0.05721196740063004,0.05259816387294933,-0.00755755283691736,0.07332344907027372,0.030509456742865215,-0.012860568298399393,0.004468928334321284,-0.014244355874665814,0.0029541760224100246,0.0033068936429953245,0.05103808276782325,,0.06292608734069981,0.04567581256954791,0.055852144941010304,0.011150478422093265,0.08219350748093665,0.014959444875559457,0.05828117739831827,0.03248542554710879
2018-01-12,-0.001450392795029391,0.0013936127794535245,-0.010791000488221018,-0.03203262161179661,0.007516511552680512,0.004400427886465293,0.0636665788671804,-0.002726241668598461,-0.010929864601010728,0.0017349900028551522,-0.040855616599285514,0.018171510625217026,-0.027264907893681176,0.0186192573212386,0.015861717285788383,0.0019157832235522914,0.007402748148807867,-0.011285432165854412,-0.008674431993982277,0.05416651182882482,0.06073629826865953,,0.003330342333217469,0.09725429136339445,0.05113886964897745,-0.0027612207546602297,0.042275398229080434,0.0093714174829573,0.05275246965823477,-0.03672361930625899
2018-01-19,0.0035869199177128667,0.002867799277591217,0.0034879539555962933,0.02171542857529409,-0.00594573807915157,0.04731802261521766,0.09446043883006505,0.011587307092156716,0.02349082650506383,0.021648937325090163,0.0106472685263377,0.011301034573582098,-0.0049733456522033,0.022238594686416417,0.004454526334873011,0.04142646058126219,0.03635703436649901,0.021460216817921676,-0.017578599406846314,-0.058420668521880964,0.08187251070639477,,0.006373507706801886,-0.05826900869354695,-0.011799479544819384,0.01458461636661127,0.0492642606078615,0.002269607530702715,0.01125528717815854,0.005863395237893638
2018-01-26,-0.00151575141885869,-0.0026938592707471056,0.024258987751840037,0.03035004506555056,0.021118815443175107,0.030200468391729123,0.0,-0.007291462312375548,0.013144686069102771,0.02863621006515001,0.0469259931185295,0.0378069564601305,-0.03478608242321088,0.046332609785130534,0.0441233368478824,0.011592717505895246,-0.003276970377198547,-0.0014067122867781475,-0.02696113242296797,0.015977792490503996,0.023666469766532413,,0.011119646733005542,0.05771390322611199,0.0011862668674418194,0.012638240056826327,-0.04047429332068901,0.028117791254163527,0.015058674882361366,0.00113598035577285
2018-02-02,-0.023300908689701503,-0.027882664934607816,-0.03526882692271875,-0.0377848633704308,-0.032800079488607185,-0.03364647315943883,-0.032846355573405005,0.21598780185816185,-0.025705647973155804,-0.037795933253276286,0.0014727339284758452,-0.05928657846516965,0.011001182899209268,-0.08844423668294049,-0.024538934242648424,-0.06321489816692236,-0.05033987908752428,-0.023074672407879263,-0.0360680465882791,0.025317694850977332,-0.06433619608133641,,0.01908451063407793,0.0381308947614677,-0.010128181197259499,-0.05165947472098508,-0.057940697660575004,-0.042297627739478524,-0.011132680038884636,-0.04325793991805835
2018-02-09,-0.04666772019771774,-0.08016929360771746,-0.023992788601690893,-0.02462897544508219,-0.001589093350357837,-0.0577677265026961,-0.12727453640090927,-0.01699124886982728,-0.0651958112190058,-0.08016748583222373,-0.07738786217053308,-0.0673827345083661,0.3157313328973743,-0.06669123808012753,-0.04001414808642057,-0.03442149886960491,-0.08582493687806592,-0.08053502432152793,0.06006897839158883,-0.054647987325090616,-0.04438245378462285,,-0.11502323761689008,-0.04258265158224417,-0.07779977410924974,-0.05198305133919049,-0.19878283480036454,-0.041008163222057914,-0.039437115284582894,-0.043797502917071796
2018-02-16,0.03830426467386318,0.02838619029049295,0.04277914498445511,0.06241383881551301,0.06137290478690061,0.04035764491913466,0.0914923895734845,-0.013717264525442242,-0.0010801106591834546,0.041999096063055595,0.007072863264257912,0.045979493238235476,0.0826579872187389,0.10914640693905471,0.04709494385821223,0.042797329046435656,0.02071593911975478,0.02208734330144125,-0.0009888083875755776,0.027463737548170688,0.07494643034385985,,-0.013086604200064118,0.10122463517432317,0.07959449663843109,-0.018896362170487385,0.17930935366115414,-0.00883330262661207,0.06867238087052269,0.04345874873468844
2018-02-23,0.0001995892065915982,0.010591974921055196,-0.009109052092681735,-0.0004316196199952011,-0.007808202485556935,0.006090059849276806,-0.01838271977155588,0.0021693385440424823,-0.012503455673337346,-0.021119426752437238,0.03288791126005555,0.029315044058462133,-0.15717512410286189,0.005652134469627377,0.022144466173431923,0.017108934004334424,0.005590802469956875,-0.013379820826071082,0.0009888083875755176,0.00512457203433179,0.04971307613562463,,0.04216638701974274,0.07335169716938966,-0.02358738886672594,0.03285282141042022,0.032797243706119326,0.01961469492950885,0.03608140208484191,0.0074274146873930325
2018-03-02,-0.04628058497534606,0.03102876463241415,0.01088494308666153,0.011982164202068378,-0.02750764311579141,-0.19589223783209264,0.020202359642188986,0.007512591679545899,0.00151106180642471,-0.00729256848199922,-0.037068990383475595,-0.0397387298376507,0.03158747952656792,-0.04649566196013917,-0.010796115118540034,0.006575351239566797,-0.06770822046008376,-0.032093282773503075,-0.0280579502701372,-0.045149433735551435,0.009269874148301892,,-0.007913042729392878,-0.06531953791044891,-0.019154089313671796,-0.08877691918953429,0.013117278636043216,0.006121209685066651,-0.025446503639997745,-0.033518773741589195
2018-03-09,0.025869529777281696,0.040391683382982345,0.04665652495231292,-0.01978497834556757,0.021156520145406633,0.06953435646278072,-0.0638113227157544,0.014603987877841096,0.03159400077388001,0.024848942712998832,0.04759760005173279,0.06835668001234746,-0.007244449088085873,0.039984227964183355,0.03682028937488354,0.013853623969725266,0.00848614825360932,0.048371212759912775,0.031018150889795607,0.052095746164296956,-0.002440324286425071,,0.05137908954296754,0.10165374411501785,0.08200817484044631,0.05873857364336,0.006758616063787808,0.03259324056517881,0.031588590817978275,0.03133014410356055
2018-03-16,-0.002792690909039099,-0.019106735923047697,-0.007845467331664814,0.00018174941086638468,-0.0030384978821253687,0.00994006492049888,-0.005830914636476495,-0.0029721043190450275,-0.008029624355507924,-0.022025079925524185,-0.0007559224989512287,-0.023022403373264846,-0.04988130294488338,0.018733755384205207,-0.02029980423985616,-0.04572002598763444,-0.02117934498899157,-0.02754990557126263,-0.055710602175576565,-0.06284791778386356,0.007129835131433036,,-0.08329958158451077,-0.004073329652753912,-0.016807060720621228,0.03204270204300374,-0.00610256364782967,0.006608697658306881,0.00038902652432943355,-0.020163479808013144
2018-03-23,-0.028437969251127453,-0.056518308961557934,-0.033910560906253655,-0.036246553715895524,-0.003658411943058494,-0.04856847572646325,-0.06648974867584267,0.007884187941001332,-0.05042606287689337,-0.02634478722801832,-0.1494882187975431,-0.09991778958226076,-0.038962051381339506,-0.12338765052347189,-0.08168234225983652,-0.06796976351334529,-0.042439950717787854,-0.06404257300419067,-0.028528153305553854,-0.004937334637895452,-0.025624381364512804,,-0.07336981082347196,0.06368781107186154,0.016807060720621318,-0.04652007538478281,0.006537034024776302,-0.022037300500633114,-0.013758887167340398,-0.02066623968037048
2018-03-30,0.024973283733293796,0.028976859191225834,0.03119406116436617,0.0429422421387125,0.019658841580988403,0.02388012083403038,-0.09844005482909286,0.003639218583192457,0.027869872414659852,0.025654229328951884,0.0025064047649453244,0.010263166456476791,-0.030408841154983275,0.01703311037726699,0.04584704516131132,0.03866549442102818,0.05084641141325047,0.05017921152089903,0.038891039573788026,-0.03884422247243805,-0.013242871320458668,,-0.01944560169206643,-0.008117985911216477,-0.02679246354660407,0.008992908939715898,0.0025100438150882465,0.041369989673582526,0.03003199377859163,0.007229222489942322
2018-04-06,0.027315064980890084,-0.01835917481311775,-0.0032079099698490393,0.0003673822523013597,0.025430116128667593,-0.022627777987627638,0.07312219526385991,0.001856561136583493,0.0013735321915577824,0.011219381559968301,-0.016341412469145777,-0.026565995237664834,-0.10767362061251015,-0.03883815493608856,-0.011459896688159568,0.016166099682954564,0.04375087919861981,0.024254197078943465,0.034484220934839174,0.032889111171956475,-0.06955927705273791,,-0.03274552317061085,-0.37130617317173326,0.05232580884616946,0.030667140568039136,-0.015721343652132774,-0.007901340321429189,-0.009031667159289738,-0.017009657289182935
2018-04-13,0.02013114136719095,-0.02952176692254697,-0.014631760361085462,0.018389686318408448,0.00640287800963645,0.013320505916783278,0.16326669962979073,0.018462297051685728,-0.0003662713750770709,0.013344101847397462,0.04551321422932862,0.025504837964419422,0.043261130381208227,0.00738587601318392,0.031097011435500695,0.008182540887189576,-0.02418282726619136,0.001564694483571611,0.007024595277939504,0.06922522689894589,0.012475031967123434,,0.02669332913960299,0.39880945995644423,0.043842596039182676,0.002972457122253766,0.000911297510351015,0.011302356411634533,-0.004937366548652605,-0.016031944739444876
2018-04-20,-0.030096433731601285,-0.008239961949249962,0.01634689056321849,-0.017103897798365172,-0.011085376979907734,-0.0031807820542725466,0.012624011204577441,-0.004063897915119376,-0.06406291785451763,-0.01745083542868458,0.01064085159983316,0.03907082161518672,0.021277378208016763,-0.022125262074057774,0.02041766926883413,-0.18947507246013312,-0.1278411988035197,-0.11102325189104775,-0.06187546191988686,-0.040280100315110756,0.015894434005593452,,0.012169652813788312,-0.20494618104997372,0.03994226368393229,-0.01847159372075306,0.04180154409042717,0.010133061586906121,0.03670071983371728,-0.007472987304282239
2018-04-27,0.021964687957119023,-0.04014478296719203,0.028759075962495766,0.02804844229432502,-0.021646479750274644,-0.0055018574684207195,-0.04959695960627505,-0.0029963956143139424,-0.007541888665266671,-0.00987954465738011,0.04302310111270631,-0.043510975810898744,-0.06594303537103963,-0.020602717756356456,0.00859467563873652,-0.020500578195092805,0.06451461386590762,-0.01940762411956176,0.021053537340994317,0.015355053282496279,-0.01589443400559353,,0.002537943669473124,-0.027000609304036895,-0.0041301000462954165,-0.0029647788744832475,0.25261899560652423,0.008769061017681452,0.03895023931898864,-0.009004874575427127
2018-05-04,0.018987749437266124,0.0006395748197201421,-0.056832020981282046,-0.0032170906530080176,-0.0123663885616109,-0.06298548464810605,-0.007561261960645947,-0.01047461923210741,-0.027106615581983854,-0.02217906831405463,0.017247731607501666,0.018776473416191927,-0.276732604198202,0.0026238230494372823,-0.0069118359595614015,-0.008392588953247722,-0.04803906639328486,0.002313241860802425,0.0051944615330558165,0.04105075348358623,0.018519041852972973,,0.09776819228738914,0.04023245557799039,0.03806600175070863,0.04163536283728835,-0.01637288459353437,-0.054533280436040624,-0.0007247083949367815,0.005890115210499728
2018-05-11,0.007910462272070339,-0.02472861102796348,-0.0014094838023352835,0.01774365239854068,0.003635282056756322,-0.06843791018907595,-0.054594818070096224,0.005460205334339538,-0.015884799227013323,-0.005207219886520384,0.057111154299170665,0.048636190459877,0.02290526165896475,0.054905041088646925,0.026341741470753362,-0.00821756464327455,-0.02170432219732995,-0.019202066171759916,-0.03479511224969581,0.051658820319607626,-0.01433185414266461,,0.06522208139854827,0.1458539524072009,0.022162973452769928,0.0021786682941568793,0.010623407193987949,0.026221211125324176,0.006705031388274199,0.04345345104826273
2018-05-18,0.005307588648367821,-0.008026835160955028,0.00031788237229576753,0.04066698591622195,-0.015234865876271682,0.004051064068448381,-0.1349639025378563,0.0009212408029477787,0.0008209981269955328,0.0009489240652156717,-0.023319127113613378,-0.03105605339127779,-0.04255961817460223,-0.00154775532033553,-0.009485174995379844,-0.005557317505610226,-0.00858029727081644,0.006321839171390388,0.030641716799065924,0.03119259557226348,-0.028512757461532767,,-0.0024148246893594487,0.05168650050140596,0.014986959730242744,-0.027025848393218074,0.016455969561101045,-0.022997904596540223,-0.02041437987498622,-0.011758307873256676
2018-05-25,0.006031520368346961,0.004443892793670897,-0.01596880170124916,-0.04189891476509348,0.04326288492689859,0.0038333270921276194,-0.0811899143689348,0.00742194135541546,0.02831049887229812,0.005202293798532121,0.012187417901902451,0.013409455447577295,0.012212468802460852,-0.006339695278142723,0.020542680153440993,-0.0050903501495292375,0.0019562979786265852,0.0016189714963774574,0.31741256495166587,0.09427678326271925,-0.058964858720279505,,-0.03327349930073532,0.004140805888760229,-0.0019212741795517096,0.013757592683688548,-0.006946183618711243,0.0023044897678255937,0.022133143914304605,0.04485668742468893
2018-06-01,-0.010372036526236656,-0.013819760001947906,0.027028733004935426,-0.021356928195424382,-0.019596736770463526,0.036382030662321804,0.15628076886688397,-0.003662549864395334,0.00855627638575959,0.01683848067493705,0.047883223250034024,0.04590098820265138,0.08241008834925447,0.008252674228518248,0.024404741366422077,-0.027253677323401112,-0.0076523148305772245,0.0016166717627143672,-0.003035016788975869,0.04161823553378403,0.036834016757581065,,0.02268311166557272,-0.02841650437696704,0.03635049622541599,-0.0187956929214326,0.022269773326032992,-0.007540748461983323,0.009976840743702732,0.014121933949116514
2018-06-08,0.010576975794583261,0.013291614125187354,0.020132596390172702,-0.045452903858658654,-0.002101076419925567,0.07444077952597292,0.03347574444862444,0.004991056450659774,0.022098147822249836,0.0190661715715717,-0.025530449572967982,-0.00201961362555902,0.11749636382546155,0.024170302767085178,0.008299896335472219,0.01573656645702761,-0.029178868558129956,0.03509119953233735,-0.023838119849956787,0.057790559609484905,-0.051871821327538384,,-0.010262782038126075,0.0007650802617739839,0.04443158586254539,0.05945615567992414,0.03309723009085147,0.01538604521984551,0.06577333360076988,-0.0006759294382385528
2018-06-15,0.014918564535112184,0.03996391926845995,0.024941511996329633,0.007897972424331545,0.026391301133067858,0.01697835019342676,0.006153859705557772,0.008098237584240053,0.048748553786576866,0.012726851840038446,0.035072911962888365,0.023177542064718733,0.06940057406102254,-0.022642401699169305,-0.014869433202033423,0.03050441324718823,0.0006080708906617404,0.013648931205483323,0.008524172409845376,0.10612293375443217,-0.10018320623490942,,0.06889885505935468,-0.019908117537503933,0.01190229894530598,-0.014611183233476535,0.0188558869549145,-0.006755029366399062,0.028686776877593613,0.009757760594004052
2018-06-22,-0.017860735546884974,0.006071116454609739,-0.006457909188666213,-0.06940777847349709,-0.03787541697087904,0.00759117956805055,0.010173235272980703,0.00713535710504797,0.007037781225166212,-0.019915919737209076,0.029630695557937133,0.00860617664924792,-0.06026809911449048,-0.03792381127656305,0.0027926361151146,-0.006812754664951527,0.04342960598792397,-0.013413640796308603,0.02061898567225611,-0.010653103729061641,-0.03672081555210189,,-0.03816459332744486,0.0935911050132209,-0.012345781831233664,-0.011540626827942152,0.01701847544786773,-0.02773509346185445,0.052844405862803326,0.016932497276894696
2018-06-29,-0.013312958119874119,0.016309301790840863,-0.056188313296054886,-0.016191403295964503,-0.006097607007360051,0.0077084934487283915,-0.07130948630697997,-0.003028127776793598,0.004603293414429625,0.01400532469605723,-0.037473374839642325,-0.03489616044119673,-0.008368223564076772,-0.003972200712361239,-0.018089016528992304,0.006835245252712696,-0.007284724358447254,-0.004041783360604796,-0.0015126808033679193,0.006289500335802277,-0.015809837293298976,,0.011898844514975072,-0.03371103995194145,-0.030175676167121714,-0.04894476614326808,-0.08563877927144106,-0.026991388874801035,-0.035578802292837906,-0.007434812309652195
2018-07-06,0.010843259616318114,0.03010968426399257,-0.01793325579604378,0.0287599799788129,-0.00015397939298290988,0.01969995297746755,0.03208836774558919,0.0075122067161060594,0.0063175513912334755,0.017627782665528478,0.0448318569919401,0.02266905742677635,0.033060830868005125,-0.009397191288900543,0.025530637053884482,0.018650820798317085,0.026021257462042313,0.026070130788307378,0.06317124474531058,0.04024493809188519,-0.03543274895731613,,0.042024395144238225,0.04859572123980051,0.0,0.017272664067353626,0.0445897504384864,0.0006388718134401956,-0.0107606330161208,0.009736840231962026
2018-07-13,0.01884862291737867,0.0007703493799767079,0.002416145527151026,0.011433178563169505,-0.004941287486755569,0.04630999652248859,-0.03863146174126338,0.2031966062136951,0.028168463392220112,0.0022378260670843373,0.01992538359312633,0.041828572806974815,-0.012644280035954223,-0.02152362374056151,0.041343753095326,0.005092845315336086,0.0003859502605835324,0.0035961901727000747,-0.017391798520514846,-0.01731213525502322,0.024091508460710332,,0.02330059392461359,-0.08602216510431576,0.06032865401420417,-0.005724546546828875,0.01358685238259475,0.011054182627939519,0.008027770747484345,0.041655905264647665
2018-07-20,0.01823489082768841,0.006713424613116686,0.0021325981352334844,0.03030863780458437,0.005557280527156677,0.0060266123250965545,0.008715111450655262,0.013109566422666436,0.029035817167538207,0.011997209132978186,0.012558236134064246,-0.005444881273538314,-0.006759259570440832,-0.01073067518529458,0.007935669062525743,0.01952269688439024,0.00019338912008506039,-0.014809659415795021,-0.040273868345498065,0.022717350627074098,0.03052367792122108,,0.002055678595284109,0.062417607454256264,0.03676732924862209,-0.003412684824530552,-0.013254314171196671,0.0021456079212109763,-0.015146038593744185,0.025199513588736712
2018-07-27,-0.01877452976705992,-0.02781612689515661,-0.009351148648781192,0.019582534199461533,-0.014576190258006794,-0.015547334530339844,-0.09314355872295732,-0.01682782797303693,-0.015025073008689197,0.020330735486534468,-0.18266457688414495,0.044899632544426506,-0.03371971015922986,-0.024785908950966214,0.013180979618121586,0.01366510915962629,0.03824761548782013,0.0045007290869,0.004555854404964303,-0.01569581389201082,0.017167835247812846,,-0.032347607357667764,-0.01929324978159708,-0.04064916093617042,-0.0031063435441829592,0.045725862082758896,-0.005055994352662702,-0.06126078452838394,-0.01938774122068569
2018-08-03,-0.0064276377833298,-0.010969088738228763,0.00028049704259523446,0.006690350981754873,0.01826383985431784,-0.022855323878936233,-0.02653979236244875,-0.004979190026994118,0.017521763911606147,0.008833606386295002,0.016389685984988307,-0.011826468290650897,-0.007824796071143253,-0.038591510776135714,0.0033376735241854405,0.01590189321490374,0.01328642998696897,0.0311167062206875,0.028381343452932046,0.0337999563212797,0.022441337797382378,,0.006748282144208662,0.05756425432734955,-0.03787324951105666,-0.008097109523700715,-0.01930435718202235,0.036702434030518115,0.06963194493976663,-0.006284590092714153
2018-08-10,-0.017859070965971634,-0.04273221215336238,0.00013413367818646267,-0.013801342643232259,-0.02768027127024351,0.024009196812825807,0.03601835878831478,-0.014244486188872262,-0.029936472436888274,-0.011650777691206031,0.013853383062602106,0.011523059548271502,-0.03354940232604743,0.03922921441819343,0.008846305056197337,-0.050542302356416074,-0.02149385899331374,-0.011449835558291386,-0.18911935212430359,-0.018702945565575488,-0.05585398674805345,,0.042748662224600595,0.02944713570300047,-0.03703286596893825,0.01568775639345193,0.046807481865133935,0.013107104408876587,0.04138560304433652,-0.021827994208092664
2018-08-17,-0.0022464470638459567,0.034951667272336104,-0.04492284245535639,0.005991568445306042,0.00031544010453424574,0.023928828194390624,0.07931693068766732,-0.00295774254303164,0.018347373766693716,0.011221586381925854,-0.03649511427072668,-0.029706015682320678,-0.03471423470622075,-0.0640710383603905,-0.00927214614088664,0.029714490678964527,0.005603353346933317,0.032489291876051506,0.06041564807105576,-0.040360143924890006,-0.016016069455881448,,-0.03556281429580843,-0.22426025322675025,-0.06345231044787156,0.015446246482977592,0.05015561772035731,0.01471945178635372,-0.021758487323535983,-0.008574340690222585
2018-08-24,-0.0057093527420852275,-0.016661061934993115,0.017836496018661357,-0.0031784524800895896,0.015640180629149562,-0.024752878280041503,-0.04911680422122096,-0.010208261949649066,-0.024746770288334018,-0.021035077460611885,0.004878698887289468,0.017043503018487813,-0.0221097632068855,0.03758087147432985,0.007593436837057096,-0.06509524672823151,-0.06561933052549787,-0.037072004815533854,0.003344100516086805,0.04931014622930281,0.05884043149032496,,0.07521635997321714,0.07875270930614035,0.0846513068845093,-0.011043850906581122,0.019920118685315874,0.003929771276451643,0.044296432102077746,-0.04248167527880965
2018-08-31,-0.01466833176267109,-0.05203846795419613,0.0028857294970923916,-0.02234527966590917,-0.023235198028236058,0.003949287047822826,0.04474975437998962,-0.02554839944242368,-0.0012493465272818483,-0.023504527838965273,0.0061647780396489734,-0.004010495096863308,-0.06482522213284599,-0.06027016910052406,0.03561270239105641,-0.02284686860399112,-0.03852094847373658,-0.004433437863894538,-0.001670858072029928,-0.00029704645570489686,0.051351884455491215,,-0.0033635862454516993,0.011125491778691977,-0.02213089540340284,0.023946621791276764,-0.09149955618604069,0.03216077170773338,0.002045088691467502,-0.027323694319788625
2018-09-07,-0.003449180682332876,-0.038153006193488076,0.01676559672107713,0.03688854398692312,-0.018919818343922902,-0.009073711336926941,-0.033373484914918525,0.003502580005957736,0.01473373096596137,0.025474838958455533,-0.07495314046975549,-0.0450065266016641,-0.09320224544808695,-0.06438381720356766,-0.03736711737445421,0.009074042439084856,-0.01772568832059379,0.040357323122779606,0.005835829937036405,0.16755662109089764,-0.03324963346737885,,-0.02287115502040546,0.019385300873494507,-0.055103832477781556,0.010241547712090434,0.014312681681937311,0.017229048524828268,-0.015153053204474284,-0.00755577166612616
2018-09-14,0.010738955135440474,-0.005027035544959192,0.0015572467113335294,-0.0797342277806218,0.016693826634587364,-0.01351486960009809,0.0333734849149186,0.06718503174088071,0.016101763221634282,0.01435836229049854,-0.00442576400445784,0.0003311379598890479,-0.06662196007028105,0.022005676990387385,0.04658300178851636,0.009244918652501911,0.008589168384253188,0.03122951266254095,0.06204156257680953,-0.004028027635158015,-0.020446859549861727,,0.026980721498398762,0.07553797803577761,0.09127161062641556,-0.018846664634592388,0.019577597421525924,-0.0029456382212445066,-0.04691950247262704,0.03101316803261012
2018-09-21,0.00582209616063249,0.030333802607160176,0.022798803598708166,0.007987257031495434,0.02048285773599022,0.005361039849310585,-0.09399763137757448,-0.02776219917249306,0.002963455752131278,0.012747029615218172,0.003750874604599719,-0.004987090984547158,-0.016278125690784285,0.03376448924102072,0.007819790160475099,0.05421964746372217,-0.010906148950257724,0.007703484025233561,0.04953397334614224,0.06518304137977436,0.08134200888952683,,-0.015328222761167104,-0.017174514407178012,-0.0278112579254753,0.027351878992654646,-0.050462767068288845,0.01564739885484741,0.02179239500829448,0.012106855121357087
2018-09-28,0.0029691839763764842,-0.04978497724011456,-0.006103237250483614,0.005355675015364448,0.02068271593110044,-0.026582446127414693,-0.03174919193865308,-0.02682696439021627,-0.02743770409826718,-0.008407544577615968,0.009346792225973793,0.029390196004632246,-0.07495002720647727,-0.04617491009890556,0.0009621543077078026,-0.012675190399995479,-0.016799883242358593,-0.036468327412432756,-0.0340298474242724,-0.019348612921608603,-0.01614358157334109,,0.04384911805907558,0.003929290641584515,-0.0004623501369393225,0.011967096028785195,-0.027879315657767363,0.01529611161249493,0.029536378385474626,0.004734409058711818
2018-10-05,-0.01121512884424318,-0.01056114328383804,0.034461268925535055,-0.017159428310719753,-0.03134456455866897,-0.03652017969753981,-0.04309869796691705,-0.03347545644796285,-0.04866075899082657,-0.0067342477712785745,-0.04432196197018769,-0.03305683537636211,-0.08744023389744919,-0.04789672207775104,-0.019779960858536106,0.030912888724188584,-0.02472508320687156,0.02876484338719907,0.0011141580919242224,-0.056563075338914595,-0.0070624188033459045,,-0.0550419949951312,-0.06983356357241793,-0.012098808362012454,-0.004313089827467683,-0.01141756456722054,-0.010060189693513967,-0.04116786365879905,-0.005751981062918137
2018-10-12,-0.046238271168494445,-0.02702108776182273,0.01118389416207605,-0.06441768891956362,-0.04712061754693376,-0.052990067195187354,-0.09505143345058904,0.0344404932173815,-0.011427469577883476,-0.026503336540846245,-0.023082632076359313,-0.04133664244248635,-0.07897080277293311,-0.027605969370215633,-0.023095312960330894,-0.02151381997499379,-0.03519480329749228,-0.03291858689856708,-0.0006219863137583946,0.03535558501950209,-0.02353045157759047,,-0.011939313764258346,0.01170576011267266,-0.037686353837603395,-0.016647641554048076,-0.030847437406380605,-0.021904797588051673,-0.019884771717405898,-0.020569710962808137
2018-10-19,0.048377320298864976,-0.0057074670230052435,-0.012304882044654603,0.03168844297390264,0.004615965175339767,-0.022391832854910962,0.12566603295524378,0.0441499801180739,0.04648961015615213,0.036263776466176754,0.0020145304812354643,-0.013802488540511977,-0.05290724739285868,-0.05844849757648282,-0.008339859207528694,0.07623170477186857,0.0006928263701536848,0.030983657959260565,0.06139298502586646,0.013458917773534283,-0.05476031384749598,,-0.05249719133679877,-0.03726081255433072,-0.018646230052565077,0.022155378317215,-0.016592824253595328,0.015215828461864913,-0.03519093090577255,-0.006080197662652531
2018-10-26,-0.017025714203064,-0.12400291822235138,-0.05994050659197484,-0.031259155182487265,0.000986380437538721,-0.020551350968146972,-0.010101537969779362,0.0008300654133933419,0.0014497577091598661,-0.0088888673312719,-0.057995258794562264,-0.019581003293958274,-0.08102209786992451,-0.07557357304803328,-0.015768530746550328,0.001912211146709238,0.05656797573927936,0.01823436199439043,-0.009555244785046128,-0.0404267257602009,-0.0712194905337464,,-0.01971116098688317,-0.02799828265839851,-0.05236269419749943,0.034331402048979,0.022702058487679536,-0.041334945888884665,-0.024613895808070985,-0.0351100920698876
2018-11-02,-0.010927362786670877,0.0322757807963101,-0.04202167818977548,0.013637179118955331,0.02530939338513227,0.05802862798192055,0.012610767385490811,0.10057723184942909,0.006497981366420613,0.044300129464605334,0.03368388088136674,-0.011377054120535758,0.08248948313658064,0.13349371719524386,-0.007507865719865122,-0.0028130904056207183,-0.05172985264137891,0.009151478992671167,-0.0002954630812537517,0.04115582651184282,0.009216672195140484,,0.0669250835710003,-0.05470825808855614,-0.02751498806557506,0.01948133471656525,0.08315068423541055,0.012972394950096916,0.015421538891551474,-0.010887467480236734
2018-11-09,0.04167711052570235,-0.025013014322777638,0.01263326198763249,0.034734030417861037,0.03246956598955536,0.04940614826576622,-0.017699377030131056,0.06781636948429115,0.05520734033895343,0.03440123656415403,-0.03650795208280876,0.005147783215071342,-0.00440856107316634,-0.08343909518035551,0.031616255673944056,0.004833545330089526,-0.04129136139193489,-0.0039343265953822515,0.012042790118866501,-0.1003263438100349,0.021679705752496087,,-0.12708645534107227,-0.03820906925930229,-0.1292487493235902,0.05068794965952885,0.029718389665259533,0.04301970600534043,0.03354382593741789,0.0358399665340863
2018-11-16,0.015407830654279576,0.05513903503880597,-0.033031155525624606,-0.007180677387737927,-0.007159696129241038,-0.01900420730389068,-0.028462712018700344,-0.02881220746481352,0.007378035408685437,0.009814743795325155,-0.03817845922431484,-0.008157380138943661,-0.04518844050334274,0.07334893270961589,-0.007439907896990848,-0.032480161881161186,-0.18958130649386157,-0.11059498008390538,-0.023784328281557878,-0.08282131930452896,-0.10785750104844669,,0.007754001669909506,-0.04378811327093911,-0.02097536767354047,0.008834378945382946,-0.03736731404262137,-0.020378314122809892,-0.036110209237660874,-0.023870135635017612
2018-11-23,-0.007290940915125101,-0.03471112200719962,-0.018954203634165504,-0.03968999149519445,-0.0015632974008586487,0.0274134990263743,0.0,-0.043140033644547444,-0.025155189541370356,-0.023188726651429462,-0.057525388602940736,-0.03638473920199047,-0.04571323416179337,-0.011812522123246315,-0.04940436843247988,-0.026764871584681868,0.007499394784764699,-0.05539879398897677,-0.027124794977086475,-0.08203797016198962,-0.027314032576591766,,-0.07687327447252845,-0.06623552098736367,-0.055765861126425786,-0.030636872400657485,-0.0028384601770740777,-0.01516472757208091,-0.008043552454575493,-0.0025269186688924128
2018-11-30,0.005975740022735181,0.02118999110501855,0.01502835220106783,0.02203497694729173,0.011840023623399533,0.040347363373141154,0.02846271201870027,0.017183565707196136,0.055038269157829,0.03563937026367259,0.06523588594631391,0.07438874090181312,0.048790230091619695,0.07914914502960899,0.07313010070546085,0.02907899429597835,0.0020096541535089235,0.02045183236010404,-0.026460552562744172,-0.05801575055841164,0.07795438248352826,,0.038764887159956275,0.043600797259102646,0.0736841039206569,0.04167730835462117,0.0037898460667343437,0.056087276184578684,0.054920806057956226,0.05280121848955643
2018-12-07,-0.02142657052764281,-0.08268033957482478,-0.03720798778207487,-0.03466832187728241,-0.022096888684588124,-0.03877845948735776,0.007623916102984594,-0.026267883632716833,-0.04358295032850377,-0.026336131502888115,-0.022948177046138364,-0.058517002080147124,-0.11548154094128299,-0.010030177401865924,-0.05629418755437062,-0.023029793477878983,-0.03412949104455244,-0.011925227433923274,-0.011740514771780794,-0.03761122789122495,-0.053700506948285695,,-0.06595589659957347,0.017535257372167018,-0.053455063720078376,-0.02988355342769724,-0.012289620335059327,-0.019600857349834744,-0.07097268034277547,-0.0648017906089083
2018-12-14,0.0007075108438321832,-0.015234798244991198,-0.039693720394478466,0.024304981209830347,0.06218174818094089,-0.08579284336408755,-0.13244754668260625,-0.014554096653934085,-0.016277702401666583,0.005079748957972728,0.047187958457901504,0.0048897833151656765,0.020478511345710722,-0.005813204054156626,0.011477682582885774,-0.024662952169174523,-0.01856848044846143,-0.027127543473445957,-0.019336923263276556,-0.001394728129340561,-0.02140324876224014,,0.007665112249770204,-0.02904773897682866,0.012837195794718828,0.0018018592517765883,-0.02075171035101283,0.013946014468324884,-0.03450117425073453,-0.017470463008526387
2018-12-21,-0.009165491170578542,-0.04865399743383399,-0.11128065249449248,-0.023216907044942177,-0.0379016955249252,-0.08844443356797904,-0.103435290417586,-0.03135038596149774,-0.04056608862972344,-0.03653252852009096,-0.14231619578206464,-0.05920590691879942,-0.17090059788808212,0.0022787819979486717,-0.07641049002519756,-0.20468506657418442,-0.05435306704566032,-0.0715292886389978,-0.08538549825767001,-0.014175480327636837,-0.09613600537720104,,-0.020407839237342382,-0.005382759546541193,-0.03968004199714835,-0.05115241475568012,-0.14908159475723148,-0.03959561422173106,-0.038981242191454255,-0.030489982197792018
2018-12-28,0.007608542303405298,-0.007863200083049922,0.004184093024720101,0.030837587572088918,0.008067070008615791,0.016655085707330982,0.100541245169609,0.011478235768102458,0.008553997622049095,-0.007808385931148488,0.06393799761077536,0.054411800750624476,0.13478316645332672,-0.002964328886427387,0.02175116530514615,0.01588281243464576,0.05758402982765338,0.012348458605871172,-0.02894568924415163,-0.009617240439492799,0.03237527510353187,,0.031079484203178055,0.01167882938278911,0.05612565464945265,0.008063975504271726,0.072765119085855,0.03861376384443647,0.042749242746488676,0.006365253188129279
2019-01-04,-0.013478834532031156,0.04772666016782608,0.02282450890006817,-0.007620680527146734,-0.006510569737693185,0.015177868744919418,-0.020498184805915958,0.011836932328045153,0.0010869518006357995,0.0078083859311485005,0.035039419414305,0.02954902667508484,0.041172157152608656,0.029987274010599405,0.015223658579675179,0.03333179530900244,0.015579961341306965,0.02843228755327351,0.01858853986983395,0.0393031988273577,0.020718341101758814,,-0.027829427645047537,0.044997194110142844,-0.018360754426207566,0.015374437076817652,0.07011600053782567,-0.0016385626277676138,-0.02573336547449562,0.040137282919528894
2019-01-11,0.012699154547375913,0.06500011424160147,-0.045491489021610376,-0.0042591584851949665,-0.016622605769266677,0.08799833247065739,0.13795891183258913,0.05480851509373359,-0.02122312865588818,-0.004846861747141403,0.0415323478075275,-0.012695227705383172,0.053978826387821366,0.036024813916124325,0.008499156243538569,-0.0007190679026352015,-0.008829201412832194,-0.028227381505446326,-0.003637663706873175,0.00788359847929879,0.034753074641773636,,0.06959578947519816,0.009950458746219533,0.13209271701147243,0.022682260514473706,0.10811491250804928,-0.005701773856725804,0.021885289157393437,0.043197947115599634
2019-01-18,0.00762722737356893,-0.0010857075257983241,0.03055660323629096,-0.02048134600549672,0.002842151736613406,0.02201094574632179,-0.050208463778555854,-0.012297537073402458,0.017505100302061906,0.005687436405539367,0.04247840561588571,0.03944757825358476,-0.01605177019640247,0.03201586860323386,0.046656907415319006,0.05989625007421082,0.006097525324183463,-0.012139206009998104,0.03561892582407672,0.11956443006569092,0.11918531879684013,,-0.0070873014210211535,0.03406647556090208,-0.005614859171057334,0.001096073268009103,0.012331205634693572,0.015493875500574003,0.07155715959216088,0.016317508065142528
2019-01-25,0.002459551296338491,0.01629537537643818,0.016014842402691937,-0.00897057302648686,0.016265623446296444,0.004846040935344565,-0.005435083043209354,-0.01397060246862854,-0.0065627118842801445,-0.00505397800787233,-0.006888459831319166,-0.005242747161528634,0.03497976157411009,0.013478102793505854,-0.005026182833398308,-0.014469449083218849,-0.04634632150715499,-0.08800920334672185,-0.03634839901451732,-0.024533816843556416,-0.014111863583148296,,-0.043033675294473835,-0.005758117721287305,-0.01875587341093457,0.007801872676270097,0.05704692409022497,0.003782503973923236,0.06056766003158008,0.09347333260341384
2019-02-01,0.06111540709050976,0.026105477675349906,0.040822162157387126,0.044069176868216146,0.03535867946298519,0.0369110847570483,0.08610273218515738,0.03401569426374163,0.025640214105799874,0.027690158878143425,0.1062260561812224,0.015413812922158137,0.07667161043060713,0.004302036305008323,-0.04182551320455004,0.04042072419870007,0.12184250346948843,0.10626422628265098,0.02503070864467598,0.1261307594552846,-0.08856290621363219,,0.011981931381669173,0.01243440475601357,0.0062911620999973545,-0.040368975163070184,-0.03021055102917594,0.015200213506589578,-0.020514625334298812,-0.0076373960761848495
2019-02-08,0.022844287585690244,-0.009020090848744056,0.008424489503911654,0.011916193093669246,0.023676995163586224,-0.0010359354036241488,-0.04604399841813386,0.020732072638040454,0.0073709514558524605,0.016293667328813034,0.009728625951692485,-0.014624302369632289,0.27530483974515924,-0.0006780602388193082,0.02773018071539782,0.05460203665900968,-0.009344243803533976,-0.007343870294705096,0.022334403857685044,0.01440034708443021,-0.07441211225031737,,-0.0773307865540515,-0.018225963829092615,-0.10384136137797642,-0.01121035525940984,0.10021266898258059,0.0038173067875723597,0.04140968311601193,0.001436540831801895
2019-02-15,0.015622057873200215,0.02002172610915847,0.0024614062498207515,0.01669289280215816,-0.004103422251359932,0.014235757547186423,-0.081789377155705,0.016422998864941488,0.02524907054810169,-0.08999095538521114,-0.029290058457728904,0.015526730220231598,0.002195336095339993,-0.031230990564591273,0.0238451536961409,0.042591263430922746,0.04369681827556817,-0.002049718749368307,-0.0027864467978589527,0.04458082084923401,0.0234455421388031,,-0.04033309007199859,0.037058971312772165,-0.040005388779455774,0.029433933080826417,0.038905810488581286,0.0005521642135911625,-0.0297675407057657,0.031245210214722565
2019-02-22,0.0024110761693161304,-0.03470542210031756,-0.03401765678181172,-0.001841164135516048,0.0110983504339283,-0.004779841711464227,0.016901798883184823,-0.02728129994915978,0.007306650904468228,0.0008834240988761727,-0.003760818624076905,-0.002745782907292039,0.06268649469396731,0.030099932638223057,0.029355410792136633,0.04326289248334294,0.028457917229234506,0.05508190408195389,0.04617922289018059,0.05618342957582624,0.05434867602152089,,-0.06910775122680791,-0.10101682170413771,-0.019947419229957724,0.017624356122062437,-0.009402155768380431,0.013403159942082717,-0.07725639462254141,-0.019196620338148472
2019-03-01,-0.0051573880679177215,0.08821004390499913,0.016892024930732098,0.023226707416415186,0.011550859345428115,0.10237865211768875,0.008344966121051327,-0.05536170976657393,0.0030962082541823033,0.002206630896283806,0.0024060941144660795,0.028221749973000643,0.00922611890740615,-0.0354794036901216,0.013960053082159585,0.004122583350105701,0.0044900238919682285,0.02398223083317401,-0.0018336284343809515,-0.00440003949509742,-0.024784064146391865,,0.014254189737866721,0.04933062577429533,-0.008091742217098576,0.01655817408981445,0.018831266081079583,-0.0002095848882703042,-0.039032128760281566,-0.006006148983294233
2019-03-08,0.01960095890624545,-0.01698094524069507,-0.03401387869577057,0.002005401886019184,0.0031531409827187415,-0.06591930946768543,-0.028091511333688028,0.015267668487300861,-0.008210369101510273,-0.011971336434022397,0.04411944056828269,0.0012616046835542865,-0.033198137159645105,0.02295229687009056,-0.01811387141493776,-0.0006863647224886708,0.052360142461202,0.04847384652003322,-0.013436147679196516,0.07547197318376225,-0.03731885147904488,,-0.01459878544734433,0.021380806315213614,0.051462523355061664,-0.030450999595974786,0.00783346874585728,0.013539053368161828,-0.0008379157337594619,-0.0033347148884482975
2019-03-15,0.028454304015674114,0.00828034863564068,0.02531035496143314,0.015504249656086216,0.029053136135866065,-0.005625430943171114,0.3233629302803355,0.047346048327258534,0.003724418480122301,0.018898373024240425,-0.021575506329141646,0.03446963904693886,0.16315167530079264,0.05202648301189059,0.04770802003616738,0.03814304437012493,0.021277085997400944,0.024617818611954154,0.015769445988520626,0.0867651934751929,0.044503851688175944,,0.07212829171567517,0.03588665581027191,0.07850798551002564,0.031962742368010215,0.035943422879051674,0.04282711224488743,-0.022611882076290037,0.011931530020754467
2019-03-22,-0.0028829587738512675,-0.006296674993422475,-0.005412262104981238,0.020305038542268845,-0.009216879212525248,-0.11896595413430408,-0.05292288155092773,0.0010830559023618268,0.042818924438257945,0.01381151998600972,-0.009929714302577157,0.014471000573331958,-0.0392924292998469,-0.015347986898886409,0.00978721857110154,0.0035158311147284026,0.008482955222885379,-0.0005820182931422364,-0.024430645202024565,-0.07026666493966205,-0.02376231290459066,,0.026060382800244666,0.0524058951995597,0.0672473988385397,0.007954193594826464,0.04955002541423676,-0.019313467547942973,-0.020765204588422997,0.005057000805315701
2019-03-29,0.005024917610346383,0.03922555885881746,0.03363980957803221,0.01990134848693742,0.00782553391803523,0.019799027872416018,-0.07678691946819495,0.009339228278652667,0.015045578006898777,0.02004602165783941,0.014198353413786963,-0.025801031763268856,0.026668331283552928,0.015783001789268628,0.007574677940728135,-0.018383885452567538,0.02869146027463348,0.026645096609173358,-0.0172033273439624,0.03039868936200671,0.0506038182186173,,-0.01733321300437978,-0.0008806042466314275,-0.007812505643214996,0.01640553465085794,0.0562470106465469,0.00845167779033529,0.07583813990700024,0.025983510570147066
2019-04-05,-0.005700664808196332,0.027601660760194068,0.09757410181609645,0.008301888367833183,0.0005567184857456577,-0.0316423330859991,-0.018958152741641882,-0.018430039450876446,-0.007617595180398717,-0.008357677770962066,0.05275597459928366,0.02894259750508838,0.0717717970792295,0.05685624628088262,0.016398729825343895,-0.033944596806293206,-0.023524624135849895,-0.047424310410918186,0.013601998291027793,-0.06336779252369608,0.04096698602897618,,0.0016939763862598067,-0.03286918575341633,0.01058803578782827,0.004256259936225198,-0.002734888069470158,0.0015018648209296067,-0.013810540157948628,0.011756877585925718
2019-04-12,0.0031909683080923903,0.02539297167259179,-0.014434195959939215,0.0009388977350192534,-0.0011137470796144828,0.0026439937523902663,-0.012033311721111923,-0.029730859198748825,0.005002684373523698,0.0057937431891232185,0.019052541823579305,0.009268218045229244,0.010919899534702293,0.030753014300405182,0.008802615585300523,0.003854902871526896,-0.0029493588905667454,0.03215949968968028,-0.036907181235668954,0.03005702666668115,0.015401260923039294,,-0.0044529141676902095,-0.014490392165817156,0.015947492305039935,0.004656013397206889,0.005729136086068623,0.014303080806330777,0.011910098568260589,0.01056909131926327
2019-04-19,-0.0007965908810360962,0.015910873295397896,0.04248948065730389,-0.00791552843377096,-0.03083236883382603,0.040293757609744546,-0.09120238461134042,0.0037652931014702457,0.03899117055186315,0.015707726897746084,-0.004589071992020622,0.015210032719585573,-0.02538208904197494,0.003579876544140424,0.019810711539762767,-0.01503629942609334,-0.021142779463276508,-0.03948940109725569,-0.07681002765220522,-0.043789312951170556,0.135571531265348,,-0.03646606666271502,0.025987300346712035,-0.01483953927182666,0.017128455840027493,-0.017615382517239084,0.018757972274358808,0.038083981632345276,0.017568164805679992
2019-04-26,0.02069557186459574,-0.026812558141530815,0.0650415303163059,0.013904843736080046,-0.003453270163395862,0.07753120702004333,0.007926055536637543,0.06966887231932802,-0.0054442326672841795,0.01629466070350678,0.07148038215339733,0.02854617876567638,-0.06734166697715621,-0.02045791469768729,0.051499938343256335,0.003190624535479144,-0.024943634385380702,-0.029490818301126674,0.024370499142808116,-0.03142370594359299,-0.00947884235859843,,0.05895072247439987,-0.0187158580602854,0.04228275882981957,0.01279520088964181,-0.033719303739738846,0.007425002496135085,0.02151470254969365,-0.019372022263887213
2019-05-03,0.012179230303958148,0.005920057290819911,-0.0035884508099653938,-0.011070459856315112,0.0011524379726970484,0.0563850711429222,0.11191787080850854,0.01806233842710165,0.00999736707058924,0.00948660852412851,0.02057127039345397,-0.0712672231328716,0.07841976177666876,0.00827366309849317,-0.007651055032563912,0.011029214915378066,-0.01715656502813859,0.01820770686684757,0.025085398094757214,0.2328184677857774,0.011317877405979367,,0.054291420025659023,0.04272779480478673,-0.004788524830942085,0.0005060847120751406,0.04722766247437662,-0.013249239752039982,0.02285102210993491,0.004653670079222558
2019-05-10,0.008920530241246484,-0.03320560960901288,-0.03578738314076896,-0.02135863860689175,0.0,-0.001744518875849163,0.07259374820146883,0.012316253124666872,0.0026597676529167393,-0.010938198641462088,-0.037157989796856805,-0.01859062008074802,-0.11767714704643496,-0.02647277022698341,-0.013826890356652037,-0.013628272435350315,-0.01425983204663247,-0.031172371945512697,-0.03231527568049685,-0.08995936070518137,-0.021121745452794664,,0.01717110000651246,-0.1597315552400007,0.0,0.012427714199470124,-0.005766976818901988,-0.01263806572008583,-0.0049454273412996765,0.007460349021976741
2019-05-17,-0.001294779543586534,-0.017988144800157757,0.007646580600330274,0.004807269704342969,0.02726670247539037,0.009950347639514521,-0.05625751353927795,-0.005113356788483724,0.01934139128563178,0.020742425724597915,-0.016272777572157955,0.0009759260936749102,0.09105467135141862,-0.07624393539503643,0.011061801413398466,0.026497484324114445,-0.00026584532408575006,0.0045949887689435125,-0.006705550101410508,0.05783378291865196,-0.0054099605131664045,,0.03123474630681161,0.028457158809227747,-0.15673174295993064,-0.0038575190819639103,0.01473275155633694,0.0028978807807155432,0.010292862729525417,0.00296910525963486
2019-05-24,0.0010005800522782033,0.0014510721315349566,-0.0302895555868555,0.0,0.021619487868635472,-0.003305833792727318,-0.040147372021072075,-0.0017099929638750132,-0.007769040969059401,0.00829848826549413,-0.023147772409502842,-0.02615221282553993,0.00607382760267933,-0.09161010144448821,-0.014392227114721228,-0.025315073591131755,0.007157142179740361,0.0009546959918417752,0.10067799819505913,-0.0019806877153735964,0.05080964199910804,,-0.01549546326187175,0.006890037791148283,0.0,-0.007305143794094685,-0.07744336967556475,-0.0030649687723665014,0.004823778328666964,0.014128184696412499
2019-05-31,-0.01135972098260983,-0.016569604261674593,-0.11865791419567805,-0.042117944507085184,-0.0340243807705166,-0.024905463114736882,-0.036813947270092844,-0.03554409073073239,-0.011650677361237967,-0.009722324608961762,-0.020026788929221787,-0.028606407038151843,0.0281468400343532,0.021787466418093232,-0.02048734875857425,-0.09291457536748973,-0.08802055581392881,-0.06586292842485444,-0.017711867463721172,-0.024281345362879167,-0.010591602015258111,,0.029368390262975212,0.0207797620884697,0.020377359025663754,0.008364162740697316,-0.0039167233284579115,0.013376844200758254,-0.0110651599942536,-0.039191708399755935
2019-06-07,0.03151069512770088,0.047033601733792334,0.06552963288023644,0.12582894274519194,0.027421825071584797,0.06356808070071086,-0.05392839675490102,0.005306928908230241,0.04914154984737532,0.046917388159634046,-0.0234889193729671,-0.03506769878823457,0.1540304864981665,0.024832666787109374,0.06054858699313062,0.013393950935544238,0.09983631346463849,0.04620479450854894,0.06821406438458423,0.07227817489749987,0.026823223115934575,,0.03184982544481342,0.008733688955676975,0.008521012424381906,0.03571894060637275,0.07288748572379582,0.06359139878345021,0.026479606362720946,0.018222270712735057
2019-06-14,-0.007233086830079659,-0.013451491792157025,-0.004095183728326494,-0.004256759412944504,-0.023175713193628166,-0.07217270833062701,0.06387925165681464,0.010181006506764076,-0.005559580105230742,0.004274398980648294,0.0450060124915354,0.016643197049366173,0.006467873991044742,-0.024593191675803226,0.007959398110967762,-0.012487028527929163,-0.05389314170548519,0.00545646834112368,-0.02476283729516023,-0.03734802207696759,-0.04950719368886121,,-0.011621237073157849,-0.032403393659587165,-0.0833815888352448,-0.0009249188907367414,0.042365304793649444,0.0065797110127913516,-0.020066313022269914,0.01951008155147057
2019-06-21,-0.0014530662869074846,0.06774084201426737,-0.021004589022110984,-0.02065268675685962,0.044206165922776035,0.039170492948966726,-0.04299050013280347,0.06817740350380302,0.009224361612272443,0.004666588513441137,0.052687515264621884,0.03533449363286916,0.04208197152155015,0.08399435455907442,0.033556567300283946,0.04081413139624162,-0.027085554831403444,-0.05787610184772229,-0.005265555843179587,-0.07149495292790085,0.03327557258818477,,0.020449132111492237,0.008941850877173294,0.02408185881986051,-0.005029828976434598,-0.018727057624777502,0.004362413714909755,-0.0011404166898199381,0.03134753302581103
2019-06-28,0.002207801571994333,-0.01758259931279519,0.06943164667058808,0.005789908191429885,-0.0021644369880332703,0.0007836855117596732,0.13739991186123063,-0.05879111835087581,-0.02135224815037085,-0.012296782060195235,0.009683898082317911,-0.038561571301314414,-0.018018520984403912,-0.003749098536004519,-0.02222087424274351,-0.008748476502310856,0.006046836149823077,-0.013633907758286849,0.03431591990087312,0.03236814932582807,0.025670913053208178,,0.007870221433062515,-0.010939994768186804,0.0006428948267486688,0.016508185740895985,0.008261896785639974,0.003620850515749176,-0.007339814848845684,-0.00645005087776525
2019-07-05,0.0017973188405412456,0.046360629983227875,0.0027889491148883542,0.030733257030249955,-0.010856462582622104,0.03221852986990076,-0.091937490552541,0.04507194688057314,0.014310121405050627,0.023101448822153953,0.017463152843553372,0.04502733932095504,0.06300758624639748,0.00858007926649217,0.022877774025102177,0.0200450605721903,0.07324722992563118,0.029753647546664503,0.021368214344829342,0.05520555297859802,0.021612995450655932,,0.03207073729499404,0.0440169343071215,0.03287271328827248,0.017092892986137524,0.009046372496177499,-0.003892939618967324,-7.177730886480597e-05,0.010300663553901582
2019-07-12,-0.013823947928634372,-0.06425811205806248,0.010627294158671837,-0.01961009432027432,-0.02230991307934822,-0.01405458792865689,0.012270342425158839,-0.04591847779799561,0.0019528992547573915,0.00019174937519642212,0.04222218062854823,0.011123886355008319,0.024644575683208894,-0.005051255585657102,0.013335409517465997,0.021851271204374346,-0.03333217238520048,0.014652060158867167,-0.013295287246238841,0.0149574062482236,0.0307394101905524,,-0.006589987171513821,-0.016498961185785158,0.017263109475981163,0.008250086645811085,0.015177533649662995,0.007321013891010063,0.013741015520729384,0.033037949010751945
2019-07-19,0.002053662330595038,0.0810509166768423,0.0098215020407983,-0.006982434160220897,-0.005656043683090673,-0.0271340785509642,0.14926060034333294,-0.03903989135447076,-0.024225627545962383,-0.014104962453801242,-0.0322918882862668,-0.01211305114219184,-0.10742679827636553,0.006802102773590059,-0.016550817677638153,0.08022136373819197,0.05703598700613322,0.020594654910356332,0.0003304983701038939,0.01904077771128617,-0.014409815150801421,,-0.003440580820933998,0.020319399115516352,0.06678990746191758,0.004123336236704427,-0.005783510072437347,0.013239069664691622,-0.08960895157105585,0.005492647388115641
2019-07-26,-0.032950021878869654,0.06378915597880816,0.011591068913312023,-0.0077551467120663175,-0.003124632998516839,0.030206230781831902,0.05715820931422121,0.016867641875891026,0.008648835461266983,0.052683420797922625,0.00698317345142943,0.09572382347285398,0.24375694914651022,0.03502349673960624,0.03396447802783129,-0.03148311232210548,-0.030121050952091992,-0.013348055335433536,0.001485554869071416,-0.2462850647101915,-0.028158770330305352,,0.04810885042985194,-0.008616533025954103,-0.03490758126122239,0.00796389828837223,0.0436920403714528,0.013153992888393851,0.004371628003842397,0.029817020180871633
2019-08-02,0.010484932144752166,-0.00298988572908301,-0.05638550243903272,-0.0063574717356456485,-0.010294536388579885,-0.044054425786652675,-0.026131897343575725,0.0,-0.025470337183097286,-0.034557397876395224,-0.05521384119027821,-0.040062063917811294,-0.04926532840935897,-0.053562954233403695,-0.031917480923692614,-0.021276459544814323,0.011203282302645381,-0.03947744702144159,-0.029628389976796236,-0.07153868449530759,0.006684493970895858,,-0.0007392807453752302,0.16616609664495385,-0.038013576486810086,-0.005116219811083238,0.015712075023366603,0.02878709243181768,-0.05682262484316612,0.026108297086410256
2019-08-09,-0.005813353854220932,-0.019858568615726446,0.007288940058638889,0.008888778611265413,0.008301272330655148,-0.051976833779556336,-0.08942121069051208,0.03462483409480961,0.005301834305844588,0.02061535691510273,-0.00620908685214745,-0.006221693075150275,-0.002940381070146139,-0.043247520812532726,0.0058993926176890915,-0.018949955049455073,-0.017931955723087274,-0.037628070760856454,-0.12661368077605492,-0.020742101031603618,-0.0027978409090365836,,0.05732725899964251,0.07300217097598001,0.005519802478705804,0.03062512376986457,0.03191355095650637,0.014130484656868357,0.012505799726525187,-0.038413331272077925
2019-08-16,0.023959313749158682,-0.030284900813268515,0.027488252785309066,0.03844257702925359,0.006817992996981017,-0.03522397032902298,-0.07874487285633235,-0.03783299934449713,0.024275152021912036,0.018362879743739464,-0.022339876728532857,-0.008183823103250264,-0.060698242232118484,-0.025920481225095385,-0.008214926877129916,0.027702954536213912,-0.008134313473170857,0.006908294004860438,0.012646334334878963,-0.03954564234711144,0.013911473703914287,,-0.013043479496641447,0.0217155498831751,-0.025396273637436805,-0.012192458097154222,-0.0008562130734411522,-0.02536769152548595,-0.05337020129843426,0.0028223285615410192
2019-08-23,-0.007902881418742904,-0.011610956123045938,-0.0014093540420813703,-0.0017398369643613753,0.01851390366290132,-0.01942491685417744,-0.09603278898626492,-0.047149294912660934,-0.01137290091443902,-0.012390604025550924,-0.03292577513798519,-0.021974514587011836,-0.02727726080094045,-0.01273286813841855,-0.0203332376940626,-0.04442995898846715,-0.01785521011860518,-0.0015069392939637263,-0.03369185757365961,0.0035368746302294144,0.0010621085178823112,,0.012577804540235576,-0.017183791093159217,-0.004401119710137307,-0.017593367104273658,-0.014495087465132306,-0.0026848309628552934,-0.03817440289066678,0.01173981169094097
2019-08-30,0.029085311779324184,0.003285878549958608,0.028994823325922837,0.0266270401190209,0.05987229090059765,0.0451492163512866,0.0839119602191309,0.020741712832956085,0.048399151695193716,0.023902899969141647,0.04359268474581706,0.031528416854108295,0.017846218182190444,-0.0021785435712668496,0.032961458263204575,-0.11924644619188651,-0.027537945777839683,-0.0592519638788997,-0.014279732103831407,-0.026697714756058952,0.003179676023975426,,0.024236201824140814,-0.0015083297935843838,0.0168700976985504,0.020575734263182925,0.04013041263382494,0.01266763080191792,0.0030465425194990815,0.03965394759052096
2019-09-06,-0.007912850113220451,-0.009889935211293882,0.0019552298012096374,0.05734161762969209,0.009639277227320052,-0.02589923848074608,-0.10807417933844812,-0.015515664601286689,0.011556200848940124,0.003446079133738663,0.009754671403708675,0.01317590435797394,0.0486999708493508,0.05904143110906265,0.00895455822315117,0.012133455888738019,0.0247623750757681,0.002511669561369572,0.034167444038261954,-0.10551543802331442,0.024253750982875296,,-0.009211093432096312,0.007518856392363676,-0.023191195023273693,0.009406406378979304,-0.002507842303589125,0.020594836720017388,0.04529069305978182,-0.03766655227444574
2019-09-13,-0.040165120782588555,0.029796363411023707,-0.003326634382769935,0.03019755940269905,-0.056533100800476896,0.02913249992723829,0.02945266408058837,0.025364334419380484,-0.0067927522718916515,-0.010434379302637471,-0.0016013133383096917,0.027561092095272875,-0.0380181176829106,0.018332482613912952,-0.012879319791966595,0.001095512523711628,0.02144696720207525,-0.023792999111447857,0.06845234893753185,-0.18916426642846898,-0.006008462912412308,,-0.044250134570902946,-0.07140343529043246,0.01572854021227764,-0.047561652881718756,-0.05969091300694985,-0.06811827088539021,0.03453962361694005,-0.0396921844390168
2019-09-20,-0.011273779119758178,-0.0008302161393148682,0.005034445871572216,-0.008759633538019446,-0.010757355190904299,-0.008702420592762002,-0.06823904325162151,-0.008383718988628773,-0.01276063336750553,-0.006471367062297347,0.014531319023930154,-0.008251402557329703,0.0629748528895175,-0.041672686124065765,0.015320516489820293,-0.02565104601432767,-0.01286813554182712,-0.02898044783111698,-0.014344398809638267,-0.0644156091964567,0.02341451148568801,,0.04271946724070838,0.021489033106024215,-0.03947048556590245,-0.0020038853809718647,0.0577039814435469,0.008405416673704494,0.010432990789310663,0.00663454607923856
2019-09-27,0.007160858889657954,-0.01992303833964098,0.004378732235007568,-0.015516593155622344,-0.015370041605471204,-0.009297537732477393,-0.05516600947710359,-0.011782156890409482,0.006585154114708697,0.0073923526655781035,-0.06994092223188961,-0.003168096745332147,-0.061725604914574655,-0.04495141217150976,-0.01233918282549303,0.07011035283784546,-0.003865096247464388,-0.01680289420235043,-0.0029302904720592184,-0.08952435186641532,-0.05551187541372426,,-0.05179326181948255,0.03207837198856148,-0.053345929806467844,0.017844936109222918,-0.01914789753059349,0.006125545777962244,-0.029341586494156916,-0.037475683075834966
2019-10-04,0.004602964474366671,-0.011611316467130959,-0.061359078005153944,0.002231500657450687,0.06355235069867488,-0.02150619661398914,-0.021117550298645142,0.027930977527267913,0.03393078009324882,0.004226295242787636,0.01873931911809751,-0.012302554171919309,-0.09831092929165094,0.012878180976398607,0.0028275002465862936,0.04107239677572343,-0.022731370694073903,0.03717707456958772,-0.0008576835549178131,0.04325212266635024,0.030225234786092122,,-0.005175906272130524,-0.017228516468409692,-0.057803308634839276,-0.006920096597577068,0.006209039123532642,0.014672044287090175,0.006921102836252242,0.02388339509163103
2019-10-11,-0.00012268285548023002,-0.010989319915669062,-0.0034127761561680505,0.002702952759274934,-0.005299416450358478,-0.0049610766413233955,-0.015360721431071955,0.007217613779950004,-0.018998773320515444,-0.022998393661872694,0.020513933435564943,0.003914772050179307,-0.025105963433480493,0.005777720252305363,0.011231189894327955,-0.004224782595973651,-0.008981782388899339,0.021848388518501394,-0.00935129345428873,-0.04851784625334423,-0.038413070236150135,,-0.007405963958916672,0.015091151406166245,-0.08161626776146232,-0.012693182793768755,0.007761772349856086,-0.001833240077086794,0.06267044064262135,-0.008273587640425255
2019-10-18,-0.010279030763639596,0.007769689557637298,0.020200664113337277,0.011524418504070785,-0.046216349114893335,-0.004271951360873034,-0.018750526293122526,-0.007942338546211703,-0.01015010810119034,0.027388956031844092,0.008972002336670783,0.023333233857657044,-0.0462509730165155,-0.00024000409187238368,-0.01638484592157113,0.03281063829442183,0.0049356909026229846,0.040512322119423204,0.011211232731114601,-0.019098815144700864,-0.039272831002112644,,0.0025291074958304384,0.0,-0.0039447934282331705,-0.0024908492760755525,0.013314889669731354,-0.018964349987965663,-0.008140538356937616,-0.027116970898407238
2019-10-25,-0.008013347479814545,-0.12827827775824543,-0.006006884371005689,0.008906899737239583,-0.01825124600692703,0.005159643173739414,0.08753638036437746,-0.0029035068445309024,0.0028583943387988668,-0.018981555482860527,0.010916819750830949,0.01585709825079119,0.03202599559374038,-0.02504093036514828,0.02387386862540351,0.01759743975935951,0.0077889065385463255,0.05422132675611342,0.013838984980969436,-0.04822983382458364,-0.049589190094056615,,0.02096342527169724,-0.005824691180592524,-0.19874017381215162,-0.06894172138541313,-0.06582913581201572,-0.028908660730017494,0.06087770740333036,-0.009740849949792647
2019-11-01,0.016453775321168894,-0.030649307818826393,-0.025024566234897516,0.024890286754964762,0.03972209718393692,-0.001776172322659046,0.03966562963929845,0.025126726280832023,0.002119952693306878,0.0027869190967518514,0.03004076454698431,0.006268414820304543,0.08378269200447254,0.011504364732176992,0.021023860448599243,0.01200367172280974,0.020196751672040374,-0.03788828960007536,0.015997432674468542,0.1394549192825876,0.15964168656782998,,-0.06963139170241922,-0.0967716580489036,0.15923485278400715,-0.0034488005044527544,-0.024723390174771237,-0.09060093461623471,-0.00920514430904436,-0.04849062280141159
2019-11-08,-0.024594556992858153,-0.01115059538334245,-0.014285620894987156,-0.021473336332133115,0.008946621089207834,0.03339178951714613,0.09278191704330775,0.0344925481715368,-0.02814357107752254,-0.031856406086879584,-0.014462168170252903,0.028476329133605763,-0.06744133047063584,0.016892113935767093,0.015465865367918937,0.007205331635991956,0.04272391598943261,0.02951996803874179,0.0059336167380183566,0.08772754934444553,-0.0336166648703533,,0.0005131066428930998,-0.02053113803404366,-0.08581592070925992,-0.0017025766571068714,-0.049348460119790154,-0.007555064391227954,0.04146657814378125,0.02019048351127344
2019-11-15,0.00683021043065952,0.01479800644269373,-0.04308829277371135,0.00325048983490931,0.01473543025165715,0.008219216568269261,-0.025642957383982357,0.02769478087944145,0.005094720986205553,0.008771962970023835,0.022076945307545275,0.018573598475193714,-0.017775086369905175,-0.02006113294601719,0.02710263608917522,0.014492970524529544,-0.005954024683024962,0.03306094088263094,-0.08958989867497753,-0.008283350931516296,-0.011531650161863433,,0.05699690745264107,0.004312224056435533,-0.0008964795868191149,0.0018573885133518508,0.031006075450793903,-0.006288505500094914,0.002668944475045778,-0.0009023890568035484
2019-11-22,-0.000624545472065954,0.004011299530746107,0.008701466091579567,0.03537365502092475,-0.01539182354157186,-0.00017051797592570426,0.1493155701681574,0.009283953659276646,0.0019411879148310146,0.006811720660751285,0.018887671551783947,-0.030353630304909517,0.09047266562437152,0.03925836782993084,0.000859867228918864,-0.02883482735273943,0.034941615421567124,0.021244451084931035,-0.0021592492280565383,0.009407686509109479,0.011740086877693677,,-0.03567987418230785,0.0025784037361989034,0.033512847427891415,-0.004288140448238954,0.023507090509802455,-0.0024469467817948495,0.015339380749226146,-0.025749646189980085
2019-11-29,0.02108451686139832,0.0034081562258301366,0.026357347033669487,0.011567674578516584,0.004906158160013487,0.020093518906214806,0.08159051605235172,0.0209019903875666,0.01304207119106643,0.014394812611940259,0.014084058254438946,0.008022301686824768,-0.0006555378016998934,-0.010619521330187386,0.01189491128802216,0.0066545806558247975,0.03755580003806953,0.014184237769338434,0.02579956607704949,0.033514201400371535,0.008509111915231255,,0.015529898154307074,0.030017072820235496,0.041619656069073974,0.013302125728650856,0.05208771763640902,0.03076557334520916,0.029447349798878,0.01288139855022484
2019-12-06,-0.00854079194888975,0.00012598967079704436,-0.013037264027949079,-0.06557014256709184,-0.01617133978122466,0.0036709739136502385,-0.029290989641029195,-0.0548035215277245,0.0181812548484818,0.018920837619070766,-0.002930399482694078,0.026708602019292992,-0.03401463182017025,0.013900664621579049,0.0024408587013515256,0.003850992771146261,-0.007094395684471752,0.014185075115862655,0.021408395908973258,-0.05051182664473529,0.04366964965995387,,0.0194228797585925,0.03398482194122218,0.06130946086455455,0.004463485798411858,0.010462072646319667,-0.019053952963814055,-0.026616534801600936,0.0034983328201017173
2019-12-13,0.0035724750636954546,-0.01844021315293483,-0.008695830926959854,0.007861678862411563,-0.016156261844782527,0.0355047217963207,-0.04339102792725253,-0.018260799889705255,0.004213272382490117,0.0,-0.035128422982531944,0.005569202278853613,0.023467411658361987,0.07002169966187724,0.018154189849627987,0.01691316340423182,0.03424084895895598,-0.004971894225517835,0.02590324316984165,-0.004964755305357563,0.007881808015573174,,-0.01555725645380332,0.08412217899084791,0.05406722519777074,0.00902009269289401,-0.008743487035705795,0.013475625055665717,0.030971082172600865,0.01087291156815822
2019-12-20,0.022375902408964858,0.05104303724913331,0.036881484067503405,0.04381820809635346,-0.0033757611347636877,0.027116529001776638,-0.04768209596142087,0.003817606104125167,-0.00014504617565684881,0.010056134733078665,0.0609062951667479,0.0032243243291058534,0.03002836799953833,0.049164155411745146,0.018465630097889946,0.020767360731533156,0.04327593629620935,0.019153651416296203,0.03128637356513277,0.0191482273015323,-0.029276154762273215,,0.01458690993424998,0.03383985379420385,0.01105802433271936,0.00010137916184324264,0.023287966109605013,0.004783424461869511,-0.009984227549100097,-0.018634713101944003
2019-12-27,0.016104379712163105,0.013688222061705823,0.0017457878122471694,0.018270014315186954,0.020084515247175926,-0.005490616664290238,0.09531056540731704,-0.0010395714609710317,-0.0027589314827496116,0.006889019840015653,0.008687320493319255,0.002527926487672389,0.030401358565338567,0.022385114564766984,0.009798828905151605,0.012122708424209804,0.01634365957153343,0.002048737642150973,0.0021220627503619463,0.036569355879979455,0.010454391234353556,,0.006933279982642023,-0.022798258443224622,0.0014651653866218622,0.005210763760118482,0.002704471704434532,0.012939176628794754,0.0010610091408096366,-0.005255841838481701
2020-01-03,-0.015503192512857701,-0.004461403505727824,0.0015840762796717938,-0.008870464139457614,-0.004428572303572007,-0.00457235197879786,-0.01705819412036542,0.004153920190139796,-0.013984233450805282,-0.011995784374979047,0.0027352985431174574,0.0050658203935429824,0.04393624881458624,-0.004274137163500382,-0.0021412752267896797,-0.014941221949997327,0.026457623307907026,-0.01539587071616496,0.011940328526514473,0.011540080404442595,0.004987513645270954,,-0.018323863861612052,0.021724312648280453,0.0166973385112857,0.009592273791191668,0.033306704024538045,-0.00049083823898833,0.008041447413202897,-0.001240706729595468
2020-01-10,0.016272314513118443,-0.015343737614619492,-0.00608651544302418,-0.0008913188603668626,-0.02074056179684121,0.03203504595705332,-0.00647250851269115,-0.03281296549486651,-0.008143410383198836,0.015242632458198941,0.04401619399111113,0.04834539477050591,0.038646486744640086,0.047789604933219765,0.01700247665140268,0.028177151072713822,0.03510701873757285,0.011818066535043378,-0.008366907244537052,0.0379926587791726,-0.01584618020892429,,0.036554682716797786,-0.0007166742560960818,0.03883292292183853,0.03530523449289138,-0.008543875602286623,-0.0015722524821715233,-0.019118213235531794,-0.03088815869335546
2020-01-17,0.009180642707570023,-0.018078680636743113,0.008299797666660006,0.05014825818336405,0.06814285952724179,0.029704427625596077,0.12592702457881275,-0.00756081355967001,0.048815012001094074,0.02507446929086373,0.01853747344644538,0.03477073276931598,0.09316704517532282,0.0032998972985165175,0.03507843033408305,0.013965852754905368,-0.0024354062023726497,0.015804338951791452,-0.0016062104691201805,-0.0528024468961123,-0.016101528630500034,,0.025315776646938945,-0.04733953668355554,-0.04316196424523893,0.022469495339978066,0.023481447436677575,0.03583367708532374,-0.009103955055859696,0.026065799533772926
2020-01-24,-0.008885247789965902,-0.029031690924320515,0.008440413803608474,0.014733728383197277,-0.0415937971552875,-0.0031247565142785085,0.14703677133725546,0.013283294541053042,0.011682820487303711,0.012912373716704114,-0.019087871432672487,-0.009064092074183159,-0.00314472866764438,-0.05313105572925541,-0.012404779641286527,-0.029057195271335188,-0.012491583898642354,-0.015207348771057783,-0.062088740516929225,-0.06463553605840378,0.02154560066985889,,-0.037060105823524335,0.033989284431085884,0.048686900762960714,-0.0034968742281159,-0.009657619623951045,-0.003992603363345627,-0.00479401491669668,0.001713953039878822
2020-01-31,-0.06874396198973237,-0.03188965057094188,-0.017164635537482667,-0.05954569583968593,-0.048597013648125256,-0.007479466602016123,-0.1169595491596788,0.0173240729061223,-0.0063170721512491425,0.012405430186998911,-0.07639773943989799,-0.023036903959737263,-0.03580399025599552,-0.021066432246672626,0.030962612194687305,-0.040870707330123525,-0.011287070008089865,-0.05564934136022142,0.01021213555460649,-0.12030957926344345,-0.0801432774268831,,-0.0051216452731715385,0.008319793804899481,0.0404913222594699,0.012840779367890846,-0.0033977018998647226,0.007497085114219272,-0.01182003825867784,-0.05158830102840182
2020-02-07,0.03263671078535177,-0.006662298451072807,0.061979255355240875,0.017004379408421477,0.020630935195747373,0.03409680387723309,0.05231149872059643,0.0014011896526434846,0.02331390616103842,0.013436863546244696,0.05031950181611406,0.03182387811056264,-0.07043180792339683,0.06348132428867312,0.07718741124024449,0.055847548959618534,0.009264775341614706,-0.027948355859025702,-0.039333748085822,-0.05906624836976733,0.002828275248795217,,-0.10158787507125508,0.06302890468661199,0.05281328385476402,-0.011091065360174358,-0.0029346643035007038,-0.03590195070142806,-0.022395986897469414,0.045655231028390746
2020-02-14,-0.014380694314506354,-0.018213218960581166,0.021021212352626696,0.037094116666408716,0.020769796279474867,0.013691889602986063,0.0662944929113257,0.010445716820180367,0.011082975759044258,0.01275816698289457,0.008675174455601852,0.026433959359562526,0.024792294449664475,0.043130921039068425,0.007908345602035988,0.011935743610522088,-0.02113981089233046,-0.0229796354598596,-0.012405529245811467,0.010166671438744664,-0.01775397766765737,,0.007344207107116467,0.007883271430569301,0.01494428345433514,0.02556734789441232,0.0646527691401502,0.035730036930019096,0.056758726783389855,0.05157519350099455
2020-02-21,0.003351404042831482,-0.025509663553801857,0.017363115458411685,-0.01780463043100732,-0.00166801163485943,-0.0017192374993145135,0.05129290029106067,0.0215871007601582,-0.00778604775705922,0.002998011454410982,-0.01885247624805087,-0.023497275487425986,-0.050214792685960685,-0.03493740521343537,-0.03442553453890726,0.012798972618594811,0.0022951736674848783,0.0158141439239167,0.00710780313395079,0.10880280107757387,-0.01942670553625856,,0.022662858577488145,0.007355469244381042,0.009840168278518751,-0.005635804823013174,-0.0019543785554889848,-0.0169552621207793,0.24340367440255065,-0.020585231042436775
2020-02-28,-0.11905186044311716,-0.20429305351291338,-0.18494804453647123,-0.1329206633780924,-0.10431007022545627,-0.1110484941151282,-0.07965197306129188,-0.0564805611204872,-0.09954966407573904,-0.11701387237077701,-0.08802392722041842,-0.10226733214284696,-0.16428170602092848,-0.03600054384963961,-0.09743488635825973,-0.0906688885940666,-0.09187850154204814,-0.12816038063754923,-0.029548855922794093,0.075432364667728,-0.05491936705437935,,-0.07654395285848202,-0.11720023968046576,-0.08823612367389842,-0.09970383584972939,-0.17349674755619604,-0.1482268065252062,-0.0914304602046498,-0.11865620854928706
2020-03-06,0.014898049171550048,-0.08152847764814135,0.038075462522925506,0.016404797716911036,0.05146338910729763,0.0588039145146263,0.03000222168713052,-0.04587119845787957,0.04557740693704429,0.03255440732603969,-0.060946197917932626,-0.033028041481967876,-0.08617770162524044,0.008822922091883584,-0.0027191975264216272,0.06387368788776641,0.02750785248300445,0.043147762686607964,0.003640523239120955,-0.08746323733779994,0.04426534067353559,,0.09074925465356211,0.03344194890387237,-0.004690105343074912,0.023866776976840524,-0.06750917632680548,0.001679590513010376,-0.009025535428252634,-0.061148409907481154
2020-03-13,-0.12025075441228418,-0.1945144742416425,-0.2975781138377619,-0.15804043628642117,-0.20685020029600606,-0.05912443467579884,-0.13329664247293854,-0.1263153353921889,-0.07415320611767331,-0.12237254462463605,-0.06154999605679334,-0.06493883296976437,-0.13573157992445803,-0.07997625215919797,-0.01710413698280794,-0.09324956280933185,-0.14071601028752634,-0.05060644747250737,-0.1549587736070409,-0.23458147177518687,-0.10010749344753661,,-0.00913326028839016,-0.09842997602469811,-0.14036661310830836,-0.11571700218308031,-0.1372288286137792,-0.1305318038198412,-0.05824908209468162,-0.1750689136476805
2020-03-20,-0.15336808451227957,-0.09440770347182297,-0.10521017393946785,-0.08436380146866959,-0.033006241006708494,-0.1802400768680343,-0.32268399090657657,0.0025533498367024334,-0.20400594025840485,-0.2354950064460707,-0.12861045805180676,-0.1281586551835095,-0.11767292804887626,-0.021642514322308237,-0.1453016572751251,-0.2456391790284888,-0.173469439325754,-0.15606562431204768,-0.047305980673841154,-0.14420351222948594,0.091639534264984,,-0.15225173199779968,0.11324302844500414,-0.02187585198160518,-0.1763659253978763,-0.10769700724566122,-0.3007676532645652,-0.05411823923451299,-0.35420481589541736
2020-03-27,0.13750524944489748,0.0646163487265728,0.19091740746778357,0.1094460205643691,0.08090284336352166,0.07912690752351764,0.06031980695566049,0.035486684276212835,0.14759989477953805,0.11132181332213169,0.046073711011291374,0.03860983917190226,0.18825043784903123,0.07039157537255633,0.08610014208471042,0.1239297031112473,0.10049852164273522,0.09371150621688168,0.012282198651744614,0.23009155548884483,0.04888863525855707,,0.10914760140637338,0.10203593879317051,0.15415072287281503,0.0994090665122767,0.11507816467629087,0.1654499597116072,0.12161709096828456,0.23568143543418904
2020-04-03,-0.03620558967020167,0.010873192844403445,-0.0918170267090189,0.017100829882532753,-0.06206564139796704,-0.03924196041092595,-0.06551489695634852,-0.017717600253671736,0.03371050589168608,0.023546710605601127,-0.016786681584620895,-0.015942492273497914,-0.09646025330301838,-0.015359356121932942,0.027214758076637507,0.0604629617842856,0.11364920838134596,0.0207974224511,0.0626905103953923,0.01303448971211015,0.05015463341262659,,0.059011872045729885,-0.034423999650401,0.027380664535201008,-0.022692965116681767,-0.03855892423406863,-0.07938620401002226,-0.03151831015442792,-0.197386129185622
2020-04-10,0.09670388706137412,0.11793658111876705,0.2293435178683647,0.12608590838875366,0.1179049444313256,0.10975874631115236,0.17185026673005488,0.12095280252732514,0.0700465565869927,0.11150173022859601,0.12775041994681885,0.09913000971244768,0.2074697574033876,0.03413148506342414,0.07094566202803686,0.025270466817455373,0.037668795972365464,0.0894368543155792,0.08461090391785037,0.050957328222977924,0.049741237709184545,,0.007650662938191356,0.012595486753692327,-0.007272799683435702,0.13606985173233102,0.23257508682464256,0.23875585761200863,0.04587997949113273,0.2772583784499288
2020-04-17,0.02791088093017117,-0.06222361797884794,-0.021524493885567802,0.01702713596388967,-0.006198060790548253,0.02738558013805202,-0.0334479020564528,-0.02678912641705024,0.028912873911677912,-0.01937013736234349,0.022854393203098983,0.05829681406703556,-0.04739511542850617,0.05658561431561928,0.07835512630281273,0.034184591936330576,-0.0026631902865312893,-0.0014680126562215136,-0.02670859623356073,-0.05191727144801202,0.06033339089287337,,0.04134447791052292,0.027292127877794888,0.009247116391366415,0.012980318263324998,0.061945134546234605,0.04619729584409004,0.054725881081134506,0.04629201838693773
2020-04-24,-0.031586794158037,-0.09202939449442041,-0.02407342089489001,-0.045411581244568885,-0.0380172089198711,-0.03918854483521268,0.017978233906212646,0.005339456857814427,-0.023464788582535367,-0.05627741202541663,0.05866687382475694,-0.0018782412681048184,0.20917904623068467,0.009505813687617786,-0.022937218013342177,-0.056600102840598535,-0.009377255316676244,-0.0356334356745222,-0.0072888218867966335,-0.006743794825083349,0.022128858982686524,,0.027268611065253145,0.022187863255246448,-0.04504963929743566,-0.011239811380981238,0.07309132112609298,0.020229024434308105,0.011831463110467236,0.0174632236153377
2020-05-01,0.03012936939195274,0.06646037761508089,0.017103899176918153,-0.0018010793283037322,-0.004087244113847013,-0.004693249982642885,0.08738203846732442,-0.014945608213325816,-0.03191201529813058,0.0037351582948103924,0.062211003565116316,0.03139912810317956,0.048194803377799175,-0.034652259903655544,0.00011447801847459941,-0.005308141434104506,0.005101293920130451,-0.03905828128582609,0.01714324113692403,0.12308580849224877,-0.046094479333692345,,-0.04175751956841409,-0.031849867156372016,0.025128649060932207,-0.007417805166151577,-0.008592395750027742,-0.02451511560173921,-0.02757619066653228,0.03217592033835615
2020-05-08,0.014335613148171082,-0.03290873051619544,0.03206368242517831,0.07799849928944998,0.015241667213535346,0.10000342398779266,0.03804301976711457,0.016845584196372006,0.030943904167869497,0.011122189246289346,0.048632399659301724,0.04962402948127965,0.08228503796253177,0.06667874807560752,0.056298753922329706,-0.017621440029445927,0.014886187626322931,-0.0313490917652221,-0.020028928865290615,0.019886247775389776,-0.01075289446076915,,0.0570452019676936,0.05048400583653425,0.06617202453653916,-0.00785974003503016,0.05655817542204633,0.027885696592016666,0.03251895229637034,0.06703171768710921
2020-05-15,-0.03280900347326749,-0.08094689051851428,-0.04665749407704088,0.005291253190376931,-0.07356501762187503,0.003490455859352892,0.2414425490384651,-0.0015196749284205912,0.012732342581250687,-0.06380180778135913,-0.006946584604206717,-0.008181681872125798,-0.06399007776332709,-0.007631285003625606,-0.00826461856250695,-0.06039936795332199,-0.014886187626323004,-0.004091184892771609,-0.08317915321986824,-0.10363952059648687,0.011325580364941098,,0.0205044508915637,0.00796811221116123,-0.06483151108771681,-0.04180436694304481,0.048407928397762444,-0.014963816572387016,0.018601022887903818,-0.004849844945104958
2020-05-22,0.029641053387297264,0.023000918714751725,0.08360332495691758,-0.023494592009552652,0.05181771692146113,0.040088457655566796,0.3273923790049912,0.03217649660427865,-0.041067187980859066,0.04010065986059793,0.107913210356907,0.02884331105436999,0.0327898048325305,-0.024933339375423212,0.004690358118967388,0.03863627844928731,0.039385546381609446,0.030680636874337273,0.04649847575198181,0.06477060154614807,-0.004975103152707835,,0.05839418551910152,0.05753146249805105,0.023172134271127343,0.05919927941930694,0.08286080591888717,0.027303402623281913,-0.010532434238418978,0.03064169479690396
2020-05-29,0.013892966297859079,0.1364610411913666,0.00226064052979638,0.017596576219937748,0.07349438832313224,0.04552065232221867,0.030670422695238033,0.027597536274210542,0.008167054735191614,0.03598698257120774,-0.042702192734904276,0.01424792455308916,0.06940782530595603,0.030656581635525704,-0.001417964281708659,0.04047524806821186,0.031427085053127114,0.0343873395400372,0.01601477610025176,0.04388361392120532,-0.025057090096378673,,-0.03137452983412255,0.03064931429376779,0.009768919890482798,0.016949207073954982,-0.05030172392338708,0.0332494943451882,0.036259891839831894,0.028631964921324644
2020-06-05,0.04790584904806198,0.19861301128447134,0.049259061863791885,0.0250124991385681,0.04646174076621325,0.004440130497678785,0.04224481762117382,0.02720563668488557,0.014474773080154015,0.05033948257496054,0.024921219287521962,0.004523938299060277,0.07082150793220723,0.030459307129793122,0.02132646133749987,0.0341700869554045,0.012644134345121969,0.07068158024930468,0.047643798376265,0.04323648610904225,0.03631137743461813,,-0.054789576826377424,0.004461796258332607,-0.018973415467311294,0.0565496391725744,0.04817766407762878,0.07294511321465666,-0.02474413211506047,0.0849930466685011
2020-06-12,-0.044852454780736795,-0.09545212974148709,-0.06337081364645257,-0.032715773986050724,-0.006418921466357738,-0.055945707279958574,-0.06847580516147454,-0.020067358259953774,-0.026317342608855297,-0.06470357935043382,-0.009535120676510113,-0.018998349070875577,-0.007405593839331081,0.013303986578236981,0.002880357342464292,-0.0750713832462441,-0.06278251777949374,-0.047023437537936835,-0.07946555870347588,-0.018126933390897475,0.04958471863611877,,0.0387252850876338,0.009415742472074997,-0.004634278297984052,-0.04136924244638403,-0.06028359946378843,-0.05581859111139286,0.00665182154320237,-0.06323737982497162
2020-06-19,0.009526457525838045,-0.02040895171532427,0.0633157026674099,0.0010723635050218796,-0.02452398611975621,0.025727661497789343,0.11790618020327442,0.02076406821379733,0.017520113457358308,0.009168029899520407,0.043698127207754095,0.008260545412431009,0.1159092188179134,0.038033975565613484,0.0387107123106824,0.04077093002210862,0.027172096968172615,0.03909283292167871,-0.009180018560559288,0.04026716254449152,0.055984483627109116,,0.06227383607762944,-0.01976400122017187,0.01252904846726606,-0.013893454406363437,0.018975386353489988,-0.03364450814262741,0.0006874869534378214,-0.019637107733893502
2020-06-26,-0.06476795965402926,-0.04854229977967423,-0.07092046114238369,-0.06842460464004815,-0.012968596939589308,-0.03160141571910557,0.08306651452567787,-0.01721426268390421,-0.018063050503062977,-0.054707188014377385,-0.09993568617181507,-0.04456848953051653,0.017931810091348973,0.05366536215898121,0.006028019894864882,-0.047219401890234936,-0.010780702789390344,-0.06340861389925542,-0.0447311213754467,-0.08020566598502633,-0.041647331646647086,,-0.010078015939801805,0.04856263738888089,0.030970187592723766,-0.037241429425707774,0.02184059666283508,-0.04010975096908629,-0.03386444367875398,-0.028840775723605643
2020-07-03,0.027637867901284884,0.04197846309256303,0.09483148345543979,0.054705600795578346,0.02763128260285225,0.019831512780821365,0.009017056514368366,0.016220868613958397,0.029951184531020154,0.02962343994854163,0.07719050451956053,0.07586424952128072,0.006480887741038536,0.06969998432931628,0.04934069691588296,0.022824460498134032,0.01841026438797842,0.031191914121617464,0.024668408415509064,0.05645179474256726,0.003020441367038633,,0.02255156410187235,-0.02165765566729345,0.0764196937644344,0.020812608539969166,0.022301824259415536,0.020660403563828214,0.022382459855110868,0.03326152866528206
2020-07-10,0.031778280164096215,0.07030898051191117,-0.004693321713891525,0.005726189263281785,0.000499447936729964,0.03392560575255196,0.14900806400369593,0.023212689595657938,0.012046265880856506,0.0059978780683324715,0.04870460211263424,0.04592450995156585,0.09484031145057668,0.054138234158398885,0.03529533545833593,0.034865997277006226,-0.0408280793066534,0.021841212043404796,0.013114905573377567,0.04733927323088712,0.016188921796710613,,0.0637808555950876,0.07026924559400975,0.03071818942402976,0.007383163859075273,0.056662925695104366,0.007825033930010016,0.06273423250352105,0.011693984720103578
2020-07-17,0.006123780782130843,0.0016728458525811902,-0.02363739336907609,0.04008123853880109,-0.004065804990815065,0.03524049650907596,0.10489642661611058,0.019668179691788672,0.001486376289023036,0.036320381525223024,-0.012482253851285017,-0.014503502779837045,-0.03954978155870764,-0.0411772170707099,-0.05181803138540592,0.027976854050505193,-0.0492738213522784,0.031049702305445355,-0.016145211127446654,0.1349154967066003,-0.025635587448482496,,-0.021873523203710186,-0.057218406278419676,-0.112872219025209,0.035076202006758476,0.01612980159972506,0.03745999436741545,-0.02052007993707743,0.045627712420111155
2020-07-24,0.007341572841327132,0.012548511071747839,-0.0042168314330651244,0.008120772005237186,0.05071355366338192,0.008853123410011769,-0.027534311341541894,0.018630004693581156,0.010342620212447464,0.035047126360038434,-0.04790007731881391,-0.005712459082812433,-0.10246699732128248,0.018478431220513264,-0.007818521299134495,0.023967312647062092,-0.023987435244571382,0.00743505940288648,0.0344193827804951,-0.009393121364472182,-0.010441226179581339,,0.03548971496223737,0.010212418607756072,0.0522832300803694,0.03711361783843663,-0.005259257932562704,0.02798074203128297,-0.008518330857895376,-0.013453594399409163
2020-07-31,0.025380630901436045,-0.001835478222123342,-0.009216966927774727,0.019514152498706482,0.022677916498326324,0.04695706254193544,0.04889227006920488,0.00820602561417555,0.011690973088227077,-0.026116924732442388,0.09487269738776571,-0.013524088560611621,0.012115941777920311,-0.004806711256435012,0.018262632837212682,-0.0005207679625096733,-0.030816919456827376,-0.016867710400300367,0.004516934274050779,0.1027285095818183,-0.004534307209582104,,0.050004166112453154,0.060184082428603194,0.009656070823889067,-0.02259646932973554,0.021791215495408522,-0.022694853251493733,-0.000775861511883894,-0.0058215213014430976
2020-08-07,-0.08449558611883394,-0.003128179635384757,-0.03384331863504877,-0.0089816415700395,-0.008480978115260211,0.05828331961165838,0.36819667530666306,-0.031885687834347816,-0.006705550595282809,0.011784952471560861,0.056593185242677986,0.00697858834070688,-0.038186464752367234,-0.01871686934175034,0.03578899109062363,0.008943172760592845,-0.009884378784353023,0.024485012591659378,0.05715820035765345,-0.07251859320343221,0.0722234825303667,,0.06456901708555887,0.2164748258921991,-0.016349166325685997,0.05175648671347115,0.02180082453227731,-0.002529319792272563,0.006471796157659594,-0.050622793023824435
2020-08-14,0.023185894901780583,0.03548532430865127,0.025954576360885495,0.03446900098845845,-0.004414704385228726,0.001561435086927557,0.014981472091414469,0.008736541285239739,0.005978901425330224,0.013506920401108577,-0.027188039803548007,0.004169174950364097,0.005084393166491595,-0.03558557556312933,-0.016992221039307115,0.002706221089443614,0.007198240472723213,0.008735888807398947,0.02281123818385899,-0.059970753188831834,0.01393923962319481,,-0.008898660813567112,-0.0696883085924902,-0.007968118413925302,0.011806613100054809,0.004993369524249833,0.019949534027523995,0.025048229855245255,0.012759925013795342
2020-08-21,-0.0035281877427973843,-0.010729743964445239,0.018350314226153384,0.01326760008265728,0.002062567487722202,-0.0071062789510047035,-0.010275652966061704,-0.03264489808911001,-0.00802865772742252,-0.024445117394524415,0.021846418202342545,0.04607007413692995,-0.004158017110324839,0.0696606721869377,0.02194464942196702,0.004493874324723942,0.010701619502972203,0.021396092177102026,-0.01878699821022945,0.02265797493924132,0.0700375052042292,,-0.0015582416662342834,0.02448047171445817,0.014054587928657016,0.02169242869325438,0.0546991122762968,0.03656020735108046,0.050603969232514284,-0.01145812161570488
2020-08-28,0.0005891890423873455,0.061702767837255625,0.033349220269868356,0.02086817009571562,0.0192425737891969,0.021642472189089452,-0.03633283342508733,0.03864888005200095,0.025182255717474365,0.052529750546658066,0.0951368307524726,0.039731462842020435,0.032341652155648624,0.011010247611348513,0.071943291070208,0.03375599435263563,0.015258666442104553,0.01075657360199107,-0.014156142008433115,-0.0047635155926084565,0.04455315606623129,,-0.012086154382022943,0.0024577387559556285,-0.012824547338013529,0.015663382958006584,0.03779288405717206,0.018829389309051633,-0.0089031544623548,0.029486631430223106
2020-09-04,-0.020745096822047154,-0.012245012181058309,0.032638521640890206,0.0870614185702238,-0.024259478482388186,-0.0272183255911828,-0.0821546329992684,-0.017782662868888535,-0.0013030512559136964,0.023992471957624363,-0.03793020451493972,-0.036158337272544666,0.005810119947451066,-0.047617528248942234,-0.06618575277766522,-0.01988897573865084,-0.005841278182410505,-0.010066453830684278,-0.026600676532577278,-0.03223289965116606,0.049894215693119866,,-0.0562097087726153,0.06678963968447217,-0.04141123683281977,-0.009074195146266709,0.009345291899765056,-0.0231493084007707,-0.08571391166627557,0.011840875090150927
2020-09-11,0.011355259545011176,-0.03997381959755153,-0.014251383586062576,-0.009657142474060977,-0.0020732213670049764,-0.011368624920144801,0.08604183392985876,-0.024328896238530358,-0.021488914443121357,0.0003918562626242567,-0.058705694043335435,-0.04227330480086642,0.0750942422457009,-0.012909275048477619,-0.048876335235887865,0.02593998362758889,-0.002639390983098935,0.002296618603445237,-0.0023266593222724093,0.09630237974680925,-0.009810165578652228,,-0.05190866938790025,0.0019775021142033936,0.11314563150596575,0.02918314644589489,-0.012454171899495853,-0.03147092847953224,0.03315201842090335,-0.02821704994599614
2020-09-18,-0.012407499907190872,0.0248010997817222,-0.00531020202340618,-0.038409615422378425,-0.02704490754828666,-0.029316620324820852,0.061138060525048034,-0.027427808264562637,-0.0324782184088041,-0.003956636214072625,-0.0542566716808615,-0.04360204618470423,-0.01541379558414686,0.012461718750261768,-0.018001553659376033,-0.0395507214524676,0.015734674611170212,-0.07002971905980011,0.008581695265261145,-0.03987414064011775,0.0291466832862352,,0.03179555478380857,0.0959923745189617,-0.019059192670720065,0.010359075118863479,-0.06527711775337672,-0.0017354883163357997,0.009324216405361282,0.034452915913127664
2020-09-25,-0.027062788841910476,-0.08593793121517104,-0.032413734394838585,-0.024659987789743317,-0.05832362207554217,-0.0025351382545734332,-0.10373973514821863,-0.006079068736362331,0.015697359683917337,-0.03489295485660786,0.009027299205838654,-0.00832489068744401,0.03587277387220273,-0.0258460297775106,0.0364069886119668,-0.019221579073137596,0.04134197442052455,-0.04020495700809514,-0.051658003035259546,-0.049557264579317195,-0.024158486561766647,,0.04497006629628146,-0.01300590756341079,0.040565458253756084,-0.009533590135530418,0.02359472365287785,-0.00795693566850098,0.05025165785984392,0.013151097021016437
2020-10-02,0.06889503503300025,0.022094054589214828,0.02057672696560988,0.015054082499428608,0.020138059310369442,0.009599696269119778,0.15313803289226285,0.012953747109992622,0.03321220424293616,0.013050667013316588,0.019893399937153423,0.011428190131744703,0.07601549777348239,0.028974661668664626,-0.007874446428697345,-0.012545421330927831,0.0021215480624927913,0.018125863160034745,0.025925646924103343,-0.049561512584841864,-0.012589542096906017,,-0.03455076285606509,0.023894083978083125,0.038445088960825886,0.02037045423814495,0.008242405783573726,0.04063835548208283,0.03686443336365007,0.01263161309438457
2020-10-09,0.018509035705269725,0.09699237890366456,0.0056411422814702985,0.03622585426509321,0.028698122612974514,0.01744584927779145,-0.047119973323229425,0.04046580729411033,0.002748658021066266,0.028952857360116054,0.017201338855489287,0.03698937791324172,0.013423043243235585,0.05371460794418377,0.04560035391995178,0.05766581455846346,-0.005657736695991734,0.04318998862684637,0.04367664127231942,0.10609686749864468,-0.00983814659340127,,0.009260798490356562,0.02921570507367177,0.04064959068992245,0.00965368019151538,0.021437299670912246,0.0033563838932973915,-0.10395774908615348,0.03830838148485691
2020-10-16,-0.019375026235917674,-0.07103588151456272,-0.028089581994031894,-0.03200405126320602,0.024002346343610516,-0.0023498225281227253,-0.04849423791354929,0.017285807942645778,0.02348692777677725,-0.015470389231929968,0.005580980252548609,0.03720206380109487,0.030277706792042187,0.024782165802403062,0.017682398718573557,0.00493172342798955,-0.034048273405033164,-0.028922422224716166,-0.02264616218840599,0.054136815757335116,0.0010173351645109214,,0.03990101735659902,0.010974029255421154,0.0025832738852017713,0.01999191775622556,0.04401725879121502,0.03133963049747469,0.021508851706065698,-0.03621876807488038
2020-10-23,-0.0002887026218778083,0.03840845796393271,-0.011192841745071304,-0.020619331893944364,0.05462006936483184,-0.004592037148739337,0.051221509937239805,-0.018654206382773188,-0.015429152367772304,0.009746473146754003,0.06851887617855232,0.04079681690662459,0.43903119435603394,0.004253786653276716,-0.015738164397594134,-0.06273189403780079,-0.012701539590721848,-0.011448879023311572,-0.00425918484492373,-0.006293263614617755,-0.04835454360345089,,-0.022787750607825525,-0.017894494260224974,-0.01141679857968521,-0.0028816185406624903,-0.00044793599344285673,0.027527943138557238,-0.013483841102689686,-0.01225261719372616
2020-10-30,-0.06180797688266946,-0.10383758378763533,-0.0826142668630331,-0.06511240847765093,-0.08572008788161889,-0.04868443160803464,-0.09118794446897467,-0.08238484559691824,-0.04596765075379024,-0.049919425160972655,-0.07917987185385686,-0.01038439767149152,-0.09163380566468006,0.04432660594937439,-0.06575091649385217,-0.04716609392599097,-0.05373707772961195,-0.07987238898189075,-0.056586709424100476,0.1678550110763507,0.03195351676600287,,-0.05957606035585814,-0.022117760767960834,-0.08435780741134971,-0.07116285997524929,-0.10842871039031085,-0.08174700412193671,-0.04086424030977603,-0.08794023462876678
2020-11-06,0.061663434759476866,0.08791009518401936,0.12138061958517476,0.07673823728064039,0.08458242166471981,0.08376291628472003,0.165101506405873,0.06337634231123418,0.037476608115181574,0.028512035531284834,0.10899882768776487,0.0851383277396773,0.14155954140110616,0.04382526789493884,0.09980348026508598,-0.0080584702143997,0.028145175381328987,0.0324500628650746,0.01568567007493608,0.02451667469493454,0.042350419069053555,,0.12296227035629818,-0.008914297841420563,0.07807512028015005,0.016575701799275148,0.09874092811627967,0.06280906041669983,0.05534903331531778,0.03440128136212978
2020-11-13,0.11342402346162928,0.15767306273219747,0.08375389505291161,0.055681259626405015,0.07534714472861082,0.009086558363079828,0.31737992586508396,0.022084902496680953,0.04472796437839357,0.07778475861409433,-0.057733843416129485,0.00709510493954146,-0.1154994116879011,-0.042254373012725256,-0.03275847971040705,0.07438185656066026,0.12079416767405794,0.07890675632653196,0.10896070503342063,0.010105252733918406,-0.07537162576294158,,-0.07932470034001896,-0.10289624709719161,-0.008438961181205271,-0.015261928177179536,-0.05800813915863392,0.03451522375248396,-0.025968894752328074,0.07669283505826033
2020-11-20,0.01096558333485721,-0.020092050517674435,-0.007153779381670308,0.002259203011610241,-0.01676680540163538,-0.005968741846095531,0.04735684872885673,0.01826218296867312,-0.008954189524190165,-0.014700717604571104,-0.026526871469034007,-0.020453044746117283,0.09118684740537394,-0.0007851952051804077,-0.026059116126775042,0.01100779549022631,-0.002977335761374425,-0.009717355346956748,-0.013156611152790041,-0.009064276547783714,0.011983525137165564,,0.04954611655596833,0.030340888950594024,-0.019791977315718898,0.0037906515861425164,0.032345573938279734,0.02039885675268325,-0.00010275013058946291,0.014860691306662635
2020-11-27,-0.0007655999531460838,0.050808699157717165,0.02091917387582616,0.016660833717915755,0.02281875513541636,0.00751485482850245,-0.04398621238936327,0.030365447261079943,0.008194190170016175,0.0005694397043537451,0.02962729502055706,0.028746910090092358,0.0385343927031165,-0.005907397761994759,0.022744291028232937,-0.01087605473549155,-0.02859736923645116,0.010708621075486723,0.047560141588517346,0.01753562895475969,0.05400372897574803,,0.0367183226679521,0.07004505944440252,0.01660897899101631,0.01961110587554452,0.004014925823074053,0.025130750335482347,0.002333164458832587,-0.008684841375658874
2020-12-04,0.017023144889367625,0.03036844183707774,0.04291172433969166,-0.014028993869584339,0.008359220663759504,0.038351933019554314,0.08527644067354763,-0.007505248563231939,0.01570572594542449,0.02939721988197241,0.006780128748519844,0.0203510464990971,0.043988814079240005,-0.002900920110858023,-0.004050414182527567,0.061941060159621,0.029409893708912123,0.02446915416780986,0.029941035240411463,0.029965680779695785,-0.02312246865017979,,0.024193329140131562,-0.0003592082142487945,0.005299449714451993,-0.02945617213106277,0.027999181453797102,-0.012392030698527092,-0.01934207986958389,0.034129614977295344
2020-12-11,0.0008780003085746625,-0.012840580390133069,-0.04057061871904321,-0.043808073710875986,0.01226372263410217,0.006611151455425639,0.021673553876506192,-0.005583812596409592,-0.006051784370422219,-0.009328343431839834,-0.022233300044845156,-0.027212725356422773,0.10321691355827067,-0.007821279037446088,-0.005144784002025648,0.051293474466805225,0.04760335153077514,0.03864431100393065,0.02907089584001525,0.08417507969064536,0.06220578132100715,,0.05112457905435311,0.12668327863987117,-0.01116147630269906,-0.01424174717538942,-0.026282341870803215,0.0012272162244226007,0.0009916990092534632,0.000991163006665101
2020-12-18,0.0020039520132929902,0.026358374244966322,0.06318582686458718,0.03916063302253612,0.0,0.023689018850117458,0.07491259050497436,0.018600391537464664,0.013429632811528074,0.007283407175449839,0.010364689787623685,-0.027753818193142127,-0.0063958107671001,0.0022599197146255384,0.024685981573325043,0.01274180808032653,-0.00755392285454119,0.01797704051267989,0.017203590807855162,0.012058385478476916,0.10489321487658436,,0.06699655493463187,0.03849013344882339,0.02897232690028889,0.034626355928953405,0.0872850868495551,0.03513360251072879,0.03624154694458986,0.03109795687175894
2020-12-25,-0.0030074914220834196,-0.013375664988595375,-0.013211282653469023,-0.017657183270500244,-0.0005184378098502744,-0.0035567415960240023,0.11866116865630504,0.030252527907098703,-0.01280893315333703,-0.005598042167052365,-0.033103341253589366,0.004589257342232408,-0.05508470334558825,-0.0766953579666459,0.018852094601973943,-0.028114321409740208,-0.013598504599830261,-0.027932096736198668,-0.036352822195591994,0.05848599082717941,-0.028354639700810962,,-0.004385428649917554,-0.027318551999859036,0.013409186182182368,-0.01730493756049382,-0.004252789119141675,-0.02061542542794514,5.0389231964328145e-05,-0.020219581785291162
2021-01-01,-0.003394636482043131,-0.00911292183724587,0.01490182617089211,0.01778278596972311,-0.004942309111119335,0.029296140724355872,0.1306109301885963,0.003756955901518554,0.02208996205148863,0.02586031663460897,0.0213118530164168,0.01060015932467336,-0.0015965245873725746,0.030219518790223186,-0.0014827217280410975,0.0033879511441822093,0.006422373545093116,-0.017408691793971205,-0.00020547380739155806,-0.05331121158997874,0.024388446683621258,,0.025788035454365154,0.003904177417383365,-0.01392854370216075,0.014977284765344026,-0.01846254424671472,0.00943982574509575,-0.0340205157233152,0.006567289752618779
2021-01-08,0.041323107036506906,0.01659715413794509,0.049692029573702196,-0.01266967125531575,0.007533445830800403,0.02677915918999799,0.15150633993933302,0.004734063813221715,-0.02817486700936124,-0.07102675096411198,-0.020676426208004944,0.025457142095648456,0.0517625246142319,0.06788883635212395,-0.012668758160512906,0.0036168687198927254,0.019023059528567445,0.014288172005560838,0.08642384347698935,0.02131539198370242,-0.005854135499651542,,0.012625099443609573,0.004664837702022525,0.012390441042123855,0.005994123448343561,0.011279541500264782,-0.013073011987033813,0.013906808746164494,0.04839266221084615
2021-01-15,-0.048400292269582874,-0.03493055942983546,-0.04541007569880499,-0.05949345718337591,-0.030213822201972215,-0.035794609478394364,0.10851581446366139,-0.004384776832719803,-0.01954060027872159,-0.047713916471207506,-0.06249499670201649,-0.039835723983560674,-0.046980653061294265,0.06673758534732102,-0.03225115421063149,-0.02621566181043043,-0.008673805463533,-0.009421754242638561,0.0003826929771438231,-0.02987967570799993,-0.016373178702646405,,-0.0696108164420586,0.03535878888826988,0.030818332267706174,-0.02799759723661003,0.0023502772714168235,-0.0049585938448500145,-0.035602864891996364,-0.019362986459271675
2021-01-22,0.00581709788247438,-0.030020605995458555,0.03097147152573887,-0.014447641599476585,-0.0050809031643458385,-0.03837006252237641,-0.008774036264658466,-0.012316431350162318,-0.020002088561924397,-0.0043213302686888905,0.08806521751167902,0.09118575251880622,0.06278531239629405,0.09392741460491254,0.060666126580883245,-0.0032176767769681643,0.001318799524313204,0.015175733208880222,-0.07053818344929516,0.023709597245896837,-0.016129412337559806,,0.04180787854972457,0.03848324754041897,0.03327118467103345,0.016396021712478927,0.06101373252145532,0.00439839578306382,0.013605296825292991,-0.04602831559982478
2021-01-29,0.01041150829694492,-0.0606528804920673,-0.07302713098251003,-0.01619315151803106,0.011992200205213572,-0.01565472325195108,-0.19164130683376313,0.010431605956482123,-0.014682471874486664,-0.007036665910597661,-0.06071352680325456,-0.035058180103531844,-0.011830033337665434,-0.011577536732373285,0.026251233046509753,-0.012848835132075465,-0.03706097235047755,-0.018092543037215802,-0.06007310324054818,0.04029133089465386,-0.06973972731658563,,-0.02078525968825262,-0.07913052393171578,-0.038258745160665686,-0.02630617088079068,-0.00953546858081228,-0.05370924129538745,-0.02558949964836341,-0.04041968275810348
2021-02-05,0.01578547439430016,0.045830920803521094,0.07751240543624437,0.039531999673251314,0.036159480940331244,0.048005582356053324,0.18044717054731108,0.02269652332384413,0.03163897207021428,0.030677350356722106,0.03712226817601285,0.13373174274724453,0.18408302302045826,0.06596527896394193,0.04319910605525898,0.056502711505428994,0.018702049123873004,0.033276336123482124,0.027946824514259207,0.1413297272094773,0.03987501756561836,,0.03451834834873314,-0.028153075337969447,0.01882171306132292,0.02254967266518938,0.017999185586843644,0.03723293009217248,0.017300185677465114,0.03256646962235996
2021-02-12,0.025827469313241615,-0.03204853803716838,0.0601739394065365,0.03025135570549221,-0.00924032834913189,0.006891728600954494,-0.03532585828486786,-0.023640235357768186,-0.05160699609204877,0.020730148143412133,0.008911984020062493,0.0029638320535916906,-0.02659177720658779,0.03805066949586676,0.011453533265345955,0.021597106768454062,0.020992153937370236,0.02166168543351719,0.08626899014738937,0.08393466499133215,0.05685553051165202,,-0.037466047725176324,0.0524955082412045,-0.11093701451747504,0.006190166586012838,0.01372207810580427,0.0060149517686865234,0.020829647178570478,-0.009438993563886142
2021-02-19,0.0019728918258345948,0.014060474705356736,-0.07780363819878795,-0.01865034927262439,0.019408277684582764,-0.022936299045830624,-0.015013369495844182,-0.016823348337873835,-0.010211194283060865,-0.011507829890300858,-0.033608302712844214,-0.0029733390379643003,0.05570497163725513,-0.03700320283664135,-0.014244550471580863,-0.007810664861853104,-0.047384619850600156,0.009174338670103902,-0.007613486019148716,-0.13634404210715503,0.021866995826943802,,-0.025335769358086877,-0.023095642118773248,-0.03174868144852345,-0.007790647202174547,-0.03640114179021179,-0.0032291031268157017,-0.03624379441708382,0.031997334187073886
2021-02-26,-0.050277228178024075,-0.1102678155265192,-0.04148282000322895,-0.05238970017032564,-0.03867470434952168,-0.021535345680755987,-0.02143831125148764,-0.023317051319059943,-0.025373974156979052,-0.02260467291954419,-0.015178125654518822,-0.032552045155611796,0.0021345795377079274,-0.09092176769682646,-0.03629862728981525,-0.0168764063353452,-0.03392988414865212,-0.004576748285356507,-0.0041237783618259345,-0.045299861671428424,-0.05364406770084278,,-0.054848680924464724,-0.059029289621791554,-0.08070322964270142,-0.023028351713234016,-0.021331178412350892,-0.01533612986686105,-0.06952944738470801,-0.01737155346464122
2021-03-05,0.04025867299658304,0.054440913510337204,0.013313227192096265,-0.0036717898533407127,0.004197481807486748,-0.015158762074857304,-0.1377396933049218,0.03255735550049338,0.037243847306661484,0.0360836187584653,0.02552355970169676,0.03649865544716785,-0.1339231476571913,0.0005731686795097642,-0.003362019743560362,0.02515151185839167,0.04734917397882965,0.03426856685421128,0.05045686492785974,-0.021987947136210363,-0.07106041401100968,,-0.0768808608481287,-0.004338534286797933,-0.02989011795761103,0.005949050249969332,-0.07913930773879341,0.0076977465211009,-0.04809179991880946,0.041676043108771266
2021-03-12,0.021148556880561296,0.030851176193250972,0.0554801073732467,0.010906108380075748,0.011711306840006284,0.02874290321665774,-0.13786486938431,0.05671773388597614,7.498770793914194e-05,-0.00021340383172715842,0.015469035080042753,-0.022701364843503286,0.08763510318973591,-0.0551310580754622,0.01776008570401095,0.017943697488306855,0.01886334643007816,0.07532599737332923,0.07425476939758706,0.09146856281667949,-0.03730131272266402,,-0.003283868327236775,0.042274716528498346,-0.013363230515432964,0.02368412829250572,0.08690381906219988,0.004590059926449091,0.09198918758047157,0.016196065699926526
2021-03-19,-0.003224654281362022,0.022334999410207727,0.022884604810007342,-0.04522946921031947,-0.010664771871636263,-0.01153472326359353,0.022753156167998386,0.022812376599870305,0.010914342088336977,0.008896003509730018,0.07778192465968059,-0.011302826077196243,-0.07157118926684154,0.0008472530984168474,-0.023171880509093752,0.030631118551814773,0.04718721588267763,0.0383111194054349,0.025721805389449036,-0.010192715963492152,0.04077575741393752,,-0.003000058125866465,-0.018626085088094456,-0.02267667167844963,0.0464688298355975,-0.022293977827858205,0.02961163237698825,0.00714673808170967,0.02011451040701305
2021-03-26,-0.008891412464719757,-0.015360702458892334,0.0025954600752618145,0.009412821468006349,-0.03215379649733817,0.041549701665699705,-0.061097884822985046,0.031712250160301804,0.05918041213148954,0.042953138330018736,-0.024742735504206522,-0.0011005416013542197,-0.12310909119675352,-0.02029156054333698,0.02626378085281068,0.014791673873070278,0.022093758555053765,0.055023287111416276,-0.0005082144399489363,0.002298356872806349,0.014325288633857116,,0.026452653108592822,0.08211006285771812,-0.013857036986823034,0.012375894157988608,0.0169398446183482,0.0009257596618365594,0.022134324049010917,0.055548742119114675
2021-04-02,0.01038582538838077,0.007553097729160945,-0.024477832148516235,0.003884058498794881,0.02664675499481227,-0.003169238346261819,0.13065304119533253,-0.016916481924153563,-0.010000872176067523,-0.01004284332938506,0.05378842577140286,0.050582351922804615,0.05449558648199444,0.0347079595783752,0.024519113019695712,-0.028214920180092713,-0.027279350883830954,-0.028987492066148104,-0.001186177453879357,0.002102360636755483,-0.017938889911404333,,0.033069263301567085,-0.014739250606380138,0.01973749501635635,0.0,-0.004868347239695477,0.015974008264476838,0.004133046090822779,-0.03551738623067489
2021-04-09,0.04718479938832637,0.024772881061156014,-0.02411038756581612,0.01891578004480077,0.05549176606908854,0.04211713037946692,0.07724493509673425,0.019234175180884168,0.009089433846786076,0.01267892854403265,0.045170560725514994,0.06405623272846248,0.149394060995661,-0.05415991546397323,0.054208536870903386,0.033610053257387626,0.014761662866991154,0.00956201300936087,-0.009826107154927257,-0.020054851391719534,0.029902020132413668,,0.021254667257672583,-0.14660349879079015,0.04956534122311339,0.027460046648922928,0.06262236073379242,0.04592365174352305,0.04444712301993904,0.018889915725759238
2021-04-16,0.019463949445853158,0.04119508778650021,0.06356214944178415,0.04517404851125201,0.023842873263818676,0.02977576808465587,0.12650259914417558,0.023603133239568478,0.011090811373200508,0.009357922715855784,-0.020303128897207978,0.0053058693608459585,-0.03244744096903908,0.019698809838262585,0.018932226891350285,0.020002917092091795,0.04055432372312554,0.015799870190912176,0.011213853485740916,-0.03025436067092274,0.01142105715115951,,-0.028776590764177306,0.14781479643375886,-0.037263497623025964,0.006888207066298467,0.0023610016813082643,0.02660857990078118,0.011411299225371485,-0.006307484702408885
2021-04-23,0.016403002435212703,0.03333886521390862,0.007175298807595547,0.0375307779273176,0.023287604177062646,0.00518164370118208,-0.01877279766412188,0.00471007794398822,0.011517496654895978,0.014609745006400467,-0.016631210134988247,0.0074978139450438954,0.000815981071334947,0.009828196561684004,0.0015712694951441847,0.018131786601409437,-0.05871311917704424,-0.09877650766808205,-0.0034370908872792426,-0.035973481412617324,-0.03258948149857645,,-0.01470490774820516,-0.014327240036556829,0.003212350372493046,0.006414980992098281,-0.044294545609970745,-0.002883966945385271,0.007267694145042154,-0.0019601009627060947
2021-04-30,-0.014337742702985474,0.007213190191005117,-0.001081430358962454,-0.01069262334080593,-0.027425115167056386,-0.016655953693505126,-0.039858177354464,-0.009162894416479214,-0.011517496654895947,-0.009036557309299979,0.07652924999961871,0.023024982890815473,0.00844710127127715,-0.026509675480282782,-0.03495196439814672,0.004113999988277571,-0.018228265523050985,0.007568165409651008,-0.03254305474492798,0.015897811741196255,-0.007759503103860602,,-0.004607895866665806,0.011296064812830799,-0.03857949175502409,0.006373872473916389,0.015875685486352653,0.015174825360270029,0.06008789696565618,0.035002515913936355
2021-05-07,0.021457585884428945,0.05824523619745971,0.00566084412573727,0.005230298447663737,0.03310437564960123,-0.061623348597629704,-0.15505279981031128,0.020704365734619645,0.009664495009086949,0.009770602891683753,-0.018629594443632942,-0.0006674634905446022,-0.12236320839180809,-0.018753621647557558,0.0011100230541552139,0.02505174206765285,0.059761883368365395,0.045043490204303274,0.044011104974034966,-0.03586732219993341,-0.04117553883504632,,-0.030744916122311637,-0.04089785565186866,0.014560168875929305,-0.005266044760822339,-0.04522919603828242,0.014205909768570502,0.02370221065753197,0.01260101765302754
2021-05-14,0.032060631232094954,0.014243150880210135,-0.02726511871404562,0.020140141685210455,0.007522203735037442,0.009706160420994125,0.0985100872962656,-0.015141269566933778,0.007051283017085095,0.004027647430318962,-0.00988945237281897,-0.03177162613817585,-0.03176047519580874,-0.020808627363284805,-0.017219710154236803,0.0029728225956420704,0.0002512900753894549,0.006584655956002678,0.018547043705179053,-0.028206965764274554,0.022076518325892393,,-0.018276196790719533,-0.03409788871153584,-0.1469493307936118,-0.013374736507301067,-0.050214306231526284,-0.016299829785223457,-0.01204995569208042,-0.026691768483984947
2021-05-21,0.009573115880993277,0.0013208683318172239,0.012041210856239241,0.01949182982804081,0.017872216623424232,-0.001411862871952642,0.10325302729906781,0.005256456145771015,0.0034731140159193602,-0.0020117143894932514,0.0009173776889234843,0.006889091747417921,0.06608241065042869,-0.02339278994262334,-0.009774875750049993,-0.002870184932786712,0.002256708818704642,-0.005584397291472118,0.007655038213453862,-0.04283496794893753,0.03947700407690544,,0.09895640788345005,-0.010526395629706578,0.08249842438296061,-0.002073633517178103,-0.019515118474845015,0.0036823804573879668,0.0008420077010004679,0.007363875446124491
2021-05-28,0.011554073899273785,0.00013199092573451076,0.010230628552307006,0.00724373954884912,0.014388531785843508,0.024265679786639866,0.08764966965964727,0.019672636342728207,0.005694157393883513,0.0121917847512959,0.03876701055764183,0.026972228093837928,0.0928823222558405,0.049428204112142944,0.018228117830167968,-0.01021419700521113,-0.03181309195970779,-0.015722964782995508,-0.07359797159325653,-0.025393800015205074,0.052437496378059376,,0.00648789556362055,0.06342182928686486,0.018744005914296813,0.01690249146122809,0.03107599502968774,0.006327961030084631,-0.0018253749616950808,0.022776173905100568
2021-06-04,-0.0032653823731962645,0.013372162899178246,-0.0019625836795136866,0.004221905246138389,-0.0072825327640491,0.011601122591762771,0.17571346712955252,-0.0013535481802214966,0.0066026227345902895,0.017036356511888305,0.004915948398088246,0.015460054794722636,-0.018194116912789278,0.014816902465579969,0.004435779056688529,0.015129154690181508,0.009778695848328071,0.011112320062235611,0.030404148332304377,0.023340180480985847,0.006060269545814324,,-0.005999859229070787,-0.06872687269942884,-0.03856069716478401,-0.002182782590651252,-0.03383167658446704,-0.01005288123454127,0.009953285047731743,-0.007775685537216139
2021-06-11,0.008890072112265737,0.017683466233207178,-0.005700682242101517,-0.06357863566614803,-0.008487268895309222,-0.01980265609540365,-0.20246415586533323,-0.046584578079922494,-0.0010149008850678216,-0.0014235009905232535,0.002751024923275657,0.015187683085859171,0.04941442420271695,-0.029986283521345927,0.027917315145160392,0.00955583654367916,0.02628391629040083,-0.0002008959276312509,-0.014998578039923799,0.028817578767932436,-0.009558337472993226,,0.010623775313302046,0.029803984901927934,0.025407196471884913,0.015096635243230471,0.03004898242677327,0.007381885529319973,0.04937085516130106,-0.01573466915352864
2021-06-18,-0.01838351570720388,-0.04140327083779021,-0.07251500990690915,-0.034193528231579375,-0.018835635490329395,-0.018784940192897854,0.024612284064110285,-0.020359153279747345,-0.015489542528426508,-0.0359821954556391,-0.004841894081054966,-0.01158037334945392,-0.014458812451563127,0.0023287040490405564,0.005953605856857589,0.006655606467708251,-0.030389640010249807,-0.05441939672990325,-0.05452599079841037,-0.06575639689708455,-0.045945357576927554,,-0.08470254565632772,-0.03580607415435879,-0.026837776405569884,-0.03133902565878882,0.02373564021529252,-0.04277392759840597,0.017913115166882307,-0.028447530948941434
2021-06-25,0.016529253806409943,0.00611537531410273,0.032680407506759095,0.02821995178651584,0.048790174234970875,0.0039156086660035,0.10126961065301784,0.009801433425314634,0.006785146179722791,0.01017681222007465,0.0349052038600189,0.01976415552933039,0.06881344726108007,0.005156249844062196,0.02131846069527828,0.007432554454045714,0.013789938199346066,0.02789502005524614,0.039834274913423895,0.021132290763296254,-0.016579177863127792,,0.014720685991631684,-0.03159765897794066,-0.013693946175801552,0.012120263072862198,0.08167973044480567,0.022511550523320566,-0.004813851423042471,-0.00845797104330212
2021-07-02,-0.012815100929816846,-0.05405240418099614,0.012260656332049005,-0.008959809838754829,-0.018056045176473804,-0.013772237718995177,-0.00013813879776611242,0.01448667339422035,0.01693099387763993,-0.0025807940772204735,0.0383053348150358,0.02219126419078383,0.012044794833868631,-0.04725507573044507,0.04655624850200932,0.012641776303139743,0.002279719955915451,-0.0018918842276053488,0.018549975268296603,0.0702004615143175,0.014811049826214142,,0.01982290714644388,-0.04266461484324753,0.04816797316120735,0.005192758687121077,0.030873218932081427,-0.0025617223942961107,0.0348878833072979,-0.004463834488539611
2021-07-09,-0.005497573730957544,-0.02263828785759241,-0.01624935283862488,-0.004308227506931739,-0.012691821356128166,-0.0068471029717701035,-0.012655753572484548,-0.005129945172651581,0.003820357708085131,0.005154701162428566,-0.012139736529413218,0.002081593924843509,-0.039915952649187146,-0.04719403359600145,0.0010437525436502208,-0.009013544765006836,-0.005856424391495744,-0.0027390166002601883,-0.03060795279001543,0.003459484338134244,-0.010537218016234159,,-0.039870716395156346,0.007893803266976723,-0.01744027457519657,0.008735974645759398,0.016387241668421423,0.013841320023617591,0.006976387243964364,-0.0077437057466517075
2021-07-16,0.011017376853108406,-0.020675887649391586,-0.01629422002731806,-0.02957500829792631,0.00878581609396178,0.030879130841645334,-0.14963564011413327,0.024832395396965527,0.04153911914640057,0.03500269979772686,-0.02678101200973692,0.011497567113252588,-0.10399381636513177,0.009842511626458342,0.010059218155525643,-0.005042951894090488,0.013402327359141035,-0.00190031802055802,-0.031234967942118618,-0.012816406700231674,-0.02988220888328223,,0.0008801030550903622,-0.034912578562570074,-0.06994839236129402,-0.003953703948546826,-0.02014819112499862,-0.023291838494251677,0.010663975008263939,-0.020100975658324482
2021-07-23,0.0003114861213386984,-0.004245613533247707,0.002541287906996618,0.0008337976866836019,0.010077992421160125,0.03401258584158641,0.059629722964215835,0.005281345631498256,0.008690138024800285,0.010757390352042975,0.08058385689464463,0.046511109822069414,0.27354620397247525,-0.06622826174617294,0.03127784013459459,-0.005068316325886945,-0.02043267206135406,0.0037972681168209864,-0.03732665353034402,-0.004162579384555761,-0.027591927979983825,,0.016113835956126085,0.021238422042742164,-0.0022666978098403695,0.0343758243992647,0.15981869085184486,0.05817923558719968,0.08490127117403047,0.04482402353040702
2021-07-30,0.028555799621409462,-0.07904079245202696,-0.001069292014982461,-0.015391617988612648,0.0038668124286817857,-0.02067122776663434,0.04973774788515025,-0.0241316767612503,-0.0014644781370195964,0.0003507520572640549,-0.03716243191904099,0.01278489121921415,-0.046599454663429976,-0.08890240729985743,-0.01656877047371202,0.01702877291043457,-0.021659627077591424,0.011514906580616583,0.022294264333960378,0.15185838119705772,-0.06594791347051246,,0.0007499344818983909,-0.005813960090087648,-0.04170488154582074,-0.0010297080719600601,0.017605622063028986,0.06769442467773709,7.61024438904405e-05,0.03370428418244673
2021-08-06,0.0038772692860317166,-0.02069538820423575,-0.025004551292141523,-0.008211792785054836,0.001134452043323076,0.027708411911337123,0.09831254478897351,-0.026475944039530252,-0.01683408208640722,-0.0068618771135050775,0.020033767260537013,0.007483271971753707,0.020745493627144153,-0.05871656582702809,0.0158433832033399,-0.008830853178323373,-0.006429083893508017,-0.014467143050989591,-0.024059978760564617,-0.06486544876125853,-0.08321248077037434,,-0.0912244012252318,-0.008784885557246417,-0.0770241781725175,-0.026934197330243496,0.012643544794575573,0.019893511049085957,0.015015380183714098,-0.06921286231409748
2021-08-13,0.012684246216927823,0.004528554158859393,-0.02038625193107491,-0.015906212029296565,-0.0070542957838884745,0.011789582477442887,-0.04166429547090935,0.004655205252879852,0.01409080047218819,0.010362725049692958,-0.0009081169822501319,0.01454692207231021,-0.018061587340687513,0.0427400520980831,0.011643832339306376,0.023706214195984822,0.006695943435080242,0.026056607588804365,-0.035582226310242944,-0.08086474994298545,0.005229742376315045,,0.012866978037586662,-0.02200508703733608,0.029376882343648596,0.010777252280190918,0.0003496421912671856,0.006915194498237191,-0.03126522867708447,0.026060125955438447
2021-08-20,-0.049696170108623754,-0.0329727510932057,0.0008888903753950314,0.004467920334414359,-0.06388424085457213,-0.0141643020697064,-0.09587475206789547,0.010682776808763658,0.011623809469374836,-0.010362725049692966,-0.01054622751055661,-0.002165804556033077,-0.02579213794502679,-0.07174798532101587,0.04046295908546137,-0.001674769116187793,-0.012626053504917875,-0.0026781693629562985,-0.010021883224401168,0.05600607995355457,0.015858863547081235,,0.0037969644199035463,-0.030837492690120046,-0.0033140014824179875,-0.0013827426906253804,0.0019738909054774134,-0.0037115688375626674,-0.014612271998108372,-0.04237988459722307
2021-08-27,0.015938468499499498,0.02356936579633489,-0.006615799211925455,0.00901824875294045,0.01904839204487043,0.006080339938599,0.1354237658312161,0.008863554316723189,-0.02176969529524511,-0.01763342365113553,0.03623361779783085,0.04672985777148213,0.005485498052988472,0.050436658099353125,-0.015362473854655835,0.0066825016212880605,0.008077933257679238,0.021633269998351648,0.02897003575272786,0.03347490116752339,-0.0239683473244566,,-0.005794638592840418,0.07968500333037104,0.04701026965815519,-0.004243915800830054,0.014386915204259219,-0.017014396877336295,0.004601628234700171,0.03160409785763742
2021-09-03,0.018748880630348196,-0.02507140159205885,-0.0027811896306694623,0.01325462471629711,0.03956948179503095,0.0025652879010904326,0.14579703292436397,0.003126294868651601,0.02061175937758806,0.019221058103144485,0.00969439157120235,-0.0018385594634730295,0.026452271397797874,0.06802003472702908,0.004726710441413555,0.03842907659175037,0.012524883916448218,0.028658696565450063,0.017222991741766464,0.03682370707797185,0.048830614104940176,,0.003306399252578453,0.06377763477803042,0.04186657612476166,0.01109396896387038,0.0005521879057734869,-0.0059400278427039705,0.005124710259573178,-0.005120886715995806
2021-09-10,-0.01221899644468889,-0.04178297808817926,0.009771022222072665,0.008702913316962456,0.019775719757993908,-0.017158081522477973,0.04506831468989089,-0.011702770914678801,-0.010430582398846484,-0.01994009033776625,0.006437446393513108,-0.02012246415852119,-0.007755110720842503,-0.011794929620236039,-0.01819597259829242,-0.024134165381885574,-0.02168471136806267,-0.007285574199388931,-0.03820851174762936,-0.0865220073883864,0.0043523578507118086,,-0.04210475731687548,0.04786229846165907,0.0045454219782349896,0.0015062666963663682,-0.009934563644183006,-0.007898392302911696,-0.007080307343415234,0.009445103462398415
2021-09-17,-0.0186657567281098,0.009360574992116668,0.004384912400865092,-0.028638219129890924,-0.0197757197579938,-0.013434278408925518,0.019813305888609547,0.0022945983334544404,-0.008591730465293919,-0.013744886984293587,-0.03758807731986569,-0.000539522258269237,0.0034838857763591544,-0.05724322835405361,0.013969683463080125,-0.016648456746105343,-0.006788829420125794,-0.021987662100257516,-0.023103017705711913,-0.07712386701277366,-0.0239288232838184,,-0.0149217345460109,-0.016785420388414938,-0.007587246495742611,0.01374418048295787,0.0041942157443559365,-0.021792627630924297,-0.012611123284880307,-0.030829565827098084
2021-09-24,-0.0008424169416980649,0.0025846536600099574,-0.010433800328434467,-0.012882857658822957,0.029852960131828175,-0.020280357292242413,0.055972481530036505,-0.030244122930150927,0.00045399291689374795,-0.010154547736917091,-0.032775017630331825,0.009999511103844843,0.10588202774696233,-0.010753716156079354,-0.0017358939397475453,-0.00039254427581063034,-0.005190593476098615,-0.0030904358609818135,-0.006910366632345554,0.015525270293138894,0.0009879549969843138,,-0.028762620770721968,-0.025050804764057143,-0.025454511203959928,0.016076842942594424,0.014663912704377157,-0.012430319262720231,-0.027584365556296658,0.0009614239253866175
2021-10-01,0.015159748369051903,-0.028097163972183974,0.004036576206395492,-0.021499699797806752,-0.01368494043653891,-0.03132443916989116,-0.046264125843474904,-0.01453742529680102,-0.021301798950399072,-0.01627558768378781,-0.028595100853554805,-0.04070063195539721,-0.09934913527985019,0.00939453119564586,-0.034840540970051584,-0.045756559761918225,-0.026280914677134434,-0.0551456211163086,0.029401416622065513,0.07978482800709305,-0.07623713840386796,,0.07312830841200794,-0.11295480690406608,-0.05458821462788417,-0.014263890051755379,-0.05770334793960531,-0.015091173466749784,-0.030616509538110046,-0.0027260167986273474
2021-10-08,0.005071253685129931,-0.02781696349201398,0.028537955088034105,0.011543546628996369,0.030915438757611956,-0.006809969171809971,-0.0009559941095309704,0.05394017406681994,0.033099732878869643,0.02053447690651472,-0.038515678659239196,0.023469662218506743,-0.003327790092674691,0.07166405803723545,0.019693998488634182,-0.007626931529504814,0.0011470107425559537,0.01879326830768877,0.020620125959921617,-0.010360575390383198,0.001065210987748458,,0.09126523006112139,-0.028811758976072206,-0.07894320992769813,0.019444872154137538,-0.006028169329935388,-0.0020237910410923904,0.010990249869447443,-0.000803105015744216
2021-10-15,0.028195211090767554,0.006168411419752103,-0.0032375865691189275,0.019237166561366058,0.0048067637689725275,-0.042213815202500074,-0.056733408775791486,0.007676210292592708,0.017660054708474475,0.006629795115747632,-0.016157546974498876,0.011257186576385605,0.030723125292058832,0.012580812845849759,0.03125155630451183,0.03118148320982952,0.03409275148528959,0.04129252145381644,-0.0008121600807564091,-0.0014591223618492138,-0.0012428422237976955,,-0.018184988458615454,0.07339343635716777,-0.0550597241654194,-0.022248204135708105,0.007301566450983483,0.014642266852908783,-0.054352882166384765,-0.01391616202929525
2021-10-22,0.01088045508980525,0.01650258557850404,0.002053090351310506,0.003026290723030367,0.013637812801184654,-0.0099818625549379,0.058750507317864575,-0.018580044888931935,0.007277881846202561,-0.0005507131543910766,-0.0004620419539104691,-0.0272589435826221,-0.3383358443018439,0.009332668154030777,0.016140762772207443,-0.015262829767753778,0.0019369806300990342,-0.009905206779334558,-0.010621269254210653,-0.009220403822787973,-0.02573237941120927,,0.058027734375455525,0.059657079169726984,0.04067100028787655,-0.01585234667800448,-0.021374506551486133,0.010803059660231321,0.020495798184922153,0.00956793810292386
2021-10-29,-0.008875050373347987,0.08537937873397307,-0.011875108374784778,-0.023293881971520915,-0.013201960107428301,0.00318148666075884,0.02337505678987907,0.0404296951451744,0.010137777993974825,0.03465441776963051,-0.0032088872056632895,0.07341569293091395,-0.04753954040062411,-0.060634123840478,0.07013081162992402,-0.024450016878053878,-0.035170043215324985,-0.08908727141326625,-0.03553121454953133,-0.21867982480985332,0.007083765838638203,,0.0013821702269516739,-0.09679282559331051,-0.05683873912150389,0.029382763898783464,-0.007381206228632068,-0.012961858531686295,0.05170563612238674,-0.08977357063051707
2021-11-05,0.024634984713347467,-0.007213356814435244,0.030208993943561597,0.06817771190317343,0.027080961947648745,0.07510744251210204,0.11302899181243269,0.008003165188105222,0.026863440003859998,0.008303072914521198,0.05284824173457673,0.005429616889020866,0.011158438952604297,-0.03686133005697875,0.013300013537410555,-0.0025417442958438033,-0.009784317508349398,0.02441074495486174,0.0710331592086581,0.06466938969194763,0.0018083609928003749,,0.03368051647554076,0.008127234076283582,0.04407645596577121,0.03662494332385806,0.008574575576993091,0.013830629826823624,0.014032844087649342,0.048083713122414086
2021-11-12,0.0009281963113378813,-0.019772980919795003,0.016566865676237105,-0.010790292508106227,0.015569390640088625,0.004681812866947516,-0.2597306068996774,-0.019709141856586503,-0.020386998559518706,-0.004054516807553317,-0.000703894564590871,-0.0011698331359983752,0.00991872264375192,0.0677973465909817,0.0019619232605530496,0.004866190631319619,0.019473596551381863,-0.006214140039249577,-0.025490643200806507,0.02306222530271251,0.0001805604286577154,,0.003359760432429917,0.039673349734958306,-0.04120429195415984,-0.015988237282933734,0.03754517829071267,-0.01159196240376173,0.03452645528645397,-0.03807053526768169
2021-11-19,0.018716530328126483,-0.017777390405426505,0.03893863811423874,0.045273909628288804,-0.0013964289829329715,-0.030438989812693634,-0.13478330775021782,-0.014401074393333518,0.007106451046427501,-0.0264915732931487,0.012853765855160936,0.0016701513639167129,-0.04533248192134919,0.007942929196895269,0.020627323787907832,-0.04710311242589657,-0.026729603559846667,-0.03442360771324368,-0.022616116638782113,-0.10811097017850077,0.02620708072599062,,-0.09680201145022489,-0.05151661907002905,-0.022233927067362845,0.005093431882603458,-0.0597761835075554,0.013799717441218587,0.042508696158958845,0.0
2021-11-26,-0.0336191231178714,-0.00496619378165722,-0.026167912014841675,-0.011093864967405448,-0.015942637401233802,-0.025518820784946977,-0.020247576834947857,-0.005132452787286158,-0.01643388965159678,-0.02572277952160176,-0.03591082728757246,-0.046338076669111036,-0.030869119101230823,-0.06352635486564585,-0.039928705814530084,-0.01920955983096793,-0.0014573973566177365,0.00780359615684304,-0.0096112452516043,0.004269184768069614,-0.046092749558467316,,-0.004938840758993209,-0.07256267927164466,-0.012789073599859174,-0.007729740050644318,-0.039531241074021846,-0.01802121329037881,-0.010718525759727456,0.013541941110522501
2021-12-03,0.013877001597119567,-0.031211726357297367,-0.013742865604059237,-0.024847072644129702,-0.006664316852256741,-0.03924376023696333,-0.12408965599436962,-0.014686926141465604,0.028647718459260674,0.004182624518884518,-0.08217657757395741,-0.0012773137200135377,-0.06154189025482181,-0.04394608386738566,-0.020439380513863497,0.007862247531955675,0.004075514911754188,0.004106786085326763,0.018925256306924043,0.01138319268694608,0.02780229049607174,,-0.0231348551645901,-0.018994344534758668,-0.08683138824114434,0.002804980169099079,-0.05782675218123356,0.005059730735205277,-0.015423572479941985,-0.033134766285450874
2021-12-10,0.02557054411918185,0.025530286220213964,0.039570860916849554,-0.0017465047852269374,0.028703924911314405,0.06755822155077217,0.05011099098106412,0.02435974669591591,0.025534933268314103,0.049910051994990205,0.07200857167676597,0.041384798645629044,0.08262044744212925,0.04613555751479085,0.0587052774079459,0.007356940611316495,0.06468413839304761,0.026290629585311306,0.03918893233577245,-0.04605652388094633,0.06252039106955078,,-0.0010863219918510701,0.004884045922021719,0.02874061627094965,0.060839119456336556,0.07808408419921496,0.06991605559604165,0.02395500132001635,0.059176489677604645
2021-12-17,0.004183118758671337,0.03177570207517877,0.02902395242095883,0.008801074285093125,-0.02011299826022371,0.022852455851035763,0.02546871998314797,0.010140878780514584,-0.003972972732529667,0.025437825672662544,0.012177232319559804,-0.043333812084510766,-0.1152036941040836,-0.0553391585462387,-0.056262189258759844,0.03717244323433541,0.01701106290620781,0.06773539907318218,0.03599262737595531,0.024981588891252533,-0.020237052614667385,,0.059430382516894524,-0.08248170966582223,-0.010548560638707728,-0.012417510238815667,-0.022061061284505988,-0.014597621126270584,-0.00961555171025402,-0.034701129784703466
2021-12-24,0.029262674407591945,0.016257824278403443,0.007361784174680911,-0.0025065155675003995,0.02679777493720346,0.02394154688361312,0.09263275104865612,0.007260609428642905,0.008755115607713065,0.008452010651626011,0.004334641707200885,0.035975862410347725,0.07218199660544282,0.06904026430408211,0.03307858767425803,0.007946152626665358,0.012536480198879717,-0.013631956780434391,0.028446925716453537,-0.013826702308714026,0.045340206615247985,,0.012553182339641582,0.09016629393010128,0.017867009202629083,0.016109150339163,0.03777860958094066,0.025518683267238523,0.03251040787235365,0.040428514348640025
2021-12-31,0.014043729298337913,-0.0036267474373571523,0.028001525067329346,0.015769744559110947,0.009325501993274378,0.023173615565640304,-0.00040223486002083266,0.02527626566377898,0.022883860946682683,0.016861607810445572,0.0033055132462972126,-0.014151665372873616,-0.0344826043872272,-0.03306634815041308,0.004858302256818634,0.022030719840411387,0.009130042532458903,0.01466711679217275,0.01986071872977308,0.030912034284569304,-0.04259537712291788,,-0.0013495587282781698,-0.08401245964633819,0.014477955945062041,0.007939917745838361,-0.0002402103390138395,0.025676173771234056,0.03331328673524916,0.022836139592804283
2022-01-07,-0.04060623257392722,0.03855346384871105,-0.01927050960957266,-0.06682827930720914,-0.04708981982198466,-0.02083193032476136,-0.3117043527926208,0.016924805895160516,0.002127910680644558,0.018738948966247823,-0.013649829897973885,-0.055607570240355765,-0.12847142504389394,-0.019922779946853,-0.06854252233137317,0.04265599889601021,0.041367491563007334,0.04900122062680679,0.03789718926816834,-0.01520236422340284,-0.004636362753244655,,-0.07669095961252945,-0.024846044282638466,-0.04622667348694653,-0.0037747120180671376,-0.08998136139183988,-0.02560220627512309,-0.10431185921227029,-0.040012067508223864
2022-01-14,-0.024423032835218024,0.07453943269077733,0.00994291619917124,-0.003675058080998944,-0.020312921699268006,-0.045123639833546544,-0.10129881047681817,0.05172170611625159,0.008921402266795109,0.017417473324685767,0.0003313777561372494,0.017819695505578232,-0.08367598321254308,0.0597698522437959,-0.0123033614796473,0.041878326632733484,0.0850216828402077,0.020680926964183582,0.016045323265166566,-0.011895419842694687,-0.01631132315452495,,-0.07582926466116187,-0.03287953177950288,0.11945421454482034,-0.035638352732091795,-0.06441624323814162,-0.06320464618753241,-0.07214766382277557,-0.019222920861266528
2022-01-21,-0.014748546374623866,-0.040177109541430535,-0.031167477575406492,-0.031720339824238615,-0.019383673193970514,-0.04889027793197255,-0.11636529354150776,-0.03761282165387762,-0.008117844778034839,-0.015430527564647823,-0.09053986910145051,-0.06769030563713331,-0.16915940592001846,0.006771950073937847,-0.046756527934947945,-0.004459350405424055,0.0021178119539699554,-0.009690682279186813,-0.021213112351087252,-0.06372296797726981,0.03709223358625722,,0.0768007755647771,0.06732011468517408,0.11608532495143956,-0.012180515159545302,-0.08329425232247994,-0.022444337508185933,-0.08427073490573445,-0.03198004297713564
2022-01-28,-0.006267553230919271,-0.035157065826956005,-0.020794734485261143,0.022101173292037913,-0.03946368855525015,-0.003627280492994895,0.02540320997439386,-0.005034995640391612,-0.008936432955810222,0.006430890330290331,-0.00482763528133174,0.022750279202714486,-0.05437856648549537,-0.00943083103324007,0.04048279824470637,0.005812566888342557,0.008193880478783992,0.003174593574517264,-0.021673246426616312,-0.003193517626808712,0.029728980791705453,,-0.03722215795996391,0.021893897225921593,-0.07862770821833182,0.0058744209101232285,0.02268043235453137,-0.016228768801056392,0.014158385268632218,-0.007611514859227868
2022-02-04,0.015523082209801304,-0.027898309603196378,0.005407837260581686,-0.001488181129128743,0.024504319840547104,-0.012028407431520961,0.08241332074099779,0.015814781358775374,-0.001042938265755688,0.0019705209386637994,-0.24102631976322716,0.07190649385855176,0.24615099373573646,0.04548116875973502,-0.007554305592460933,0.0006760581623959013,0.017106515298955686,-0.005761486582168842,-0.07170922859006641,-0.020861178909561056,0.03077655025776566,,0.09751829565599708,0.06533442617257344,0.06494051419223984,0.015383696646312409,0.05075985960092103,0.02448518992927522,-0.006688857642964057,0.013910538541399198
2022-02-11,-0.01671213942831951,0.022956077536755354,-0.002670433154369368,0.0005956874594562281,-0.020999923911274435,-0.01783514662283552,0.15022990908952702,-0.0055065596442706675,-0.02292864088405213,-0.011051670989672913,-0.0768599598880453,-0.06494559515336086,0.014796234727245429,-0.027039757088115533,-0.03627826507576959,0.04132003692358694,0.05788360017703406,0.0035799157138797283,0.0312825434019068,0.06494645977937871,-0.016479030328427537,,-0.02031935710895223,-0.03192837004193147,-0.02441269783238738,-0.019021738719659804,0.05127039151572785,-0.025876780033711834,-0.015064785661011963,0.030390852276743745
2022-02-18,-0.010262987200999732,0.007642095382358756,-0.08899388025559463,-0.010021955037807966,0.04044883612866512,-0.018651194789017316,-0.0963134147630503,0.011763055614888765,-0.005174361352868972,0.0366400061154095,-0.06292742969439259,-0.029316222166446585,-0.038198278959549664,-0.018441411671619487,-0.022328016100912743,0.03324987904487268,0.00582331517258891,0.02683556613475319,0.04498090923632371,-0.050502729015422416,0.030033260044920438,,-0.07871202349722645,-0.00949037236398548,-0.09433972957727713,-0.01803279056678308,-0.024741950212044637,0.034730297437742585,0.009456480858188104,-0.007160796310015966
2022-02-25,0.019171355930163725,0.04648399697889939,0.005497782109002371,-0.0009024182347102866,-0.002017745955554284,0.03980268672639807,0.21102313254854366,-0.004688698427068592,0.003987131707990557,0.004944648899422119,0.020738147180594923,0.030633480361454975,0.029551222569408783,-0.08121372117812581,0.032058058406597624,-0.058767201532636024,-0.028797543816115684,-0.005037748091424921,-0.0153849174225362,-0.012960252716833468,-0.02681212916041267,,0.04188640466832557,-0.0039049784154812626,0.014444123554876292,-0.004599474982052033,-0.01742904499744474,-0.01667240476636854,-0.013031522052673541,-0.0007013464675526637
2022-03-04,-0.07600292930844109,-0.1673845221837487,0.002852724996813908,0.05175211023925628,-0.10845720595879088,-0.039187605178203126,-0.15015917711564225,0.01503027910256432,-0.009187137942999515,-0.004465017354203131,-0.050773350742961666,-0.019169485482600182,-0.16816933486718688,-0.07822434550222002,-0.025377522576557694,-0.05307515821305657,-0.08664951727501903,0.038301328798462216,0.056337777928532354,-0.03438230994385696,0.018480692607303163,,-0.04498271058691473,-0.0035857810576709545,-0.140383537307981,-0.05068463068477507,-0.037237924061081534,-0.04116879739824565,-0.03857350773783109,-0.026843793389015557
2022-03-11,-0.06358081379039258,0.0007157125090103788,-0.024509854426678405,-0.10968205266664867,-0.03954117184980147,-0.10492336064356227,-0.195198001004897,-0.054710572376858606,-0.07528307825543819,-0.07722312207632331,-0.064251942171912,-0.015555590742145374,-0.0963684909526038,-0.11847798207086466,-0.034358220630865195,-0.11599353904724498,-0.03863181694431988,-0.05791757597350135,-0.04495958772301016,-0.0989374036443399,-0.013828363309271357,,-0.029022833285013566,-0.0253820726503465,-0.020000700618480863,-0.03864915275226053,0.02271070760856567,-0.02102298420395827,-0.06836993330327588,0.017326641392364166
2022-03-18,0.12119324234336439,0.08071661566081159,0.06180087019671921,0.03472183522535457,0.08453648123090217,0.09590590253137368,0.3040515435887644,0.026804082415566744,0.057263260096115945,0.044572698342871676,0.1431790365753032,0.047039254368775305,0.1806563028638939,0.14414298884769663,0.07017509690118359,0.05505567058492006,0.04895732978620231,0.0234936563365941,0.010528501840546503,0.125172389749804,0.03274846212203716,,-0.013908315596724534,0.067906886502684,-0.021554955813795462,0.05175129696440393,0.0733694328874972,0.048109861344712956,0.07592344308768324,0.03360627575112772
2022-03-25,0.02175204594216331,-0.018315453126331642,0.015285492231324105,0.028767039494092254,-0.011786100110883959,-0.023731410248924625,-0.09509773470970415,-0.006101678127806978,0.014938020796465584,0.023515064824452956,0.024321806257751967,0.03994438524402624,-0.01680707521245828,-0.12379723973273848,0.010759856751711577,0.008633422279689296,0.0646121912384549,0.053906978939232866,0.03878270890185648,0.022506116340293494,0.038738029208890294,,0.02046695782079198,-0.008846022842328664,0.0022908949361331405,0.01107222027703373,-0.019949170861596192,-0.019618956593120247,-0.0516403843224209,-0.010015222448112742
2022-04-01,0.01226215329186213,0.02832964881651143,0.018570281796107934,0.017844138539343,0.0628282597048529,0.04290374641132254,0.05303545194686356,0.022350156956246658,0.02698675973109069,0.021544275289480018,0.013567307861535257,-0.010804786319937141,0.054691409421445306,0.0730127783682557,0.01872499165336928,0.03501409261605926,-0.025159699070505602,-0.01711700858623029,0.024197036433920894,-0.004402062927560888,-0.03441031491696263,,-0.01710332882505176,0.00804496640879029,0.012507338644170501,0.031255713774711966,0.02391551306122949,-0.0067101994247921225,0.0061623071443311795,0.0162774723118703
2022-04-08,0.02355886809914481,-0.040672368326141135,0.04497063993745229,0.006756770264829616,-0.01349669812420385,-0.006472499429074083,-0.15913525984738888,-0.015549125312244201,0.0196570678903962,0.015154165526465594,-0.011270674945170606,-0.05020846994994193,-0.04709332462748261,-0.050287134479936706,-0.041068534869650786,0.03342950179282757,0.002101274112607784,0.026213869470674608,-0.008561868260808127,-0.09108371013948513,-0.009608068109328327,,-0.07213472619504685,0.029994422658395824,-0.042707106301515994,0.008827452662764848,-0.031901681218183736,0.0029411934220208934,-0.006035548590584312,0.015847588673338946
2022-04-15,-0.003816450973264624,0.0,0.028073127066337827,0.0027776601211289115,-0.024715731985677978,0.011814199853287187,0.07227882704194079,-0.010949657439419972,-0.0071298971909398885,0.018471632054355213,-0.05619853870334817,-0.05044942167718405,-0.07206136368238211,0.0025646840259791674,-0.05944881441758389,0.016845371962702107,-0.00023316831313296665,0.01595041234331252,0.021594580430069437,-0.001289516542738671,-0.012535334027035022,,-0.023992204583745173,-0.06339871798110318,-0.058268854142409246,-0.0037850809451391923,0.03761292684269738,0.03138938136301063,-0.019309406934270884,0.02140904697981799
2022-04-22,-0.04122624021746773,0.008976319110438887,-0.0018311368842906085,-0.022290465932262107,-0.018104393395910478,0.03638067910361884,-0.024850598439514687,-0.006465474379199167,0.0014534808561059622,0.003531111611067167,-0.1324310174937276,-0.05760932860897724,-0.10908336669941932,-0.09368922192068577,-0.020944695055810637,0.008999364434788808,0.002097785267651204,0.00995395467270549,0.012133864733242792,-0.0012912451702075643,-0.03383631421517435,,-0.011298753382586825,-0.052733345983310524,0.07464352971955714,-0.0013582407839007843,-0.07936666071722091,-0.0046460569662576945,-0.021957040666006084,-0.04294116146535208
2022-04-29,-0.010464623635814418,-0.03186301161895846,-0.0195963165687967,0.006695332546851912,-0.012822124641977153,0.00035018711589135946,-0.008807384481254692,0.01075275959472828,-0.002559340955957466,-0.00985689523621924,0.08513124501802105,-0.04729112487327304,-0.04466565716302299,0.0983740825395609,0.012655656920492381,-0.026544227676049206,-0.027619010163743143,0.0007200022942147236,-0.031478735477531224,0.01379331428787663,-0.07324259982347735,,-0.13226501559767023,0.13538563058035963,0.039800634440409204,-0.004045352349725722,-0.017191217508238522,-0.04503483844204407,-0.11404167531579061,-0.01391550426034798
2022-05-06,-0.054190069866173314,-0.03391271972901801,0.008861977747784366,-0.042714616925137706,-0.06410035515470873,0.011488352318209744,-0.024726202666793148,-0.011834260012029042,-0.007599728959638067,0.0020100427327106153,0.016327437921593177,0.014244009112232147,-0.13282886351198278,-0.0804852976525415,-0.010104416321307735,-0.010656874489514995,-0.015193732951028986,0.017835396632067346,-0.005546911130869089,-0.10574978816184635,-0.03554903977400479,,-0.04483602797228561,0.00911166584546194,0.1459951829230769,0.00648096440651206,-0.07197055331299412,-0.013941802711326763,0.011150587208622265,-0.08362548931867386
2022-05-13,0.008518100138408957,0.018197060831541635,0.005842312579370044,0.033179298913959335,0.015200581719756218,0.025291861367702503,0.10559702824559436,0.00674118794982484,0.019237451423083397,0.015024171142894885,-0.02559842806458486,0.002622941741088042,-0.006845207966107857,0.05618567439144743,-0.05080859007715306,0.05400325874351003,0.028980588116254268,-0.06443260691478848,0.04470115621449466,0.009164579537083084,0.010492224056903372,,-0.038720237414549365,0.022422464540504845,-0.1393285509052821,-0.023154877065340106,-0.027126617159125968,-0.022435387840817122,-0.0024899885222458657,-0.014385781470770952
2022-05-20,-0.04053442529142681,-0.03155861354825543,-0.059676126221772464,-0.059998080809435486,-0.04470731585902243,-0.014276269662397754,0.04151705761296641,-0.07330200840873995,-0.06855293151229065,-0.07485739052658429,-0.025909259873455937,-0.06352192688680519,-0.062090332084033265,-0.03275809124708965,-0.031004932381717476,-0.03191218523066441,0.017550258492596515,-0.037457642898038435,-0.009519958130393144,-0.0474226339978776,0.03639972149671452,,0.05478036044252724,0.012121350231593693,0.1090083385674334,-0.04648489205964326,-0.01850466932805183,-0.008097910966988196,0.0021972303552870998,-0.027023498446858415
2022-05-27,0.019719848614818583,0.04292040070256644,0.049135316846922746,0.05639853763395849,0.04777086415162532,0.023012870819214336,0.1870746065543222,0.017202144975479648,0.05726482321436082,0.058905999090764743,0.008181860368266907,0.030817274967853553,-0.40074712138497953,-0.008852696190438535,0.07870163786173445,0.05594372910833411,0.03845311608876823,0.06332686331879238,0.06307974102137821,0.06274343549436186,-0.02708572509505813,,0.07991017660090022,0.032683864403196004,0.028391527267044078,0.07397665343166904,0.08037613761635624,0.0727322454510651,0.06848360236988266,0.014972722761213834
2022-06-03,-0.004312601236080266,-0.01996859855560368,-0.012172188900212929,-0.005876514167867335,-0.004598962608964998,-0.009411793149400117,-0.034018389099966496,-0.0071315057382528154,-0.03418941522500078,-0.0267935968292048,-0.022545235237612878,0.01961206088856867,-0.07252929500894352,0.04742132974194776,-0.011854562188111468,-0.013647865448071547,-0.014841414339458937,-0.011270390484904125,-0.011249562115849973,-0.024839523545302264,-0.030225842608873118,,0.009416508285514888,-0.09016439047257827,-0.031375093227990605,-0.00850698884849583,-0.01970199069291115,-0.009648011684379494,0.006021514197017119,0.018021927183670714
2022-06-10,-0.05063951056707694,-0.06069218178290369,-0.01757864291032996,0.036726732565593674,-0.06152123876566617,-0.020356657768531624,-0.10748804094417296,0.015904724924771328,-0.01423467774377866,-0.025085630465552563,-0.08308299853515191,-0.029948632699135582,-0.08719961659604641,0.07253795561093074,-0.0651459150708659,-0.03069747793870903,-0.017598476844041682,-0.09505010751453938,-0.0508236943633805,-0.01823104234245114,-0.005712757331843951,,0.0076886910588160285,-0.007764038794149074,-0.04585620565759104,-0.04521701769627916,-0.04311058744701457,-0.03613691742832305,0.03307737906260512,-0.03737118469198317
2022-06-17,-0.02398392911125622,-0.010966959646824677,-0.04881120551403973,-0.027849408803543987,-0.038023236270070676,0.012331759476699369,-0.10371797736838403,-0.032648798621804864,-0.03417333033486073,-0.02557464321538496,-0.06975821315936243,-0.03681507839887575,-0.06695104129253415,-0.05657570930476276,-0.021333575329340555,-0.04374601740235885,-0.03448226181206356,-0.057798830857189086,-0.040717286879290535,0.009020590565173254,-0.03689482038610667,,-0.01686672579708571,-0.11379654633438863,-0.07804612138702478,-0.01271857943692639,-0.05576940110953706,-0.04386364200829582,-0.0006074923817549943,-0.048401220533425736
2022-06-24,0.06211973167735888,0.04260798451592575,0.07526825424984747,0.07158332546530866,0.07596535779043775,0.07074650347278161,0.1908513741307403,0.04022758600395781,0.05614281801159576,0.05897042442751974,0.03845950517048361,0.09630366545976626,0.1685393981613673,0.05110076293168353,0.07785045323960144,0.05414782857187363,0.047767073435257074,-0.04306812292983208,0.03769503949001216,0.048943651021137846,0.03763385295612997,,0.0602271009972663,0.07728449798846457,0.06439760367676854,0.056081798607187094,0.06482447821763837,0.043951098410165625,0.04479240825218206,0.05155749255220708
2022-07-01,-0.057241975385728824,0.02091450309273306,-0.041883459057791575,0.0008384262398812138,-0.03742018470618007,0.00010566693389002833,-0.017284560041315924,0.013914797893365506,0.019432829086600066,0.02103350257529476,-0.061378109280848095,-0.08153603340642589,-0.10990595926132987,-0.0826216169950404,-0.030801976755494218,-0.0237690028308567,-0.015362260544281496,-0.02685509704674921,0.022282242575775234,-0.04643891843533942,-0.017511637490870573,,-0.06780679943291787,-0.00893222208089509,-0.07118489951855812,0.020205918032306668,-0.01686045760861383,0.019816396060386824,0.01767218042757501,0.03631754806133227
2022-07-08,-0.0050525738480909025,0.007956605316872804,0.028226288892155102,-0.01989738451278707,-0.009381890769020327,0.03009553968468691,0.17341292294643634,0.00359757012420588,0.01459304121585681,-0.01944841815610588,0.06560038947027247,0.09315299397969842,0.1274384535480626,-0.014235199230659008,0.03065275500449436,-0.06024231331126496,-0.04862586241146115,-0.017429401635318035,-0.1228987396851171,-0.02460328155958392,0.005435350529769748,,0.0005604683646266607,0.09634774969450219,-0.03817709175543309,0.0011061548498262422,0.024550792364302777,0.004872136630253594,-0.005615371856163437,0.009261231216730595
2022-07-15,0.017143876919358182,-0.017075788545072707,0.009739017477344018,0.016117811168121828,0.007182278466489554,-0.003391071664286001,0.030381472894003256,0.011808658434352456,-0.004431547563731366,-0.010188132610848418,-0.03683584691842197,-0.065579475895342,-0.09164048141179423,-0.075107863783563,-0.04173164598176248,-0.04031596532997859,0.01908079870565759,0.011256410079403192,0.018115982664666318,0.01742989934148681,0.04905707150705943,,-0.008682439271522282,-0.050124342137241894,-0.06705738182257291,0.006965163938204966,-0.029775619165074096,0.007390611136546838,0.012996011316182731,0.0019185976169717118
2022-07-22,0.024423161061942523,-0.005695965097693002,-0.008872089669548841,-0.0011224885325419411,0.03542355647220057,-0.021642732368943405,-0.010441388359406667,-0.005475134560613619,-0.008863358889016333,-0.014667051292226863,0.027369405175267796,-0.03530529696720782,-0.31516241825794394,0.009613315791357581,0.014079330132272838,0.06181074927271762,-0.004371047780244833,0.025859298637910002,0.02377589476007456,0.09111257198714758,-0.0005339461176510885,,0.05161221813532765,0.07282771020358102,0.04921043302014197,-0.004007674669525972,0.03576829313149081,0.010942995543879659,-0.018192171982393632,-0.0013425981597542525
2022-07-29,0.06670026056978001,-0.013542579958109122,0.016084025432576234,0.04125982980794369,0.04264809570523543,0.04674951605479784,0.10578529252545692,0.061480043155572074,0.031055742035952336,0.041036364483187995,-0.06196202912238915,0.0751399930373764,-0.008064552083658996,-0.07833012842976256,0.07536356354347654,0.012637540098707822,-0.0478534441391376,0.01771182205461059,0.010427966357126011,-0.23737528557184528,-0.0028530837213089264,,0.017633595698680185,-0.0023199162832468986,0.015485731107416028,0.03626482585462892,0.14926247242219756,0.025539580749621676,-0.01809534097736746,0.02857053701487444
2022-08-05,-0.015957227889460402,-0.005619060247592443,-0.007948288841967696,0.01762896103898026,-0.00305966068533076,-0.08633636913730909,0.10308722831402282,-0.0005164555428544236,-0.002346050365582004,-0.012387495583507834,0.04911937024452619,0.009838036424409476,0.029912517757485522,-0.004147283357784491,0.007699887334305731,0.0046213391680360065,0.003058569236738089,0.005456993507652692,-0.0713465416535507,0.02509894406856195,-0.03525723505676953,,-0.04287079260717172,-0.0042184353015074574,0.11066554319483748,-0.015844047797298918,0.023103630029697907,-0.034199901941952784,-0.010717538902590643,0.10575232400731586
2022-08-12,0.0031273520492714722,0.03052116251524394,0.0008302747435264028,0.007911119903485971,0.02022310244350491,-0.01499477550460569,0.06420892844530827,0.014868453526201217,0.015801077955712898,0.0050362767321336,0.07707848687123724,0.03521166117190159,0.13230270047479825,-0.0015598524421233588,0.03131671044941308,0.016663527187147847,0.028354899896578883,0.02353087977852209,0.02090974554540577,0.040220650943328856,-0.002222167698720421,,-0.03212425031532813,-0.01690604837986498,-0.007434946103410272,0.0113156223805527,0.038553028138328116,-0.002197846845303943,0.06078087676124266,0.014824931164047546
2022-08-19,-0.004455368955758569,-0.04432755959009231,0.032137156754957555,0.014343681881909365,-0.019457281169288666,0.0063119606822897465,-0.06766250199294664,0.016654111872746798,0.01588832033328652,0.022814575943773358,-0.07200506338048124,-0.03742749830186902,-0.0051768420318959105,0.029225702575971204,-0.017809223255882658,0.00892828645424868,0.017899219512979486,0.007062196733381735,-0.0071740968887372535,-0.0628226461891582,0.013076837501516033,,0.03667501688367551,0.03022797229006969,-0.0649650678613868,0.0164927552554981,0.005132075585521845,-0.01286177446961062,-0.017224995042661992,-0.022912620813937235
2022-08-26,-0.03407018804636229,-0.05560243208515721,0.0008340662062019574,-0.019479059280732586,-0.05453515969403932,-0.016023429831091306,0.11909363072738438,-0.03410852072759203,-0.028886387910502482,-0.032119914850618984,-0.03748848953725954,-0.06040060940271696,-0.0801148270792683,0.041569405675583496,-0.06519321322337969,-0.03640825404451915,-0.010259079217235128,0.008976562256726038,-0.01874205868378311,-0.0012476132699911885,-0.04586666032450688,,-0.0021158790389480273,-0.040660204886169386,-0.003418776280907517,-0.03664259156210562,-0.026909749638592842,-0.03436025210486121,-0.037516518508859314,0.0005074892483746626
2022-09-02,-0.03248532344740003,-0.03691222962826105,-0.028386449075928983,-0.053174909562523624,-0.0073021619286725995,-0.008561527257363187,-0.13882298265234017,-0.02066767395392503,-0.01864305357717848,-0.03154936952613425,-0.009065413703532763,-0.02282515379223189,0.05026185142992409,0.003870194742094308,-0.045910887027663105,-0.021143895285996882,-0.02662191596412508,-0.019366635734584872,-0.02878878074763671,-0.033428062505670174,-0.037077434333474185,,-0.07187166985072165,-0.036617376871805205,-0.009174367245604869,-0.004082618895710586,-0.00699066538944896,0.005157729457215934,-0.06477748116235348,0.0013518008089843925
2022-09-09,0.024827277156061263,0.04153210788973918,0.007527156887142467,0.02535963019604945,0.03231690261827133,0.04469277041073644,0.09468739300804345,0.022478225328819653,0.01488902457176997,0.018952496994203212,0.053613947901563486,0.025630629517704746,0.11995926112391007,-0.06457055760178723,0.03227792143562116,0.02641216033621269,0.02514780340162457,0.012586892287198961,-0.006978607560613602,0.03217872695292875,0.015779501820401047,,0.07430064310053089,0.043485150186824084,-0.17177829789676743,0.019493784829349752,0.0639770211655286,0.029281593123413358,0.003602041826201244,0.027809358444109568
2022-09-16,-0.024424744193483675,-0.009463509862838488,-0.027950860559402574,-0.040549816936854825,-0.01376067998891968,-0.05778868773177776,-0.05063276808173843,-0.040078676211345074,-0.03674818375202283,-0.038369747517243605,-0.14519491213535704,-0.07358658497558408,-0.11285444242033295,-0.048004997403473595,-0.07749326052851627,-0.015575286574651978,-0.029443180571582385,-0.052580335620437374,-0.009650045736603613,-0.06192325168536807,0.042714476286203645,,-0.02849735500245555,-0.055208575726003434,-0.07085115417498686,-0.017923312235555645,-0.0174139719073179,-0.0031923514823752695,-0.06490133706952657,-0.02730303301912971
2022-09-23,-0.04120298172789098,-0.05809895269657949,-0.03667939734384728,-0.028754010642187435,-0.05588955401085583,-0.001720892191668812,-0.1289172706120177,-0.002424180473867671,0.009240300093825513,-0.015913605444035278,-0.04102433312099363,-0.040295366662493705,-0.09071901211536658,-0.05956139866380225,-0.028262009257044918,-0.04025073440273791,-0.07082145368677373,-0.014529093137674122,-0.048214722363886256,-0.09260244871292586,-0.013782925248811391,,-0.11806491573894314,-0.015848165606739077,-0.14343974468335902,-0.035782139800436694,-0.08374387734028768,-0.04480132169324435,-0.03855034489797097,-0.058244975462759065
2022-09-30,0.017345349317511725,-0.03224683944023289,-0.0068558116948948394,-0.029455262812455193,0.030524201251050095,-0.00149379237012522,0.024108351231524144,-0.029087463229384835,-0.031710563455245866,-0.045025789925918366,-0.034267679787877176,-0.03179422119528565,-0.04966263919270905,-0.030574402350554673,-0.02132539286361758,-0.08635755914816678,-0.015306913467262047,-0.03168681072326215,-0.024247443335909773,0.03450277215703008,-0.03147894949312828,,-0.01239987265049224,0.018203856474899936,-0.08485653754771673,-0.06383676437187527,-0.0357913813082807,-0.03973062296623227,-0.06187570586007254,-0.04071660835321942
2022-10-07,-0.014891656882857053,0.0035366888856253648,-0.030861174420341336,-0.02186878172477653,-0.02883501453162645,0.03757849017443022,-0.05800212146492912,0.01880582008555515,-0.01015813241675191,-0.02732468808216885,-0.01657194652811511,0.03118639544562846,0.08207731313422686,-0.0017756493391874442,0.005737227927168915,0.019563871289039532,0.0362366829508296,0.05867069149384953,-0.02792604268044224,0.00047074979659513097,0.007427809742727845,,0.10220879292044964,0.021416090678936534,-0.0036968582970643505,0.010561937894953086,-0.016106274465338948,0.024064105092512295,0.01383078447343026,-0.016494804589150144
2022-10-14,-0.01111959332993019,0.0055011400795601925,-0.0031933898802495404,-0.01922255896510079,-0.03637815972041904,-0.032531422339182624,-0.03435701313808384,0.022485266320855457,0.051729725920838,0.00858532100136221,-0.05143143254124136,-0.02171776886447036,-0.06491383467427013,-0.08496692553583002,-0.024547526520545638,0.007180353166248727,-0.0049019065520323,0.05475500026090497,0.05566801799127704,-0.00898543550875149,-0.0029255196633557775,,-0.024398641646238634,-0.07954389413868183,-0.061087724658966745,0.04186610101644224,0.019858938539223568,-0.020028778054585066,0.008926005214977403,0.025293692439868096
2022-10-21,-0.007522891658902879,0.01459566891509476,0.01413446521930915,0.00015674115902851538,-0.0014596067768563538,0.002171494245264042,0.03540825497033499,0.007738135431550168,0.016722793519131977,0.017667679551477904,0.025315731486209823,0.04624222580970866,-0.25260220605915834,-0.0357826352867047,0.05763477835848783,0.014554616727742066,0.023473266111127513,-0.016720731795795408,-0.0008598821245244268,-0.01918542563504371,-0.005876556611446122,,0.06354607640735017,0.06438270022926602,0.03671911236211633,0.045777662165413284,0.027082721387225377,0.03912358568780833,0.01321026862472069,0.055469192098509326
2022-10-28,0.02287747689424654,0.08495475083556639,0.09298577625620767,0.06468511543844706,0.02680660823432038,0.06572236771996676,0.06835450089281686,0.050029760726738315,0.051631158985426064,0.08229438723148885,-0.2704732166655743,-0.04904214043894344,0.26157089138416983,-0.1469906323048975,-0.026152892792842233,0.06727298859336005,0.05977754099736521,0.040318274538327765,0.08153045021524809,0.12630215058129324,-0.010864319558486886,,-0.012261294056652801,0.09296911260343142,-0.02109380901183929,0.07552669031104323,-0.029345911159425715,0.05986676878937856,0.04034889643202972,0.04465864441993734
2022-11-04,0.01447708282480024,0.034748811532579235,-0.005839298189654944,-0.015075641631613767,0.03658102419258828,0.04596590911645214,-0.06160632255854286,-0.06718826753472697,-0.019113496840942826,-0.02499700868237421,-0.08858880097008157,-0.10629580539689357,-0.09789283204565631,0.1788958926454212,-0.06335485225035753,-0.027945581389547572,-0.035279999879792356,-0.017645691855293598,0.07022111545510178,-0.04094665754041821,0.010864319558486775,,-0.1334161946437388,0.024554033964690566,0.06562811478200102,0.00036429531562348475,-0.0740578695592785,0.03254894523501188,0.07159829266091648,0.024322421479333587
2022-11-11,0.02003721456302289,0.06030844207206446,0.00882427265728694,0.03641018953835025,0.06296073176007606,0.0018361761806179628,0.079221725333999,0.009688030695040067,-0.004091566501843806,0.034171452200458405,0.21901554469036494,0.10754131290203281,0.23661904252770302,0.07812355430224525,0.109907852960886,0.04869493321038356,-0.006264864236990728,-0.0249233260284972,0.02913536464123747,-0.0478123097063446,0.013658784779968928,,-0.0596058262874023,0.11322976397650841,0.03565436564447425,-0.01183133355266893,0.07495449162318328,0.01264756363136789,0.01892202282943294,-0.0006583387648084924
2022-11-18,0.021164873914846807,0.003066192930352646,0.0026281512872583035,0.002151808981532017,-0.014523165089031394,0.01597439897602637,0.0382520629676684,0.00214005782450715,0.018254233173323878,-0.0029397839086792994,-0.008619520235524732,0.010524052162070013,-0.09600121473320564,0.08050301595836289,-0.021310128585601038,0.01897837831716391,0.03499211073086841,-0.004064125091375285,0.006440196682487219,0.004188914992809456,0.01824343258141449,,-0.034626913990256504,-0.013707447390922542,-0.070745694727921,0.007269141557442839,-0.0025724367408133364,0.010325183644796064,0.003730781931147332,0.09453117493686569
2022-11-25,0.03583071370663656,0.018908913628648966,0.038964471760130404,0.04126336182389848,0.02526118639409251,0.03614916479240509,0.11893937492860501,0.021938247950296957,0.015214671001744477,0.025035570051372823,-0.005728189738347505,0.0003079766327030809,-0.03285320972286906,-0.04578342411048852,0.02566087969601696,0.02025450892963692,0.02620235749399629,0.012143157070441285,0.020124253568323355,-0.012149762946715006,0.011352997870415047,,0.0383363799629877,-0.014534182292053468,0.033274756617696515,0.0059448449498024775,0.008430375449673035,0.019863188373553744,0.055949481453369,-0.0034521549366643193
2022-12-02,0.03877974932711829,0.06432861242687386,0.013730980829811067,0.027004380859391112,0.03524272196463191,0.006460638229422779,0.07357162413307966,0.01272918029624279,0.014763566408398016,0.03320222386490053,0.10294305918324878,0.03011845604907562,0.030950216063126795,0.1276945431838978,0.029971766056044142,0.05975629123478311,0.04125556008768421,0.06259492857067228,0.0029663752839248973,0.032380298717539585,-0.006606931367450404,,0.058013378510319805,-0.005745313827028586,0.07864309526283306,-0.00021921614933246889,0.05750148555005146,0.024590561562222807,-0.016325484194377786,-0.0012036959372289748
2022-12-09,-0.03298503275819975,-0.012337582535982465,-0.07560877056869736,-0.0926031079179912,-0.026506720329063885,-0.03920533421918269,-0.033203779467827724,-0.021130227985951787,-0.014045867989775739,-0.018982427660850662,-0.06343241230191612,-0.07879075480018563,-0.10536053584140993,0.0357492638551492,-0.03837113675408097,-0.02141694524037891,-0.021259614182124745,-0.01950487492719178,-0.04435665089414508,-0.029094585912420604,-0.016229436464480437,,-0.06358278769142113,0.022910922576755637,-0.0535071456640578,-0.004986560078620162,-0.05022866236830366,-0.01530797978575723,-0.053969716363625436,0.0016545458633883006
2022-12-16,-0.03472479666251856,0.00033549957253265107,-0.045128022967054766,-0.03079927022754635,-0.007446390881339473,0.007369795978867571,-0.04440382922617185,-0.05028113428068537,-0.015188718655548248,-0.006195911919932686,0.03000264742798944,-0.028075358125212377,-0.10948418113168153,-0.01011986235311608,-0.0029785662165404295,-0.017888323554421697,-0.0170444713861222,-0.0032163232165184664,-0.04241718880605441,-0.06694084231832283,-0.024355857178437506,,-0.012819379028956059,-0.031914277444074185,-0.047195646391961665,-0.022001756205185956,-0.04293966781659536,0.012914500196379191,-0.012014004780214955,-0.00830004422348969
2022-12-23,0.007019807123826124,0.012333402322215662,0.004527901421393435,0.007412580616319127,0.010001228761630027,0.004751576498353268,-0.018646993931438156,0.008282866445863903,0.010590217012922662,0.016908039204059918,-0.011706804786314794,-0.011476952635218774,0.012903364417416428,-0.0012410365301067086,-0.024659087741584224,0.026626860758127688,0.01521767766005627,0.013552202252450015,0.022549021374111636,0.009004557614233206,0.03679022580377208,,-0.009272714995523547,0.009003354867318498,0.03650036727523058,0.005433845986981274,-0.03461856249802796,-0.0036395696994373276,-0.011855297311444444,-0.006909208300324526
2022-12-30,-0.010772734218954777,-0.005481227305536994,-0.0028438025790758327,-0.0101492139328616,0.0035660190276472557,0.0026628216518012286,-0.02608888409787909,-0.019714614424254387,-0.0088171205889568,-0.0032959338069248633,0.01929743562836306,-0.01127043974148613,0.042219606367803184,0.05084610667577555,0.004555476159952332,-0.004731757064047098,-0.015388737351631258,-0.011528006241881368,-0.018944575869463035,0.07435685152951023,-0.009551209394146968,,0.04217133447527065,0.0022381374376786666,0.007142880821977522,-0.015214023635670836,-0.017765714896557674,-0.006381853205093871,-0.018930437584041036,-0.004935982637632825
2023-01-06,0.0040883098773040905,0.017337194048948273,-0.07860907222965423,-0.019525620481744808,0.01037069435629411,0.008825332137749544,-0.06738770088374556,0.022281423081739953,0.002432375796525057,-0.003306899649833222,0.07736744959544226,-0.010138689368180418,0.02972155555480593,0.12604248549548855,-0.06409942748037485,0.022277760339287914,0.017602926297071574,0.01605924885993392,0.020094574024700194,0.02601118251655858,0.0,,0.005936466636914891,-0.016422842959726142,-0.02522653910195948,0.022289962106195917,0.010446256830521842,0.017107479997017887,-0.010972355308129839,0.015192468639113818
2023-01-13,0.023694234922421085,-0.0027867393857193314,0.04905040290245797,0.04046814763473857,0.057927112821207945,-0.003422803893875082,0.12472761169548345,-0.015844501000105617,-0.03289279670857884,-0.03156542337572441,0.052146535939750105,0.05328374937560713,0.06100733860885539,0.04689864186498826,0.06163603979905762,-0.017447792279131194,-0.057924951921397426,-0.01803007788783119,0.019957945935662073,-0.009959590355857376,0.0028749629268086246,,0.0026694532100133652,0.004017931962114909,-0.203716742752002,-0.0021546794197054376,0.0837697889313158,-0.0005372541868829717,-0.015234239828521753,0.010453757099852171
2023-01-20,0.014898761966969253,-0.018555757346517824,-0.018480885134466038,-0.012301538398375696,-0.010024179047751578,-0.020586651545836183,-0.09814596047200433,-0.02784274227918341,-0.031064154269610806,-0.02222133144866732,0.017297386053448143,0.0620793195487064,0.019202164610100058,0.05336218026559046,0.0041298585434349725,0.0011793552754614854,0.010620555503475003,-0.015018075089747309,0.004606072774856748,0.03355281917722284,0.027373066357452243,,0.014743652331814693,0.019089729633118807,-0.07669260610111898,-0.0011538007816112067,0.01988532349399089,-0.02795585654380039,0.030929720509421672,0.007806983678531053
2023-01-27,-0.0768170203513314,-0.01941810444428796,0.03518499969723255,0.008866263494462503,-0.040632038843505226,0.027517894943513664,-0.008546616033959321,-0.0002879748141168912,-0.0015317414301746302,0.006801038667824882,0.08503632899192055,0.013678954831190228,0.08809521610955441,0.041377321234544816,0.0325186336611693,0.018873929077914783,-0.03300474266870735,-0.017961818046223887,-0.036503693760670856,0.0026362326000748163,0.01019009441221473,,0.06966190233681042,0.012861051461015845,-0.0024183209047600263,0.01434313620328122,0.03698154779917059,0.011776006181727798,0.020279271198208867,0.0017925844102212136
2023-02-03,0.016585312544681565,0.009164935347165988,0.00883367658979204,0.0,0.043028046216847304,-0.009677946837208492,-0.0722221903771747,0.012884651812582559,-0.0029522127095772256,-0.010970725379580566,0.2064232066947781,0.05301257418493735,0.008215486939448985,-0.08536924833311169,0.04024141302770842,-0.011340141695407719,0.01006895673549752,0.06086432600243502,0.050377594910385654,0.04294347608186877,-0.00925936225629434,,-0.044738182028822585,0.009724624105863972,0.08134561600176195,-0.03067192264391359,0.04790516659049323,-0.00877960354429968,0.012451127309954206,0.009804216271798383
2023-02-10,-0.02281801761780656,-0.01944783048885682,-0.007523402385550778,-0.027760402676873533,-0.045529422583533256,0.009775248613027941,0.05284970510218502,0.0036919115738668577,0.0410112274629461,-0.003516335440224357,-0.06867493025170357,-0.10252261729479566,-0.03233541646169079,0.007021938119237877,0.0182188514632046,-0.0022444426885056957,-0.028886616590203407,0.007010167354433478,-0.031491464602412755,-0.04646002822112009,-0.06534508762972349,,0.01651729825923741,0.009876666251907988,-0.04333632663651101,-0.0068735876232252375,-0.06660061119636977,0.03329513941865625,-0.015581368120998232,-0.00044369703062476976
2023-02-17,0.0191560049741977,0.013177199094843137,-0.006591840064700614,0.009796389302927144,0.04791928895207794,0.013334792538933679,-0.023859055716121447,0.010993470279412748,0.0004539642962637147,0.008351533385099266,-0.007319089953057144,-0.0023291601958826185,-0.02760765264460537,-0.029023970784047625,-0.01684044949585719,-0.005289344694001469,0.0346701337011953,0.017417336806583836,-0.002810454394431255,-0.040895385888106414,0.008897704649439741,,0.012611442658707362,0.03914978387826562,0.009280800346692139,0.028438671262704062,0.021103056865604417,0.005543916998220248,0.009277361462104302,-0.001480137805578587
2023-02-24,0.005830076918400849,0.025181792605229215,-0.012020995789567612,-0.010104372271519849,0.0007160543818409683,-0.02872498647424815,-0.0296420679934408,0.00335880624530624,-0.0018168997695761748,-0.004668260053832001,-0.014507863657139922,-0.05691519188263104,-0.054549887340420475,-0.07933677527852744,-0.03485604192965668,-0.03233840544418502,0.013279790709441915,-0.018899948796135983,-0.040391674381538394,0.09572719829316878,-0.05773748288538613,,-0.028945702466583876,-0.05624857442697591,-0.0257324460642487,-0.02364874719353398,-0.09115671863141529,-0.03566481754239961,-0.18343019805673402,-0.03649916108804031
2023-03-03,0.0071143992501158425,0.02876021791796153,-0.003755562580750023,0.03090708192019046,0.02287555721908748,0.0076756798637002376,0.029009208834716197,-0.03526130860570565,-0.009363705341392664,-0.006706822400572739,0.08361613280100129,0.0494685108980438,0.08215753998502585,0.07764041762205189,0.024064160591442816,0.0062698372653532935,-0.016167106706312776,-0.013660899336583437,0.0038992349432091043,-0.02234053530849154,-0.006276216664809044,,0.06551009003863341,0.0016233482067539028,0.06646212593413768,0.025992487905420733,0.022279515788834053,0.02214512833588593,0.02421106463078625,-0.015792098954495598
2023-03-10,-0.03308289720355025,-0.029755397243845325,-0.05170589626761596,-0.08271157540807532,-0.016692506994892334,-0.01820214429160929,-0.13259729831192793,-0.006679049684734835,-0.006489370735961231,-0.0038769341033058763,-0.03147526664160506,-0.03277920125783304,-0.029539972499347485,-0.10201773139067837,-0.026595138491931455,-0.008605504385833228,-0.010836835015401652,0.0017177324578823137,-0.02562224997144409,-0.12275048700516533,-0.008429969512229154,,-0.05386725567362809,0.008077087959986967,0.04973988315523844,-0.026512386506442366,0.026603221267543983,-0.040044681081288024,-0.015208795255087558,-0.056993113228311965
2023-03-17,0.01406316885251117,-0.005825147572516019,-0.005202226067918718,0.002272960131622697,0.006145157048056244,0.02776315105139386,0.009233215724323672,0.015611610196125095,0.017859764996431864,0.021228415988360203,0.08589207778703846,0.11445504538469077,0.034223839804839895,0.008891142744368584,0.11694672064556394,-0.03686864788270901,-0.05013311460681192,-0.028066666462511387,0.009734837491007325,-0.0133590933988851,0.015748470334866406,,0.05026180772428295,0.07335619871062604,0.04335045062862568,0.019538312365021297,0.03680051804364729,0.018057177874119024,0.038422325327088655,0.006422247413770428
2023-03-24,0.04154314836949347,0.037190077935635335,0.03288171376387408,0.020705575506941666,0.053446938455728336,0.0105279764014171,0.07671347406534605,0.0002868345441673208,0.022359653535679008,0.014555479983118808,0.051801659743826646,0.03690175771819373,0.07730717590108108,0.10850008295141368,0.004071652540517766,-0.030196007894420618,0.004357157979153447,-0.009201650593727238,0.013549548449685261,0.010236442271258913,0.0,,0.01570001493548177,0.032251697347142665,-0.05395494338959031,0.015338218295251891,0.009532774166303168,0.00769602089643547,0.002700287359803529,0.03139939122411769
2023-03-31,0.01126759936951141,0.07062125529806931,0.035782547897389355,0.020751917792615114,0.0115480197307386,0.037156512290769356,0.027046333866834797,0.01737311133923842,0.017765532972028007,0.018384910954550394,0.028378620930769292,-0.016350615636749114,-0.0307446590562433,0.02150181581066918,0.027178008643942486,0.06917652056005615,-0.0036948753256777498,0.014674570333288561,0.031108422248669762,0.018260744037358986,0.009331194446790345,,0.009940274556211002,-0.006143477551490932,0.1146984756045623,0.030060033634795424,0.050446627556488766,0.03270650013925437,0.05726681907627142,0.07465800294332942
2023-04-07,0.022808963246362102,-0.005861712887985914,-0.005549231011139976,-0.025369474340224366,0.0017647898921304085,-0.027213783223417578,-0.06938488005328748,0.010152258734904437,0.011236410493413203,0.012973784590158926,0.019438012275544325,0.04422115272991143,-0.05973292247246537,0.008148445659929698,0.011381563502560237,0.018137823161450642,0.004545513217079993,-0.0042671245012428265,-0.004631297710947371,-0.010050467070028518,0.031490667290688286,,-0.002517861572875598,-0.01751947866962425,-0.026976653563600187,0.011662685201027196,-0.013602609911766936,0.00015136022582186993,0.0021503310384260945,-0.01697362168838931
2023-04-14,0.0016709654344582005,-0.027197986281335275,0.01585499476083768,0.0019130847981580173,0.011396074380643356,0.0,0.002418927438536236,-0.015267361837066394,-0.0046210635954990874,0.003336069958902869,0.02463631331201016,0.004141936765151961,0.012235367769209514,-0.07169190081751586,-0.018901484733511192,0.004533954507381467,-0.002554295358291851,0.013413715840441955,0.03895353113063635,0.08170653988124768,0.021761616886936445,,0.033629803593023186,0.015276017289327122,-0.003913895668890834,0.021299241865143197,0.03101738357703057,0.020826110472505426,-0.0006050692282883487,0.022321320533281567
2023-04-21,0.017352740019820245,0.014760382041526661,-0.007874000710720539,0.01877787161709815,0.026450238936913048,0.009656390784946768,0.041245259962745695,0.005964815402268838,0.0103005384390861,0.015736200011338613,-0.039602102124270726,-0.03229699259154292,-0.06572406959130672,-0.03956961066917339,-0.0013292675520032494,-0.0173390245750158,0.02995320977933586,0.02456832622691081,-0.002971889538881037,0.041247416744544026,0.011673273887010517,,0.015480420306366767,0.030414332346557816,0.0809473324434863,0.010601896114472105,0.034879074113143685,0.025256936966976288,0.00042342183741191195,0.029343073806898753
2023-04-28,-0.01826878268935699,-0.008429807242553324,0.013292258401810213,0.017356550247974358,-0.01971755123503095,0.0537398996457843,0.05362554385614738,-0.07679096705110357,0.029127719059112586,0.001560000642555624,0.1211959284349774,0.018143746638559416,-0.13911282094836042,0.005878395266653475,0.0725421026226422,0.022252366621129317,0.02155323348899412,0.029043032383099347,0.02080160538611901,0.011839504684751066,0.02105334498952753,,-0.005616164887441224,0.02101932051668285,0.04594443152221052,0.01255487034847188,0.13861156435944663,0.016134609035248465,-0.04028370972508306,0.008879948069874221
2023-05-05,0.012109647042342997,0.010869073941716205,-0.022727751148805875,-0.006473311731688252,0.022895968937944166,0.06414780449085372,0.08702883974454272,0.016078003152687023,0.017551607329843084,-0.0020286659686284654,-0.031877507374741924,-0.01662702924246479,-0.056685836176455194,-0.01042368937459855,0.010972508222570303,-0.04511597203778983,-0.039922777839945356,-0.01741022508318469,-0.016347119839915384,-0.06692338998941491,0.0,,0.001768498997942625,0.025277767723154262,0.00516800624194763,0.0028699911063471287,-0.019244565194375944,-0.022225596698029246,-0.020236965648979973,0.02046513703690215
2023-05-12,-0.05214574488721996,-0.060075251844291924,0.019105561189940747,-0.00620472059131781,-0.015563637735647465,-0.002851124261695781,0.21933814602847462,-0.01699601623510435,0.009477588202653993,0.0014049446156032368,0.004414921205060892,0.10714916172298194,0.03814534618920808,-0.061778487576082876,-0.005422625791313905,-0.004615016803179832,-0.054551162326944395,-0.022088160467597786,-0.03332707990704662,-0.0717252303632608,0.011299546006363024,,0.00600554303021666,0.027694206135818338,-0.038533710527223035,-0.0015520364618802661,0.008552182397292768,0.007391285957108229,-0.01141129763235343,0.017998636982962866
2023-05-19,0.0033050099500312575,-0.02773577032635496,0.032570320007831464,-0.008908278319729073,-0.016028187701431915,0.0023485900447333848,0.014072832603971644,-0.026047806383378065,-0.022064752302149302,-0.02016777677347324,0.04935811145897286,0.04370773966972966,0.12825434068760716,0.03577427598055984,0.03205951000185263,-0.020498770926605316,-0.016449884708954633,-0.008134618959766035,0.014635007299808569,0.07933666728496244,0.014870150467847138,,0.0927230491209447,0.025962521365305635,-0.06835529898743524,-0.0019945174928074566,0.029189051164955692,-0.0016618708299336942,0.015741317519038643,0.005200499517738813
2023-05-26,-0.026866132736031556,-0.038278039817712994,-0.010295366388451034,-0.033847282874195736,-0.01473683836195784,-0.03530078667020699,-0.04053087180563051,-0.013283001898495798,-0.04401122529706336,-0.04176418894594509,0.06463034319160196,0.014957757651040772,0.056014588107006665,-0.02938220143758289,0.044691932549467864,-0.025540676597749612,-0.017032267156798127,-0.015349094893633944,0.003578467738545185,-0.04562843207050845,-0.01487015046784699,,0.01121536387204657,-0.03408860302797009,0.024552718268344466,-0.03270625320801876,-0.016853689184141773,-0.05816846028185141,-0.04126093450294905,-0.000546320565602136
2023-06-02,-0.017150927319970713,-0.04107726879909177,0.05244758341903836,0.03932696560515994,-0.02831646501285136,0.03194393955702672,0.08871691876888473,0.0012726482042267882,0.009572466510831977,0.014825087957247407,0.039544731852861024,0.00048143585899095904,0.012566633917605131,0.03688689495841142,0.007511969247194166,0.01029477697126808,-0.013278053687625144,0.016011155605201197,-0.00037621710894341314,0.03170504624618884,0.014870150467847138,,-0.010560615002110954,0.050706678582778233,0.08061656102308963,0.01873312411040724,-0.004253325946464448,0.0353302947939991,0.011144235971881277,0.04225217788798076
2023-06-09,-0.011639022592606548,0.005635916903386198,-0.015646081378049757,0.007818757509131302,-0.025393753900427005,-0.038212471461511306,0.007355098354293066,-0.004461406143001798,-0.009333839507028634,-0.01134608644697757,-0.028500745364996333,-0.019765807859342625,-0.03122201848085657,-0.003979768455196386,-0.026006153738023206,0.008786665135375316,0.010821060021333243,-0.0024294853655752397,-0.03931847545113587,0.01748529036952617,0.010096474244437263,,-0.02570574575979812,-0.023542001123663087,-0.05847545657471641,-0.01082031383858332,-0.010568482947220495,-0.008134972966622828,-0.01703132512370793,-0.016101577110814773
2023-06-16,0.025279426099335655,0.05381906232813195,0.018128423655215168,0.016340893507827053,0.039876935334569,0.020744058536584682,0.03702428953241322,0.027096713801584755,0.020033698748710995,0.027237142857412553,0.0588134065652647,0.01057946517344978,0.05682801261835725,0.07194412024447042,0.046457437450507816,0.024537104958531918,0.009182782205387992,-0.005004680009457551,-0.009829023931687728,0.010822017975097447,0.0018248605525325165,,0.03381699462221076,-0.01323857003703224,0.046354066016102535,0.023808574232778355,-0.003746179764354252,0.03779579645727425,0.11004411950425705,0.016756133687168773
2023-06-23,-0.02433396871614675,-0.01890283700177786,-0.014946586173079151,-0.005519900709533138,-0.03707518177448453,0.01122842419103494,0.038437515161847194,-0.031257399261478115,0.00016145292000090944,-0.007650406418340934,0.027137361819595262,-0.009680002499233332,0.01302338310698965,-0.07641122008898758,-0.021585259591754887,0.028019009131987474,0.010004618062411152,-0.014858974994905414,-0.004553992384780175,0.012269910802686286,-0.021189279220211906,,0.022889563277885626,-0.05345282095808927,-0.05184359677866048,-0.012988260394195138,0.00527888467439914,-0.02173853935342414,-0.045022642680125534,-0.006979922688481089
2023-06-30,0.02444913972925917,-0.007027367515201474,0.01535304593183364,0.026401206708463628,0.03373480909363519,-0.028659224330269843,-0.006081076283890806,0.009375761033987606,-0.004578677749916667,-0.016142560550200084,-0.006079273627785278,-0.021815459383946526,0.09008739712980103,0.0011775567357132156,0.01634269484223118,0.013614041090595714,0.0015071440054192694,0.04238691703297497,-0.008970438438116226,0.04471692316105076,0.05788238149377545,,0.03675025083898014,0.051187144659526354,0.02715100703327549,0.02889778656208258,0.045586297104177026,0.021522121977145776,0.06171956736721697,0.02839236456311837
2023-07-07,-0.024330834457590083,-0.021743927948301843,0.029464527862038663,-0.008874190115741714,-0.020946656028763912,-0.027713356478508505,-0.02154557729813916,0.015548472661213118,-0.011621065246388795,-0.007667983965789029,0.012294018386916314,-0.0018395939211405302,-0.013605638815206152,0.009136855126518382,-0.009797013727385053,0.0008189488092394076,-0.004528116093605373,0.014899428149973814,0.0054917589002092555,-0.0029196668012926165,-0.02221322361173423,,-0.02734801838576427,-0.007589087207162277,-0.058840443256605764,-0.021372302686663052,-0.029192452424926504,-0.03750451250972692,0.013821286511155155,-0.026933289818581195
2023-07-14,0.04740815177086408,0.04733050004475464,0.007780647821275502,0.020190371097892644,0.05520503253696135,0.025447608172958065,0.04748154641172624,-0.0031535580045690425,0.0276352202986295,0.018896531055129704,0.06121367384529067,0.04851901228442307,0.1185437260865243,0.040672653380252353,0.023504151061310413,0.01825633410253278,0.02100161778373199,-0.010713771192811132,0.0032324649240438883,0.008319438479601324,0.02221322361173424,,0.04646285736022396,0.035423938026952324,0.09220614754188118,0.009675878132821147,-0.010393368408138077,0.015687520734298695,0.11848526291260493,0.023961749587711918
2023-07-21,0.001069665246328029,0.006167593722163016,0.05346317987624795,0.01586427251795705,-0.01173493317590417,0.013690485068740876,-0.06565821864010665,0.028644538554086857,0.010307290902783125,0.024972865244204622,-0.04845674844656388,-0.044009724463974616,-0.031675097436258556,-0.05760633054314603,-0.004267076275494825,-0.020100291046067992,0.03156891768202379,0.0024150535334572345,-0.02058153383793942,0.02374245202022438,0.0,,-0.0002666574574919738,-0.008862696792662559,0.09389611334838113,0.002269111843643303,0.020646565226925796,0.014500142739301032,0.0020256144717646887,0.00490463654287648
2023-07-28,-0.003777055058388242,0.005280564275063346,0.011070444849476167,0.03155720792825664,-0.0053594871608951015,0.0008602676101777676,0.028194167598783362,0.04030623926866304,0.0007887251197003667,0.0006404942184389474,0.10083724267294426,0.09952797856014071,-0.17637377007185015,0.08629951105866095,-0.015832733065061427,0.02371162267211944,-0.0044071359371258036,-0.0024150535334573433,0.018158258222953846,-0.041293995764875316,-0.007054697272573609,,0.01087687683016393,0.09925890640281297,0.02943668042212506,-0.005359210790175091,-0.09297738757798453,-0.004371793263061824,0.039276702695131976,-0.009833227281639592
2023-08-04,-0.04033969454022489,-0.04109800141214571,-0.01657722924819257,-0.01221756195702828,-0.0406727380261706,-0.05369470623477229,-0.03357893423349965,-0.009478745707205334,-0.030463222840208155,-0.028738122482082722,-0.046376495232765644,-0.034297010286270656,0.006532892467112083,-0.05501048648849827,-0.03179740107485574,-0.037235657648738554,-0.04148477147472148,-0.033302883783199184,-0.007508886144773583,0.06290340523090986,-0.04803817218118956,,-0.06415170448129813,-0.029448726641943215,-0.04848493306543235,-0.02412985267660907,-0.011522266056307325,-0.01909447109559057,-0.013865439215865763,-0.045894764505969105
2023-08-11,0.01418877325084096,-0.0033691378877004382,0.0020205014073406084,0.004847976466393857,0.0016311213505398518,0.05421045934213346,0.2050151223296398,0.005934628887461739,-0.0030381143173622916,0.007548378608389927,-0.029689989087395275,0.011254767849807062,-0.06932517922283976,-0.03200077400852125,-0.020870332123170816,-0.0005199739327459905,-0.004306394527494785,-0.006155544429438503,-0.03904985998730651,0.010240582985805482,-0.0065207665440636066,,-0.014023856154314143,-0.04172168435986319,-0.03257614007055464,0.005558966306423366,-0.02358046573609415,-0.001117200948717674,-0.0030144151109185112,-0.006692732446172454
2023-08-18,-0.026257852216016554,-0.009817047131293416,-0.04044384295098353,-0.035324943432531584,-0.024750867859411718,-0.014194451380345686,-0.0015435215977747019,-0.0014802199134995907,-0.03235894759240128,-0.003602911814058809,-0.06290447166531539,-0.01634144911885687,-0.08855333747488431,-0.02499532482559553,-0.012097260486784889,-0.018896200643730186,-0.008357981240865009,-0.018929336701911846,0.017220099329761655,-0.02741011349213606,-0.021729720809227766,,-0.019736938297523744,-0.03802887100104463,-0.030254379258050555,-0.02412614029549797,0.001434117898561314,-0.03858892200079537,-0.039694728885038236,-0.06044462644994611
2023-08-25,0.007843257090838805,0.016191100004365026,0.009369676767741105,0.003383508502279144,-0.0021502827103627013,-0.0003487438157513995,0.040366512974761466,-0.014023924299313865,0.006935192971004207,-0.009230306460954954,0.007912108059670436,0.01880827910641051,0.007596313648386188,-0.008308918728157118,0.020330397714148813,0.007496063206040158,0.014810711671381541,0.017556398978166736,-0.007733316846782572,-0.013379453606812426,-0.0067083290615127375,,0.02840115869266693,0.013396393477360553,0.036855057056780174,0.0100294327746862,0.014804364764301898,0.004790347398114991,0.004976493192510696,-0.011715160198311
2023-09-01,-0.018635609641008657,-0.008507702960435964,-3.837564017841302e-05,-0.016906063822403374,-0.06726880530748594,-0.013873274045615499,0.06503975443396783,0.008080354135531521,-0.01610629380200484,-0.018045610740542412,0.03740034896333253,0.04354095859382881,0.12102099073698763,0.03614839268096563,0.017433406450284662,0.006395852151473855,0.008842641119809843,0.010025324852917,-0.004626674433795055,0.008534934352221319,0.02656709833018695,,0.0028949969882647456,0.04975189781176726,0.0179304125107913,-0.007511266060257696,0.03241375184241167,0.003902970717928561,0.027001494348147168,0.029177053908593535
2023-09-08,-0.014642085445589492,0.0007117226448304431,-0.001079706282282141,-0.037089121594211724,-0.04794641472766943,-0.0031881059255243352,0.03744281685895734,-0.0056794231847051265,0.0054042889997653765,-0.016661346555442984,0.005081880698948058,0.005293217081339929,-0.10599921247855695,-0.04750096817489542,0.016925318346993904,-0.021231460493038996,-0.011910352153792268,-0.0006804280544069995,-0.01614995840120324,-0.056611030766914094,0.011173291556056337,,0.006605803509886138,-0.03071304524576336,-0.047982728864875555,-0.006141017297101245,0.003342139518551529,-0.02428204345049738,-0.009685271337479246,-0.03242273810740014
2023-09-15,-0.015299836419248123,0.011495337313204155,0.004388663266951768,-0.009059822234888054,-0.021978919509342932,-0.004088523083409983,-0.020543894291999588,-0.0018001419565703885,0.020050505972260702,0.0011940307598051812,0.008090956981377231,0.007451364672812439,-0.024799167754792385,0.002478883106686954,-0.012189926706384933,0.022380599207320346,0.026676399922659196,0.009586895945013121,0.02287257602699813,0.032193515923871645,-0.01680715014242066,,0.000980113392377798,-0.08789099013596813,0.025105936493528214,-0.003551834439242754,-0.01690211389458083,0.01147266686145906,0.005918190306638111,0.013357973250861575
2023-09-22,-0.021177843807082604,-0.007589820823971642,-0.01669401416407199,-0.051846839260498434,-0.03432717296305699,-0.029280944837197155,-0.16466826977702517,-0.005420013813498345,-0.02574003683640907,-0.005885701019103724,-0.004104303512365531,-0.053440829644170074,-0.05267327103797981,-0.015217970102807668,-0.04082588414755254,-0.009018622540752919,-0.003896301880071055,-0.027954529086131316,0.002300705483575798,-0.019736213695768324,-0.02382195165791469,,-0.03322374232681276,-0.06601798058957921,0.024490957718184495,-0.021837522737489946,-0.01949332861702103,-0.023638344929269122,-0.018524272154187522,-0.003238579746207661
2023-09-29,-0.0420064384226416,-0.020405257256197584,-0.0185278721217658,-0.047724757965450525,-0.058161245796259135,-0.029219528768491546,0.02394404343289647,-0.041118134620319206,-0.033828760736185536,-0.028528021767251145,0.0037712870269201713,0.004672535153947902,0.02500133336726064,-0.028300240931562214,-0.003982677913699021,-0.011098395537374569,-0.036175740257299194,-0.006636466703044044,-0.013883431158554563,-0.02099933292578411,-0.0019304543036704834,,0.015432914844142172,0.014557931684301067,0.037979287714068964,-0.03278493823211595,-0.023602477420833667,-0.00048000085385270025,-0.006735572391891881,-0.0178522139570742
2023-10-06,0.016619237668025463,-0.04626175299429668,-0.060353452865821895,-0.014491619981151971,0.014341540690122513,-0.057925236671259345,-0.1074995880372659,-0.048679451209819785,-0.05551410401986286,-0.052064641366648026,0.04945441246012202,0.05007750347139416,-0.031929706001091775,0.016414964662781997,0.035804285751168195,-0.004438361131212652,-0.029399679728848004,0.00047563206108143356,0.002655688547519957,-0.012638779676029001,0.011527495279275166,,0.0036971550596917872,0.016210379137882588,-0.06744129284905025,-0.05951017945415038,-0.005232497486961319,-0.04485205843572881,-0.10345851412485257,-0.05618775830811202
2023-10-13,-0.011137762904205593,0.017088107052015352,-0.021013024313272923,-0.0612845378991223,-0.02219643362820281,-0.046072226974583116,0.060185605282863104,-0.06740247291564407,-0.0018108495048386423,-0.00471539298337432,-0.0023487372477478084,-0.001600439488141147,0.005777045474596976,-0.007917353001390067,0.0014351843829291707,0.0009760650549750143,-0.023889570397240656,0.013926812723338108,-0.01821775281062062,-0.07370319578713469,-0.02416739561422681,,0.013533709998346917,-0.025817202363182263,-0.008340363891643488,0.0003624265058212343,-0.02263848895533035,-0.021833929249013492,0.015253540127237643,-0.004934419565572983
2023-10-20,0.013047903250702446,-0.021453629469929302,-0.005626760814841375,0.03364595569466423,0.0617479961623899,0.046272293437619384,-0.010132406865256403,0.019027954699082868,0.0,0.03126986162506372,-0.019379998783002055,-0.012895549697977514,0.0839343718757284,-0.06844360384005084,-0.003239595371409499,0.003246316956891527,0.0013422945957219257,0.0011713399469453027,0.007631063169470241,0.009866001728020931,-0.014785984546297037,,-0.01587838992159499,-0.019151849359835913,-0.06576757779714403,0.03870791669947124,0.027554299544832805,0.025927118021579765,0.002534284307883715,0.04386201318988515
2023-10-27,-0.026538400357616097,0.004933677378767421,-0.003347764110457786,-0.004893403734585201,-0.005145811582459031,-0.0016018829116611214,-0.013671606866775116,0.04170127129549062,-0.002377978948788849,0.012203249897281247,-0.03938548164270499,-0.10429607229965426,-0.014941515038151712,0.012822482663892298,0.009566169371267764,-0.05656118607426527,-0.02891869033982902,-0.08320860552458917,-0.033572028336582904,-0.07522337027704376,0.01576386085912732,,-0.04473317179011437,-0.0985189399741578,0.014209816731794056,-0.009146388023885035,0.030302103567635935,-0.004260695211297266,-0.020602637738224037,0.006090143666721704
2023-11-03,0.07558859512589604,0.10893156098758713,0.054995970725921106,0.07875618394249805,0.06303264515004253,0.10744250926719555,0.08816304712908875,0.04099611906181555,0.04393972401925441,0.026792009568840626,0.05847958540945771,0.05517387540436333,0.14209675988372422,0.059715275124377104,0.06738443978762505,0.04526157620423787,0.07062553508709334,0.034266174447654084,0.1282107936319712,0.060624598834229056,0.054221580126127156,,0.03278270478983167,0.06181230064179368,0.05989812495699355,0.04626227683137415,0.07790868756325016,0.05616244993157639,0.06076981172733831,0.02872724726713666
2023-11-10,-0.12248503823381209,0.01181254382767608,-0.009812904476752177,-0.0434142618450238,-0.0513500182149757,-0.00505238522617329,-0.011814014563204297,-0.004831919539314082,0.0007788199296040359,-0.0003526965986693379,0.044056464432968304,0.02667420286853077,0.05445986526398587,-0.0023008547560522115,0.04670964681271944,-0.020086809505228592,-0.01915956894574554,-0.016111418998973694,0.011590347883566065,0.014598771442814526,0.05406717891532083,,0.06257489931470113,-0.002376877431128712,0.029462005134981352,-0.0002985489745421713,0.03848000894795671,-0.003091647988110008,0.04476395647044623,0.013769010831056553
2023-11-17,-0.000991865821319768,0.028445788585125135,-0.015538736378537699,0.02579548665330659,0.03342939452039754,-0.008903445117153524,-0.14036209801847171,0.024243829382202004,-0.0009587889903416004,0.009475517111148444,0.018891337990928028,0.020306764996472527,0.04912669376156111,0.04699686977124269,0.0025142987171532937,0.0247740820993828,0.030990278694145963,0.019792986567226313,0.0495337444406031,0.05811906563067304,0.011338949345925541,,0.04308069761334618,0.0174554747486588,0.03642525026522172,0.029291412577669203,0.019445878374359404,0.013485501046920886,-0.01622018107210135,0.03403752397938862
2023-11-24,0.01323858389850627,0.028610101099260717,0.011561306310909892,0.020971484143156957,0.0003016078588478716,0.006911581834943774,0.06937969667837382,0.027662931118173056,0.015529934526439738,0.022620413411006082,0.00947630376458048,0.010147284019918027,0.05162966265693918,0.01718968758156985,0.0202875483613488,0.025660452026701426,0.02727865687297606,0.01579814208548819,0.02151414579320621,0.01749058065460107,-0.004345919167771668,,0.012423370447955804,-0.021031014629837072,-0.0015563819669176335,0.024325715409442387,0.026223025315942422,0.006636190489160331,-0.005654754857579194,-0.024914242588566286
2023-12-01,0.0043277348612899185,0.004426879604846426,0.01490702931943158,0.00692585949311589,-0.04756699454984231,0.0009059345131650665,-0.02975112178316687,-0.01389123299870523,0.0035735020874404903,0.00912541508071563,-0.04045488872396006,-0.03597498034965142,0.12168028251413238,-0.01499425265282236,-0.007766403449898706,-0.003078717934075519,-0.009010408768802282,0.026883893994743828,0.04586658717315186,0.019317970059902,0.02154331738356643,,0.00967660336447619,-0.0035884857705197,-0.1402293668651924,0.018005764699700236,0.006359135069746119,-0.004505570461401279,0.07002210787984656,0.04551051186517259
2023-12-08,-0.011277323944128918,-0.005853999874294193,-0.03153142877719516,-0.08455752808324728,0.0008747657979557104,-0.023823795962864006,-0.021188471145588875,-0.001866851495520157,-0.01800435512352506,-0.000511747519774709,0.024120160226318837,0.023460205858966715,0.06502459814293457,-0.05303903429778493,-0.0007480680773561069,-0.029566330363560135,-0.095216521209262,-0.03099157872566854,0.04451984372942683,0.030565632499792963,0.005102006845078829,,-0.01609428649382108,0.0005989951680352839,-0.0743837395883403,-0.001505001011640527,0.004074356945094281,-0.023762535896583305,-0.005757113407517484,-0.009549650227482954
2023-12-15,0.0062499219835512885,-0.008125605980329203,0.008579330401406926,0.04003743953501175,0.03212217785514868,0.02146678160909642,-0.02426050976639817,-0.004369480366621962,0.007935717880018126,-0.00017061739042690906,0.0065004636918499946,-0.017863694347668792,0.11446407579556322,0.02936929651344903,-0.009396400315974258,0.033916255050675095,0.009225950511574179,0.010836768705408157,0.05102727346897195,0.010809599708029652,0.0,,0.030935463565448462,-0.03721082866151771,-0.005808289938536708,0.006075339846880435,0.012635240197560764,0.0339981804220942,0.01596552636330449,0.024723073847065343
2023-12-22,0.016867634648533948,0.03133869402320947,0.0059873429282139975,0.006952944414923786,0.004224835021464803,0.01656200200005244,0.007220260126567321,0.026544856555378776,0.004063367455036097,-0.004789706760852716,0.053680520022665865,0.06489203803035362,0.007653800295167225,-0.09438740398292007,0.010331293993507904,-0.002482925785422329,0.015518069600256392,-0.010498006738643212,0.028030567495189927,0.0377251644148604,0.031722208468280284,,0.01086461118892655,-0.017555280869446844,0.00580828993853671,0.015303327141984477,0.014371450322187942,0.010516797941159754,0.024177267361038778,0.05628524949947237
2023-12-29,0.0026123334068465305,0.0018588670241401098,0.01613776105362761,-0.010972964381399074,-0.007900880474501697,0.02816595808436334,0.08574491132996377,0.014815052458905393,0.012799453831885408,0.010405254169934408,0.0016113736919078565,-0.012803362029185226,-0.007062944811558793,0.03555438457117751,0.003890098811165388,0.012191372827010265,0.004791445114682299,-0.0004956939669297778,0.03322571068977692,0.03597360441886338,0.06520591201570919,,-0.006193887989599933,0.016311471653565664,-0.023438551141146128,0.016355326608085103,-0.0075752424172257915,0.005063859115797798,0.005814628876594758,0.00912935397249301
2024-01-05,-0.028904799100856374,-0.005742313766242135,0.02362759891717049,-0.03583584249080749,-0.09347041417605795,-0.0012158003042858718,0.049383886116648026,-0.034740966502619666,-0.005313161216337445,0.012479051437442108,-0.0056946768177684294,-0.02875822349947804,-0.022701158446773707,-0.01144392699936678,-0.022292190200614348,0.012884289672607659,0.03324129736166422,0.028108979963532784,-0.057797466980680785,-0.023449046219109197,-0.03925151469934769,,-0.01717043188651189,0.028222833220901678,-0.042387786704979315,-0.025688912844021916,-0.03296474401871376,-0.017915516260991953,-0.030041849229020184,-0.021999038089067415
2024-01-12,0.011382897733834257,0.01268176071337503,0.04258987335328973,0.012447227241611679,0.008054502957338016,0.025904155688595602,0.05220942091848213,-0.0018784893552296045,-0.009934469256732038,0.011994284150312168,0.06207604655144405,0.04972623183976271,-0.007277105100531732,-0.011576301713888458,0.054812409880828514,-0.0003148266227984323,-0.004634350206783454,-0.0036219960354291177,-0.03965428407935806,-0.02162458544162402,0.10911652437577662,,0.021695720897255705,0.13768170352827203,-0.014538094889679878,0.015383098572144054,0.02635778611003455,0.006136748522803692,0.027783131405847677,0.02608621078816339
2024-01-19,-0.03317176003242676,-0.03217008967891769,-0.01698425666834083,-0.021381564515654514,-0.04125916486751816,-0.032180337491870624,-0.14910949757967396,-0.0006271626899813533,-0.00894753268159716,-0.009316374154806215,0.023644016438657853,0.025811934546041925,-0.0006088419527928594,-0.047694078878916725,0.02591835296619786,-0.03145422294123763,-0.022141173848204312,-0.024734809492885496,-0.028929038737208396,-0.026990560052579247,-0.013733507304342427,,0.008744519254235621,-0.020988235574501544,-0.10815386634846645,0.02377243475311274,0.027224119233461515,0.02425236507956275,0.03692238297431505,-0.02021566628060138
2024-01-26,0.04297468291063228,-0.014708509313876591,-0.017678484003138387,0.03756382979120219,0.08944665905015929,-0.030902862120386794,0.008236738284760035,0.002818337323415549,0.012468759215970508,-0.007718169060614821,0.027496974421673995,0.038923916940504906,-0.010407199894939177,0.0373509336170219,0.013107359603829548,-0.01605099612626589,0.006087156930908563,-0.00322858737730276,-0.0029052225436690796,0.03332972986532469,-0.025056595362610505,,0.025962868419353788,0.003975624092419803,0.02304247262591814,-0.02790378676334629,-0.0035830372232400695,-0.02456221759819814,-0.018087739345369596,0.0
2024-02-02,0.03099399543261677,0.0003221159875158916,0.004359179194558516,0.0019386313291231499,-0.023502334602885082,-0.0016246985240617122,0.017585786181670126,-0.010372536240401476,0.01835774902644608,0.019515281772554505,0.18658761911777427,-0.06662993618589723,0.04805725020659622,-0.03508138334263355,0.017886940877834517,0.02328227947553997,0.012064648261623982,0.028447213855441852,0.010555067313812895,-0.03047535785981431,0.06430528629612975,,-0.0023326030514890335,0.036329450143041515,-0.016073754681327553,0.01625654271206303,0.06491991811054974,-0.002637319008880333,0.006990076071909307,0.03111850397748811
2024-02-09,-0.01766133604919459,0.037913191175468076,-0.029024445115535827,-0.004057534912160391,0.009288378168068384,0.005585121769492312,0.0902706826959606,-0.015924036003505955,-0.01949044657725516,-0.016320155538678077,-0.014590550083200269,0.04544664132974734,-0.4283045862329427,0.0489385914557846,0.02243494840335531,-0.04250840034853385,0.024026085305130538,-0.030688669824146957,-0.1277179193697333,-0.07479732400920282,0.02009076852055238,,-0.0751494856582451,-0.012801407286459844,0.11778302339205358,-0.025848775532926232,0.0609762094950956,0.011736803903402792,0.0071533798919745685,-0.02929904682743989
2024-02-16,0.002863243444494713,-0.03582231575709656,0.005304361249372556,0.02272025591092577,0.011269470578881217,-0.011564989539937691,0.09812432557259056,-0.005795281488498618,-0.008083966764204403,-0.0028584141382865308,0.011068439028938254,-0.058596506692852386,0.005386047161963978,-0.004055785619433535,-0.03815260099436663,0.005929551361601801,-0.008163296057260756,0.0017436746303328876,-0.0440582290333917,0.006560335656271671,-0.019391240634486728,,-0.009925792587056826,0.046358063415749357,0.06183423789288531,0.008770630441703415,-0.015246249285170876,0.032326690168632655,-0.00765105925579688,0.0022047762501072026
2024-02-23,0.03603453905185142,0.017992594789677355,0.013806797433861756,-0.006587972360396802,0.009392441318534884,0.004895313092105073,-0.0056048814257874105,-0.025508000125468597,0.019528871640886854,0.030021483829053713,0.023435636294055477,0.024185616181289792,-0.033685468120554715,0.001083152231679646,0.015422836094328863,0.021081279684929764,0.0,0.023368420665606,-0.007265419073815333,-0.011398596509014413,-0.024063386429300435,,-0.015572510759917042,-0.004409556437827027,-0.08472808523083725,0.019431958066743766,0.01841367194759113,0.03262580039994844,0.02758809791835864,-0.013827598962703481
2024-03-01,0.00020296501659765854,-0.05181669179645332,0.011141861156727413,0.04888116801209203,-0.006741989361703368,0.06137971107852089,0.21319562851173313,-0.030606003043022297,-0.02238291153823626,-0.027666910480025286,0.03705069332836188,-0.04853339191478036,0.04082197685961985,-0.046532974246632955,0.012496621400038994,-0.01907560105392562,-0.02388959156279768,-0.006585933779502212,-0.023776551289525417,0.15641561473280305,0.005714227751925216,,-0.004446652021062739,0.012873729383061049,-0.05406722127027582,-0.018185852262693723,0.015766455157797496,-0.006527896497572092,0.030835160916547845,0.02054142539197732
2024-03-08,-0.01033805156736076,0.0312501052586163,0.030296355636978044,-0.09988291011652299,-0.03593192666906439,0.006611864141797317,0.11453993888624697,-0.0047930372686850195,-0.00940045394916256,-0.00016791148231185243,0.007240370288396039,-0.012694889104396666,0.09652159470028698,-0.021783712006879653,-0.02258769201421287,0.03123383114968338,-0.0047122672666291025,0.024417524925058803,0.04937295221449361,0.030085798861249454,-0.019418018424209094,,-0.04496286155293653,0.004945624200624094,-0.06899291690001519,0.0062404736286786775,-0.0009897816120462736,0.015452706540681045,-0.0049761987753875695,0.025285758558944594
2024-03-15,-0.0030213344061631054,-0.020834118076107695,0.03788558239875723,-0.012946311377044432,0.0075929666593306435,0.02123293755299958,0.04412401885753972,-0.008962421900305764,0.009825723416619686,0.013996996144248422,-0.044146404432621744,0.041728335560137456,-0.10186923852614112,0.04615130608814931,0.024799518027671753,0.017010130170603283,0.022022809299527244,0.04666138766831485,0.004727062206446322,0.011640665286473274,0.0,,0.0012516197917645524,-0.014410223565422568,-0.02653947251399646,-0.046922031382793265,0.025824066767320655,-0.019682315252152808,-0.005210471000431788,-0.008695156164941771
2024-03-22,-0.013880995039229783,-0.02161349895822815,0.002239298310299746,-0.05392255282301882,-0.0291654721698767,-0.015840277130217538,-0.0047475535865495145,0.03135903530766609,0.04372788898663133,0.010135498714448176,0.05129538121475449,0.06572000760824527,0.018592837113617512,0.021082227933683636,0.029156132584632885,-0.02284124056405774,0.013991848350318484,0.001547429536328372,-0.00591265840281462,0.04764698944194558,0.005070650725053805,,0.05771418096773451,0.05121823893134698,-0.0024480376456886533,0.012425205883372406,0.04457653263843455,-0.004467691301394526,0.03824213094532592,0.010354419040983581
2024-03-29,0.014082686907885625,0.021284441495153298,0.013037108743242654,0.014046141188863421,0.007448715391341407,-0.003704352155910827,-0.10889984317280979,0.035797478809176386,0.017232356326392473,0.01134227887977378,-0.04824285575259196,0.0010605953134533877,0.006993029078342827,0.055848055401941696,-0.018883068610787448,0.008109538066957361,0.016862709969079022,0.014780872857699884,0.022090807412956992,0.012708504199827069,-0.018228759917803056,,-0.026384657695571627,-0.15280438152683232,0.021819084390046217,-0.002408856096364512,0.008544094560973523,0.017608125477223686,0.08056278191220469,0.0023941874058387913
2024-04-05,-0.029335553784648832,-0.013583108617346407,-0.02281493832116304,-0.012475662666788373,-0.053672108363781064,-0.05870755293803868,0.012226021505184958,0.0032553183116477507,-0.03411606028951251,-0.027675880566831186,0.0825015729306312,0.010348323632370373,-0.042711078218164715,0.00994272137417944,0.01134430962566598,-0.023634450618418,-0.029952334357864693,-0.046214448029221866,-0.06023089019496516,-0.06485719889153793,-0.06223554459678974,,0.017027005044803745,-0.0028849593141020763,0.021353159902788153,-0.05564290032209742,-0.00046454827454506486,-0.018562838252954635,-0.007433765807660503,-0.06365773303374606
2024-04-12,-0.05295629353645942,-0.021749179324354113,-0.012844056208568693,-0.030875851916278233,-0.02310336059417203,-0.01604945108229886,-0.05158177633360332,-0.018036223193621893,-0.006167883042935188,-0.020885462473501475,-0.029716337292609828,0.03372024161057857,-0.013730157653402481,-0.01843367204020168,-0.008543448492281938,-0.007065639430956486,-0.03366856666596203,-0.01451065275760381,0.013061199667536657,-0.01837609533449884,-0.02859612506127794,,-0.025276992197123125,-0.05305525614404101,0.009345853047052682,0.002621481594803461,0.01780020458584605,0.012413471268297005,0.004269078047401218,-0.04499469225011764
2024-04-19,0.027148331086516663,0.0011925035999933934,-0.005889858297279791,-0.007513337779031413,0.030255649208160738,-0.03458502752939589,-0.14673559251104415,0.041483486662174066,0.03524323230720481,0.031914934301743525,-0.06211645797472748,-0.023347927297485936,0.02817082813544654,0.007209037616762722,-0.055506277444799065,0.053895430231124156,0.014912761721804429,0.02501939662987928,0.05821068263371049,0.0263558120453447,-0.03526399944915188,,-0.04634864296208603,-0.06524189194168506,0.029784478250836317,0.017056799554080137,-0.030376287751496568,0.005066827195304373,-0.04492640073529029,0.002102479334768368
2024-04-26,-0.015175598685371773,0.021390192777297652,-0.0025349189179108547,-0.019138475100991138,-0.00845808696461082,0.004318841486511998,0.060863955432901365,0.0681036521358544,0.008292596087515943,0.025758065111822007,-0.08178864700803631,0.10966686077263511,0.265255063446012,0.1299656040714307,0.017878804500806936,0.013242398170448283,0.0068610842273133105,0.030188382992596862,-0.012908476470546148,0.02002940935703128,0.02228734713296478,,0.02715285920375784,0.03623366722116508,0.04631479215621043,0.004036265539711472,0.10506875766345618,0.02333575755478616,0.05248882861080603,0.033051707974987875
2024-05-03,-0.008693275596745462,0.009655434651814409,-0.011360534995524698,-0.004372907535842736,-0.004912627620398928,0.03008441490001912,0.03768966800452263,0.0032569927167792057,0.0032410623634107384,0.006940564980430611,0.019369411917459667,-0.027773690677303307,0.1105019020493198,0.06010768905681048,0.000836550235215053,0.02473887203025945,0.01896425752137081,0.0048290742957102116,0.04972698999910082,0.14755258718514197,0.010556380697867756,,0.009712517421094318,0.019116440846634393,0.010718257195204858,-0.01019492795248392,-0.009961654821830401,-0.05383205607575853,0.030118787040703192,0.026864531656882212
2024-05-10,0.03923752456405041,0.0726594332597395,0.022663891479360626,0.024733464489684446,0.05493091585771704,0.008328838447275137,0.0862102559802302,0.005894518381601764,0.02045353577373799,0.017380681139886542,0.05224443378551772,0.008395418772998731,-0.014879367470943662,0.008870187203802888,0.019674242046125348,0.022938250780853722,0.028441170832678983,0.029610386963766038,0.011731094077659134,0.04041863419195211,0.019200574280485622,,0.0,0.004722551295139772,0.010604492760964595,0.017164601133594304,0.026226685545502917,0.024122472261871798,0.008364287562080835,-0.034752429584513626
2024-05-17,-0.0037849957289672843,0.048782821146632384,-0.025205370151975194,-0.013321260595350411,0.0065046109057984415,-0.024643000745272918,0.11626569014406495,-0.008262209770353874,0.013260733452193875,-0.00364241499536168,-0.00904965352209148,0.04299933486662006,0.0024952607360525614,0.079835894947641,0.014904866510745119,0.0017043681281213642,0.029555497288102632,0.025941239789790405,0.0009252010122695593,-0.004116553646125483,0.07772384141671075,,0.01334618371070143,0.03244786432060187,-0.034338105951649954,-0.00957295584820258,-0.007996726791722624,0.02893337854143881,-0.010895023131443459,-0.03303564512948084
2024-05-24,-0.04004702488628715,-0.03593935130540804,-0.027465303057370643,-0.05753482189193636,-0.05130956219774704,-0.026403552910127106,0.022640122071069645,0.012952815677838585,-0.023322647762880965,-0.016476281606577922,0.013282546998820388,-0.006095912958293981,-0.053098432062715924,-0.052654315681588924,0.02340281096484934,0.0010011064336192708,-0.031187065522883185,-0.01288665152952421,-0.16163818828434984,-0.03233816739079297,-0.035824768911228745,,0.04471059251011109,-0.02540564942188753,0.025863486666099427,-0.05381232969525686,-0.019419123997613575,-0.02381351511604925,-0.0214154272104115,-0.0481339809359093
2024-05-31,-0.012651841207701896,-0.030757155867887402,0.006897477234090765,0.0021830235718131993,-0.0280130030841319,-0.014911432895358923,-0.17367796438788632,0.0017533947613389811,-0.029014157608992636,0.01488843598380275,-0.02410570606599916,-0.014331560313427662,-0.013227693165209024,-0.040641456162094136,-0.035565605915742954,0.014405765852177992,0.013301000568228633,0.016569025274762877,0.04172584198284754,-0.00152260553232416,0.03141620682443992,,0.036580115947716416,0.07490136628911463,0.025211495542775488,0.003017566945048711,-0.007040136433248927,-0.00159943652040818,0.012703582581631985,0.015428774830647198
2024-06-07,0.007154722281050549,-0.01356875121585121,0.002793501415977309,-0.03893087788083903,-0.007380152780094026,0.014721621028608238,-0.08858126611424982,0.01103384747033266,-0.002961754215387037,0.015452821762396663,0.05446281567661346,0.011298201595735703,0.037247016044303895,0.016624441454851552,0.020787874580095192,0.021758290215798767,-0.001289891206727916,0.009682778831786355,-0.018094194662268828,-0.035047873597292126,0.023290629705162037,,0.02712929641874733,0.030459171917718783,0.03265593118967695,-0.003934417494312977,0.012542767974975328,0.018313534859682973,0.00972482122141998,0.002912123989798883
2024-06-14,-0.033556706848137836,-0.04486821293075307,0.010189787668541322,-0.00525402748609115,-0.04687283066308048,-0.0925998678962932,-0.19951772131115603,-0.017184286847773112,-0.04319019214754871,-0.01378015698639875,0.023458033297732706,0.01441420402524998,0.0,0.017184003332385327,0.04321902339516723,-0.013702294055693962,-0.011684727944546761,-0.030654674166023094,-0.014111869621826766,-0.0275630620474884,-0.03738059855868074,,-0.03589794751942125,-0.07540426283153077,-0.09913269060214044,-0.010318155980373014,0.031890312840360625,-0.022981292897720256,0.01804913186918803,0.0017433684643718061
2024-06-21,-0.009546114957450693,-0.00725436486063714,0.03868934316343835,-0.0013753250987325958,-0.013857076595519147,0.021829560916988205,0.04116884023943872,0.009938630994760665,0.0209617718578105,0.00351096392856753,-0.018780563524396054,0.015936668925233842,-0.005144700911737434,0.012183871797406855,0.016159881671064344,-0.00963264946851396,0.03433677905533008,0.03153700658479252,0.02907358414355641,0.04700758418773158,-0.009756148784022029,,-0.004666163171289075,0.02908472320583556,-0.05702799025503035,0.022653514433421004,-0.018889145407445768,-0.018445327526899095,0.0008053436024541502,0.013375977022636746
2024-06-28,-0.03307638129043516,-0.015528003199771009,-0.023888081582943112,-0.009448133248902407,-0.030883437424922867,0.01736716919033511,-0.09021752555593904,-0.022597599296145403,-0.014147981736746293,0.013922060577715457,0.018899629039391717,0.013931169525978055,0.06851996842573646,-0.028311624726752575,-0.006311630382710683,0.014012563891922169,-0.0008269777896060423,-0.00416248027555168,0.00791659035642527,-0.004353102865992675,0.0030119753426519763,,-0.017405021110666618,0.03680068404888781,0.013986227983039808,-0.01769693639288647,-0.024592152540378182,-0.01372089815405038,-0.010595731422381066,0.016188355835795656
2024-07-05,0.027844754606727327,0.027310535206388126,0.007203506824918396,-0.01869639694941352,0.04226756851444558,-0.004012056764023786,0.00227453630654023,-0.022404843379379424,-0.0032794710872508927,0.0017267159053219697,0.06838967959015681,0.04534664189092389,-0.013943933181561287,0.022547890909281443,0.04508076262934396,0.007766171166736757,0.024274631421957092,0.012002238480793051,-0.003950278085568876,0.02977949600087558,0.035454203801431085,,-0.024412890086721612,0.024148292746702184,-0.028170962116189135,-0.014824403746730415,0.0015948723142071386,-0.025538466183251066,-0.04475729840491372,-0.010858827061237506
2024-07-12,0.015385405460502738,0.02870067083050084,0.00262043523161793,0.04113332070906356,0.003178464665726849,0.02147630387731875,0.028937607608335532,-0.00122565319320309,0.012032721739136318,-0.0009414811686336793,-0.07905689122417778,-0.029443020944133213,-0.012285096698029657,0.04065690031538696,-0.03042214899113157,0.03681859386039724,0.028617832032995193,0.03474717987920146,0.038250302208311306,0.08907626864644494,0.02295665207658347,,0.010554364250381821,0.06913108428925123,0.14389420540974476,0.011128963466104884,-0.08442150213513061,0.01681874421557718,-0.0045676482632883535,0.04659188742695432
2024-07-19,-0.02429571512446339,-0.01722056581086441,-0.05689586717424348,-0.01574475649497893,-0.024305092417371083,0.001179661125274573,-0.1722535530254434,0.010975819965770786,0.01775223175994923,0.02465446962582228,-0.04526933671791718,-0.04086252672121455,-0.11654775040064089,-0.07809554889302585,-0.03692055483243981,0.010982533174679157,0.017930831863347322,0.03540199176397477,0.03664445814825731,0.01045977219530433,-0.047939528026195145,,-0.019956526532081496,-0.03667602317892531,-0.14866747981665457,0.013224489958211672,-0.07430802068468069,-0.0339252045093835,-0.19558569483569255,-0.002608728212441765
2024-07-26,0.030203112333511528,0.015267537283673435,0.032191778221640585,0.051327677018712776,0.01895099780521937,0.0021592041171306737,-0.03196996321248226,0.02278293078887293,0.01981886739120681,0.026599758312197977,-0.023534493983840204,-0.061877782920852886,-0.07721105162386088,-0.023857085378827525,-0.027460730115346502,0.056618798302595925,0.05735930304880457,0.0196240481023632,0.06544735834000769,0.0533174709180092,0.007412890891055629,,0.0028564317779060243,-0.0272818272124402,-0.03406652293861039,-0.0207358723070047,-0.07181180615273917,0.008785054645390011,0.0323293466449284,-0.0676777862322946
2024-08-02,-0.07046103810969732,0.03206426765299294,-0.026139452874485648,-0.007896425726086056,-0.02042379861530745,0.011889831262536732,-0.11718453690840466,0.038661647160225944,0.030162872763229705,0.03343901341148103,0.04706067417328843,-0.002037934890217384,-0.35357187465742196,0.005472348300809648,-0.04025680632317764,0.038589395510287276,0.03603206765151729,0.01261116249751809,-0.04135927207336509,-0.03379391896524894,-0.12995051377260006,,-0.048034282029316665,-0.025079643341411228,-0.06916968613009954,0.093468673697013,0.05352835998688214,0.054186347395741984,0.027291995674751303,0.031565043446493926
2024-08-09,0.009114099214514563,-0.04369903631686441,-0.022648778816407634,-0.02091745162517904,-0.017094395157913788,-0.11377053977906071,-0.11474380540989092,-0.014648914531521248,-0.03224900452132911,-0.00941952429915408,0.05892871148323621,-0.018103670636093975,-0.033680475022208556,0.037279216747371474,-0.006065096937735392,-0.015481568304576206,-0.013534111552092,-0.012611162497518013,0.0017260070458343497,-0.01678903482772967,0.10678922371451952,,0.007903088957331002,0.04550942785162119,-0.03784231659745654,-0.032246499310866615,0.055137893325130506,0.01183975011687497,0.021674923509501988,0.00497612207529178
2024-08-16,0.03215501685791861,-0.00032970099833563345,0.021830053341168134,0.01583964944858274,0.01930274562546463,0.014655440813624075,0.053431144780966035,0.023732317262294664,0.001333332133041202,0.00725350616136329,0.01846591171744867,-0.004347289921764223,0.01969422013205204,0.01191620012339529,0.03200372602823583,0.01751660048586076,0.002777159353237839,0.017494456783363647,0.019731312848285432,0.06910215002313944,0.026111213610094244,,0.03474358782216132,0.0347773929745397,0.016393793756152505,0.038730804448549185,-0.057041901387952954,0.00444942848671557,0.010234779445310389,0.004245495095379324
2024-08-23,0.04863464851964587,0.017002178567790942,-0.002118661203956436,0.0033146299882927115,0.04141007542617371,-0.0019274050189865707,-0.01580756189161836,0.009561394595786084,0.01865241430535901,0.008778967519028107,0.001099513014792811,0.016191152257086304,0.021437130088028392,0.005181809484633177,-0.00402262033927327,0.017548112339890686,0.017047353535210818,0.021588904188130364,0.012879262774178132,-0.0010200377906933332,0.04605133334953492,,0.06111879494419449,0.033608555380443925,0.018792481306100055,0.03884217024092631,0.023357585908213307,-0.013777219533203393,-0.04061885265028868,-0.006375370523609765
2024-08-30,-0.013088445228804486,-0.004060749903540886,-0.018399745079933017,0.005719223548856887,0.006329079676119938,0.010236803596370705,-0.038937551055188244,0.024330738835681567,-0.01714738133624889,0.03768201630158894,-0.012751632915067626,-0.013617196289465878,-0.009589860429806165,0.002890230243525494,0.0008392915605460755,0.025798209157726668,0.023974195046066175,0.025046185877906416,0.0070226894050672145,0.011162138776904047,-0.04457962843728177,,0.014450623806133362,0.02793477708079251,0.0,-0.0029745631622040474,0.0431800885054795,0.0005398543974805896,-0.026374742049538283,-0.012585761123365326
2024-09-06,-0.03367469700108359,0.022530787671767312,0.03390013183293841,-0.005126490756206047,-0.04480227888548411,0.031742076397621166,-0.17389019758970575,0.006805601821017762,0.033056985602197976,-0.018522938246667623,-0.041196953277527634,-0.07932893852610365,-0.08022119717839127,-0.02737611222586482,-0.03771636175627535,0.020233550019341476,0.027305477168329557,-0.0014890164952242322,-0.0384843567237295,-0.0032849743702239005,-0.02230584720714196,,-0.03204600673218528,0.028068861193880513,-0.16439802013123425,0.00874226875192182,-0.0437387770285762,-0.00781253515065124,-0.013905697463569879,-0.026987508026401767
2024-09-13,0.04394609289398452,0.032255819361718396,0.014195417753468574,0.028822982113236282,0.022472776463129274,0.043834927485489665,0.05271592440385324,0.02014281335136628,0.00011279426457729835,0.010620574405260475,0.04752633744717061,0.043747699455910644,0.09930982548829904,0.013050117839484914,0.06945084959220094,-0.0015113657546965676,0.014399595100600201,-0.013689735378799412,0.0038206007421075247,-0.008648107123346712,0.004501165598092195,,-0.02869465975589291,0.035091346522260654,-0.2239275942633628,0.023958664699375232,0.04445173785303898,-0.001644845667035901,-0.010994994139182035,0.022660332394551935
2024-09-20,0.006939665802005491,-0.027651618105170174,-0.017896774985592594,-0.0019389873038808934,0.02617771014810022,0.0068620692125157985,-0.015555218899061257,-0.003996104962162998,-0.03546602011038022,0.0032153726779060744,0.06862382027798575,0.038191861442184005,0.0541777565959859,0.033922442670420154,0.010810068438949806,-0.03920796227694421,-0.045171341682796906,-0.030296521417388738,-0.003437759180277968,0.06987915081740881,0.0007482043535714771,,-0.022595286061277885,-0.005185870157491628,0.06085530849714486,0.0010109890970998697,0.019585992220786583,-0.029923206481570038,0.029135260168664433,0.02396976339407955
2024-09-27,0.05655278417819016,0.04430716885829043,0.04071712545440328,0.04160664229331133,0.0836887949251105,0.02470212029237833,-0.019483094797026295,0.005078705546385914,-0.006917072301187269,0.0020916785154087734,0.010649366026343107,0.0021980648034394465,0.07843403712129668,0.1423863703206632,-0.016796569451805216,0.0097473675411824,0.003685974256328651,0.013012760137408508,0.02120067744540171,0.008548977252899517,0.011896041886823068,,0.02829598877259218,0.019734771687748474,-0.15970114920504266,0.02284800424387296,0.0019202346939865397,0.07576961994488378,0.03464694831331319,0.014128473349195994
2024-10-04,-0.023212774725020303,0.006193914738236186,-0.0464572920131523,-0.02048137475542364,-0.07395972090066895,-0.029206182343803254,-0.07266651848295158,-0.027911279384526783,-0.012013265288115032,-0.022824330733169505,0.04914617005710234,0.018791544533129815,-0.006460538814165309,0.06334346997383279,-0.02834047104239021,-0.012681756356668529,-0.042984688895437974,-0.01878456577929263,-0.016810147352297848,-0.012851167882244855,-0.021154455879097714,,-0.00892570463274576,-0.03581133299940865,0.26800932530811383,0.0002304955218831035,-0.0040192197522619716,-0.024233401701637947,-0.008708684438115236,0.006711553260228573
2024-10-11,-0.020938809483454137,-0.023620286849443596,-0.023005559645911715,0.019446567858099496,-0.042740087759732426,0.007040917075449764,0.08093230765289823,-0.00027479525132388297,0.03991439262122549,-0.008587351802758082,-0.010102228024229422,-0.02313146266093865,0.03009802377884701,-0.06932205080294698,0.0006247752170755577,0.00836122830022568,-0.0031218784269712637,-0.005203070055001553,-0.020989965994575553,0.009297979238494264,0.0037835692436531876,,0.022166589260270864,-0.044331107259561256,-0.06851996379379909,0.004204927841176647,0.026608357752105842,-0.01884826171426998,0.010199239254223627,-0.013327064991187734
2024-10-18,0.0344434928243848,0.01818382261782137,0.0019063939242810726,0.013983349823157989,-0.0014445358142858389,0.052023838251317414,0.03151046215087099,0.015275812108481453,0.0014291130488443763,0.012427862643687339,-0.02311470715367082,0.0011020867897920037,-0.05922177498050086,-0.029713962166879705,0.004409977472104854,0.0009155626741373887,-0.019518552878907566,-0.004625508089047256,-0.004357199336509964,0.019737432959326364,0.017964543769087547,,0.0011599945508507362,0.0023100166862784757,0.007067160673785595,0.0370699649293619,0.012538250634585064,0.0018634896959908288,-0.001910171683177811,-0.003678529350520118
2024-10-25,-0.04504210935542996,-0.032941306797436704,-0.008900147822839145,-0.012328089237760171,-0.042826825115862804,-0.012660759637326772,-0.06688490464733314,-0.06601934112312027,-0.01885604013625279,-0.05126341696891632,-0.005601198460459875,0.01125687437708202,-0.0038204404304756135,-0.01815073840108225,0.02360942578029305,0.07721663689960896,-0.0008698706553458937,0.0020138290030474156,-0.009573157501689996,0.06026886396166699,-0.027831802485167915,,0.041133592010416484,-0.03426764642251936,0.024349088727441938,-0.07867230263070353,0.0008415255549244214,-0.009203042216111876,-0.03570033355314771,-0.00014168153875784742
2024-11-01,-0.07040350579677795,-0.07471007367289992,-0.02800124518107004,-0.1040519595004475,-0.06506669777020906,-0.020252413849327227,-0.005701640625496784,-0.05223752785842767,-0.03675797002476591,-0.02895666356200241,-0.010680602498503784,0.035777396496335136,0.181523787438139,-0.00836043824581465,-0.042414364164793286,0.006065077157984474,0.017256768452877658,0.08036746340068113,0.023567690335023095,0.05290201951083359,-0.003055743708333227,,0.01222489986890512,-0.047930950624007256,0.037103714392571666,0.008846308747254596,-0.01440334114465357,-0.005275366592824585,0.02863314968339661,-0.007970443173225877
2024-11-08,-0.030904980562228422,-0.03465780726026337,0.01111459932978085,-0.06688140232783883,-0.03065845447263107,0.034576916429451446,-0.08551082708904781,0.0018264419868329466,-0.0029027355969138643,-0.016908924260382395,0.03836209860352591,0.040390052243697766,-0.0423860924473218,-0.008054778729575902,0.02922493115067807,-0.034337109997085995,0.009083073673783306,0.003335919888091458,0.03821154134648158,0.07135870018739246,0.02269384889588484,,0.08269750397436859,0.04983932264749903,-0.04746649118677068,0.012656492042373459,0.0037478956621517525,0.03613828139473478,0.07659927209367932,-0.028848945718252843
2024-11-15,-0.019029073601211078,-0.018145453172090577,0.013266064469965245,0.0007356145605083941,-0.05197081525385459,-0.04032955433114876,-0.11890822867777881,-0.037810424599646134,-0.040100593627554554,-0.03470027846185631,-0.061694492251884676,-0.0334086365875319,-0.12488561804376605,-0.029004023044077048,-0.018005712056090032,0.018444200499152085,0.027864757948530845,0.034191360067636005,0.02548259428607742,0.15870042799834058,-0.009770846471471192,,-0.0015751510229609095,0.0858191323596504,-0.028170933733023984,-0.021434212755799972,-0.0030654026291629635,-0.026737187290162227,-0.06585459454496145,-0.006936745391089943
2024-11-22,0.01620177232748074,-0.027394071020677722,0.00901142569171002,0.013873959901251159,-0.024618188477509337,0.038850847669963336,0.13299538326083424,0.031097016499798295,0.02108493912393783,0.03470027846185625,0.009091051409629899,-0.04584957063934023,0.07451217380286398,-0.008750699074589795,0.0068074596153844535,0.010828506793680675,0.02684190830004259,0.014202223507869094,0.047346031236182716,0.033598881815131945,-0.005301043576739338,,0.057593075259679896,-0.0378918108323104,-0.07410799180360525,-0.008063249793288324,0.05604910610008739,0.012497673628617936,0.05187967787186025,0.023130808740775492
2024-11-29,-0.006097229058533766,-0.01713846652078047,0.00536823855047956,0.01701652224507424,0.030243772715939997,0.019599485724684153,-0.029780549112605238,-0.0003062452254042365,0.008910803268040597,0.010055978767409506,0.026786905350487875,0.02511291823820689,0.033580454831301974,0.007782071474826759,0.015372728185966772,0.0233425853863362,0.014870047266852223,0.01764703807124943,0.0005253792266998801,-0.012043563158049745,0.106498800769911,,0.0012217407148662617,0.06038397397714051,-0.0038535657754703747,0.019547490225641454,-0.007933302655826473,0.026769406069360426,0.049152501712081235,0.007353524831144057
2024-12-06,0.029958854758550115,-0.016681123548074994,-0.008125876421849735,0.05890680448711733,0.03108158859791253,-0.053271450493569385,-0.009890602792570518,0.0021417496787032525,-0.026763485434178502,-0.024485856979554015,0.08259475270310562,0.03352482148758512,0.05197038783989005,0.020904013838696476,0.04639662395555517,-0.01896708228153103,-0.0036967770556984125,-0.00730049289062073,-0.013394651443569256,0.036794596491895856,0.03685514442219228,,0.007035400439926826,-0.002998421927166411,0.06718947074132817,0.015980902487057868,0.06115994915635395,-0.004639342701152063,-0.035482111432651245,-0.008946587168086037
2024-12-13,0.06652337084376492,0.009780012028987928,0.002757637871370247,0.012753295118525663,0.03390156041567419,0.009330694553363123,0.12089421912531381,0.025050352306732835,0.0011401382210175627,0.009391202419556112,-0.005497802426814018,0.08409423298154522,-0.09522972635037047,-0.0009494257973845684,0.008306811598542995,-0.03064256272555827,-0.003976097199989999,-0.042772211196569834,0.0021269569589545817,-0.059340956183084416,-0.02599281482157758,,-0.022549589265971125,-0.03892906069601854,-0.09458841935902389,-0.007992212177718139,-0.012462738448031061,-0.004588182958109967,-0.010814129969544835,-0.010344631168334683
2024-12-20,-0.046559719601517974,-0.06215819154361166,-0.05149962534899702,-0.08583969176455998,-0.06187550977573549,-0.01990871853006353,-0.16294462744344462,-0.03580489529427375,-0.03334064192872887,-0.009071433002079092,-0.05743848796184179,0.008341324936685306,0.007925994708775974,0.038021823687336184,-0.0241449072671966,-0.01913623046115239,-0.01781167893332033,-0.019860854371773186,-0.033303421152548335,-0.021873494934141435,-0.007455118815621871,,-0.01910519145522478,-0.02987994343448856,0.007905172057463819,-0.013304717044007631,-0.04302415106756962,-0.0344554173161094,-0.06140556912377343,-0.013471369734345446
2024-12-27,0.01156901227301968,0.0031815743316036373,-0.021851066062047942,-0.061442623300934515,0.014958444995692122,0.015920505298801877,-0.020573052192110364,-0.0030940103920859656,0.0006542853727320142,-0.0015999343215686212,0.02457375721154881,0.007028256790010933,-0.036627574349035415,-0.019948982355232032,-0.014000541944340071,-0.011507219561394928,0.001929604848060316,-0.00823136396752278,-0.00532260801111681,0.011766820672840232,-0.0013614915407865534,,0.024213949187256237,0.002753521567876128,0.053652753420216845,0.003206552214545137,-0.01777462487434753,0.021451523718984622,0.008039309643941074,-0.018593286348737775
2025-01-03,-0.044709567446778425,-0.030641420116281248,-0.003553581156474198,-0.06849614425288696,-0.051063369671609536,-0.0030493610346325447,0.08474123656456625,-0.015613330934385519,-0.021419533466362075,-0.011272308536551453,0.008003918779044716,-0.005044899762089652,0.08541779428889566,-0.008054778729575902,-0.016817746294408326,0.004682314879085488,0.018554344782433813,0.014405065391863175,0.006054478212443881,0.014434069223504391,0.0006809774777773516,,0.012367593908460761,0.004390012268054938,-0.04580958329243974,0.003942866767588308,-0.01792873422657457,-0.013325247712694296,0.019500398368867425,-0.009196767831736195
2025-01-10,-0.026294283176881948,-0.056857370458194716,-0.19935467398700543,-0.06820505611314592,-0.013416837483613104,-0.051906249649907386,-0.07346711683778616,-0.03747218011567959,-0.047975389962828054,-0.01107323819327232,0.01840282758109731,0.0013026708188617754,0.040922239227589724,-0.1267568016055168,-0.010447595824807171,-0.04072979461451261,-0.029910211661388027,-0.04365658360385524,-0.08311129432625093,-0.09714014711285558,-0.018550879618172634,,-0.055218726795511326,-0.042694581242168884,-0.039845870688558334,-0.043223537617114755,-0.055091395025716396,-0.07943706877472556,-0.0851288623828527,-0.06455915893607392
2025-01-17,0.004725374194690351,0.03930405511505473,0.013656878016629445,0.012619328758424388,0.02801554912296986,-0.00645430861048771,0.017411046061502424,0.04000548684095249,0.038576210278151585,0.026500215811399153,-0.005029848056166545,0.020410892615699106,-0.1382394982133668,0.05199767830025738,0.023775215070251605,0.03719957907815778,0.01108030549849998,0.01927452291828939,0.030441053519898172,0.0442070798674705,0.026686512496803736,,0.04274390719298679,0.0075901590778252705,-0.037271458591439245,-0.004829033147364077,0.01789208321873521,0.016655727292891765,0.06033084563030928,-0.006592014869979124
2025-01-24,0.046546734613910325,0.0179626412403782,-0.006586637381005737,-0.010849010157822034,0.05163295091261306,-0.02333779256407496,-0.05510824744695619,-0.014975673869077843,0.005851294097525818,-0.012677721398729134,0.05511343701845799,0.021252316982598458,0.0027586855790165915,0.020263367863732513,0.03443274047030417,0.045734601277241126,0.04339720954831187,0.0036568637238945747,-0.006290574224010191,-0.0020862737474035193,0.06786691104011161,,-0.004947566673682264,0.03619889868474403,0.03727145859143936,0.01592524702535373,-0.014358497181701844,0.023188847509254835,0.015970861066686493,0.026111209268051234
2025-01-31,-0.03666225523600717,0.006323299417898635,-0.012641054931773527,-0.027194163727214875,-0.01604199296609702,0.008866958077476717,-0.0311355560554823,0.03004170704280372,0.010473422297929998,0.024881743528493094,0.062399376342710505,0.018851155522951343,0.036072406311449895,0.05167069046396579,-0.06753649206021922,0.022682410700851204,0.044623719137528314,0.0034523687094602036,0.04643046475812662,0.10372328028426396,0.031058337096242256,,0.00010775748620613077,0.036693178153615044,-0.0803815423602764,0.01128616471002373,0.028685108392683584,0.017313856732583593,0.03371575506220369,-0.00873640892680301
2025-02-07,-0.08231669241992219,0.022518057353240115,-0.06156766464195519,-0.0679980059170386,-0.09723504674178657,-0.0449277785817505,-0.10856820536830847,-0.033579183243864025,-0.04139182439947273,0.005655036389139019,0.03610845290234963,-0.09602610184350646,-0.0333213974793583,0.03593641677780426,-0.01287579131287329,0.10358488948245428,0.05210025660249541,0.008199068733342776,-0.0086973131483828,0.052712240719939026,0.07082601034561817,,0.11812442865065277,0.08664514029348544,-0.017778229065734136,0.01921147598745011,-0.018682398183266533,0.09537992730426582,0.0384823649816384,0.04138061411525598
2025-02-14,-0.02715511993800761,0.054548498225924974,-0.03651671286110753,0.010001752925217532,-0.005797119387913769,0.05595281717686721,-0.0031284805326065824,0.01946146430254305,-0.008264664005163888,0.07584077381262075,0.030529069567075285,-0.0005936384993796319,-0.006430862158415903,0.11291918482753419,-0.0032268778922904806,0.04104057983235321,-0.07300334899598399,0.011892561663755553,0.003979886732018406,0.03567086670264613,0.0500105488619417,,-4.7947527871891564e-05,0.012014554869529273,0.03956556287840174,0.047284321861827516,-0.003323109711466721,0.02985084635579736,0.021031145728073273,0.005907117133611392
2025-02-21,0.027426607534410067,0.01661572256030044,0.0769314678479317,0.028794918218287533,0.002902711534484111,0.07338254593402385,0.37854676397737547,0.0727980231688059,0.06813237172092831,0.03537664224536576,-0.07484017978838241,-0.03053213991319589,-0.04814523130763575,0.0808299625465536,0.0014644230645740452,0.02584946664172163,-0.025304589477920383,0.03249319930303557,0.007349456066893403,-0.02501212077807115,0.03619335444671038,,0.01374869766724034,0.07143151218010343,0.025533378864239318,-0.012195332186409022,-0.10267789369514656,0.010377502882249326,-0.03043803129601445,-0.03485326455596887
2025-02-28,-0.00047742271405272566,0.10250511624643659,-0.0026744513705981078,0.032226124410854665,0.041169750456807964,0.030657328991356873,-0.2388237325383518,-0.015393928381069014,-0.0001955345295699912,-0.0019640940907154417,-0.02271241801074346,-0.053621989686770816,-0.008742178252915178,-0.07953057654152824,-0.02787065132503552,0.005683322827554245,0.02813419675103807,0.014427518475469843,0.0065500416141950546,0.03458856749779253,-0.02917209134908446,,0.0015579723149348832,-0.07302511669971107,0.04518217853883207,0.011481995607226238,0.04665242825649788,0.049957855685732175,0.05744777350410216,0.046104025881189635
2025-03-07,0.036275767836356373,0.05241233111752113,0.05945084994817161,0.11555354173433713,0.03552291832305773,0.0076558551893138775,0.06407612908091645,-0.0053843238521905055,0.015103238624129633,0.00308449704006654,-0.06578040988512401,0.020806255187377463,-0.05309205963997023,0.10191354920990205,-0.009313058046348839,-0.028281462585528598,0.049364992908142405,0.034146295803210366,0.022501835531186714,-0.13731833406508362,-0.05191663246320703,,-0.03675556756149086,-0.054488203030400674,0.1661268865066976,0.046930743233240535,-0.07181591060012894,0.038637625740851785,-0.03672846895226681,0.06410758127066668
2025-03-14,-0.047085645975838857,-0.011483437004251468,-0.026771253196576278,-0.0596943468888048,-0.062303878151933924,0.00036311652162552676,-0.01138251576452901,0.0074703272591971695,-0.038614951414204325,-0.024942554120765,-0.028401082223177894,-0.0481885525664766,-0.11778302339205365,-0.0024949971887147497,-0.012150505499882103,0.006142294659619327,0.011184157035698751,0.019195144796563805,0.009439201935641075,-0.051740089400641655,-0.006255338398962703,,0.0011739081210672309,-0.005488686744265614,-0.038132916117176646,-0.06912855817969527,-0.003989647547910798,-0.047114863229755,-0.09956460254047587,-0.051770159039828956
2025-03-21,-0.005682627540264221,0.007033284320216501,-0.021798902094442567,-0.004032190556044432,-0.023122424196721905,0.039506938271730276,0.19558866042896167,-0.0011914180026142876,-0.02135828948544111,-0.007110290705330964,-0.018856585818534968,-0.009105334601894732,0.07683238412958734,-0.03483944634011782,0.006924857096684524,0.006151070906372971,-0.012897026528567022,-0.02248833756352554,-0.022657659888146185,-0.0080249881460389,0.036408410031123835,,0.04258606228772465,0.028382480349476342,-0.08092650355472382,0.018537752119669165,-0.03044066283714368,0.01090436741925823,0.08081238493400132,0.02329280452881201
2025-03-28,-0.0156297589697058,-0.011857138782304965,0.035002019089486754,-0.006660028248281392,-0.004395637591471141,0.009551157570605985,0.021628995780638042,0.01238322072728656,0.02592430857313944,0.02445461828383628,-0.03326841386773831,-0.06071232298484154,-0.04830791853718583,-0.010247146312730214,-0.03236394192948231,0.0240032213192709,0.010482960371431267,0.027354734755508765,0.03504670658627783,0.02009161995080694,-0.013289222920297456,,-0.014153182340418746,0.052116072994148006,0.04128170968494185,0.005387431302691797,0.02803924216071019,-0.006335836404135303,-0.03143833568238206,-0.03771752939136984
2025-04-04,-0.013470443239489134,-0.018217886561142874,-0.05527152172884221,-0.07227701736435921,-0.06365782008651716,-0.013572485409375563,0.05464574705066176,0.0020725517848732646,-0.017980784441587547,-0.00627235932266096,-0.13336796847678933,-0.05822993022688052,-0.09925497302055138,-0.08231272630484188,-0.05134898842482499,-0.029696644615196686,-0.01617542714037534,-0.036425004468498015,-0.03689651590223349,-0.0757309241878787,-0.11311518540294709,,-0.07849973199339783,-0.07005433596315136,-0.28768210166974423,-0.022991775023028755,-0.053922504408621966,-0.05225335216228603,-0.006529500700351372,-0.014676170497339191
2025-04-11,0.052096057463450994,0.025924986667518184,0.06550525286572656,0.06907605849878082,0.09260350659289446,0.018572080517688157,0.04806637025529856,0.0391524718297554,-0.014981169322419675,0.02122304382976624,0.07413484809729487,0.07627386531798368,-0.011243110475618635,-0.04279911792777876,0.07650506834439451,0.021477816823820033,0.042005253620840476,0.010291135370365245,-0.023984615927945572,0.024455594015885575,0.09364969021505469,,0.08607304443019576,0.09749146959895992,-0.029852934817110672,0.032100488171528344,0.05091253868404249,-0.019329171513807794,0.03963537405797278,-0.010911868744364856
2025-04-18,0.00045635867146930553,0.04854638304402405,0.005372500150615746,-0.015271947911682727,0.0033229313639971257,0.004461200234792003,-0.0013417212618038786,0.006802754979282967,-0.011069631697844003,0.02174162088614704,-0.08059484658109854,-0.038798156180131334,-0.0101010862558781,0.010398682428842178,-0.054679630708401955,0.058799834205031785,0.01906196190031468,0.02630581941311035,-0.005020323854103115,0.03360914737583083,0.03435982604764855,,0.00329534677804131,0.057922628794813115,0.04927100269392677,0.004507526733851797,-0.03247503206989439,-0.011723647740175912,0.00983954184860982,0.005233616035315473
2025-04-25,0.008993951484446048,-0.009491764613001677,-0.0068820761903266425,0.005018521052193062,0.03903842724243833,0.00444138628852292,-0.013517372008500665,-0.02865521141482088,-0.06852290175113053,-0.015044002570977492,0.08737871257099909,0.06901050712553687,0.08043308494087313,0.06636880098946739,0.06339424246503961,0.04217136397078338,-0.007581237742762727,0.001717878924392128,0.1135152411245143,0.02596217552094855,0.09601464059592503,,0.05757609802319137,-0.02483686451791819,0.100541245169609,0.017324201668402196,0.07226756811880851,0.027461009125050704,0.043681930498195076,-0.005074624286487265
2025-05-02,0.024213807421915035,0.015265124083134213,0.0142086039403328,0.015775811279339032,0.0027310454770156927,0.02324904409254069,-0.06406692094002031,0.0002906076617384391,0.0027702270607192834,-0.003622270481018329,0.08700805496430879,0.01269984770606017,-0.010594584536710826,0.03128977484997759,0.10511031806413688,0.0036353778728087423,0.02628643777605383,0.022907631145738554,0.009801618826158223,0.07109261568549236,0.08713719044761199,,-0.026435655673776457,0.0658319999322744,0.07130906001992116,-0.015206353434956545,-0.004257746042791223,0.012414282167051321,-0.0061098238461075455,0.05745879310395574
2025-05-09,0.01845508245555272,0.03610727021999423,0.01644432903092958,0.004627090550316839,-0.008673945281143661,0.015696328352388694,0.06488310323060435,-0.025608463001462755,-0.025059157657765826,-0.015896973995492735,-0.007616497107571318,-0.0712466545169982,-0.02395321845031945,-0.010532263944807095,0.007894765668427445,-0.006812472640904301,-0.03608471955523651,-0.003024196098921789,-0.006868141332379966,0.1539711949483774,-0.0751369625181404,,0.03161345206849178,-0.017323651421335663,0.0,0.00549843349418336,-0.03633891351173917,-0.013568889828019848,-0.011852640326901588,0.007626101181339916
2025-05-16,-0.002950898067652449,0.004893727386710573,0.02878146957485338,0.04042951128651647,-0.024131014582612804,0.030036176905807375,0.0688296537251656,0.008313635522977467,0.011737098346452354,0.020769959490620393,0.07766524041229622,0.08432899213306028,0.058840500022933395,0.03402278917105991,0.036641653706369015,0.004351256996186496,0.023731676154831977,-0.009127853168067794,-0.01562815304387251,-0.008517489531943857,-0.002488239340262015,,0.0008383262324436608,-0.0022573754944232353,-0.15280212752062006,0.0155943371129663,0.05097141012201151,0.006368633913658489,0.0331668881400607,0.05068242516339685
2025-05-23,-0.052185778947350395,0.02454821639826044,-0.05895813783006314,-0.06142148735837489,-0.024727847574635257,0.007922716060125672,-0.08721913841700465,-0.026972178012412917,-0.020205918676077326,-0.0031996309529242423,-0.020957057427795366,0.01362599316740117,-0.06126774130189142,0.013210312898771287,-0.009044213779816932,0.04446708691213299,0.05874670616150731,0.014330536268873534,0.03727360817674772,-0.0038089053447052375,0.021198738541685413,,-0.007748029628722137,0.019719577481587865,0.004705998747108145,-0.012760977491418992,-0.03283439423776626,-0.017852697542839358,-0.029977221727330167,-0.007818593432586151
2025-05-30,-0.001649722555677405,0.017314597112420636,-0.0338045309258794,-0.017836380304506655,-0.0024102456098215384,0.009268782815856774,0.04813047344449646,0.022526856540169757,0.016182088566713375,0.004587421222272079,0.03206101470243912,0.01922421739745669,0.0024272412789581284,-0.046375260880928706,0.022361285959715108,0.013378791853213714,-0.0004424061546399567,0.014458027082326822,0.09759132007020525,0.012864649791757622,-0.002931094680795666,,0.005717183892857888,0.028532361214613135,0.04587956057569745,-0.0022914454430206684,-0.010922543723870498,-0.005542521578431933,-0.01385392358529492,0.018943216308679525
2025-06-06,-0.03633365301810341,0.007349928134860294,-0.03632384106584785,-0.17063246711425745,-0.02640736008204933,-0.008479964649530304,0.0693447325092451,-0.027093563479346404,5.1421927632833626e-05,-0.010456509147006889,0.07470029405817143,0.011232652898619716,0.002421364041326988,0.050321164377937704,0.02153205457920077,0.006292881769855318,0.05571939950792844,-0.0228628665366477,-0.07607439117658304,0.024325188569723488,0.014088112901937318,,0.028062854352021417,0.002016853567393966,-0.009009061234425377,-0.015240056305575456,0.04719140624314201,0.006164029844056368,-0.011910687434991973,-0.0015418908984060886
2025-06-13,0.0015208533930385227,0.0029529169705300486,-0.041869476236268154,-0.053139268426340175,0.024474991763136996,-0.005534899411126659,0.013698878234198106,0.0075999338560152905,0.0062863299079219245,0.002448876757936888,-0.021499044905895083,0.006893850816393258,-0.04072128192226545,-0.018497853328379492,0.009689748920959427,0.01420551883670102,0.02091382056816935,0.00957594013774139,-0.004465367333177444,-0.008572422219856613,-0.00048252011348428524,,-0.01075722873339983,0.07252367155161522,-0.07515276290076751,-0.017890523360534025,-0.04400161402866248,-0.005747273466475112,-0.03103741223197035,-0.05833041142392073
2025-06-20,-0.04437407811066152,-0.00042124964753093957,-0.015155563364392785,-0.029165422408679108,-0.02546671460357086,0.0004756049068488091,0.05230102596064036,0.01681725158249942,-0.01369663170722977,-0.031176610763916576,7.358841050745863e-06,-0.04706267559531372,0.008777507189127497,-0.012576751594960568,0.005124169067668562,-0.0056579628862571014,0.004090059282708086,0.01619738509276474,-0.034398930135588486,-0.02108951813640706,0.05812319069862866,,0.03474527716354535,0.0024952607360525614,-0.014742267919173985,-0.04904534667756516,0.04932075237812421,-0.03490793861380687,-0.010829140388486083,-0.017850895808817845
2025-06-27,-0.0027838736143134704,-0.03851865360474565,-0.006610448892443831,0.02992161420751745,0.001487165471592283,-0.022116303304281746,0.0564792818871242,-0.014993475495093899,0.01514766932391966,0.02141363332501327,0.07246219290328808,0.06892082016852938,0.08492847888867887,0.015658060852788373,0.03810016780778395,-0.004906311178913113,-0.02682668235645048,-0.01687809551843106,0.005986481675105895,0.03080050336067127,0.0737175917686545,,0.012796937268929406,0.03963999971300764,0.062370384525722036,0.01412776452996677,0.04210954136262182,0.06507324396166278,-0.0019917952611161627,-0.0015103621808741057
2025-07-04,0.041825078901354375,0.0059676331917453826,0.06590135152945015,0.06616700252461233,0.04739761539210944,0.02195781362532564,0.014494617811839168,0.028213404726381088,0.032583021604590624,0.014398957172804004,-0.020129499364098205,0.0055857070812037795,0.061164160415499345,-0.022399504284322747,0.005830510961099628,-0.011947416164686081,0.029790321210370535,0.015202999762304088,0.0032348264676479678,-0.030529786104430825,-0.03837502132234372,,-0.0055238509167418555,-0.0770927561271244,-0.02830386158711171,0.008640198623801913,0.03603672989156111,0.010656654611938566,0.012887252460717978,0.05318889368073061
2025-07-11,-0.011331020003717069,-0.020673836678603594,-0.0007548091008268431,0.025839484867725828,0.050206205280319154,-0.06975183112146688,-0.03208133710119718,-0.00891800792681118,-0.0008868091624646607,-0.020960967329703054,-0.002088405161293719,0.0036695487393160193,-0.017410755373452234,-0.00710398112138134,0.008940765720175794,0.005741460893533278,0.05606688851636461,-0.03150540913683971,-0.007164806692835026,-0.022035989855725403,-0.06117424119484195,,-0.0261179854809343,-0.07033364620433574,0.023641853144997595,0.01963070040354948,-0.01892688846607339,-0.0014010944813241026,0.02683825886343759,-0.02319200955331615
2025-07-18,-0.0029013749732415884,0.0060557757529990375,-0.009452709098603785,-0.003107228065959923,-0.01084021802771356,0.0028854839048494288,-0.01474557200056216,0.0014917118300248396,0.05732281653229221,-0.00028637180374556625,-0.01861086142218805,0.026668211325007973,0.09421194260694248,0.04507153394750576,0.0132825469051085,-0.006580379290742158,0.008174546037671938,0.0037991243357479794,-0.055698833294184937,0.07823143386430065,0.025376270077123918,,-0.011782572549484251,0.04012780167980721,0.009302383378101268,-0.00951467037873768,-0.03766477572727486,-0.005556330180639501,0.00315984295617935,0.026379028169686538
2025-07-25,0.03614279403431563,0.03316491975318345,0.028607243325551163,0.06816263504203572,0.09958075368701096,0.027747055839254256,0.04854360513929226,-0.008082567351873385,0.0014649508921153805,-0.009782811361283615,0.011856334353613754,0.04294225765721252,-0.02426810328374757,0.06095415691694847,0.007150266736307265,-0.10496902518307766,0.012711978796062347,0.030886503326203244,0.007316653615517434,0.001917622325614347,-0.005940207860374518,,-0.028207922832503552,-0.02702864625985619,0.01834912060618362,0.004701680206241289,-0.14265881429936236,-0.015288234535843876,0.04116277677741609,0.006056226334807232
2025-08-01,-0.09385401236719003,-0.20654419861932127,-0.04886367670875314,-0.07405833222086038,-0.1308848945096332,-0.02740812247410316,-0.04203767281237194,0.0015015685558512888,-0.029500340598120546,-0.0044917532744425176,0.051054139341665826,-0.021187645057990864,-0.07655173412118964,-0.03288003285768328,0.020042535925628262,0.01259734879322955,0.03940474012352027,0.03190536733290735,-0.01616786330486314,0.03353540968081928,-0.03782844066801036,,-0.01872822417263763,-0.1000474334203855,-0.10536052769916847,0.014700320848707092,-0.09505353646892128,-0.009176218570944163,-0.040690774662797496,-0.02238788064358854
2025-08-08,0.11620853649520313,0.08216902634344508,0.02625024738481521,0.06855218266145824,0.07585699794827375,0.09173029052511032,0.14986087608784518,0.03247992067495381,0.041694707593123284,0.021265053970889448,0.025394478656208645,0.06295749360432687,-0.19993436007167273,0.05402842170303863,-0.003957501671507326,0.043352082086977634,0.051808407614399525,0.03826774025265343,-0.030464978852825945,0.17827857131726438,0.15326633586728955,,-0.014659500957457106,0.01874820562871222,0.03960910068504969,0.008416404760337589,-0.025727999427625697,-0.02846966790603722,-0.057684664300452534,-0.05313654497507648
2025-08-15,0.013429126195063259,-0.009889000940675087,-0.013989615626850624,-0.011760973145678592,0.02463830570489367,-0.0007732630254607918,0.09801887817459919,0.010404781976804476,0.03511743566356171,-0.005988883224099054,0.02049569706323373,0.012237402703428704,-0.035718048671818846,0.05337677781312713,-0.0035883924792535827,-0.023725036456028865,-0.0015736567852187874,0.02507629413444255,0.020412758078046583,0.018634686900734443,-0.0024529638566515638,,0.06591195314282088,0.05563005288216389,0.019231344291746166,0.011328479829544696,0.060851767831054844,0.04768391724575597,0.025178060367071063,0.012173667305595756
2025-08-22,0.03871790826511667,0.03960911482592849,-0.003632496325305998,0.026910441284080273,0.038785987208353696,-0.028241588954902717,0.07106172223241138,0.010297524147444186,-0.0050660586763626725,0.002998924945633435,-0.03953720577439852,0.0106833220571169,0.006968629487037579,0.0295805980205981,-0.02354847241299217,0.03290813689011669,0.02351833699408183,0.027719176823095285,0.0584982053224197,0.003341913455356447,-0.034988997873581264,,-0.013659907353609647,-0.024903416609163353,0.028170962116189004,0.016501312390110674,-0.009124185664207756,-0.002094151170328073,-0.0005985719607755613,-0.02937500654336068
2025-08-29,-0.03081771599909329,-0.01881033951390104,-0.034473696994866895,-0.04314398039375045,-0.04401483465973667,-0.006866299314592545,0.021865832469235912,-0.18894547794333502,-0.0066378939667134824,-0.0163891103090344,-0.021547650547643946,0.03255656949507634,-0.008368241879059607,-0.003730586251534071,-0.001065214031895763,-0.027267873154113293,-0.028078141114815665,-0.0068208199917222075,-0.012786482516183056,0.005947252792639802,-0.054444099416603664,,0.018343605265136752,-0.01524530700670055,-0.013986227983039856,-0.0016889838090099216,-0.03497675308666964,-0.006105067574710698,0.01607880828538591,-0.0011047264525340344
2025-09-05,-0.014229296996153497,-0.039712297324541665,-0.08711253951678492,-0.027187396610969354,-0.013192694164168493,0.0008008206960892126,-0.0744261241908615,-0.015241030056040793,-0.005585360226976661,-0.015042265888915215,0.01844266046207652,0.09871597250792422,0.023530508281994426,0.001030548929303439,-0.023341616192738508,-0.03395727908788749,-0.01541073673179477,-0.009868388841035592,-0.007895229240388452,0.013972350675947806,0.0053571080764159345,,0.027108070494548997,-0.009555391650205762,-0.05798731612312673,0.008336754188032423,-0.025962948855397967,-0.011552804803586331,0.011994149618053576,-0.0036384501888138136
2025-09-12,-0.08052669054354386,-0.03153985276266933,-0.062120301281595645,-0.049637997282547676,-0.05692413648976426,0.035080330598866796,-0.009467309606486406,-0.050834184997010846,-0.01973029160484404,-0.014077427738093234,0.004164376425801723,0.02527520314026953,0.00409559748097391,0.05790211095755954,0.02965681240316413,0.02783558351350833,0.01012344673042582,0.0015014272125688168,-0.0010813748346586228,0.014170647327654834,0.05331713216655717,,0.027083196287834038,-0.0007388422201323526,-0.03030532029749326,-0.028980151006341257,-0.061005240708665316,0.033396369154103156,-0.025725405244603518,-0.0028567048683311985
2025-09-19,-0.04093664719040904,0.01698987435523288,-0.048245573683753054,-0.0010910397856237607,-0.020355729021204024,-0.008694437463559163,-0.05492273451837737,-0.00441659731845233,-0.012408533850850487,-0.0010532118925557054,0.02971596982591224,0.05619827169590587,0.10590528686155418,0.0007287178371915893,0.015625542901259986,-0.019206936299786363,-0.03396854578495176,-0.010729796513684144,-0.003432505119616238,-0.0006335395847335432,-0.08130988285095325,,0.01846730920323189,0.007363831658050879,0.06453846000460185,-0.009937824000611816,0.01770408318954942,-0.02595428425571608,-0.04915546523602979,0.013262018691662087
2025-09-26,-0.036397939622522045,-0.003713085559620021,-0.003240232619085428,-0.013924782406954148,-0.06520826772767217,0.018692119793525603,-0.006231694578682419,-0.05225202668871544,-0.009355031558225398,-0.011506660008522157,-0.04483527036982761,-0.032640734845951286,0.013390414111397493,0.01242852820023149,-0.012570785605847144,0.01183515742057633,-0.0315718600214677,0.012557540964084627,0.018467518701114207,-0.04165803420946051,-0.00827592333517043,,0.020790890324453876,0.01167043493423901,0.09180757338455856,0.009413859164000636,0.019144214943977025,0.047200047020718575,0.016288002384696947,0.027507553374767502
2025-10-03,0.02226738559910976,0.007076707349636271,0.07072731919772052,0.03159873598017991,0.00864051230885438,0.027622341892818515,0.0762594376182069,0.013245236832300639,0.010905693286277461,0.01481297613386026,-0.04565153840471439,-0.004838455776752653,0.032126438945703224,0.036731579555852115,0.011450217296560466,-0.06372476001304411,-0.019360443802545813,0.0003043707046385828,-0.015215551790190239,-0.10328840441606399,-0.00927653998764581,,0.006072411013192587,0.05570703230879861,0.025975462271824908,-0.014054572907026228,0.041061400919606604,-0.013250416196017247,-0.020964089836435863,0.05354012784136049
2025-10-10,-0.006147370384268156,0.0003357927295546005,-0.006136888493152163,-0.0464687983901616,-0.021484266138676954,0.03582522981557547,0.03350397080315596,-0.0007743163391805639,0.055482411574181205,0.005834353458837755,-0.007430122964824921,-0.03644158777528615,-0.09320463817566577,-0.07873356162254361,-0.012428210895222433,0.04590590154790534,0.005837770293013503,0.012247813549318491,-0.03450734603969685,-0.0009053530228982112,-0.09066110884130056,,-0.022408438948961825,-0.06225490243590489,-0.12744493766526044,-0.01327797286648968,-0.04756961240904381,-0.06207744212334798,-0.048840492359365835,-0.024240081862664242
2025-10-17,0.04603661452119239,0.04206988712275281,-0.006530957805748908,0.07258179829845411,0.07565799336387778,0.008581266289925612,0.06628739965499278,0.08212600632433052,0.02389911520592932,0.02066804178881471,0.016340995853190227,0.06833039622020948,-0.01685070485317875,0.003121684422840388,0.005114527679928946,-0.015132316565136292,0.0015508666930434804,-0.022647019927533266,0.017479924104685206,0.02746935048023482,0.06613164524736213,,0.036550490862448284,0.007272787072699397,-0.11838996472023035,0.036626024786703404,0.04996144062646809,0.025309152498587346,0.024046055241897728,0.008046447289254086
2025-10-24,-0.014443606761802145,-0.01377316477118182,-0.005642109103691554,-0.02682823975777113,-0.019850596700899222,-0.007576317641464327,-0.023556227608802792,-0.031530071777325024,-0.014152147417691543,0.018386283818067395,0.02946719211428356,0.02579950455900654,0.038466244369658176,0.024020454136234694,0.019341204328908564,-0.002787585293549871,0.008679874262889794,-0.005858936009188824,-0.0050434338603503525,0.00406712236614447,-0.0019120902279495626,,-0.02412652495020615,0.018665310242707962,-0.005479460395805272,-0.007493276532049886,-0.01613525649104595,-0.013097544267294096,-0.0033690724052385093,0.0005935214030567048
2025-10-31,-0.0439749290345501,-0.00638355336818378,-0.053012705127602755,-0.026097902506350037,-0.046543321415273085,-0.04190476156113041,-0.05050432322529198,0.0,-0.03669263546367455,-0.011687584377009867,-0.13000081969760183,0.0786565501814158,-0.019048146525700166,-0.009661868044150352,-0.01113866693619575,-0.08808466543966323,-0.01704488549396199,-0.13718282108179503,-0.05227943076147603,-0.013918363539286941,0.02550922039337948,,0.004887690912262655,-0.07072165690030201,-0.044951411201207235,-0.024363179041544912,-0.26219428455220134,-0.036584662355912186,-0.0403340372663321,-0.025994905888356377
2025-11-07,-0.014106998773946522,0.03833612089709268,-0.028801728854738494,-0.023408090519764568,-0.021227752025444614,0.04247858045313064,-0.3719953095725997,-0.04518849476851724,-0.021728034189130392,0.02366566613649845,-0.04195687896823534,-0.008428488403792712,0.05122916996200704,0.00135087907057618,-0.04138062152560055,0.060881314706053735,0.06430663194460762,0.028845544495094366,0.05078022088920598,0.13603106038280866,0.04380258071909079,,-0.09988432280847713,0.00911859529545901,-0.23907437538672782,0.004113071504201922,-0.03532802740441442,0.07597703302241841,0.02898907661816284,0.030730090931084038
2025-11-14,0.040998160664475536,0.008654039238738708,0.01175983842890866,0.04663969629295968,-0.0026199245688537124,0.02240584642888893,0.030129201941780304,0.04408335815390212,0.020083927560896792,0.008609050242364101,-0.019900391126797985,-0.008716818966012542,0.042914768889171256,0.004775086249226705,0.026535759286234542,0.013211656861889185,-0.00846210854771856,0.0027535020014438985,-0.007530252541575173,-0.017432534324194258,-0.02440243116177195,,0.01297578871070865,-0.060813801042604025,0.11697164833417933,0.024297079621157378,0.031534129752287025,-0.0006708083439873825,-4.8801957285422755e-05,0.013781132955976272
2025-11-21,-0.027868896529477036,-0.021536840869233204,0.034247274148820034,0.020597243061276842,-0.04069091207035834,0.01018499721266103,-0.09299920578139678,0.0222351611525091,0.0032856219610707003,0.02484340558694533,-0.02527329531683081,0.08076309704702542,-0.10834690604146714,-0.03517866755320678,-0.07566053495708808,-0.0012230060140565658,0.020479689778717933,0.0,0.0015106088068364654,-0.03795708301380249,-0.03207342191867904,,0.0018703616139264163,0.008803627196002976,0.05679762023851363,0.007527732163179251,0.0018987178814659613,0.026226641992080368,-0.006751759262239082,0.026296480403437343
2025-11-28,-0.00424812801958144,-0.015161675970763117,0.020145741215532725,0.018457765401830844,-0.01486388870156156,0.04013320981007396,0.048802300645998,0.005751373563485325,0.016335384288306318,0.002327678931899551,0.08651348087492919,0.06623491146170615,-0.0013012661506057374,0.0,0.04126593192770843,0.01432614955370913,0.059889695362962854,0.013993345197083097,-0.004538613731087898,0.02742957042006257,-0.0004724889716939207,,0.044032556074240406,-0.02877663326879246,-0.006153859705557642,0.0079527499816805,0.08743286869132438,0.0015023670840075823,0.029577750220091487,0.02631373756644668
2025-12-05,-0.03498995488564037,-0.006031458715507878,0.042984194610229606,0.055644816886293164,-0.010033511296329494,-0.016809378990193354,0.026989656236163003,0.027921935771219413,-0.015594694866004448,-0.03660749944668164,0.038555676283947425,0.0033984229284093046,0.029508237681219133,-0.010812187706211313,-0.018151204135405885,-0.06337083915557216,-0.028531339226013332,-0.01743621888525878,-0.00971338262380754,0.006766211236139779,-0.059384808462028225,,0.007328699727012478,-0.03284449987140695,-0.13176931079663642,0.0040890914040048135,-0.016944660132288746,-0.05062723935397775,-0.007366792894064934,0.015761253679337596
2025-12-12,0.007096620502887404,0.04131897386785684,0.034856401119179044,0.011772572023925766,0.005586633551921299,0.0031142582662216293,0.041449443195008866,0.028180583840494496,0.03808760572734652,0.0074011427950544315,-0.04431336837333612,-0.03734848335279136,-0.07888449655506687,-0.004871920842894265,-0.00962899559926904,0.038749594770550705,0.0015773883024822212,0.013020483783121853,0.032203075551935356,0.04384796395673398,-0.07171909273352446,,-0.026199530963146644,-0.028364593213682888,0.007017566200938237,0.017485832007259727,0.06280604893178678,0.041219090556756696,0.035793878245829275,-0.036982229476955765
2025-12-19,0.0007854712102456935,0.011697818064121828,-0.08793688828369758,-0.07631105483782864,-0.014025487178517404,0.030488960339426253,-0.0240085613582605,-0.05646108743028035,-0.01666642334125331,-0.006544312969736813,0.023133869609570878,-0.006910552780152498,0.034949824191902075,0.012769929198568154,0.015325101510072419,0.020548901496809553,-0.011448851293211472,-0.01164200822074272,-0.0022263598220207,0.036669255363255875,-0.08720727871990547,,0.02426118845869869,-0.03278981173697763,0.0,-0.0027822997295183223,0.04066703022612518,0.017650950612479416,0.003528692311474621,-0.011637854219006708
2025-12-26,-0.032371283694131,-0.0038840881800519347,0.03207051471546255,-0.08452641096133046,-0.02285824913616602,0.013674699311065346,0.06315031281024686,0.007501456577101371,-0.030008444903506036,-0.0027155402203423475,0.0068378573730968695,0.02046244247369153,0.03759353330178747,-0.009305867149597306,0.0036769688656149934,0.03556825182817106,0.014421652586317626,0.010009029242523287,-0.01289854836721721,-0.02691084804259848,0.00819673150532341,,0.03452249560810934,0.05264368281665533,0.020762054256274358,-0.016472421548817954,0.004506355722007422,-0.0033225862657522975,-0.013884746985738858,0.006424726290173017
2026-01-02,-0.0005793992306620828,-0.003118132990473771,-0.010455364565036407,-0.004976197009069527,-0.008708313230854373,-0.008312808064427113,0.003284827718144536,-0.003208012041853867,-0.001809994056333127,0.000572253424647765,-0.004836162292853092,-0.0016280713072214898,0.026366821038094287,-0.019789829892882388,-0.008421478353763667,-0.004044245001363172,0.0018081818421410837,0.0010411589293834607,-0.007554354039296935,0.01937477170309907,-0.01705416259394693,,-0.00023431055002851234,-0.01376956772726196,-0.006872872530504391,-0.01638816514784892,-0.02165574157945784,-0.012872935111978259,-0.02075138389997037,-0.02389497349124979
