Date,DEO,BUD,STZ,BF-B,PRNDY,MNST,CELH,KDP,PEP,KO,META,GOOGL,SNAP,TCEHY,MSFT,PM,BTI,MO,UVV,TPB,NTDOY,EA,TTWO,CCOEY,UBSFY,MCD,CMG,YUM,DPZ,QSR
2017-03-04/2017-03-10,0.031473698408892754,0.03712624525645683,0.039333680209697616,0.010120063799641227,0.02116239947826541,-0.0027691412787907983,0.15723478910834224,0.02520857999978945,0.019259317103128462,0.005220697178641716,0.01257939462202433,0.014075548896394617,-0.20494545528861619,0.061084847673596114,-0.0013913508978042563,0.02170656562717532,0.013495086935424965,-0.011750129202572504,0.01481469233524335,0.0015105236612857802,0.03223712736439835,0.013056061827170137,-0.011047984150050214,0.024645802923831703,0.02969876313250532,-0.0012496512106287155,-0.023490523365134644,0.0001567270972122619,0.005022635022307414,0.002951015547398641
2017-03-11/2017-03-17,0.011508844895404956,0.0011720023152840704,0.0041881457780953875,0.014673305538131195,-0.0034245835951592788,-0.006849335134521097,-0.13056599515568287,0.002797069031650155,0.005741986251082408,0.006892067394294195,-0.0032912350474144578,-0.03550806456738085,-0.12175551297237049,0.012197380291805967,0.003552124071220384,0.00221620848283526,0.047959306850109476,-0.009133752597542474,0.032552593827124006,0.11332878364670604,0.09485131181402569,-0.017784656258175803,-0.013593896058935297,-0.03720029236993596,0.030077485345739476,0.007938476449132864,0.034152558867828545,-0.010079027740290916,-0.004398844668726179,0.003125811098229226
2017-03-18/2017-03-24,-0.001033180291988124,-0.006508523602989424,-0.001722348687536936,-0.02155203295748957,0.004706003727249645,-0.006464212398300326,-0.018593385388884477,0.006803191959967502,0.0035719799693397676,0.010144843728109101,0.0204306264874865,0.01163913897513615,0.15166178478858058,0.007247842452074118,0.012865566997457263,0.014197426948642629,0.015426154955741202,-0.026974982838285075,0.008505005175765468,0.042222419724650864,-0.045271775568889686,0.018449973321185455,0.02023736150943131,-0.05595865971367372,0.03159427725587446,0.002477797289184867,0.06765505222232301,0.013207717408898915,-0.0013030281317947454,0.02698726622813506
2017-03-25/2017-03-31,-0.007434327982496929,0.002083572532304673,0.05584784459699129,-0.015214508715980108,0.011879328382243922,-0.01108582879843322,0.015957774813518132,-0.011364988856155472,-0.005362993309607444,0.0016420603723365324,-0.008745576334407791,-0.005169166384801411,-0.0092776933361308,0.015017310070652268,0.0003044986493885782,-0.00822624509964672,0.0033286449114391546,-0.00878252811697012,-0.00992911617711346,0.007722114079961328,0.021717966692031444,-0.019014226537991244,-0.01453642156270202,0.01732085764023239,0.02130261730432545,0.006397413682262934,0.01424749808869927,0.008244660042919513,0.010213413474977074,0.0012500848116196227
2017-04-01/2017-04-07,0.0031188288236438963,-0.013301805865301955,-0.016553996107587336,-0.004169971343416904,0.01797352876355945,-0.018753962989382242,-0.05143184074788872,0.010028702087656832,0.009809987764896805,0.0028082275730013126,-0.012689013885004475,-0.005838934186846787,-0.07893373639209063,0.003719316168623971,-0.01193811088832223,0.004165839574633052,0.015587888436090259,-0.0016811723506482015,0.019067082249499837,0.017789462198868983,-0.027221965523752622,0.005181049301533396,-0.00899816534444906,0.0030257888701107007,0.008163275231134465,0.004676122458210911,0.029173393549827984,-0.011843675465516889,-0.06646150346094264,0.0010701931818517686
2017-04-08/2017-04-14,-0.01376098485729205,0.0005501052197081972,0.023400180707910213,0.014193817808236168,0.014802914282822996,0.018535396558306088,-0.01680720250373277,0.009011775264380236,0.008043690410205268,0.006986731388091749,0.031147701218785746,0.023409455890403826,-0.030726589752667687,0.034823632429667135,0.008432672636219125,-0.02761967720348915,-0.0014884463208557268,0.0015413196749306222,0.045462442957585766,0.01064829279977327,0.06412890672657748,0.024303081687800217,0.07531158964913529,0.03463970151351035,0.02296320901292405,0.019013592093881954,0.03136101363327487,0.02409485454029626,0.016355975175519642,0.01064022658493924
2017-04-15/2017-04-21,0.029721545018053287,0.028376979985313133,-0.010988483082579227,0.014209153154571465,0.019402338735668254,-0.00988694750755283,0.10958911954704065,-0.062250741944318996,-0.008398561012900294,-0.0018583133326672537,0.02675969707029112,0.035812542646016875,0.0359960922623543,0.025105779713733654,0.041420394377773895,0.0019073840209499198,0.01022460832730828,0.001678995964612859,0.008047960111440237,0.0024890287026597844,-0.029882421084650373,0.032680324100690966,0.017894753653481428,0.007751964494558392,0.08379009644121353,0.05546040989505466,0.00751789539009893,0.014803782857230434,0.04768346976255801,0.001410405338543905
2017-04-22/2017-04-28,0.013360604246788291,0.06251513539108734,0.035264833480237665,0.03404443348647831,0.041942181302193376,0.014032227199167881,0.01756612529853207,-0.010470011761974502,0.002837241072093113,0.014999568793717284,0.021102845706641574,0.06857984333504086,0.0745514810767607,-0.006377513916481857,0.007878485695071089,0.009124119232419979,0.002944357838846218,-0.017202972976769686,-0.04648800118443957,-0.017555234725527138,0.054172459322463604,0.005502503073087153,0.008043546497757886,0.04251944043963965,0.03386674892563931,0.018149084928938887,-0.02011807018687143,0.04401060102161615,0.025750212246322197,0.002638582507384257
2017-04-29/2017-05-05,0.006530461299973028,0.014032062051846208,0.006132040246938708,0.024692187842535292,0.0038315900163641333,0.04157939801587408,-0.015037862537514927,-0.003404523330497327,0.000707785018042121,0.00022904654819441063,-0.005384034569834035,0.0012248498246298055,0.027986142181639768,0.04625834623319817,-0.005099306115590532,-8.99989486202042e-05,0.017629883510074676,0.002414762734853881,-0.002803045839563544,-0.0025331015975034255,0.022479914807978202,0.1361398024403053,0.07459027866289958,0.004614608789412666,0.012036242406300742,0.005283989015705995,0.03355433766614874,0.0021717870256211386,0.025871591727985203,0.04096262867743273
2017-05-06/2017-05-12,0.0016677127590000848,-0.01602471390324558,0.017118851053885022,0.058143713362883175,0.006479803946132597,-0.022601018348408147,-0.13786985469160037,-0.005183998614408072,0.008719900015960435,0.002972376767107126,-0.015989498176454713,-0.005654773752634944,-0.1919408201610802,0.03981958499083424,-0.011015734781626464,0.0212671593637848,0.009343716268478252,0.000851032014847421,-0.02630804254876984,-0.02374194417684158,0.04968656587983611,-0.015312623309958577,0.00014581436877951576,0.013717768285448212,0.0333364358548355,0.01922986985215498,-0.007767713548903865,-0.0004337201947514187,-0.003434911091258852,0.00030549655692807575
2017-05-13/2017-05-19,0.015131037188570822,0.011556967541049255,-0.0038785948032982348,-0.018814275949436833,0.02661834210816186,0.08101172512992941,0.1429078234420184,0.031244060635115378,0.03023165807256711,0.03609838862824435,0.028704925100419786,0.04259373295718255,0.04395191941797973,0.04908822196979534,0.033533211075999866,0.05064154938156468,0.025149391890469636,0.04977538721769882,-0.05707342824383763,0.01290349679857022,0.054592797191517356,0.0625317304628201,0.13518818935365878,0.0009077858548232453,0.04432599888220622,0.01866725501883338,-0.006934952476202723,0.04291513632122378,0.06621871648461938,0.03031536694107351
2017-05-20/2017-05-26,0.008172771695128696,-0.008399624235293604,0.02494481175654976,0.02280012382648532,0.01286535743429847,0.004128638521928735,0.024814965181300778,-0.003973770514391657,-0.002555501014944943,0.00833358866790732,-0.002833787814462877,-0.003605602749156611,0.0592118272734334,-0.01980279946540531,0.006871283260167454,0.011814874901038185,0.00902884722221065,0.01685216341772642,0.020385856927973324,0.04512038751249295,0.030678894608199274,0.00035127105134756374,-0.005234560675387731,0.06158500714415223,0.04332803572817156,0.01727533057529201,0.00458036052216104,0.023295093868465778,0.03448826984221308,0.00539981197240392
2017-05-27/2017-06-02,-0.02438754599000189,-0.024931182237815663,-0.006736989572331777,-0.06588356419179983,-0.012495619914718006,-0.009660039136654244,-0.019802876233253927,-0.008971572408937112,-0.0046516159563517855,-0.014518187279536045,0.020768942167311174,0.016049966078836526,-0.006145099101658628,0.017559357055510375,0.02604853572186335,0.0017354538729675813,-0.004017658597308752,-0.002522962985735651,0.009668959580272854,0.01821538563933336,0.05331445146100107,0.00368163768357165,0.015244158637217425,0.008496173134923042,-0.009764805329035323,-7.023987105655848e-05,-0.050705765370559014,0.0018946344151466149,0.011725899861606723,-0.046597734198835436
2017-06-03/2017-06-09,0.003995438486237567,-0.011155779448307472,-0.01731960936865571,0.009899892586186369,-0.002221193895556121,0.016113528139870516,0.027128909287423328,0.018076619687189422,0.011325931611919544,0.0026553555701251184,-0.032251566872063986,-0.04490537262980321,-0.1539926509815332,-0.023002553260044332,-0.02890584477355229,-0.004966566882219746,-0.021470109142120566,0.015829184638400114,-0.008175714842765814,-0.0006018457210191545,0.03641337417315637,-0.03345223255310287,-0.0692900517307417,0.03654894008275889,-0.009861097802079966,-0.0017192384728766514,-0.008783432555562113,-0.01855690159767867,-0.03893424020261692,0.017960376056883862
2017-06-10/2017-06-16,-0.006333309397077877,0.0012358783013401086,0.020911114305073395,-0.020309236617988047,0.009957810719975046,-0.008810644817492561,0.12344415684687049,-0.009541373040962932,-0.009084723339701407,0.004209666626386051,0.023747940433290576,0.01697698699594606,-0.03032231160365508,0.04273919516806485,0.005137424380535871,-0.0066604917995512925,-0.008976179566158376,0.009038878856118145,-0.030305220279553527,-0.06658762843149484,0.03632351764907257,0.018732657370271737,-0.013056068100458056,0.0,0.025790664916632285,0.023729529573553104,-0.07932614431823944,0.026233183123777145,0.04215431147184306,0.039188620008729254
2017-06-17/2017-06-23,0.004337545439417941,-0.024017720492104887,0.046067802556026355,0.00020501962864058042,-0.025270767235738425,-0.018658712062860124,-0.06669131084966345,-0.015284223461871976,-0.008386469069471275,-0.005338669307326015,-0.015504228868633344,-0.0405398801366132,0.0,-0.013858132443660945,-0.025514923948832882,-0.013661564448294744,-0.021117713838181274,-0.027573236164611856,-0.019418115125041116,0.047747887782479945,-0.0021425494455221527,-0.0541855625235028,-0.0072818403761087235,-0.03485828458298584,-0.01771532277698711,-0.01084670353179421,-0.004142319422780926,-0.014730816073583852,-0.034235151018416475,-0.0014546059066064614
2017-06-24/2017-06-30,-0.01450457942894874,-0.0026241308308843914,0.005019122094851427,-0.008652740273956372,0.003948238198130156,0.008379976744990294,-0.047067808014537554,-0.020337165204160974,-0.00043423222184011,-0.00963851803564427,-0.014807138203289652,-0.010860249040503414,0.013027628786458908,-0.04422369040591059,0.0011671072923702102,0.010788820560900933,-0.016655938843206985,-0.0010760058419903799,-0.01421815141454312,-0.06070126655994312,-0.08944093388169488,-0.00875626670641794,0.00933303967969793,-0.05825198342917713,-0.008075342139645024,-0.00026156560310803547,-0.015434092962526805,-0.01095189564413665,-0.009104348424209657,-0.00925981316661363
2017-07-01/2017-07-07,0.014005015462624788,0.023991815535931996,0.012769094766069048,-0.022176821482277245,0.007152218411195824,0.00949185546436018,-0.012120828767133981,0.004256888054798913,-0.009688250941743302,0.0006759236073303433,0.06780048363931467,0.043412286323670196,-0.03376573360749414,0.05642877253161514,0.04561147898662326,-0.007122589832507085,0.014460999079089074,-0.011366734917564018,0.021121195790934067,-0.025752842515678394,0.038348288570626846,0.030086618516399388,0.041870690522457815,0.0,0.008968618586220238,0.01265707506702887,-0.03130179831106768,0.010543506783267735,0.0076798606479212515,0.004071968430252678
2017-07-08/2017-07-14,0.011344604600035044,0.021526990996466797,0.009483519484314454,0.01803052166142124,0.02042050336206511,0.030240675262233382,-0.0172211089887435,0.02003290064234516,0.012983365045075041,0.008739384898128175,0.03255472834605366,0.023804723001303194,-0.11785578511102705,0.05079690566966632,0.033566890375436836,0.019800652967236477,0.02517157957239357,0.001495809832823313,0.022525755660891104,0.013289329663258078,0.04079194544383285,0.02706671941449606,0.02202728268560428,0.03691102565538545,0.1050032923086368,-0.005367537114805893,-0.11649341452160127,0.020275708362474627,0.009411483495834717,0.0003251292145620897
2017-07-15/2017-07-21,0.04649382820162385,0.061525536612769466,-0.018646808665023964,0.05063798433268245,0.01023753675741905,0.031205537367071632,-0.13815013141750604,0.008402052904978129,0.01571857872480958,0.02859194729063947,0.03529067125009035,-0.04081405913972343,-0.05312179386445868,0.021517441944940794,-0.014384700044678157,-0.014030836564222026,-0.0021453419508295464,0.0050152090032300955,-0.007710151236590219,-0.00595811090018496,0.01955233550799655,0.04905780697222131,0.021301684469457544,-0.020044274442997747,0.027746559028401983,0.017611697832923483,-0.01759524481624767,0.01318018538228905,-0.15229319808902464,-0.006030639934552196
2017-07-22/2017-07-28,0.02076834584565633,-0.025142703137827106,-0.007328538290787057,-0.04256810388690656,0.012651682008496869,-0.01660949641697258,0.08201317332212398,-0.01279476892214783,-0.00890254786077583,-0.009805062317039814,-0.010913762262697089,-0.012901691077359287,-0.04737535753786721,0.010967874390508319,-0.013901420965570883,-0.031805979993428664,-0.06904404446727125,-0.1208638106453643,-0.037055804470832704,0.037789503623744725,0.0007080001344297648,0.010573245582354132,0.11125201667271864,0.09563019965228173,-0.012588667184750603,-0.014310032925518317,-0.012888568439362865,-0.009969247149442874,0.0830618397135047,-0.007877872274281677
2017-07-29/2017-08-04,-0.006332535421075986,-0.03163275445549863,0.00851116930128905,-0.009942390322997353,-0.011197608087644641,-0.011735870695356813,0.11632405161003471,-0.005297084605412222,0.0006877121631536546,0.0015317220991370385,-0.0070834872962132625,-0.017930535045872026,-0.02122289333311215,0.029741011528916353,-0.010309067975151843,-0.0023609782908493855,-0.03607775652932122,-0.011818176467257349,-0.09162246447269244,-0.03513680230841925,-0.04266207978696335,-0.04175148137620146,-0.008680474553379393,0.0,0.002372459239835774,0.012205327893379142,-0.06801917590081102,0.006657116222510231,-0.029175955190802304,-0.016446838714286517
2017-08-05/2017-08-11,0.044387611786914624,0.006955018960294337,0.014887611190215554,0.05270808546887646,0.0025393793329361175,0.022405128721032785,0.020809975421585403,0.014717812028183005,0.017123593342680987,0.0026198450331062894,-0.0029314042229690944,0.004397083051478107,-0.13353143293197414,0.03341730047775463,0.013767989477193546,0.014860197421729433,-0.024633351433357105,-0.007282394474482169,0.0008801330135506087,0.11616278420744895,0.01466647445399003,0.021522977485519647,0.029233396169761602,0.08139569234555477,0.014896436364314288,0.008076183797001242,-0.014768396977194814,0.002385659477588058,-0.022428324849594377,0.002175150202283186
2017-08-12/2017-08-18,-0.0067963532309796276,-0.00859343667890253,-0.0010155965150572491,-0.013719521843471383,-0.004721196702379385,0.02337028753948042,0.08338121612125313,-0.019375381069300427,-0.018499490942502306,-0.009861149163559697,0.004960474656931919,0.00990041619307142,0.1691327051448458,0.005225649077733065,0.009311503405079104,-0.012237057144848988,0.01902446543801918,-0.010946519463478724,0.0026345230395068797,-0.015448935200874253,-0.0026726398873081728,0.011524396134049052,0.046305038763605234,-0.009633274094429706,0.0038834407687409356,0.0032879969900873785,-0.05163764774414755,0.009486245626061308,-0.02669982154617391,0.02882997516888494
2017-08-19/2017-08-25,0.018319905544737815,0.02134631531288692,0.016223196261325994,0.06002396615656035,-0.004377967861326408,0.01516274822993951,0.018770088681766536,0.012043551559691099,-0.004224924632661431,0.003078823578255092,0.024904783788334547,0.019396726835752654,0.053503520767205034,0.0028390626934352956,0.028212416268456983,0.02082578950715089,0.005164685010919512,-0.003149499426699159,0.0035027950035318453,0.01721636027720456,0.012812969081971185,0.03075634797998021,0.026317317679551016,-0.07818297587104707,0.03278984667081118,0.009799972529038616,0.04782440343298138,0.007316604397002639,-0.005689792028312063,-0.00897166366162702
2017-08-26/2017-09-01,0.008667032614011983,0.023709408133386303,0.010489418501780014,0.022741089171160245,-0.0003656243145875443,0.009627475218960417,0.19464227541852064,0.011357508501239441,0.01780186946261161,0.01589935962868361,0.007184757525361978,-0.005616414583286387,-0.035115433885665556,-0.02221527232634867,-0.005767470573925659,0.016875447584368947,0.02715526252300128,-0.010624239087043286,-0.0026256361500004133,-0.0011777570687269464,-0.01769102322681407,-0.021379215793699655,0.017335312478185778,-0.0261025818241232,0.034651477517385273,0.005477437076463117,0.0017035597935692363,-0.004566761464393454,0.005799124104327421,0.03287952353142279
2017-09-02/2017-09-08,-0.004805858759526798,0.0043630736602736,0.010674491432607618,0.0025007335560732354,0.012720567239633699,0.003895900375649427,-0.01715293864331348,-0.005444105721922902,-0.02422460940152997,-0.0036805045133334988,-0.013075085535951332,-0.010327951943021317,0.0723043423186813,0.03768659809372106,0.0057674705739257925,-0.018587282304978428,-0.013247419399494672,-0.007199351102028475,0.01306066708314037,-0.01544000007075062,0.050999730251009505,0.002183645730836386,-0.0011061453256085258,0.016393861591571718,0.027868855616128493,-0.01830325354603313,-0.021216343237735157,0.008982656095618397,0.03531714149521717,0.0015842890755572289
2017-09-09/2017-09-15,-0.02347014981447864,-0.039884639604413775,-0.016576771092477037,-0.004066192793049518,-0.01125878394268005,-0.018012116435551923,-0.04240913367730449,-0.01677568503846274,-0.012247321349874732,-0.007591444186362597,0.0008770291873080237,0.007861491707433374,-0.005884302832748759,0.02662554746775378,-0.007517939811910269,-0.03318401421858592,-0.020691904816085967,-0.0019890445817495124,-0.012184613931731739,0.0005980631880668207,0.07947069133752807,-0.009864642602658475,0.02317245371560086,-0.04149978204750458,-0.00707212486054869,0.012847273025468144,0.008432089600776129,-0.008851609908085045,0.04436114116584209,0.03217892590825257
2017-09-16/2017-09-22,-0.0012148092807259228,0.017120576032261976,-0.008593398268337854,0.007748854433345794,0.0036457032427701604,-0.0016208946044302236,0.06634157150039338,-0.012819487386047356,-0.010336925819420546,-0.01085202111052316,-0.014006919952727464,0.018051494909350253,-0.10718368414159425,-0.032223708848463185,-0.004591503936585763,-0.009967894228083007,0.012882406500915532,0.04281047768415507,0.00611097659177139,0.03525637148866658,-0.012741876525725662,-0.012019224680707135,-0.008193144183924965,0.016807091085590323,-0.041295232267028296,-0.009730712930839618,0.010512169945743565,-0.03974423306539582,-0.005062245809872064,-0.017842257890831333
2017-09-23/2017-09-29,0.008547256203298092,0.029640257590324855,0.048718613980278776,0.0022031669858989054,0.02266694452890688,-0.0014429658994851424,-0.07540800158060536,-0.004878322853260719,-0.010716619259045058,0.0134910836156638,0.014766330303742383,0.020903332493794523,0.059507650569958805,0.06080318877041712,0.028031651918408406,0.007164811016574133,-0.018082691854679277,-0.00593740760575664,-0.004361393593179655,-0.018648587026644372,0.04338342067407675,0.024648669677747925,0.03486915216352622,0.031175684951539547,0.06375229494932563,0.008283604334886006,-0.019717332622530864,0.014587044240788253,0.044566594350722924,0.007330414698209639
2017-09-30/2017-10-06,0.024477699134353537,0.01650522867010266,-0.008880322754876407,0.011849552426800346,0.02424994331352335,0.010057512140713432,0.0720242699478579,0.012769582216327702,0.01794573391798209,0.012877999339615512,0.007620985130455631,0.020554917615497853,0.017047804661682472,-0.0159755739778526,0.015024182574385907,0.026453450526486955,0.04896106714954535,0.02384721266444366,0.051425763166554395,0.015757731295081307,0.005603378884210676,-0.020113893702360188,-0.009908202468390291,0.04501346581231349,0.07033364620433562,0.03167224615280077,0.012233592812767214,0.024241261249360505,-0.02451917485473891,0.024560051362549584
2017-10-07/2017-10-13,-0.0007352464367116848,0.010536474706356625,0.021842349054954073,0.0104560975587953,0.03681410933643935,0.0005359999018843028,-0.046842917050209494,0.00280302675509313,0.0019545805718038304,0.010356230729870424,0.011581413781017473,-0.0037959035744440724,0.10940910676306745,0.0017878805567366409,0.010191267205147063,-0.05731774323570133,-0.015477658465099367,-0.015109558748490208,-0.042814622631250444,0.0758021311176279,-0.0060196882464695215,-0.03536242712655552,0.010769287900883075,-0.046630317325868316,0.012853635192119493,0.015677748665356633,0.03472138443081537,-0.007751876558738625,-0.07706261330225683,0.024710959343306686
2017-10-14/2017-10-20,-0.005014147923839391,-0.04490295448055757,-0.0011326501787940115,0.010170403932860311,-0.012460174785231539,0.013482523022736056,-0.11070358100829901,-0.032431441938157564,-0.017368532889856635,-0.0077574253842021546,-0.022770834034965375,-0.010455282341899866,-0.05865683518863553,-0.006271033431907554,0.010850980287398468,-0.01134486274645192,0.030566390856118373,0.02182022831093678,0.004364699759846814,-0.02665401239923678,-0.02658379170709174,0.024116271269629813,0.008286182516806967,0.016847562382615127,-0.018041709300468316,-0.015068278834914206,-0.14445210932992944,0.0006596119925165282,-0.002366919971661311,-0.03339152101923112
2017-10-21/2017-10-27,-0.0021455713770800714,0.0043092664965430376,0.012111136552115978,-0.007126426487411673,0.014466111941226689,0.012259361213312552,0.03700502572168437,-0.01303868311150116,-0.006160027788470869,-0.007599296591297665,0.047441039928864254,0.05068947217908991,-0.007742028298517038,0.04459857417347568,0.06500662963818636,-0.03938869331008102,-0.01121788352673133,-0.029148328316807772,0.026645356233194816,-0.010528810289252132,0.009151795545791873,-0.027482826406511646,0.028702944497073935,0.029010238497796867,-0.00980083466802839,0.024631687896562775,-0.007344351926316373,0.04232372913383289,-0.04173576174228878,0.001986603285950383
2017-10-28/2017-11-03,0.0027370626054500765,-0.022833879308736302,0.0176207740522299,0.01490721034144219,-0.0023407584356448987,0.021183940900634076,0.057583632469178005,0.004092859396254329,0.012910700264727428,0.007599296591297611,0.002121697386603106,0.004543889491475949,-0.011071368210867146,0.05903041263480764,0.0004758297364425104,-0.003313085241582372,0.0035483375464403387,0.009500859681624353,-0.06935637934179181,-0.04792739165664229,-0.008510580375188734,-0.007124523375755112,0.059572324563645994,0.05488043479607793,0.04556451018694579,-0.006565245896189107,-0.016088075534794057,0.004789679105440769,-0.027784485655709464,-0.008739277293862511
2017-11-04/2017-11-10,0.004937511669684264,-0.02822871300550595,-0.0012169277770953221,0.0274512992761927,-0.0023461701028547823,0.055035426569632666,0.0018032315931751422,0.016550189362500967,0.03308486319671635,0.006898490804293296,0.0016160090195753872,0.0007156576010651616,-0.17957485335442364,0.036396651421036055,-0.01064048043467537,0.0019501550241301144,0.009654058770339312,0.02101452060178036,-0.022059549307407323,-0.09175114680754616,0.06173015130155999,-0.002595200802113739,0.03196031898587188,0.02670672089048927,-0.010722217034860697,0.006506021227390793,0.031146206498771676,-0.012526679607965762,0.024297429969723592,0.003535481809702132
2017-11-11/2017-11-17,0.01162074672977554,0.023142592840872733,0.014208325452559872,0.005469072946034483,0.029477741310284893,-0.011844050836275372,-0.04420611616796738,-0.008298555319613309,-0.0013025063507607667,-0.015369910904643567,0.00710207984339303,0.0032850784200869755,0.017864517208567576,0.06959179208992189,0.003927193299614993,0.008535258374725118,0.018585243439036753,-0.0059372895672366675,-0.007462663263688036,0.0692917834594719,0.015349553891101172,-0.03910595373484747,-0.008106775257265207,0.015548024766210292,0.024429613648182937,0.005694920240053387,-0.008602230264586204,0.01251655357257864,-0.005197586140749935,0.010532216361907749
2017-11-18/2017-11-24,0.006157347304398932,-0.010945258282100573,-0.013058681172633948,0.019077190053876567,0.025629889162495874,0.022592500810363892,-0.09474534792822076,0.04293077462847522,0.012435384185356049,-0.001528321873636405,-0.020612402656296602,-0.015085845693133095,-0.001540794146118096,-0.06998236152168885,0.012673762340458243,-0.0076590494403406895,-0.048618304337559655,0.0351072662318438,-0.0009367460296598721,0.04040470719781376,0.00847052734070377,-0.00907964845952731,-0.055703093036468684,0.0028011176470133237,-0.055340026204555255,0.01712572099177965,0.07899470429695309,0.05213242293246933,0.0530024106811368,-0.049329460124018856
2017-11-25/2017-12-01,0.020656215272313958,-0.02861755135745312,-0.003406533533988439,0.09910367203834171,-0.004494523844683499,-0.005921421471991749,0.05439409122987865,0.04243944563616462,0.008714191469723732,0.008383674835232521,0.016568257488586556,0.008074037069079887,0.06708920715923168,-0.05172545675632295,-0.020161442236473492,0.03772222380348523,0.04426714826379464,0.05269266274604794,0.019490185855316797,0.013714822134131666,-0.022615533818441697,-0.018793075704124567,-0.04595243815417189,0.002793293298759244,0.00586895407231584,0.011394575389842697,0.029967898641992095,-0.005044648467300473,-0.0363757341535495,-0.026017356303183775
2017-12-02/2017-12-08,0.0033897422121225464,-0.00685453064054174,0.026844002316888497,0.0003162634861718528,-0.02409754412777175,0.013234695751643055,0.028987508824008093,-0.011973550125224938,0.010990309110640431,0.0054459469405495715,-0.009762193254394499,0.012274035697883448,0.08297776631208163,0.03914163544568299,0.02632048944245297,0.009142943795771534,-0.011036303506132761,0.004047945824169221,-0.017617332747138368,-0.010268500272821397,-0.04221076656431297,0.01945113841275835,0.023010810762101975,0.0693646590490921,-0.02835668443987925,0.0013296234237063376,0.00117896935858141,-0.012235936178766735,0.01662885826097532,0.0006547826043652547
2017-12-09/2017-12-15,0.0072354733983207836,0.00766296993179438,0.00827091930074069,0.023269264931742445,0.02022912655582633,0.010713830102988191,-0.07103577604213308,0.03605689235600578,0.002031439170756645,-0.009385753366155429,-0.005283236018418405,0.01257339592727195,0.04413437288378763,0.02558969489120243,0.009518770132922872,-0.02730118165248663,0.013889168809986092,0.002087176840351246,0.001868640254548044,0.03659301079103238,-0.02436303677715045,0.01445990916435826,0.013122135340497498,0.052593707684299516,0.025752518807658997,-0.007478916096690518,-0.07133390984265563,0.0055915444473683355,0.034205990257184495,0.01787472721476657
2017-12-16/2017-12-22,0.013141962719672499,-0.0008084392912526721,0.014936879062607563,0.020416466522792803,0.01760889050155078,-0.014045890313057032,0.07862573528410256,0.011313567090661326,0.009174883092006427,0.002628189211527888,0.00264497730519591,-0.014011907780175317,-0.03883985849578412,0.0009639057617335875,0.0025697493694827917,0.010232405379537795,-0.002552106044209199,-0.0003861968447399197,-0.020755214143387393,0.0033111716878975062,-0.02673207415140654,-0.024945002532591572,-0.007907360125881254,-0.007372801956673438,0.011665738363984664,0.007247457789910485,0.008242259993610722,0.002058225340564615,0.008404751131626574,-0.0022603698189017996
2017-12-23/2017-12-29,-0.000276071187161448,0.020813545544672456,-0.00965230155142067,-0.00978905471287814,0.006011882910284476,0.0069687080504818545,-0.052388272169470854,-0.01162687504707576,-0.008583125025411042,0.00784348342869557,0.035393716347492506,0.0370074637311757,-0.036294304512411904,0.06778486583552613,0.01608543199566617,-0.012867749952482042,0.0054736460410351045,-0.015127211671805004,-0.005736382990263617,0.15202354379652083,0.06687617640786207,0.017694612044062252,0.03962774610296996,0.01658954549920955,0.034824616508863614,0.003460360758021591,0.04084099213263632,-0.00375695592987006,0.03775558899346578,0.031657609707143465
2017-12-30/2018-01-05,-0.005057110541718146,0.005267670490230643,-0.03030551354577066,-0.022269347504810594,0.003464021111358956,0.00942511651244806,0.0636665788671804,-0.0013581216295317836,-0.012329484357327756,-0.0008687057009858487,0.018490153275060803,0.014756927311373964,-0.00755755283691736,-0.0034267977314767217,0.011074063163103068,0.013344455340728508,0.027370783565474104,0.0012813780312453233,0.012518166363864243,0.0033073712225906195,0.023818012078148054,0.04389591914399871,0.025629166549710286,0.07990142428356325,0.06737368970366399,-0.0017861339705065144,0.058156508325248976,0.0015770560799218064,0.061718369296748135,-0.04254600352022473
2018-01-06/2018-01-12,0.0080238672377519,0.008024131369249898,-0.008067314229693891,0.015492627895355987,0.006892176294288336,0.038492862766520745,0.0721036781224368,-0.0033514156067575955,0.018395912155757886,0.01808048668210979,-0.04337259872403986,0.02128171307781974,-0.027264907893681176,0.03671586722416084,0.022674593140273386,0.002000536942019586,0.005997989196367184,-0.0037058510827270466,-0.06014609501535376,0.05416604494011055,0.05821952136444643,0.028864927734258097,0.002475931135767119,-0.04091614161371575,-0.03071714912325762,0.00678261673838235,0.03629187787468662,0.007368045192273562,0.0050387038074702776,0.014759920815564471
2018-01-13/2018-01-19,-0.0015167575899634527,-0.012587798980134606,0.018331883891496085,0.01467387222059016,-0.00846534588640983,0.019811503539312842,0.013816823477362903,0.0038740233235796534,0.015420188519356857,0.020270956234945018,0.04182687966793337,0.0398394106899913,-0.0049733456522033,0.027822629475291166,0.02444884780517207,0.022771049610111137,0.0005832405209776007,-0.0017150829480383212,0.018127220485896028,-0.058420487801738315,0.03962931539881285,-0.006788936187334385,-0.0005970887432691057,0.028530439313663565,0.008957935061752409,0.00622406848712776,-0.010603211010059538,0.030341163404126962,0.03914597091174482,-0.002579296892549899
2018-01-20/2018-01-26,-0.01061304310091796,0.003687789409537473,-0.0028055493151071813,0.0018919021017425842,0.012826631943714376,0.001915527738188318,-0.013816823477362876,0.2272109672763874,-0.00497505327292821,-0.008185636852337223,0.02948435380684549,-0.0004652620794330032,-0.03478608242321088,-0.019325200879317855,0.020687770938434213,-0.021819551079550442,-0.001604965286116803,0.0002861536540000965,-0.0417786861655955,0.015977603934975947,0.006001593225798198,0.112860586940328,0.06154772612149969,0.0402271277452,0.021759214061505248,-0.021637222232164417,-0.05936777484999597,-0.01980734359874791,-0.0030138006170033027,-0.028821502445481838
2018-01-27/2018-02-02,-0.062365198925279586,-0.09653811881009783,-0.05571739969607758,-0.08255392657860712,-0.03898434824402502,-0.09150465890547439,-0.05358425012835389,-0.026749558829394154,-0.08814574537038103,-0.09615339600819625,-0.11810677378601203,-0.15918058793774725,0.011001182899209268,-0.12119933656461006,-0.10328776717450229,-0.04651551886011653,-0.09778053057650948,-0.08783089154356663,0.02770835663915401,0.025317699564845184,-0.11213265239720913,-0.09520115426473127,-0.18576133019195004,0.016340390024655798,-0.09321816964382353,-0.07819724885340713,-0.16814949307151764,-0.09590585964133366,-0.09642216067187157,-0.06450520859199133
2018-02-03/2018-02-09,0.04093786506928179,0.010179911061127676,0.040411101112468956,0.08298980356298022,0.06354810084759137,0.05675502386926776,0.034268292436305504,-0.012218088883169324,0.007416931380135727,0.03823856847014494,0.0476849811064096,0.07974415224157334,0.3157313328973743,0.13338520081026545,0.08616756289829776,0.03234287948998878,0.011843923745148272,0.019634504876664308,0.014070329526441312,-0.05464809473517469,0.09198559948276677,0.08184998200626044,0.04394339911934062,0.026127719808689533,0.06848192231284048,0.01132141781995993,0.07472802900372538,0.03439536325217707,0.09197658742566198,0.032429545894704474
2018-02-10/2018-02-16,-0.02620233585572055,0.00647619333657863,-0.01721316065357671,-0.013165896106608148,0.003330881674042358,-0.010418361439038678,-0.030605615655644923,-0.006078761206383669,-0.015529590034468008,-0.028540946267000815,-0.005404705316247642,0.016845252769870513,0.0826579872187389,-0.017032617481440363,-0.005400750393259371,-0.006870423564701498,-0.03959667384308836,-0.030781107726057414,-0.01305876853977614,0.027464123253804585,0.021053325447867467,-0.014895359064357188,0.0043359410089198564,0.07598595647574086,-0.021700707328168964,-0.0007466722612955492,0.09084441968421413,-0.0036433645323877073,0.04183195127877186,0.0025696060331114007
2018-02-17/2018-02-23,-0.01145390397642374,0.03827468821329377,0.013238625484492625,0.018998198259065447,-0.017996508636278434,-0.18025990463605962,-0.01102951487429607,0.014097440706832451,-0.010488773481904494,-0.002070151408512323,-0.01718692998779128,-0.03529438689225538,-0.15717512410286189,-0.03316580703916322,0.01213580310670845,0.016372720564811802,-0.02701226903990501,-0.014471404295800811,-0.01939814565169519,0.005124289638231733,0.0018099974786464886,-0.019775570870326265,-0.010084707266935427,-0.024692692529350226,-0.008567946437139705,-0.03135896645493936,-0.0020728057465383446,0.017466584617169073,-0.01858588652107343,-0.0005132183119350818
2018-02-24/2018-03-02,0.01469196805900903,0.05154883681127685,0.052981987842391956,-0.031872516962071364,0.013451732951444683,0.047014520944481025,0.003690169888671775,0.0077849113825006365,0.04333467710208133,0.02321476201920057,0.03573003166357555,0.052693268939413736,0.03158747952656792,0.015308155130028544,0.016873827072174535,0.040440127537295006,0.008467462875574339,0.046934845587589154,0.03842702777818288,-0.04514855761605467,0.0276433102859761,0.0530027887382542,0.054644570675666075,0.11332877826125613,0.04624062576290889,-0.001819472494442367,0.027083140484065855,0.03355852833553629,-0.00017961726111046493,0.00852397879434942
2018-03-03/2018-03-09,-0.00044224115845340975,-0.020780073683933677,-0.0035636307518670343,0.03382685944828284,0.011773754356737703,0.023649107539567442,-0.052942160811849645,-0.0006819388122330901,-0.000803449222551232,-0.01770392899283442,0.008301559304147119,0.01862342122138037,-0.007244449088085873,0.053648809388287644,-0.002651248517598452,-0.03748291048863977,-0.012387020176629454,-0.025070860923057135,-0.021053155769324268,0.052095057987010876,0.018301128516738888,0.0023260057421593127,-0.04207740661990519,-0.01574836379899231,0.020331718139045035,0.04538064555547726,-0.009207739366138027,0.00556583016973691,0.017972164102543504,-0.02544391503129971
2018-03-10/2018-03-16,-0.020473435054322628,-0.03967081895098358,-0.011792818568466753,-0.02526232960847336,-0.016644336978712412,-0.02452936552245498,-0.041631405686100645,0.006375085283100821,-0.03683423387130708,-0.012269697165631577,-0.10889605529394995,-0.08850656549546933,-0.04988130294488338,-0.14456997870793653,-0.04773450363422996,-0.07227074548614522,-0.08012752254698852,-0.04444454224127386,-0.046664727130613905,-0.06284831527928472,-0.024476726795948752,-0.048720302527099975,-0.06164099832497978,0.0721625464110135,-0.008083149790975118,-0.0286857904109194,0.054313086059418876,-0.008482245671511107,0.0005784909377586016,0.0015795817189184456
2018-03-17/2018-03-23,0.018408094549500854,0.01336897327216588,0.0163220700892298,0.008491966452308696,0.01874289388133467,0.007544562731509506,-0.12718965784846664,0.007958235459152497,0.011147719053631782,0.015547912372451516,-0.03141793516129183,-0.015318832631034156,-0.038962051381339506,0.030484290411084428,0.01634902317169615,0.02828667357513888,0.07754663115173402,0.031458766859400744,0.029290855121755114,-0.0049366375454472505,-0.0176773563365021,-0.014249777950567399,-0.04606900095935941,-0.0165927212503686,-0.018134422727037212,-0.0042117252945601605,-0.041229177845888254,0.035267568504133706,0.031135945964276365,-0.002631916438148219
2018-03-24/2018-03-30,0.031044430061923478,0.0009091660761622299,0.008780232621573411,0.0349830607708884,0.02192037013995173,0.003489809244170712,0.06453869070248888,0.00227838307704155,0.012925640565947409,0.022088845480997127,-0.0028203160417897407,-0.00434822211586733,-0.030408841154983275,-0.012842477400964043,0.012087972979459549,0.022874863331331027,0.04042665468332693,0.035002588857606494,0.03145860921833907,-0.03884441824824723,-0.045705496726215565,-8.235488279946285e-05,0.008655402452253642,-0.010349364191197275,0.06124945114613043,0.04727294668528951,0.014136249239124722,0.010284304069934221,0.009502625836605492,-0.005814661529132916
2018-03-31/2018-04-06,0.012520897661418381,-0.04498060722837199,-0.025147039516229364,0.0018070785944883107,0.0026335343655752214,-0.01544705242838289,0.16821371028404442,0.017544242032512106,-0.020651024625637126,-0.008368385530190614,0.02803317276257728,0.00449292925225213,-0.10767362061251015,0.013405370576236213,0.012906322473184677,-0.014360343928237823,-0.01780347523861169,-0.017821141784357866,0.005037761841996648,0.03288890688855742,-0.004725433386331829,-0.00115549894159757,-0.008041993169229315,-0.31715419831181973,-0.0022235093116520117,-0.014313779532322247,-0.008057823882174782,-0.0030275209921933528,-0.01844834804621705,-0.007805551615535062
2018-04-07/2018-04-13,-0.015388354265422904,-0.0013317747434999335,0.023798153906092207,0.0012629670794194216,-0.0008771901166843963,0.013703703432848286,0.007259358933472456,-0.002570696501848292,-0.02562338587612642,0.006339214484819867,0.025485511117920728,0.04906154224834894,0.043261130381208227,-0.0368678877665327,0.0266768410842795,-0.15751468958110387,-0.1218587026281605,-0.09282098806085519,-0.03476828384587284,0.06922542110403646,-0.030392877076022267,0.016543966155549993,0.02950720503013956,0.18430378162632763,0.08937365631724255,-0.013016196264556938,0.04033462117110502,0.008014855146567228,0.03901643867690816,-0.023789288432276456
2018-04-14/2018-04-20,-0.0010055554930177941,-0.03053966299919352,-0.003883482968218603,0.002521238332105916,-0.03512270937891853,-0.03932546406018195,-0.04436960206041731,-0.00524504683784846,-0.022124212911653618,-0.035841142641489396,0.035415472833958093,-0.04327464667337084,0.021277378208016763,-0.03868399438720777,-0.01943661119441651,-0.049672263506022565,0.05583904733853914,-0.053500148579671725,-0.007310846835769405,-0.04028029165399204,0.007006753134844933,-0.02892534790073295,-0.01580343160814993,-0.036294343429091554,-0.024730757864637805,-0.003956670170772553,0.22178352967390355,0.003695199753713607,0.04038837583454639,-0.006587272916577332
2018-04-21/2018-04-27,0.01681784511900138,-0.05320622483166682,-0.02058383524929426,-0.006133773419654903,0.006943580317062713,-0.05196210483051221,-0.007589959241969578,-0.008465313584277896,-0.0563721849415504,-0.02032246928349078,-0.0008041667142402518,-0.016438333826290962,-0.06594303537103963,-0.010573542490433999,-0.0020177260184963044,-0.012968801592130565,-0.04935154701928807,0.028616910564910055,-0.005254708579747025,0.015355150878468355,0.019399415615312054,0.004754508715710095,0.05787503599321886,0.015283076314471565,0.03837769494905484,0.0073986577094002975,-0.007316610445005971,-0.04828929920950246,-0.019257918359035228,-0.0014697499349710268
2018-04-28/2018-05-04,0.018137154182448743,0.012364722443401699,-0.016559980417850804,0.03851722602313912,-0.003616727924822482,-0.04396527019892553,-0.02507347363935631,0.006795305963065544,-0.0033873178816341367,0.006899686740027704,0.06404628002975933,0.07431052663721154,-0.276732604198202,0.07461888139105097,0.040009728812875074,0.031329253741066744,0.001900200480673386,-0.005693819173027149,-0.004223764773201864,0.04105084572694805,-0.008021417357357025,0.10713975884670558,0.1077743396424977,0.0920877492036862,0.028212695093922192,0.030695894662551994,0.007718878520179607,0.024022862845663746,0.015700005665121034,0.04035879651460683
2018-05-05/2018-05-11,0.015015161466859408,-0.010325609384689119,0.011301019247224988,0.025613725457406034,-0.005449665081207336,-0.0302162633620908,-0.1380055878222393,-0.0019250950335821645,0.006660158730272602,0.00284045053606254,-0.009586125040237883,-0.022143467214719815,0.02290526165896475,-0.0011388965586685816,-0.017827373508129064,-0.02389757887333359,-0.02440314772366302,-0.013473720823582152,0.008429894839578131,0.051658903274574716,0.0066889134631356135,-0.022301182851637305,-0.027541364715425853,0.050878214022410405,0.018375810221146083,-0.02304130942847621,0.036950516741193686,-0.02003898395761933,-0.012775492910112545,-0.011187402089430776
2018-05-12/2018-05-18,0.0015711146332087903,0.013987601368287235,-0.023639670044134947,-0.006299464780869221,0.019838324718636217,0.02138790666331543,-0.0866042992449617,0.008258676633025954,0.02281782463779893,0.00047272182200976007,0.011739690486110484,0.003867515355689112,-0.04255961817460223,-0.013612962224239225,0.026229506669029182,0.007008735076439836,-0.014696199130224094,0.010793587277425638,0.276868059041755,0.031192250556114264,-0.09128025191078741,0.005108929077128916,-0.01602156495076935,0.03640212840498987,0.0038259214837659114,0.006672856391608327,-0.01181189270950532,0.009962204795999813,0.022816447943897422,0.04216754105408075
2018-05-19/2018-05-25,6.828127060230056e-05,-0.022817065215130876,0.027817867723917006,-0.034578875095808995,0.000892586339306088,0.0305640169903264,0.11968335108540612,-0.00892917344939739,0.0006987086379495725,0.0159402075350461,0.03097877298640294,0.013315493456874486,0.012212468802460852,-0.014772096144844973,0.005376449362657365,-0.025691489817416473,0.010603006259967622,-0.0026875261608528592,0.0511740759761514,0.09427695308053942,0.06307677209223059,-0.004344692154133128,8.924502492989765e-05,0.007325360427803938,0.03655509041705764,-0.01476497110818912,-0.0075266430802790815,-0.025972224661832327,-0.003017649305097486,0.018295739283142123
2018-05-26/2018-06-01,-0.016099502253551584,0.0039455786739425154,0.0020147751954455654,-0.09878179188136088,-0.014677596627722727,0.03212127210751744,0.07115949514860655,0.007598890143206467,0.018191467459805453,0.010180657005551043,-0.018950027675212883,0.03081142806986711,0.08241008834925447,0.05486056382754967,0.020429194561781435,-0.027402812593158882,-0.04698530334922225,0.01689979626234577,-0.026035128146648795,0.041618161413890284,-0.09725177427117175,0.04481338582236258,0.011884808076077757,-0.013258720264577244,0.027685027268947848,0.06383127518279563,0.0412143654639227,0.034561307712239475,0.07858545230028974,0.02806725575313756
2018-06-02/2018-06-08,0.026014483275885944,0.035648974969216096,0.03796712843460194,0.035463584399483286,0.016460100889871418,0.059164890070806386,-0.01834912127514634,0.0034881069300006177,0.03849394893433139,0.003217792057145305,0.04483998328707617,0.022393359570204895,0.11749636382546155,-0.01965431598609893,0.005338849811000572,0.04373807523702607,0.015236598369868756,0.00017657844926787406,0.01386769858109091,0.05779063372937872,-0.0844430353803554,0.05319452121595298,0.07161095208833493,-0.030468768568216467,0.03604784564506143,-0.014441922431536112,0.02676454963076722,-0.009667924172460249,0.00590086216972368,-0.00893588500735802
2018-06-09/2018-06-15,-0.02227614169858257,-0.0008219255177297584,-0.0035377502855356104,-0.057536265237698565,-0.037808943655048166,-0.0014282811931814576,-0.002059509777513755,0.012521787451384013,0.019871805150078897,-0.00244064597233224,0.023550644825854145,0.008010085150723297,0.06940057406102254,-0.05778126350842895,-0.002764646545147413,-0.01721566482555939,0.017982375431421865,0.012086810865552588,0.009897125958194386,0.10612299666853879,-0.031021370166172253,-0.008625065369277627,-0.04481740552444207,0.09538983798750882,-0.0333657042852753,-0.03981257907256669,0.005889957477692581,-0.04476234354544942,0.06266040899568127,-0.0023298263705375734
2018-06-16/2018-06-22,-0.0049876980889878774,0.019139520116697777,0.004183739950642896,-0.014307469103179454,-0.006804698292231733,0.014368274832780794,-0.014538590073843364,-0.01775849103173474,0.013338263387987506,0.008780089808678108,-0.02650207952850512,-0.03716095375463976,-0.06026809911449048,-0.019822851920995768,-0.025130349637851386,0.04122764315363307,0.004938305029888197,0.010528181248223554,0.007547252379825396,-0.01065303946733264,-0.005833726869429994,-0.017760848927972403,0.013301676127419304,-0.05300553052725889,-0.04100800669747845,-0.026575547825228224,-0.07810861648790471,-0.023348777501224903,-0.030271528436060804,-0.009878760998830326
2018-06-23/2018-06-29,0.010569201464834041,0.03224638658732591,-0.07408497624391003,0.025647738235226918,-0.003731364000024547,0.015032630996290817,0.002090311325601141,0.031256556928379205,0.007973454111754524,0.027007176284196358,0.011249784408264019,0.012795134467788072,-0.008368223564076772,0.011173434922773421,0.011392203825747058,0.004520896361107174,0.03224985784988738,0.005917163368264317,0.046998564191327,0.006289436349205539,-0.0359884979905838,0.018319657995132733,0.02310888305154935,0.04885412755506584,0.01293921389762059,0.0063768224882035564,0.04487390338845119,-0.0019274343508173476,-0.015540593070109158,0.018835811471390438
2018-06-30/2018-07-06,0.013310368675985243,0.009619621587619207,0.008217281420517716,0.004736450995425989,0.013733322522333417,0.05649318328643178,-0.016842710892786886,,0.017912630645565832,0.00022410418428870415,0.041795080233208305,0.05121186541550785,0.033060830868005125,-0.011377737121824145,0.04344855530804519,0.014161971211025139,0.0009665439010555707,0.006572366107420186,-0.0065479128797908326,0.04024487490264647,0.010308059314742022,0.03687375856504976,0.04388300799086244,-0.10981481161175585,0.06316016252634732,0.011376313019064081,0.02432127727319908,0.01759602420641219,0.004633633343238432,0.056341181240999294
2018-07-07/2018-07-13,0.007565266609326362,0.0011597692753091576,-0.007846214776680396,0.03006154091249477,-0.009328515816484502,0.002456362651111258,-0.010672679532299665,,0.037311457959817336,0.009801685172490117,0.005638386007787408,-0.001799684646369015,-0.012644280035954223,-0.02734211642557836,0.002013483995688601,-0.028033244589661128,-0.021291853043984912,-0.01861759754342545,-0.055527949182065064,-0.01731213525502322,0.035625928255967935,-0.004383677777452333,0.009225421560418195,0.08961219557629309,0.03390151879036072,-0.010804565103265034,-0.009235433532868962,0.002650450375386201,-0.008204896582941284,-0.00046830566651926607
2018-07-14/2018-07-20,-0.004789248378685489,-0.021084128988101303,-0.005528842809969923,0.031222994553528463,-0.0003123609238763714,0.008306947881188189,-0.03493786512872492,0.003677053679923191,-0.00667287372407254,0.024741475172812732,-0.1660105111401094,0.0695763740354125,-0.006759259570440832,-0.0004201525013045221,0.04879021689925624,0.043064027553147755,0.07216000068697168,-0.01486234537820669,0.01910611471889288,0.022717712843964552,0.01794093338439977,-0.04181935368148288,-0.016459988502706337,0.03764961597209384,-0.026172910199378847,-0.008100844977777917,-0.0179021681649966,-0.0048016631620757845,-0.062432888766354375,-0.004381671417914067
2018-07-21/2018-07-27,-0.00855639204903472,-0.009316394971234139,-0.03166624128465928,-0.01567785025111363,0.019496190900368953,-0.03802115901518624,-0.09309015557203215,-0.026029083558537267,-0.002699290112028525,-0.001298508437651734,0.000623778245372258,-0.03512556085517793,-0.03371971015922986,-0.0702692838102471,-0.01887816009434819,0.01806919437487397,-0.0034961985265907275,0.047516741269249554,0.03276558311516729,-0.015696544056067,0.021576737492585665,-0.09802723944477838,-0.10144083185422745,0.02177376363969713,-0.061747991999464374,-0.004686246422199912,0.03003068800792457,0.02105599936321756,0.062432888766354326,-0.0018841362391540612
2018-07-28/2018-08-03,-0.018515603665727572,-0.007194987490081969,0.03236454209261029,0.008802469659420331,-0.011404084878961135,0.027093838707486533,0.09086570162346627,-0.0008371684601477295,-0.008669518296897518,0.003674228651126401,0.03739401686345386,0.018622943238046384,-0.007824796071143253,0.06921826585772468,0.019334169074819805,-0.01877968722808016,-0.0031387248364588057,0.0066069141873780915,-0.1801262741272253,0.03380079855944267,-0.02799840504653313,-0.006472343480257664,0.1004029929118648,0.03328592422670309,-0.0036463087453563517,0.024722594727925422,0.057607269109369946,0.025711446492627667,0.05175416157303001,-0.01583774361349206
2018-08-04/2018-08-10,-0.003877715601193372,-0.012513944393813505,-0.05551584468383624,-0.013705093230009183,-0.020987523559302158,0.011251625258902163,0.008868990351510307,-0.011799763626856126,0.004825637105940675,-0.002808755636171684,-0.046907651694142675,-0.03247184656737709,-0.03354940232604743,-0.10781716489020854,-0.018683653241648404,0.0033117075172807097,-0.018475870271253733,0.026824099111421647,0.03194082704224773,-0.01870360107354794,-0.0701695893468805,0.014678253521972018,0.005893188155132243,-0.1930936656867041,-0.07193263278843198,0.0151390085639454,0.03033409541639222,0.017612589159187644,-0.012880613505541077,0.0019137047188048932
2018-08-11/2018-08-17,-0.0031901724822395927,-0.006827305917300663,0.011783407378632215,-0.0011348794899893556,0.01195738034366386,-0.01618339980263099,-0.022322091866946024,-0.01667059299056248,-0.020515479024117326,-0.011314158182769795,-0.010357099379910903,-0.0023721148656114877,-0.03471423470622075,0.04935894526329285,0.0030974340837428976,-0.028265343199974403,-0.021706889034762436,-0.01674315160666981,0.022680494739023817,-0.040359962707914775,0.07421770958355163,-0.028146699290427794,0.03694590823982473,0.03197433961539582,0.059989439158180745,-0.01670976748029267,0.030058878197954334,-0.0038239878912159353,0.005821759440144591,-0.0694367293631666
2018-08-18/2018-08-24,0.0021988943553833515,-0.022856472937518756,0.018760866206472528,-0.022584788016021342,-0.01385834577694343,0.002304517721934397,-0.07012217571582122,-0.00865803577388259,0.00026803366907782823,-0.01654764160130153,0.027045861595425633,0.02688805380485247,-0.0221097632068855,-0.04258864160676272,0.04000370460860495,-0.04662379917324144,-0.05784918835847262,-0.01924109956902681,-0.015063168801313274,0.04930978702463232,0.0612953034076313,-0.08408155106543637,0.029853014663446895,0.02622652655966535,0.0174077263095799,0.02330369973045521,-0.0679881902174011,0.025766504130525433,0.03820383129985357,-0.019314162102584995
2018-08-25/2018-08-31,-0.0119018083445504,-0.05770610021576813,-0.0006709808443932178,0.03984571020297558,-0.02083100034880499,0.008513483942150542,0.040337151952173834,-0.0004350474270304786,0.013660834382164413,0.018078284616113268,-0.0888965482824846,-0.05779909272366911,-0.06482522213284599,-0.059186189772781596,-0.029092784161262337,0.0006362410782983681,-0.03023002357024153,0.03532629746370338,0.0050462061189416535,-0.0002968070214822736,-0.03850575594811464,-0.023916760623871387,-0.03238135814577423,0.06238611170861172,-0.08280916903585729,0.011980891683173902,-0.006093003873098304,0.025575009611999124,-0.03430676219860288,-0.010678861775958875
2018-09-01/2018-09-07,-0.0007891971578268874,-0.009800959675130587,0.02933278183437518,-0.06412162162704044,0.016699190021082163,-0.03991220716394642,0.07394186928958764,0.048396478059312825,0.021280313535832544,0.0013099200987543287,-0.007224550990840887,-0.0015637875959841252,-0.09320224544808695,0.034929858419638096,0.037631228107507735,0.014646672943263368,0.01543606470547164,0.010961044052017076,0.05785715445963824,0.16755684215464312,0.012695048361727515,0.005637660046376983,0.04434159782811459,-0.013693246699534044,0.0787135932984837,-0.008217141013973616,0.03048374241495678,0.006461937827667786,-0.019779350831293202,0.03874677587563274
2018-09-08/2018-09-14,0.010563485844417667,0.028466157854761014,0.01725938662616478,-0.019686971728525553,0.006349339309712731,0.024137987958842495,-0.062380808852299574,-0.020092666677494857,0.001997976245888225,0.02598965309745121,0.028470345592752622,0.007945440441437739,-0.06662196007028105,0.0009530207824242853,0.005828417890601757,0.03413145896712176,-0.02600247052072234,0.02562539886760604,0.06290431450173961,-0.0040284340349157335,0.05683968317158844,-0.0032554752838797277,-0.03974923738271517,-0.009780091675163024,0.002732217812517717,-0.009963707585450187,-0.03246054718764971,0.005297394607552579,-0.0055754717309138375,0.03290571893626166
2018-09-15/2018-09-21,0.006933606173245267,-0.042554868217144264,-0.016747660274066198,0.028007410990656893,0.03482944365699316,-0.034712859500955436,-0.027973908600493886,-0.023097500182750506,-0.036862830646099666,-0.013599742341632361,0.01684319208970081,0.013164288291706157,-0.016278125690784285,-0.010774730357124205,0.0073690803547735665,-0.012678937768115944,-0.0008503299744427389,-0.024222840979124187,-0.031724791413103894,0.06518325120190828,-0.013086327251219873,0.05077329397637652,0.045676250028472414,0.031441610235295056,-0.005471921095816609,0.03507665841015114,-0.03109723110281468,0.01517180510740951,0.03728568595033828,-0.023900488022311664
2018-09-22/2018-09-28,-0.006294947188058371,-0.01187509579674009,0.03276875478489302,-0.017512819619360936,-0.028834736471981818,-0.04112922775439986,-0.08636703204752852,-0.031651243758278616,-0.040803285747657306,-0.003483385653815783,-0.06099112688246472,-0.025407821980330363,-0.07495002720647727,-0.07288653794738106,-0.01426055175794364,0.042013413385132675,-0.04035237897779041,0.016483448044846315,-0.004460955370276796,-0.019348517637282337,-0.030085838459550086,-0.04602560574521179,-0.03859934244924477,-0.05799914462822399,-0.00045736239307856845,-0.0043934832113050075,-0.03861744920067242,-0.008338381617231494,-0.040616368662102595,-0.02656751093917203
2018-09-29/2018-10-05,-0.06598676926497422,-0.03174130637341015,-0.019688337661246197,-0.08502383747426846,-0.05562386825297449,-0.05773660887762482,-0.1030716963641841,0.024299532880069606,-0.014645807086199345,-0.026745278674696157,-0.03523754430836465,-0.07617186177919476,-0.08744023389744919,-0.09699472555327633,-0.06293805379225939,-0.018178982548423102,-0.003681606558645255,-0.010740649719585636,0.015324017084938957,-0.05656297253978156,-0.03242032781513384,-0.09574864860504739,-0.0757425131547644,-0.04824363959840709,-0.0859307547585463,-0.01721601684877839,-0.03139649322826622,-0.028307853326600678,-0.03941527555845712,-0.02319568274945516
2018-10-06/2018-10-12,0.033024093279875474,-0.010967937930628238,0.033061069848651564,0.037116619183075024,-0.005669450942872959,-0.019110078305896748,0.14841948365104227,0.04336378154699116,0.02695140723028263,0.021496813055495584,0.010186080272523521,0.006551964090180746,-0.07897080277293311,-0.0011417678256984102,0.02416029253413653,0.061374456772865627,-0.044738751814420025,-0.0031132581597815285,0.039161523255370596,0.03535528376412057,0.014845982159188184,0.021013002971351665,0.03701301972786915,0.0226885871567489,-0.0054985743323264615,0.02328916512776799,-0.005082910190066065,0.03109517699978868,-0.01675195986815032,0.01604858134867942
2018-10-13/2018-10-19,0.006942463717844889,-0.11255210973545444,-0.0545042072569903,-0.013144042114354567,0.0043384851948412234,0.013034428155359367,-0.04277332551133831,0.01044930186924345,0.04457651194405226,0.019540317956860596,-0.025960294963653843,0.005160161581437841,-0.05290724739285868,-0.0020013441184313116,-0.0018448185526055033,0.034918182270369275,0.08518170988791064,0.03594527918948742,0.008237989477050005,0.013459409934414844,-0.0777810556022957,-0.07007364140384811,-0.04985485898163758,-0.02533991080342341,-0.03936109621201276,0.04970047988588387,-0.018349948620567335,-0.032819535912004996,-0.017457817312763056,-0.014627281267878912
2018-10-20/2018-10-26,0.011296112671450361,0.028304970925682814,-0.059288421172356415,0.006169333329553852,0.03211261107684441,0.036279267705653456,0.02287263463982519,0.09776422563416043,-0.01194508138627319,0.026102256173281865,0.0052859362039610995,-0.016085692134386542,-0.08102209786992451,0.062138695908405484,-0.022221189288130744,-0.025479119989286106,-0.04134541167353323,0.008042217802276753,-0.016991151600200968,-0.040427121405326415,-0.019857372626172952,-0.046056600517693044,0.06580641204361809,-0.10388667139098115,-0.06906739383088689,-0.0024557691316887966,0.10884129707148817,0.012234913816166785,0.016218112625937357,-0.015024379095164743
2018-10-27/2018-11-02,0.01670882057370746,-0.027366472143488217,0.01893538395061628,0.03357618929979329,0.030175433251352482,-0.005709590478137145,0.005012088948046851,0.07095178242360763,0.03999308267173944,0.03276303571420233,-0.025901006417724377,0.007933476688566032,0.08248948313658064,-0.018458747104689265,0.05358009566056411,0.01270920022963342,-0.015927789579368846,0.02635026147127788,0.02777348016529559,0.04115592845233621,0.03590513550898422,-0.0035094254384651804,-0.0788152477857138,0.03520976395197025,-0.03698854805818246,0.05884729473015058,0.011946444193693825,0.027684808676670968,0.02633663854609551,0.01768395042665621
2018-11-03/2018-11-09,0.013853395192016752,0.034513567728800015,-0.03252570266263217,-0.015084357668359223,-0.009115071843975031,0.021199621819339376,-0.05129278617953468,-0.03321139969613398,0.006355834272400612,0.008276949673095384,-0.02756238471787315,-0.021776768985713478,-0.00440856107316634,0.030489313134239467,-0.04082200678846634,-0.041646590108673144,-0.2145791495253126,-0.13211235689653644,-0.02971201350799922,-0.10032612750128532,-0.058239526230150315,-0.06173718412106741,-0.05238063742431848,-0.05674587571240759,-0.07584863094556708,-0.010405553151112195,-0.012623761689165519,-0.018633808525143437,-0.05080184372675135,-0.03605300345441706
2018-11-10/2018-11-16,0.0015353249232435769,-0.00897445978379233,-0.016494773303690646,-0.0345261585455314,0.006295303252872237,0.013114345058678754,-0.015915435678144175,-0.051408280304017805,-0.013099370961171013,-0.02051431852526172,-0.06483036139622907,-0.026126040595951926,-0.04518844050334274,-0.01283785862384842,-0.03533503507001055,-0.022147220549991853,-0.016913063147022206,-0.05177106683581108,-0.035406424096365255,-0.08282165310655246,-0.10098556734354966,-0.04911883517206742,-0.056586275688061696,-0.08017655030971772,-0.05462324184596328,-0.00458693770955798,-0.002204379652013181,-0.0200212753921215,-0.00011562284744899279,0.010044790660956773
2018-11-17/2018-11-23,0.01157759694023685,0.009103833766954329,0.010245328991906553,0.04013202252126988,0.002819768591102792,0.048254602138826146,0.052094594939852495,0.030864656837389755,0.02560637511480387,0.005117090466309735,0.02822813300340637,0.047857243499024156,-0.04571323416179337,0.06689111192220028,0.06640983060534339,0.03522667873266378,0.02540456455904544,0.028099527675775976,-0.019051073719355938,-0.0820379802073157,0.09734449908088433,0.027817207537173344,0.046362655588452706,0.09629790402401868,0.05649769952888563,0.035167001096457894,0.023695288143353768,0.0581578709976594,0.07632886347026809,0.06592302648010118
2018-11-24/2018-11-30,-0.012833690580982424,-0.054597305212560815,-0.028378856241778588,-0.03176208243887299,-0.0026254542229699226,-0.00905445291853111,0.007585365901991204,-0.03776903803422515,-0.012164721473341775,0.016009848208179963,0.006827032736119774,-0.01518897903029518,0.048790230091619695,-0.007835347639584897,-0.009116634977144001,-0.019390853955292955,-0.025404564559045426,-0.027915520275421952,-0.004424160590597336,-0.05801569059815748,-0.07519093707573286,-0.029484964249260243,-0.05237092948174744,-0.07372844394638509,-0.047947821006208875,-0.014188587340528703,-0.02650027995254287,-0.003926525878814585,-0.05043325414346197,-0.028472094738210788
2018-12-01/2018-12-07,0.0050839315799423085,-0.013512879236282464,-0.043344412858793584,0.018834538748528504,0.062021037840514666,-0.08671499732951583,-0.1346109846476004,0.0065222925620831325,0.02074990542344894,0.0018209782973596681,0.037806812635756595,-0.004220177652369851,-0.11548154094128299,0.01959864321647849,0.0023780942535701166,-0.01120101289603691,-0.018970466628908878,-0.008862717714615278,0.005527029511857636,-0.03761137081825508,0.010339632311615847,-0.03666782438089472,-0.002828813055851025,0.03035300942927594,0.041686036000054924,0.0052705715737452665,0.005919420388931356,0.02119460812101184,-0.06289839182212303,-0.04621188974038716
2018-12-08/2018-12-14,-0.019925314726833086,-0.05062920910858794,-0.09018725466355752,-0.034692867407051235,-0.020148134768355745,-0.08227555540798472,-0.02924244962176827,-0.03107040760197607,-0.07125865186182548,-0.039795125798601116,-0.08345085793482757,-0.04765522632483788,0.020478511345710722,-0.0497361871694833,-0.07531056201737489,-0.19959116678845915,-0.05760890483570428,-0.06671674949827357,-0.09751714490412383,-0.001394658156745446,-0.058680436534096846,-0.04321570408160725,-0.03654255679036319,-0.039963241670501096,-0.04693889622542486,-0.07084145677512355,-0.16513674803608774,-0.07024706254260894,-0.05865180510569407,-0.041708258449458725
2018-12-15/2018-12-21,0.0003546052074059604,-0.022077278208574334,-0.020461874747970177,0.029417034945013673,-0.019632581519443613,0.004662949099124358,0.014728111110088142,0.004722587024372115,-0.007193728438866214,-0.0002101850816471957,0.008361057112329578,0.028241948426760737,-0.17090059788808212,0.04098957226138981,-0.0032559795551395983,-0.02007826767112458,-0.0201774190412067,-0.03510593314830275,-0.052939326700567585,-0.014175767412178634,-0.030532114644697492,0.025372436530650112,0.038900492298332943,0.04715388446718331,0.02663364972553336,0.011620572805390982,0.0338059504383007,0.043133220109125056,0.054078589410172205,0.010925063038197224
2018-12-22/2018-12-28,-0.021986741713734815,0.0018082570670190298,-0.011688902192022378,-0.04125391654829003,-0.016240004946566407,-0.02955877446462216,-0.005865429470416632,-0.017026859937346137,-0.010658148590681184,-0.018902821037523172,-0.020882707716088328,-0.02639740641906559,0.13478316645332672,-0.03699932410056779,-0.03807514992282329,-0.003605517190612379,0.028201058293094942,0.023388424126466995,-0.0023826913457187806,-0.009616812822170131,0.010582064529551216,-0.009105737741259676,-0.06821933216860192,0.006122408683771616,-0.04456833881952862,-0.004620625934971463,0.05833025593115143,-0.020211550686794852,-0.03597588852898813,-0.006310195819960907
2018-12-29/2019-01-04,0.012449291309860017,0.06329579213179819,-0.010387961394981292,0.03339419582158314,0.004398276146319323,0.10398453796330982,0.15499075262969728,0.05428494316712724,-0.0010165017300656993,0.009177580188780704,0.09037092745842877,0.05072630142368905,0.041172157152608656,0.10052999019878686,0.0617112128457113,0.02541150156643547,0.01756087253072444,-0.003677173358292203,0.011468904359878608,0.03930326801228422,0.048145562973677745,0.1451992621503047,0.10384649543701077,0.02312826482520005,0.18265660766376682,0.037316930445452395,0.148141453196671,0.02929528606495469,0.026757255768797342,0.060838890579554564
2019-01-05/2019-01-11,0.016385129056142634,0.017094386384200917,0.0026851849797951874,-0.031191540834451983,-0.010715445142760814,0.018786047639043183,-0.08678244596524919,0.0,0.009844835555695413,-0.0002125896147845062,0.028036071295864592,0.018632624519739346,0.053978826387821366,0.010544779411841922,0.02403333148632212,0.06215122924579573,0.017563462778566827,-0.03753564038804396,0.044603735648578696,0.007883597936016975,0.08801395005609292,-0.018856049449698823,-0.043002374114908155,0.001985951196554974,-0.0237299316088462,-0.0024265619415268823,0.01565330425851988,-0.011946374859162997,0.050492875726267164,0.03284800547315241
2019-01-12/2019-01-18,0.005332392835313034,0.031049549872450524,0.02725032797191879,0.0035139382329219906,0.020696800928829005,0.019885725824306782,0.029772424262120702,0.0034187856133768048,0.0025603650609166105,0.013298015146832837,-0.01679560594405009,-0.013851886716135409,-0.01605177019640247,-0.0013994148116501124,0.000753388983963125,-0.013465707266185902,-0.03924526903019886,-0.08257800516803773,-0.05756215491126589,0.11956417870542152,0.01665840067559686,0.024007037335007298,-0.037517741265460966,0.003960490422183639,-0.008613295791911791,0.033980387740674724,0.029934207077181512,0.0240743486386046,0.06698753785787678,0.10597199782080527
2019-01-19/2019-01-25,0.0660027030323109,0.02906833646118842,0.05242782257355003,0.035325806211217024,0.029661186149274973,0.0333956616770184,0.08678887591465581,0.03172500062628212,0.02853849081398215,0.009184328577875513,0.13369419476368535,0.03791587875174515,0.03497976157411009,0.040485851428247774,-0.0168070987088609,0.06976573426244408,0.11396371073413206,0.13009233733801598,0.0724032359857768,-0.024533446868113953,-0.03948923877100656,0.00827343644551235,0.03922455279519346,0.038764573511377236,0.0244956877748777,-0.04692900426766422,-0.007111946213283881,0.011450686429571637,0.024438873290537587,-0.01583579725394121
2019-01-26/2019-02-01,0.006659662710742584,0.005999718612920507,0.002243440127785458,0.018037528276607716,0.02205122030859741,0.00331383617851012,-0.047568199441156554,-0.0018386186633328019,0.003721001019524,0.026449304501434057,-0.0018614427434218215,-0.01790523259397453,0.07667161043060713,-0.01604397847549637,0.008011688060144143,0.0001304051831980893,0.005370919907363634,-0.012848201408292018,-0.04320798624147329,0.12613024206477097,-0.11302790317266692,-0.09238730350932059,-0.09078234774346859,-0.0038095221213308196,-0.06871155452710097,-0.01977129860675658,0.10080338065566408,0.006681015912858638,0.01802313732768546,-0.005441897056629103
2019-02-02/2019-02-08,0.008617880286542824,-0.013089303136144374,-0.0005174404250475607,0.00020764560268267347,-0.006801757727070946,0.020679709003940356,-0.12841658336423187,0.027587817060442433,-0.004431331568256921,-0.08066659356925295,-0.014712902438716821,0.02084084948324029,0.27530483974515924,-0.02304245814110133,0.015365322671213533,0.06459592711944023,0.023956696285928166,0.008583530159307825,0.03590216929084081,0.014400785689343026,0.01314225249501352,0.2243318331089972,-0.03279674594802999,-0.013448834009003941,-0.09145984271409698,0.0033605170416421684,0.03134158465894098,-0.00806555069086395,-0.005936636845359504,0.024101171759228275
2019-02-09/2019-02-15,0.01745940644632694,0.02086142822422826,-0.044716352098081676,0.0060083718286734365,0.0260665892441623,0.004254963367145273,0.020203307882120145,0.008556232258814269,0.030699030987744978,0.005904793890004789,-0.024137708571839864,-0.022379269908529276,0.002195336095339993,0.0039549080086624016,0.023208595254981475,0.04456281834716132,0.016109627999315878,0.024722398417654494,0.041548213648399696,0.044580712378016904,0.03613455247779067,-0.08307167914894129,-0.06293891515041976,-0.027949811596616168,-0.02474214314974933,0.03870234901998636,-0.005374862585682151,0.01539088107741133,-0.12668031993815537,0.014310511474262173
2019-02-16/2019-02-22,-0.018879847125776582,0.008480054708698309,0.020967916997052565,0.022064445546040628,-0.004636204410546678,0.08072183539322873,0.016997555703081788,-0.11339966104509687,-0.003970092569706257,-0.011403420226321835,0.008771869731789938,0.02002977179466577,0.06268649469396731,-0.006055067970598983,0.0279257963396962,0.01576694218564446,-0.004887423586523967,0.0397014742395891,-0.006216036561330783,0.056183331501981744,-0.019945730899127278,-0.011212762195117788,-0.0037746021886481853,0.04710745467172621,-0.024675728113686138,0.005618419270617148,0.010490576665255378,-0.004012792586183213,-0.008215115910686702,-0.024070936430563628
2019-02-23/2019-03-01,0.03540388162796883,0.027758443265655786,-0.009025833154021348,0.009001401018473396,0.012124793387409526,-0.035723805777963163,-0.03138658636557083,0.053795449080563836,0.012046226546620608,-0.001324520322261441,0.04647195835122557,0.021340764477550147,0.00922611890740615,0.03759335261293014,-0.014746826972294421,0.00034480509564758025,0.08476320070550829,0.04349771708447753,0.005042788331895126,-0.004399744408634202,-0.012929908876788784,0.03669570921065687,0.013092934662928973,-0.013371669075724527,0.052714889560742446,-0.011877932317394146,0.0032866084250082134,0.021357629288673928,-0.012027167674421241,-0.031172492368731125
2019-03-02/2019-03-08,0.015729566176998992,-0.008874493426351082,0.017561071332491258,0.008403846748989889,0.020730690951879474,-0.03167017132879321,0.09134979175143464,0.030794357041629854,-0.005181121414647756,0.009232912797777767,0.0061302765510969845,0.0355764705513657,-0.033198137159645105,0.023347292989176368,0.037340825227253197,0.03191067170368588,-0.010810505059139355,0.02987460294957656,-0.0006709311401919824,0.07547186751661239,0.004132205336306716,-0.005348346009143688,0.04446647773877939,0.021403930036242864,0.06807082921289292,0.012222644705180764,0.05250741491877136,0.024960193000862902,-0.00278671028444993,0.023071290468053514
2019-03-09/2019-03-15,0.014448938780345073,0.05222189066185677,-0.007176460254580729,0.023043602291753205,0.024980207835481286,-0.09614842832566294,0.23471633894183208,0.024184581106885504,0.0335435620419921,0.004525890615515086,-0.024328347438260185,0.03590836236411754,0.16315167530079264,0.03030550534436751,0.047962828300028196,0.023336023456680524,0.04594490527177384,0.00935287571303354,0.002346392586503538,0.08676501837575361,0.014039425968773759,0.05941566305974535,0.06977874599855942,0.04912610715030129,0.12146630023985486,0.01966943136799482,0.04275354259226554,0.0021196749319262916,-0.006285112318371614,0.020168845674027908
2019-03-16/2019-03-22,-0.00012188353925187442,-0.014644425503044407,0.018193456105517765,0.024806633296852808,-0.013245081724370802,0.00478554791263402,-0.10582552345585917,-0.0024996485353389933,0.01989459154153264,0.023238881595442167,-0.003196176595345681,-0.05304349700247744,-0.0392924292998469,-0.039801017029699626,-0.02774809010807347,-0.051688863412427975,0.011260309639058939,0.010104156946649203,-0.024056866124557486,-0.0702668507380422,0.04847196231518442,-0.02588551459233903,-0.026790996684047122,0.004024240839726022,-0.03830612778657743,0.01607475489863555,0.046710510576032,-0.0005043148311943028,0.035556893738897956,0.0330083481955813
2019-03-23/2019-03-29,-0.006001056347886543,0.027314110669247063,0.10422969106489655,0.00832213680194275,-0.0016680387001152238,-0.029630420389920913,-0.018779456731882214,-0.02571214437763281,-0.0030412971905382025,-0.002148993461839928,0.06132428414725419,0.03945793490142717,0.026668331283552928,0.064025341394343,0.020568879547682942,-0.001376886738719061,-0.004132613495197665,-0.03774067265232937,0.01615804812933596,0.030398784593296202,0.008541226310841386,-0.04257664156453667,-0.029341197217972417,-0.01664833057849736,0.015721866788562033,0.002531126070223752,0.0012376352120626263,0.013126871775670977,-0.019807326278161033,0.0045628354764658844
2019-03-30/2019-04-05,0.0030659875381518105,0.0344622013598208,-0.001463705515058283,0.0,0.0025010158266975907,0.03494131865192296,-0.016727290845367202,-0.00896019938355758,0.001645067488463606,0.004936134321946991,0.008429094879039376,-0.008118472323435828,0.0717717970792295,0.03174874887687678,0.008093670950126749,-0.006527963961279567,-0.023913457736752276,0.024960511698448075,-0.03388955639066182,-0.06336761820263519,0.008196760445598552,0.026598517412469314,0.016616773807766376,-0.03509121671622062,0.011631207332852726,-0.005227593391574158,0.005882757968909106,0.0031804302215981623,0.02620617236868217,0.003181530932601517
2019-04-06/2019-04-12,-0.0015317060973741344,0.02236925912878537,0.03913619795010731,-0.0045308044828917884,-0.034447194575190625,0.00818559840780631,-0.09603278898626492,-0.009723261786964733,0.04358299857193364,0.01635006969804543,0.004328538558020608,0.02601464798381476,0.010919899534702293,0.01540483325942244,0.024950200289445272,-0.011999884289712805,-0.007513065637114295,-0.029181694201459128,-0.0942856007219838,0.0300572970050598,0.1677026723810186,-0.07684959606049546,-0.04871667978919498,0.04322493845912656,-0.005521846353188035,0.03142585642132273,-0.010699727025983801,0.024990514276871607,0.04611239749485731,0.024652038157915494
2019-04-13/2019-04-19,0.006722967215377644,-0.0376033978460626,0.06504143726691396,-0.0034115846881893263,0.0005741975134386926,0.04775444382822719,0.002648721077541426,0.038700149722187285,-0.00758238964932196,0.007553642092865248,0.08068099198703002,0.020624118087388534,-0.02538208904197494,-0.034743857463331154,0.04578625326938258,-0.01070947283170927,-0.0394822824611411,-0.055979857607974456,0.002716070715257989,-0.0437894891430998,-0.07673090560023063,-0.0017192399351829424,0.0235254115512603,-0.0187158580602854,0.011013369283882156,0.015375456759965976,-0.03182977710270851,0.0012573261309387373,0.032499728746529725,-0.03148224514404533
2019-04-20/2019-04-26,0.013371897677538191,0.010334217872695386,-0.014432549124838859,-0.01318723821254943,-0.009809460179197595,0.0015531998997782592,0.09819202345660814,0.04558280817479578,0.005534383278178784,0.011431265277188908,-0.0037843021826011744,-0.08290382414257438,-0.06734166697715621,0.011648183138693098,-0.02302717303605703,0.015785884597376443,-0.019541210476099267,0.03347347329810589,0.023737374681568515,-0.031423800090042295,0.06469379970502355,0.015156517037773763,0.07044139585594389,0.013300734353576189,0.02648086471499537,-0.016915578850588028,0.04300991234341171,-0.01666794729079821,-0.007734641187543338,0.0
2019-04-27/2019-05-03,0.017220526128658417,-0.04199352762734622,-0.03518510694765844,0.006328369170881037,0.010096636325745008,0.0655725888777528,0.06723298962267629,-0.023415382621508208,-0.006168851907414613,-0.020670903679425923,-0.020358609033478785,0.0012507932013335454,0.07841976177666876,-0.030530469012619434,-0.005641459272128598,-0.011726465161557011,0.010346332042827732,-0.02225466691656497,0.010538636176731226,0.23281854475893712,-0.021658125025054396,-0.011506563921821101,0.024183561168217873,-0.07808378463179111,-0.019930681149021235,0.01590470336302517,-0.003878280383087591,-0.009877499259555635,0.02817894852195693,0.020352165872864
2019-05-04/2019-05-10,0.008998405583493102,0.01206980889313521,0.02765563901326142,0.0,0.017638978891521315,0.03194553984205364,-0.0022451493458123415,0.011251711402104691,0.03293058891320912,0.04496509700499112,-0.008838247245255691,0.014053499065896672,-0.11767714704643496,-0.019886444278157372,0.026963813485867932,0.018649937685602528,-0.01408660507334904,0.0007688983424840176,-0.0179438323642109,-0.08995926924109009,0.00900255722414072,0.059085509315999936,0.05180726482007007,-0.05222071015699909,-0.12625178193403333,0.011364974536353108,0.0053746231045949215,0.0012897656213594676,-0.015429223377537635,0.011573054894163251
2019-05-11/2019-05-17,-0.016588877029072836,-0.01901598511126566,-0.002857108215581057,-0.0009560534949640251,0.01982500664188756,-0.011009874721365893,-0.07462620019967313,0.012163671219403552,-0.002305459200357288,0.005430923399674124,-0.03327660980229104,-0.03361916895874574,0.09105467135141862,-0.11697453823479306,-0.017865315310773393,0.0085008643801289,0.0034736306974208894,0.014880251313577661,0.11848175173142023,0.0578336939675169,0.023771886244472233,-0.0721363804651287,-0.02991782418701671,0.020408838505090357,-0.0345403967222657,-0.005113356912193339,-0.0607869034187576,0.009322047251884574,0.026531159858502993,0.01129419186374166
2019-05-18/2019-05-24,0.008063036124458656,0.000971576780404395,-0.09623680765169185,-0.0238174290316983,-0.005266932046512778,-0.015138537465307734,0.0048304043749245055,-0.020238200013944666,-0.01051932588831866,-0.012108907038249074,0.011762240674312087,-0.0211146803332886,0.00607382760267933,0.0016842792272114622,-0.003572649795346778,-0.08011986050891914,-0.051447457853728146,-0.05048644294143248,-0.030771693114352537,-0.0019807672014895013,0.008256943392925901,0.000216852513362752,0.024697292281909276,0.002018112329890963,0.028348403073089386,0.0013560155619276532,0.016177409298721905,0.0015769207782294122,-0.028548375356179864,-0.05132387422920219
2019-05-25/2019-05-31,0.010222127624111184,0.020663932504330608,-0.016853360904503043,0.09061377181188238,-0.0114606039348508,0.02473962816615991,-0.03431662293514281,-0.000352263190134445,0.02586585832472351,0.042728812446783074,-0.08361440948332977,-0.06793229786888821,0.0281468400343532,0.012425720344338694,0.01648623830026413,-0.03061466917754751,0.03477127865214493,0.010697324676753092,0.0448921979422805,-0.024281426964120778,0.019453286607795515,0.04520201074692406,0.033817431547639,0.04049941677169607,-0.0062305734444076475,0.024781431916315967,0.020698738244689797,0.06546107906239251,0.034454037110387595,0.007952259398264319
2019-06-01/2019-06-07,0.011101903095258193,0.021526429342394814,0.027739295118715018,0.028309613604587718,0.007840873624221154,-0.05208508763596596,0.0024904805041001295,0.009125922705412222,0.014542764935175782,-0.0052667171635915454,0.05287535565929394,0.040449258626620806,0.1540304864981665,0.006627029613790256,0.03460020267174382,0.005038692183153195,0.002167663590206484,0.009023239605873961,0.006488153796265522,0.07227818058738487,-0.03603580639291861,-0.02969261502474379,0.00045171916297860257,-0.03667602317892531,-0.027242755994117324,0.007066759923274528,0.056330528441758704,0.005152011540348384,-0.02009575436099815,0.03957239120608495
2019-06-08/2019-06-14,-0.001330369927872385,0.04338363530262126,-0.0191964971139286,-0.03318554572957472,0.029680723064226013,0.047059956249738695,-0.022642545338903967,0.0769740482954753,0.009135033234424342,0.01808828313104532,0.06574557658060065,0.020134919425127108,0.006467873991044742,0.07058020774573588,0.03439254591279722,-0.0052981164640221205,-0.034975295583640806,-0.00309703276592683,-0.03270131272744051,-0.037347946165610955,0.04317862346362788,-0.004069491389047714,0.007378776274974578,0.015148760434356992,0.0051249263654355205,0.003076073009276985,0.008850664302067893,0.014936382646287286,0.004189868113463671,0.02591459108080865
2019-06-15/2019-06-21,-0.006736858826374044,-0.028712396446200654,0.013210664688473015,-0.002529334510918948,-0.007065317773919992,0.0007868320022044387,0.007604682801388995,-0.07487974303561905,-0.01858258694533659,-0.011290677582911144,-0.00015822043306942384,-0.033402934939360945,0.04208197152155015,-0.002861867965601207,-0.02065724199086687,0.024527159076678972,-0.02095824872968786,-0.04809400167078271,0.03452389026643845,-0.0714948682877125,0.011059551227580004,0.06189268924507514,0.01644991943151421,-0.03677075153836645,0.012067503408254028,0.005590749735775484,-0.020070129475428272,-0.0005422941452237385,-0.013863251977006271,-0.008080840549281742
2019-06-22/2019-06-28,0.022585768179502395,0.07434553077044856,0.06025876966984147,0.03641293996605652,0.021047813251404403,0.03675517674182039,0.037178966985888275,0.05164197750356474,0.01731461789370476,0.019771645761756464,0.03982923183398003,0.04215891070872539,-0.018018520984403912,0.01748288312643206,0.024374488107176535,0.034187987919450914,0.08638796894595996,0.026574802937746653,0.03720693310990411,0.03236814663004599,0.03586476757893359,-0.010443553302893628,0.0404444677333314,0.0495473413763189,0.03413295949711849,0.031213808814930192,0.009428999443898132,0.0037914629596558515,0.01080708023161462,0.021783901948082066
2019-06-29/2019-07-05,-0.01723885827434025,-0.04652508578892414,-0.011218264235260586,-0.016709654310561504,-0.048830554504489955,-0.01759118243625596,0.05904880992056151,-0.03411454632377318,0.0026834307032675988,-0.0011519435893207108,0.020230171981679423,0.018606035902776433,0.06300758624639748,-0.017703497943686794,0.006815279000706463,0.007783343957588526,-0.023829643743490225,0.0014219013135476385,-0.022696773057164776,0.05520554857741441,0.024941025541711792,-0.04823507081024555,-0.013128926224585193,-0.002933959128937756,-0.003055256746311073,-0.0005638968195481972,0.012345138273618267,0.004674666831781207,-0.011887039696428882,0.01239776222204882
2019-07-06/2019-07-12,-0.009199981254117418,-0.0035755945287600085,0.02463470154059591,-0.01159597833227754,0.0011289839928984326,0.0026199932279034215,0.05358420761813215,-0.0375419360514201,-0.011002174847104973,-0.00019231605871167237,-0.0022387148959165013,0.0027582567699809993,0.024644575683208894,0.004400427544064423,-0.014410035148479753,0.0763820247836483,0.06549704038832724,0.025455060713460438,0.01084125737347481,0.014957252312986415,-0.0068542506207283915,-0.047085381835869335,0.009990248228226048,0.0033245542804342236,0.048964986397586896,0.015026133141579096,0.031888876913425956,0.01389414473257858,-0.09420169149870852,0.023250524126375963
2019-07-13/2019-07-19,-0.04565998021924663,0.10760794337581314,0.002021680351618956,-0.019752221589779156,-0.01020703739533139,-0.012545623045137263,0.08537983987156195,0.001429161502418229,-0.029711508228768325,0.01979123701353782,-0.000348732921429644,-0.009898382305107438,-0.10742679827636553,0.03494748531788767,0.02726034766632967,-0.02400037181806311,-0.04166739664483709,-0.018778075960360546,-0.02749436556496129,0.019041004005706512,-0.04606366841432688,-0.0003364177536172571,0.013083141430493512,0.002534874899835215,-0.008779665304255387,-0.006831893921948343,0.017502096824590523,-0.001504819333591863,0.031131467734536917,0.013857395735146041
2019-07-20/2019-07-26,0.033240197381949596,0.009702551364401697,-0.04746109820786013,0.006566813403511067,0.019752576500490615,-0.010970248907813776,-0.0532914721259728,0.00498571928669906,-0.014446058480074284,-0.019791237013537844,-0.04057086082283193,0.06462977598883574,0.24375694914651022,-0.03209744317162263,-0.01531013764380139,-0.0378437496142398,0.00879182076587301,-0.035091438318896495,-0.009109215278140279,-0.24628511873020448,0.03305732049259745,0.05922481963794811,0.023618238851247485,0.0704847320012005,-0.03165392315908917,-0.014987790684492082,0.016454896254413216,0.03524703482123075,-0.05861497313383873,-0.01824426694608319
2019-07-27/2019-08-02,-0.03164907460822047,-0.019601682937458828,-0.0017577821820765694,0.014261448867410155,-0.023178338772869955,-0.02037636218965923,0.012552456679424362,0.03078238986594453,0.018160275128736754,0.031406225032102116,-0.013424315475160134,-0.004623704462459395,-0.04926532840935897,-0.04111398740614083,0.005993703167819054,0.00036363282491014547,-0.0034540037240907537,-0.029245506191134234,-0.0898348176454914,-0.07153857439170631,-0.006779620404229477,0.0066373896843729034,0.07332962638868999,0.17670993101810875,-0.03018398417260164,0.031498823885434964,0.02944466950384008,0.0032441977508199703,0.0037354894160060654,0.05076389643509545
2019-08-03/2019-08-09,0.025458413868558346,-0.05080725291633866,0.0058812516858907935,0.021807564013499498,-0.004585638343553914,-0.08785970624870365,-0.15484396984228285,-0.04185563186078731,0.009608483077190323,0.003347003514980008,-0.04062263306810185,-0.031044316414995003,-0.002940381070146139,-0.04812901613399606,-0.03823326004549129,0.024077623283361993,-0.015558124910547295,-0.021959631135276072,-0.04473845887874618,-0.02074241216921193,-0.00725406071118947,-0.08032249600940455,-0.04061902332610579,-0.003046455983484407,-0.030478520586305007,0.0011918757787214504,-0.005123381231288249,-0.007872667980247286,-0.05780919347171373,-0.03983229442698818
2019-08-10/2019-08-16,0.015039798691608153,0.020612864976118285,0.04053588602347219,0.023057045300555943,0.03998279531113534,0.003505713650517589,-0.06518546986154952,-0.012651825069211661,0.014731971819583026,0.011443567984946692,-0.003016925910180252,0.0188073980914284,-0.060698242232118484,0.007630033340782095,0.033534003056941014,-0.018395330783157436,-0.011419555594810064,0.023893436778266244,0.006570605699088882,-0.039545427802290964,0.005339010589073871,0.0738966670473208,0.048201135657028854,0.022625399682473825,0.03546916881352104,0.00557351492993706,0.011368765492688039,0.011402238035321338,-0.004475857246664669,0.02496463281412143
2019-08-17/2019-08-23,0.013996094844637347,-0.003353493797805392,0.014620128786133382,0.00853252829170093,0.04769851667749959,0.008016757398470917,0.07724859127067918,-0.009135831679155637,0.0250125277496033,0.010224501338230746,0.019205959825615203,0.0022802463645889936,-0.02727726080094045,-0.028917548560766424,0.0024642694751534438,-0.1316213497851002,-0.044451472885185445,-0.05153053086084308,-0.030705966159699567,0.0035366562300316287,0.016057820599151684,-0.0169471317635033,7.549006453483349e-05,0.004761269190745827,-0.003116190544293624,0.004772751264666829,0.029458730458918853,0.0,-0.028835382626647584,0.03950589088381898
2019-08-24/2019-08-30,-0.013877058187460135,-0.02132593602429632,0.0014652604297621247,0.03440573587447598,0.01203264090992679,0.019935354074795762,-0.05673552973580379,-0.0033094521989821693,-0.00029448727899310153,0.00127090378524523,0.02831746877188979,0.014918682278240673,0.017846218182190444,0.06644679120566728,0.013877122374274783,-0.010645147791849278,0.01925274689611843,-0.009080691984724833,0.013415130420213488,-0.02669749379265422,0.008141055285137906,0.04641733481609927,-0.007962034804726034,0.008572346892692493,0.0037382887914478497,0.0005011065801266152,-0.006576591232838228,0.007219532028769961,0.08330883744402769,-0.04482226203528984
2019-08-31/2019-09-06,-0.009559829463851904,0.044260438912268614,-0.004695784124558587,0.07080991658147812,-0.027680728329680916,-0.022716510838804868,-0.09024661058496343,0.01861040372257758,0.0164744769133713,-0.00018165441875548388,-0.018130925555015897,0.018617930461033164,0.0486999708493508,0.016788230552417748,-0.018230334100708116,0.040182439964666805,0.06329360543804505,0.01381513100693769,0.09916860292036925,-0.10551554997972747,-0.002081114338817077,0.009091534956810369,-0.03968072242353392,-0.06051435477125291,-0.0037382887914478883,-0.03401316203692629,-0.039748240069808136,-0.0422650493697466,0.007973677704059169,-0.023187781944640027
2019-09-07/2019-09-13,-0.021051980223007003,-0.025878096820259672,0.016387363668424672,-0.013899765670517168,-0.029018863241012254,0.02305677041218016,-0.01117308852170464,-0.0018092365273326783,-0.01327125536614023,-0.00347867077236355,0.014141900915217748,0.0030562062296528637,-0.0380181176829106,-0.029451041825315685,0.025486702473221188,-0.043523575152041805,-0.04055889719674629,-0.08364076022610845,-0.004802705623797014,-0.1891641912667407,0.02550525053070734,0.01363469383761569,0.03387777601392823,-0.00721793265173556,-0.05914320113094994,-0.007712687917079741,0.03253952261662232,0.007300577970209682,0.0035038122810521427,0.007879261956985874
2019-09-14/2019-09-20,-0.004116457287527686,0.0,-0.006144479960547142,-0.02519831146579414,-0.019169978642247214,-0.01750217026993119,-0.0489308795042277,-0.014225989936531099,0.0017699618084142269,-0.002387397531118296,-0.054192866831294435,0.0028536643154975813,0.0629748528895175,-0.0274826042908605,-0.010905148628906338,0.048716922970744515,-0.012689909609752133,0.013369807143085014,-0.022359778739054623,-0.064415443870235,-0.0406189169357249,-0.03127958817334067,-0.029688221719384362,0.03207837198856148,-0.028208725108863898,0.009831689699492212,-0.017604054673587687,-0.011370048672402296,-0.03104220531766236,-0.031715498373824993
2019-09-21/2019-09-27,0.0005537383561548191,-0.03296547322142769,-0.05901827114390703,-0.010582036567672853,0.0425597092148291,-0.03792678811505279,-0.06709804197774354,0.0007342749402684698,0.016152122037019854,-0.010163619401248887,-0.0040612444466137905,-0.04348231417203083,-0.061725604914574655,-0.00741020866699908,-0.023639478763259697,0.03585008716956526,-0.03762271675234134,0.0036824583190990146,0.002185814639606275,-0.0895245046841586,0.0031675897875118276,-0.023880774531804483,-0.050724641539420474,-0.021115047447015194,-0.05675781789913747,-0.012161965785384895,-0.002792702432957315,0.007682384037790983,0.016114268614808844,0.004770641520774891
2019-09-28/2019-10-04,0.009675034720611897,-0.0037065399999884918,-0.008010678454875934,0.009145841238737287,0.007765556920337181,0.008949406599537213,0.01564919707447466,0.020167309560367136,-0.00029005246756641127,-0.003348691513203733,0.0036169933176630415,0.01670794325100703,-0.09831092929165094,-0.018158027028256488,0.02048142634942086,0.012684882155976568,0.01820557537553722,0.05180743627556408,-0.01843450636754406,0.04325220291437453,-0.014440631217800311,-0.01937214745785292,0.015644629613846953,0.031884930029964224,-0.11122563915481636,0.008202839846985475,0.015167348321207062,0.005701617198092451,0.045860456433782365,-0.0033652395306111266
2019-10-05/2019-10-11,-0.008875545574871482,0.018611187026363066,0.02348781021202157,0.017573296290240546,-0.053978599586358346,0.007809809667010393,0.0,-0.0014482367022667856,-0.00676697970310883,0.002419749421589096,0.05595112544115319,0.03519891142514964,-0.025105963433480493,0.026996162010058136,0.004232680830493018,0.026651382910955024,0.007187117408092652,0.029798136649968606,0.011584817534691726,-0.04851801417157548,-0.04238292237293819,0.04470076994627131,0.0027738970118768224,-0.012907247645192537,0.036396425795010484,-0.02345953207552126,0.0015933908230681439,-0.03525068296760543,0.0065726267775043316,-0.025461845225907404
2019-10-12/2019-10-18,-0.0055484630580141595,-0.01817445840994255,-0.003045533812140405,0.025871013464942107,-0.0033840895803268385,0.0008836129616918237,0.08907967485815191,0.003977492926146916,0.006766979703108775,0.015129295084018094,-0.021287108162237982,0.005024106371741797,-0.0462509730165155,-0.040277227550825655,0.0017878677584008504,0.01983919755191734,0.015067667006115643,0.05876341606032142,0.015117885008311847,-0.019098725312215563,-0.027833069279759492,-0.008093782589042607,0.012951439832374064,-0.005824691180592524,-0.2188791288786347,-0.05377721499619024,-0.03777003034462238,-0.012949467649041363,0.027498853578882338,-0.006649486585170403
2019-10-19/2019-10-25,0.013021450750352964,-0.12582571052724534,-0.032869410056964206,0.0019862622717979244,0.04339527027409833,-0.008515210846841228,0.0,0.016109250085250583,-0.0052351766904174205,-0.003301396924247651,0.027883256677732948,-0.0002463876555987205,0.03202599559374038,0.0027197750294839502,0.02421487560402883,-0.00012254867021994703,-0.013636421358297665,-0.047311056012263354,0.00274090798748211,-0.04822992365706902,0.06528408335024802,0.004366373037452543,-0.03261556783840469,-0.09761877580891104,0.12783335675283566,0.003463212201513118,-0.025602396974759304,-0.06876321742878765,0.029971226451025467,-0.052247499385735564
2019-10-26/2019-11-01,-0.02346224445524363,-0.030036772016218318,-0.00026311794919802166,-0.012903731114731332,-0.01884046163035207,0.009044990626064401,0.12282128662579195,0.05761198380881775,-0.02846852147041404,-0.0401104514313634,-0.006438667652772657,0.03752971929728546,0.08378269200447254,0.05336527072918236,0.0061887595350100305,0.009896540612126433,0.04911687504002369,0.026221256182591697,0.01341346076426849,0.13945524728331243,0.03464642360862587,0.00857295780834415,-0.028999712207500097,-0.028364574334075274,-0.07600827211887569,-0.01857525555837236,-0.05388301417882963,-0.020361537362084212,0.03991163347969515,0.012754406913775886
2019-11-02/2019-11-08,0.005296052120610815,0.009270573607635016,-0.03588609878148523,-0.0006184862599040267,0.030671456271031898,0.039634865418953585,-0.03841697035453777,0.0056826369480767035,7.470698938159866e-05,0.006481022420403786,0.014234864744756383,0.0016894087646481906,-0.06744133047063584,-0.044026424760836354,0.02600046351664318,0.016758541714766272,0.015671902478518646,0.014037690260376401,-0.08724055232477365,0.08772714623068592,-0.0012466931320528408,0.0031834118262408185,0.04507262830327208,0.0026120789420290124,0.02896127201571769,0.004753629357710272,0.01595684013124032,-0.015674941080955938,-0.014322971133869497,0.015123339765502255
2019-11-09/2019-11-15,-0.005233640926990129,-0.006849497260176759,0.02040739659943852,0.03943461849583016,-0.013455340163495496,-0.0090343880661925,0.17664789213302742,0.020783025201683018,0.004341043110712,0.006250748886407225,0.024446492884312436,-0.006905654570381486,-0.017775086369905175,0.034855366961631655,0.009545144003176626,-0.0021544559012214143,0.02776117529855403,0.045896006084317036,0.002942657118652126,-0.008283048605096528,0.011986191144039886,0.014958331178939861,0.0019604471225868887,0.012959102910644522,0.022928713934897624,-0.008541500210921983,0.03186798004586389,-0.002142464546844314,0.019157515637578452,-0.027572645570492865
2019-11-16/2019-11-22,0.024619512284535974,0.011320444633473483,-0.004726648687510831,0.021772217116148032,0.01020812778779141,0.028527524922914594,0.07987460659926204,0.018758404775597544,0.014824758770493796,0.01852074602609174,0.02035406510305514,0.009179345418038571,0.09047266562437152,0.013375690209377507,0.022217580813072076,-0.011811760370286258,0.03131678333633939,0.018870434427071436,0.012071929652129368,0.009407534324348737,0.0024620822197733874,0.017818086081811502,-0.007865017387692646,0.030017072820235496,0.05098805540370611,0.020327368836701307,0.05445903007083101,0.031894591414552496,0.03894312464968833,0.012449305804990603
2019-11-23/2019-11-29,-0.016779286807859974,0.0006358530228847447,-0.01787074205333259,-0.07789854690944263,-0.027225742490859767,-0.0028331322345180325,-0.1064836963348635,-0.06691248768372485,0.0031586942690620206,0.011880585830404815,-0.013155391777085856,0.011239114443140286,-0.0006555378016998934,-0.01621475555455615,-0.015815065040152093,-0.0012130458711257295,-0.015536048609554763,0.008406757401792062,0.032558822167593884,0.03351427148328061,0.024092559609164624,0.013109550387617642,0.019467113315748852,0.03398482194122218,0.06960024681926562,-0.004315724735847761,0.003642018098672278,-0.02129049954272583,-0.02906404214516791,0.0004524387448379542
2019-11-30/2019-12-06,-0.00397448281601462,-0.010997384245663848,-0.01474162446271409,-0.0021182691736627893,0.0016714557002961482,0.03798759818714901,0.026609089735601485,-0.014145392602757469,0.013122259162692395,-0.000923131684906939,-0.013178273668854322,0.01609473789702549,-0.03401463182017025,0.08119016690061867,0.021836879362445966,0.020069181096817934,0.011230368066883083,-0.00479525021626264,0.018560234674807597,-0.050511895441435695,0.03711048995516094,0.028668585720892203,0.010431770361696539,0.08412217899084791,0.0,0.010754588755483121,-0.010460322325017559,0.013209256547557457,0.03352397387429785,0.0018080749326590767
2019-12-07/2019-12-13,0.022459266204601626,0.03462566742860906,0.03298891428135627,0.0324991227285318,-0.017406195045396616,0.019569465713346227,-0.04704111362245794,-0.0087242443341192,-0.005189233525904923,0.00331937904077682,0.04623336329209905,0.005878151404524768,0.023467411658361987,0.05337725780246621,0.015990206966239928,0.022819273910613436,0.06889151323714679,0.017077477298174392,0.04406820295344062,-0.004964678230877225,-0.04393501148989479,0.021184205264898174,-0.027926838155312612,0.044516008623496715,0.03418492869843705,0.003813483799515982,0.027622786667264868,-0.00010004551259118336,-0.013583090789643308,-0.021607742600247965
2019-12-14/2019-12-20,0.01593554485154729,0.022839820511766883,0.02045458177489084,0.0334014605950478,0.029852745629797367,0.006438967516327252,0.062242726779134436,0.010113065298327947,0.0016108684698949384,0.012804294666985712,0.008360543038515886,0.004435510000532827,0.03002836799953833,0.010710909022491336,0.01883106218359625,0.014171049111413774,0.0009471895745571213,-0.007708504349625083,-0.010792014243041695,0.019148299632393333,0.005022487049547103,0.010840842724355586,0.017656357059494355,-0.03055036885421593,0.008181500101067326,0.0,0.005596319650882374,0.019543368588345125,0.0008215320387926356,-0.0029767996364367093
2019-12-21/2019-12-27,-0.001438504829155303,0.013026345710034007,-0.0071964495641261665,-0.007724146431373337,-0.013003285806588015,-0.0028217655122742095,0.023429848584586924,-0.002779651916845879,-0.006385174474169772,-0.0005455049183616,0.009531383781883897,0.00454775130978491,0.030401358565338567,0.021684706199392435,0.012214934802623003,-0.009811957864508147,0.03044087609319725,-0.006652640441889926,0.011671015512448623,0.03656905762151464,0.015707738433994527,-0.010840842724355504,-0.015524317427739546,0.014492914160476602,0.031355124255139366,0.01875116503381909,0.023091682062362326,0.0037260443385865923,0.003961289132381965,0.005734956641490031
2019-12-28/2020-01-03,0.018419912631331147,-0.030045438579932412,0.027706028243505605,0.004760416773955003,-0.006986304618770874,0.008597149220140203,-0.01271202595636708,-0.02554405070496301,-0.00761248823046175,0.006344383561067155,0.0398109718571975,0.036662254520036616,0.04393624881458624,0.011957043843106804,0.009110157817580483,0.03562941075159295,0.05711952140092531,0.02644912636767624,0.021910237075063593,0.011540009530719118,-0.022948233883754426,0.01864385948789584,0.047509952552286724,-0.015588358664566447,0.031097882427532954,0.036959939787530996,0.005206798863564253,0.00770257260274383,-0.015455979414544322,-0.029487574049422028
2020-01-04/2020-01-10,0.002117496136618867,-0.01630901447725741,-0.014202378441552189,0.04965194460349503,0.04630333909670925,0.04340229746193556,0.0739556772877115,-0.009010694766163953,0.03513504259042569,0.02639241185061602,0.015770664977236747,0.02116508083562931,0.038646486744640086,0.020974966623348953,0.02485960051013291,0.0031669262834016303,-0.005966148425400554,0.01023020560239494,-0.014924328689028061,0.03799266412557156,-0.014230812655627088,0.01722457226219967,-0.0029727384590209267,0.004738447296499002,-0.002787455611047222,0.011927578933047469,0.008736782068960659,-0.007800411006672642,-0.005345334667442298,0.00555574962721355
2020-01-11/2020-01-17,-0.006779239872689252,-0.017856336231569937,0.01616361750850635,0.015275867288586308,-0.014020274358994141,0.009935548376543094,0.17237140062372105,0.005416121771369629,0.02852660135068486,0.017619474246411033,-0.0091048605254815,0.023531800886726108,0.09316704517532282,-0.03353373584527093,0.003304579138170816,-0.016853362851107424,-0.012489007715071304,-0.010428196759143658,-0.0494979428303635,-0.05280238160635506,0.018661823745205704,0.01975670267810562,0.011141152964969512,0.009770237066671092,-0.004896805479239493,0.012115034110701398,0.0109710047406965,0.03671031677228237,0.0022945217421129036,0.03285629006955082
2020-01-18/2020-01-24,-0.0651303964145855,-0.02706920230001561,-0.016530490545744764,-0.043781436004680145,-0.05928498471312842,-0.011277675749450065,-0.0743642132537493,0.03154606063455509,0.0012526505447101163,0.017654173666923248,-0.04766925769522441,-0.020715671901087678,-0.00314472866764438,-0.01556661435331543,0.0357033536047292,-0.032089558569148184,-0.011511361287701931,-0.05195959067393604,-0.015547848813055992,-0.06463569618790393,-0.049644583201579405,-0.016347233243103415,-0.012787752974153636,-0.00036010433276764296,0.0572363380470048,0.01284912698083736,0.00012507630321105,0.005833257420155931,-0.01970567931679859,-0.051228587299004265
2020-01-25/2020-01-31,0.0442706100514947,0.005237666315620208,0.046143908740927976,0.0063733424266476865,0.023349902801160227,0.03576513139419697,0.03180476469134242,-0.0034952385996717852,0.0034702093805583406,0.00220594256831559,0.006280312442604626,0.01482519185758664,-0.03580399025599552,0.04657533601590461,0.06090364222199527,0.021700781357955928,0.02266947920388929,-0.028313465051623396,-0.04340541318094868,-0.12030917123721029,-0.021777195478898687,-0.014798857864072925,0.0024297347911351875,0.06302890468661199,0.042780329868918075,-0.01542941212873334,-0.02642725757679623,-0.027195981462437763,-0.01064418832303954,0.018055847160914712
2020-02-01/2020-02-07,-0.031349314814981884,-0.03820243840348812,0.006932537166213862,0.027765641921617318,0.017576029691382326,0.003449845224247788,0.02744582527531777,0.0006998687138496802,0.014718107341202841,0.010455626681094425,0.010802101483806328,0.02503663546846238,-0.07043180792339683,0.04002820139823393,0.0004354806494160906,0.03017367090841834,-0.023123307473808724,-0.021883947077617743,0.00511327433032627,-0.05906614482636372,-0.013691269464497667,-0.010601398688906112,-0.12962482389245147,0.007883271430569301,0.024444927095556714,0.02114924524365179,0.06324327421471948,0.012358174922614915,0.023416947166777436,0.05018417619126189
2020-02-08/2020-02-14,0.006026699622431593,-0.00598803607824095,0.0386723931927159,0.004762864637356226,-0.008888853524424421,0.010136414355610296,0.08277232078154519,0.024880404241115674,-0.008983765098286542,0.001843524080545625,0.00673345151995323,0.002375981948979762,0.024792294449664475,-0.023824164782799608,0.0038574236713051165,-0.015659077741050676,-0.01718088614731691,-0.001973284866607337,-0.018810543054985987,0.010166392774465962,-0.01922090001929278,0.0033020111245065232,0.025689793311496942,0.019934278745527865,0.004941327273464888,-0.010820940104500215,0.01590865543875695,-0.006634027082559454,0.2659103769434779,-0.0013562544796608337
2020-02-15/2020-02-21,-0.11398048263121681,-0.19617633848608285,-0.17062100345991524,-0.1352299078121436,-0.08650431107140281,-0.09938094951620115,-0.031648408695563755,-0.0368480857166211,-0.062465173323816965,-0.0836072708348458,-0.12297518322968161,-0.14292963390217922,-0.050214792685960685,-0.0474134138919642,-0.15075446625005992,-0.051269175585935696,-0.06762394419999158,-0.12267877501179514,-0.007020563302658744,0.10880263613895531,-0.05243254409799685,-0.06097942640694823,-0.06541328762395186,-0.06103588792542884,-0.08953510530027657,-0.06770498081159713,-0.20514384774258926,-0.11409546955595662,-0.07020760116715034,-0.09849719734623591
2020-02-22/2020-02-28,0.009432758082836484,-0.08019496116155929,0.03967825940611607,-0.010939575041291968,0.024343759610806506,0.05181866171407219,-0.0032202660119518803,-0.044902522606847635,0.012606525383361312,0.03241978788571857,-0.024433094304871214,-0.00014435749262405034,-0.16428170602092848,0.03625312934673719,0.04987964277891036,0.056061031440029156,0.03855498891648899,0.06856277921334297,-0.014598922407638264,0.07543252960634651,0.028275200703302087,0.0701860882869287,0.0838303266420249,-0.011605535366105655,0.038987438131712605,-0.007184774525905957,-0.03776326433568863,-0.01906476699619845,-0.043567311044028806,-0.11131400917737026
2020-02-29/2020-03-06,-0.1372585111160432,-0.23322664426893416,-0.32975439712917093,-0.2099854695916262,-0.20928503656806347,-0.15676093555116785,-0.19139488905081933,-0.16077741845657134,-0.17336417657750308,-0.18493331307442692,-0.18127452788972268,-0.16789872159714994,-0.08617770162524044,-0.16818048957001386,-0.17870795780241017,-0.19561243855856025,-0.20932432076241517,-0.16979628371301206,-0.19887911891348453,-0.08746340427275891,-0.11721190124952752,-0.16603217302173706,-0.0790199169977696,-0.17043637442021586,-0.2178110992321932,-0.15331889244659908,-0.18776546904192878,-0.14751865728650823,-0.048983781875593664,-0.2296281693568327
2020-03-07/2020-03-13,-0.11788241048419378,-0.19094759419023974,-0.06580217251856926,0.12299470318060393,-0.05067726693082228,-0.054977583852786,-0.2052385774449156,0.056239681721905105,0.017191151975168344,-0.11120043911550977,-0.008712592182368575,0.00010787954864179484,-0.13573157992445803,0.03641661419576197,0.02590926079005047,-0.08398346884410415,-0.07014549866883649,0.018499199540450987,0.09501539621441482,-0.23458172697855484,0.11926652088570314,-0.03587939863708629,-0.01862945073615903,0.16795719333092188,0.008025755853773284,-0.12926634809294585,-0.11750329869901455,-0.22569597189229923,0.021184566438694215,-0.34312803373779976
2020-03-14/2020-03-20,0.15563455000564347,0.2416727648691729,0.13388676074003064,-0.02200621307368853,0.14492197050819985,0.06278810285628274,-0.026733300894511286,0.019141353858397353,0.024580613610533607,0.057145168037609724,0.06454661304779954,0.04507077470210174,-0.11767292804887626,0.12047746323205832,0.08974666354668959,0.08655155061632791,0.062491808775745,-0.012476550234643592,-0.02570711570375537,-0.14420309009115903,0.04481851594449501,0.09666198906919604,0.0802741097633947,0.05853642333930756,0.15174972881363802,0.1127906773582139,0.20949119074963796,0.19067330196337784,0.046467844690780226,0.3762157257417314
2020-03-21/2020-03-27,-0.05259804291696288,-0.051634278166100105,-0.06968349530145503,-0.011644993294855042,-0.07610876758196161,-0.04925705583243316,-0.06355355050463306,-0.03823683218490167,0.029495845581390692,-0.007706231161689996,-0.03203714376332875,-0.04026065543147534,0.18825043784903123,-0.045644417706864435,-0.005460194186453743,0.0437182505976436,0.10856972529009117,0.015604374369600226,0.022757077602673956,0.23009145864009486,0.055970556029067364,0.030673801133511175,0.03629638587694138,0.010645459549261861,0.028437875942382593,-0.03558230411617973,-0.04793137144573756,-0.13702643913973472,-0.01506072743864989,-0.22584015179912525
2020-03-28/2020-04-03,0.07669740155237607,0.10626974609489061,0.23655713577299303,0.1406207724109742,0.1001349357532479,0.0943850882393825,0.17969343685783204,0.12479470583009462,0.0759229583207378,0.10876748830906063,0.10207440247644478,0.0771082168168277,-0.09646025330301838,0.013226388453963919,0.06169265532927352,0.013362110663597663,0.01879252050704602,0.12176282345155227,0.05891204191124084,0.013034299777130533,0.04021137472396114,0.0337385155364771,-0.0009208540156422684,0.004622099531286831,0.005990044857103909,0.12879874825082846,0.20171462638489762,0.1962287868948151,0.030101504263567683,0.23200946000224246
2020-04-04/2020-04-10,-0.0025491059069755067,-0.0720651771567142,-0.024910576436524463,-0.006060643143760944,-0.03205297875372649,0.022226779383472003,-0.0846216357802616,-0.0018634078093372277,0.01492917188211844,-0.03954718251776182,0.006032392196505496,0.04128833350566124,0.2074697574033876,0.07099871094374613,0.0695821287667853,0.0006636303334538218,-0.01500560794742186,-0.012544670459599143,-0.025661701509677823,0.05095761500670754,0.08737452975961223,0.10998113872141611,0.06028954212745901,0.0797386352744184,-0.016053841382581733,-0.0231288095404731,0.020222135614409716,-0.003240140298139782,0.04781438128160622,-0.03170470510408394
2020-04-11/2020-04-17,-0.009276460398016995,-0.08171073652089904,-0.05775705650592506,-0.03334436042117884,-0.00673848946338914,-0.03687657123163914,0.0868119803340392,-0.024161444746882036,-0.04047177634607908,-0.0440560855687681,0.04915486662299132,0.010867778286626698,-0.04739511542850617,-0.012314123222036661,-0.03225908386692843,-0.04906898632116788,-0.020456078518443492,-0.049471085134997074,-0.02078198702163607,-0.05191708007528586,-0.0168379010133903,-0.03130616367689796,-0.018061489655056214,-0.053729410003915214,-0.03709216173298378,0.014051259855997143,0.09715157056575512,0.06640133856814515,0.025120901517719188,0.08233678610099415
2020-04-18/2020-04-24,0.049302416218779815,0.10388071815656649,0.07330010953723932,0.028372970456383883,0.032920695035514855,0.03590636484172951,0.09391680814430517,0.011020714549752779,0.015464171233983167,0.018030233946880872,0.10053594258028592,0.05771938818401746,0.20917904623068467,0.003045320085273352,0.04444175893910714,0.03853469708117381,0.04998354728376147,0.02059298290740034,0.09901762267963857,-0.0067436971963246205,-0.05189583555558673,-0.0017490045405654199,-0.028503557615671388,-0.0006420690216371609,0.03709216173298374,0.0298725977967749,0.01321068788185597,0.009532858552878979,-0.021078744370930377,0.06537743448033288
2020-04-25/2020-05-01,-0.010950453914389357,-0.09202663123801944,0.0004855192878057293,0.03863319305983948,-0.04106746892212564,0.004519761945205007,-0.10050299634319625,-0.0037863702216873593,-0.0056095915120125735,-0.028513608566693622,0.03149525829825841,0.016627826470675244,0.048194803377799175,0.002467338506400098,0.02420131363794679,-0.06164725978786559,-0.030878557588504496,-0.11175062878229117,-0.11558868663456168,0.12308560466796717,0.0550285344150335,0.021986627798333117,0.06190180403626822,0.01656089180162712,0.05189998607970402,-0.03493909374522035,0.021351441164998722,-0.021400570307656654,0.014373919579064429,0.02147197570821599
2020-05-02/2020-05-08,-0.01869480870626035,-0.07104877037367287,-0.03755588076286531,0.01397741290281264,-0.06840870273085624,0.0456484312017868,0.3496019297546535,0.00037920672337001904,0.0115633628547962,-0.02038575810624049,-0.021288996077703876,-0.009111814128977547,0.08228503796253177,0.05978789322600153,-0.01686286869978095,-0.031574037623345666,0.0035084645550151937,0.03223842137726886,-0.039526942258535036,0.01988624609826603,-0.03902195472637803,0.002735917843424169,0.021129440568834333,0.010681846101352381,-0.03253377390243354,-0.03203345184139127,0.037901740227712796,-0.015605942571089222,0.02379105851611042,0.012625881367322216
2020-05-09/2020-05-15,0.034681207611351655,0.0404170672710952,0.07932162612124459,0.00137213257095575,0.07079166983935821,0.0505544881397639,0.2645119779800615,0.019155212371689635,-0.021801829598880246,0.0330849236917551,0.11230409444304407,0.03610883470653525,-0.06399007776332709,-0.012611051868124161,0.01593600083603813,0.03669322205821555,0.03857839199806787,0.03496756165317305,0.033241192516539494,-0.1036397893332576,-0.005563610143496174,0.0020472885649539117,0.04939461428252763,0.03319305994991505,0.0019821435933147875,0.05366192239555924,0.09658887278261208,0.05512198457528369,-0.002050194221049108,0.04466483000961867
2020-05-16/2020-05-22,0.038019497668179636,0.1430846460056814,0.025633832324734533,0.005165453698986644,0.0683353558353458,0.03605938440149815,0.035132380538256854,0.03293412157609151,0.01584805825609659,0.0416279394135171,-0.02596194553907722,0.008134910874175613,0.0327898048325305,-0.05401674341886122,-0.008347068181022089,0.04180894282033816,0.04733246871102089,0.03327115047578194,0.01942688310270923,0.064770960401908,-0.015119495135895288,0.03343272603447648,-0.03026746123913933,0.03621638070757142,-0.016639319426439838,0.019528935958519913,-0.03128163359868013,0.03175942930300908,-0.026162825102933555,0.016916406534818764
2020-05-23/2020-05-29,0.007296219719549726,0.14756990248456806,0.0016512850764655055,-0.008981137712015731,0.0579871193339894,0.0007052038100347469,0.054854130327095955,0.022776662776293092,-0.013087270086112929,0.017472158247589624,0.0036746462692406404,-0.002782257639380892,0.06940782530595603,0.06070351264937673,0.00834408425490541,0.022596735670322644,0.013017389621711027,0.04828696126093063,0.05459763668449507,0.04388327413731552,0.01723349780335054,-0.0349677155183098,-0.04954013701179388,0.034387341992810135,0.03300629729940355,0.030261172535140865,0.04564165811550573,0.04978351948162344,0.04605762367635791,0.0632127631294043
2020-05-30/2020-06-05,-0.05439877117765625,-0.11667050835654529,-0.04100434340155292,0.005717621570415254,-0.04661964868375635,-0.044990215429886696,-0.06062456338050922,-0.0028188143818770697,-0.013397991907674031,-0.05094188287039843,-0.008253588224183745,-0.008806208424174304,0.07082150793220723,0.0064630952889110135,0.018148367006416654,-0.05382341849384539,-0.08475115919361069,-0.03599503431610621,-0.11016730105128104,0.0432370501075952,0.033229493540531736,0.04374636196749349,0.05586002739055369,0.029968977836967867,-0.019010731085732643,-0.03010071931847366,-0.03997989001338261,-0.04654499123651644,2.6097548836692826e-05,-0.04549044635480952
2020-06-06/2020-06-12,0.0194349462213533,0.06535456229699083,0.08834935056668168,0.017528493501601582,0.008752671553106472,0.027781526407409416,0.16205592191142204,0.02508838613928389,0.03791435786977577,0.040387684737199864,0.05001388667780035,0.022722954332200243,-0.007405593839331081,0.0578839888617615,0.05254891744244114,0.04594581535618032,0.04644745314846785,0.07561153563895526,0.04289249718498947,-0.01812733122462909,0.08350785298583112,0.05506425986623388,0.04584937340451129,-0.004932873416748264,0.013802390829265715,0.010503710176131593,0.028819138489785515,-0.0059736939407486235,-0.017055350886669332,0.014204982770139419
2020-06-13/2020-06-19,-0.03770501978537237,-0.03678260129091982,-0.061096374448699385,-0.05258710759667728,-0.01600026430167675,-0.009368109755048322,0.11163998551996662,-0.02297347191034958,-0.010371413100554025,-0.044829108628109245,-0.0011027765377748294,0.004855282941958526,0.1159092188179134,0.05758984048564624,0.02027002166678435,-0.03831137915690635,-0.0033015100875713565,-0.0446269993322043,-0.05629922314312287,0.04026716254449152,-0.04560941479913887,0.010688729584128849,-0.006035921907174044,0.027102014748991276,0.03464105016726277,-0.03616238409707739,0.018183205775511063,-0.046905920850288524,-0.004938060147320884,-0.0309644846949944
2020-06-20/2020-06-26,0.011804114359603636,0.003999325875638767,0.06947389554998784,0.017062471710148908,0.020967659229805754,0.002891913208027672,-0.019556414479920292,0.004566870910245708,0.010898403669166773,-0.001113292481207502,-0.009635413520256705,0.019808003980161054,0.017931810091348973,0.06137462058547001,0.029121510032766706,-0.0029762829029432256,0.004061797957852978,-0.0065771888118324835,0.017032026983974193,-0.08020549733782305,0.007836169828079382,0.0234343054525075,0.028091736071234993,-0.02326325792334609,0.06882472765266115,0.004149777153264331,0.007172190621105651,0.006491089007334052,0.00104297147790131,0.011274669285235864
2020-06-27/2020-07-03,0.0009471662516401755,0.01780102685084361,-0.01852415144448232,-0.018484359782955474,-0.01655009523381326,0.025516327677450105,0.1466852402207087,0.02163553735430628,-0.001054397739407199,-0.021850203465979406,0.04637585338462483,0.03261369076151898,0.006480887741038536,0.0665607082035979,0.03833280249628546,-0.0045516124238068,-0.06327237410217249,-0.020513540628742385,-0.008966346625623784,0.05645130731428089,0.026780290962366664,0.03638928932188542,0.04310194777184058,0.05069104072894118,0.04713514510290039,0.004404139597443554,0.05446021984523069,-0.0020816924200743733,0.030044540946717394,0.00018345432099332306
2020-07-04/2020-07-10,0.032876716811108445,0.05529434997084324,-0.006324874532818694,0.053409658514939944,0.009845154554104837,0.021856506312113253,0.07105790445171728,0.01912602558411823,0.008777663961892572,0.04975463170290826,-0.014708884354922435,-0.002465629714405822,0.09484031145057668,-0.060729796506386,-0.04974253443095517,0.07165048011503618,-0.02176327546651036,0.07195908043955611,0.003961522087462156,0.04733943999106144,-0.03425894378451206,-0.005418346719364889,-0.002989320059791023,-0.03332763731355843,-0.10967447290335527,0.035126646611561535,0.012409492138182045,0.03760316331062499,0.05554895434175123,0.06146768864655179
2020-07-11/2020-07-17,0.020573371453639126,0.011801727904444037,-0.012436525308612632,0.025744816971353144,0.0397525124957701,0.03131394464155281,0.04930571377782574,0.02373530265787709,0.02362067246455215,0.04512029417580166,-0.03518615389053985,0.0012070852057448993,-0.03954978155870764,0.04887550159112569,-0.0067904942862905,0.012529224389825101,-0.02185427072266205,0.002407917414833183,0.03448579312126456,0.13491564872750927,-0.01712525768470197,-0.019677732519388383,0.007753762926147212,0.01070114862690267,0.04950600871987482,0.03413747307209791,-0.00753598384249525,0.034841203609525896,-0.0664509268538305,-0.015323419878145958
2020-07-18/2020-07-24,0.03433149700070239,0.06270367874529356,0.010171948377232285,0.010895803167665244,0.060660198723234256,0.037844115185816596,0.011616254668640181,0.016382895472027433,0.004440349073266002,-0.012295432400036062,0.008135383528916842,0.014153678861104984,-0.10246699732128248,-0.019785760104483286,0.006692634683565794,0.01495939959504121,0.006578244376443625,0.0,0.008083899794392065,-0.009392853188690969,0.024603910506847345,0.023581735768221188,0.051966436907531326,0.017932762886759653,-0.018658463504121755,-0.01089174402395266,0.024121741905193523,-0.013332680425028156,0.008382753809054214,0.0062971306475589845
2020-07-25/2020-07-31,-0.09846985543306815,-0.05667248602073134,-0.05536787298288544,-0.0230937077739499,-0.019234205412375475,0.07056794711082491,0.3471870000955849,-0.031025603952170834,-0.013379961092188218,-0.00441295166442205,0.12333021129345227,-0.021964016778846678,0.012115941777920311,0.0495760283273528,0.05926742425019554,-0.004269811923665999,-0.05147324450975023,-0.000721832148679198,0.028940101100530417,0.1027281809074531,0.08416890832749331,0.05857267550475517,0.10564876156530498,0.235094958570592,0.005452916096433438,0.038992218213003034,0.03289092480372706,-0.007118198122009608,0.020642232962302973,-0.03820989289044019
2020-08-01/2020-08-07,0.02615115513441681,0.026255835619251558,0.031810885255812625,0.055365621031021856,0.0014483865619369983,0.0037052281104060073,0.029330429993789688,0.011002119864815143,0.016353120449790422,0.018777745410352056,-0.015116658632105713,0.007744466181153724,-0.038186464752367234,-0.10525346980442633,-0.03599947897631767,0.013139409132081118,0.015485604353503797,0.024252272032650908,0.022518680682185467,-0.07251853270484827,-0.02259508715501496,-0.03588620747297661,-0.034769136147161976,-0.05085841584797901,-0.007885947053324615,0.016159846799477975,0.006826978549326838,0.019373531694673013,0.016397852449994782,-0.015518383031849563
2020-08-08/2020-08-14,0.0005066541587534924,0.007250991382293084,0.01405459302116051,0.011406940066295623,0.001446160451619631,-0.00971053065451877,0.0645385544828259,-0.032690562358956655,-0.010043135153807748,-0.021519790988998904,0.029079379384296732,0.038544799012343735,0.005084393166491595,0.014288138238305407,0.02778471784242428,0.0010231598952360414,-0.00860651568914383,0.021610828429725996,0.002919864595602278,-0.059970891327293045,0.05120986599173509,0.011989425869101053,0.018223835886116032,0.02448047171445817,-0.007335047664071461,0.016284024960623165,0.03693507803369533,0.027640746813531993,0.04720865821249671,0.0034898436029092033
2020-08-15/2020-08-21,-0.013931923368737394,0.038203551216130664,0.023879801972337657,0.00826440077001957,0.0,0.003967473850949521,-0.09579113609579448,0.025035235065447227,0.012213124954279217,0.018414424863587766,0.08617468824302965,0.0326229347709393,-0.004158017110324839,0.0706416360395149,0.05682981508059772,0.022501399492676915,0.0162603980987327,0.0057308241261672345,-0.0013463855063998687,0.022657910512121748,0.06799932127396463,-0.011989425869101048,-0.010141225220618633,0.0439905239443094,0.0018388413037483042,0.010946070014261733,0.03154829992845797,0.0010482595144834812,-0.0048162931224462946,-0.0005502007449149239
2020-08-22/2020-08-28,-0.01285647569206454,0.0,0.04250028031441438,0.08477984962965322,-0.004925594675860162,-0.007709016924409781,-0.1091623005858977,-0.004352891923766302,0.006983858964166377,0.04559599371484894,-0.007187650208238014,0.0006077255607396562,0.032341652155648624,-0.05625705436786329,-0.04181913345831712,-0.008536418356625912,-0.006767671441911701,-0.010569881006614955,-0.04337055127903775,-0.004763245182767683,0.03720276074648723,-0.06521177616677733,-0.03578648145149007,0.03765006288564174,-0.031097033237021204,0.007558583386916582,0.03765263857124996,0.013846966631810708,-0.046259277758594675,0.037978255178091495
2020-08-29/2020-09-04,0.004552301323002233,-0.035915386167750765,-0.009754518109997317,0.004949273990015185,-0.035775956203323675,-0.011186865118273916,0.10916230058589774,-0.043552189807964665,-0.026471794718036866,-0.009554068689486318,-0.08241294637445284,-0.06559665481641798,0.005810119947451066,-0.033891333263939664,-0.05646577314888348,0.01364855638776692,-0.007408515313881734,0.001384899014518329,0.009802037084682323,-0.03223310762884554,-0.017411815897719368,-0.04276225097088264,-0.07656735030977588,-0.022259561363555693,0.035984026730188405,0.021795457875000875,-0.015349813931650124,-0.042194292110233525,-0.021692730272612603,-0.028302273672153832
2020-09-05/2020-09-11,0.009337364189214803,0.01949917786368225,0.01827078994425105,-0.028943283429366327,0.00030086105977832116,-0.013170228016963548,0.0538393368885865,-0.007741163336605201,-0.011643419010329684,0.0109399105977377,-0.05076520216578569,-0.025895036193256168,0.0750942422457009,0.025525493249736197,-0.012050494085493779,-0.011759040384424872,0.03936924845229386,-0.059154907971523285,-0.00023233706670575772,0.09630232897870374,0.023385367412019065,-0.015840752074727422,0.03270195825807498,0.12967074853438004,0.03825926317881321,0.024283703439531953,-0.06563093302913409,0.014619167155730141,0.015560951408520584,0.014071977086431379
2020-09-12/2020-09-18,-0.051149605499760345,-0.09241785027492384,-0.05529595044195852,-0.03300986268622622,-0.054100607824210084,-0.034153645303270155,-0.11584784253475246,-0.037794696277761004,-0.01223679563140091,-0.029221689278183277,-0.020978417983239663,-0.04411871816318899,-0.01541379558414686,-0.015724652235410034,0.0013786717595017468,-0.040051837420546285,0.02847289679728451,-0.0439921633305624,-0.031621237777960845,-0.03987388351614834,-0.004548138921891989,0.03189843487294894,0.023797345681211036,-0.039578873787092676,0.019745134286000984,-0.029452550650677596,0.0031857679130758592,-0.025287782002751443,0.04708873915263329,0.012134796630100472
2020-09-19/2020-09-25,0.07519976345108033,0.01352382982773512,0.014953157862401301,0.009183776913776366,0.010428244823429928,0.043648805868492103,0.11539198314910681,0.02714120253642754,0.06772533094842956,0.009808032073203311,0.0662830139453968,0.044696719749975564,0.03587277387220273,0.04324512482742556,0.044612584371884124,-0.013667766955047273,-0.019930541853578593,0.015275138315024707,0.002155150429704972,-0.04955740038869244,0.015548038576082222,0.0264038363739035,0.01712250317936745,0.018820612339465543,0.06457445465628803,0.015928071797558476,0.007084732362439741,0.004913194253144126,0.03258699826322984,0.031128778156584488
2020-09-26/2020-10-02,0.01422840726462593,0.1066098067894763,0.0029206452865363354,0.032840622222947355,0.007828525269900934,-0.028760216502879635,-0.0684067302164069,0.029785171932871356,-0.02117425249901981,0.0256940016424288,-0.010822505016840274,-0.003008640447285695,0.07601549777348239,0.015063995264267209,-0.008888319491057143,0.054975978167694575,0.020038590158122895,0.03682636032185328,0.03963528983896784,-0.049561150507328816,-0.034966057000291255,-0.05249117391397693,-0.03485485865271858,0.030682615493657972,0.01710365593030388,0.027887555140420548,0.03471298020675435,0.038353279818464925,-0.06277422396755192,0.03755444556202962
2020-10-03/2020-10-09,-0.029758381872837737,-0.08228123172731365,-0.019634866007646537,-0.02256006198777272,0.019765956119513626,0.027654991784648298,0.04207117363313773,0.025457174697824055,0.025638855170666375,-0.00935800563012172,0.011159942768520751,0.047420798827184724,0.013423043243235585,0.03378162491695455,0.04221545585378149,0.010287203903105687,-0.04252274663191017,-0.01698335471345048,-0.0062510012665101915,0.10609637772219654,0.004492393548105053,0.041587032923983025,0.04634716310040918,0.0003823774897900306,0.02769964255095855,0.016863270935712892,0.04686570149692765,0.04187355526806195,0.002067656233370759,-0.021408346928603068
2020-10-10/2020-10-16,0.004087281175927201,0.022505141208195006,-0.01750268481126588,-0.014263137619627506,0.06224225916643564,-0.010250189734986,0.07353928931840842,0.003729457572798565,-0.012951911259334686,0.01370834300151895,0.04185299175023849,0.03237962396365206,0.030277706792042187,0.0034689560787418035,-0.021954779537069737,-0.05559841043694803,-0.008308567055468124,-0.01804578881167858,-0.01638022245782775,0.05413682615380955,-0.031879291777300166,-0.034232716012750526,-0.028614807627058016,-0.006626019387988631,-0.01978196522115974,-0.002136170039202067,-0.032504716089200386,0.0036120576195232583,-0.025455708455638118,-0.027815403681538467
2020-10-17/2020-10-23,-0.05079884369198319,-0.05075923549652429,-0.07294477913495657,-0.07683357759883559,-0.07115041234986898,-0.03820827405492133,-0.030472664466531848,-0.08323447694408734,-0.041087872779180974,-0.05391380790385953,0.009697021915529232,-0.031473690512824046,0.43903119435603394,0.08404050944046021,-0.04848320632307051,-0.05802334062192477,-0.0379582337125816,-0.05590701797756453,-0.05409369011560404,-0.006293014035485933,0.0373588296468276,-0.0240822233738832,-0.0031895323461388378,-0.014449575359435743,-0.034228009917336065,-0.06397139246793639,-0.04522039126176937,-0.05042386192116359,-0.012897221741172688,-0.07378487544501149
2020-10-24/2020-10-30,0.07034576683219251,0.05164900286434723,0.10102187416347637,0.07590184021334151,0.07602356886006803,0.07620605991360575,0.06761673944042418,0.05752615094813549,0.029850896629466748,0.029142071783943537,0.04814050698575929,0.1240494203034404,-0.09163380566468006,0.028867499236140053,0.08682825458469953,0.003673668336554641,0.010774468436742039,0.011862931953806182,0.028395357934362056,0.16785494838661044,0.04443923412095039,0.035130287071239184,0.035665197805707836,-0.008556256770989536,0.04520846452862648,0.006307149828365627,0.052904444291693546,0.05890044435190492,0.02426847349295233,0.0192404816180212
2020-10-31/2020-11-06,0.0772917509823055,0.14572996754599976,0.06453648431477767,0.03557350298426184,0.064502708275122,-0.008641451078047391,0.2922817001012813,0.00864323760592927,0.041085381481223295,0.06972080274910519,-0.0688281787573827,-0.011228742949693199,0.14155954140110616,-0.09778741548695721,-0.03578865835435239,0.04952889509362903,0.11170908796721846,0.0570394420655769,0.07337089327101162,0.02451646781872079,-0.12215991995768104,-0.07279599146455538,-0.051455507051679554,-0.12257431829915061,-0.03924150277567388,-0.015091815636551816,-0.039739190697076904,-0.0027843157660115657,-0.014413628767930254,0.04962670231458621
2020-11-07/2020-11-13,0.047009610963588445,0.014197648115529295,0.046662462240557596,0.029247954706129464,0.028021832417307865,0.009238823423199774,0.06246353801102463,0.02414660251185815,-0.0036214969834777113,0.0022612355019981725,-0.0078097392328212185,0.008996489963386785,-0.1154994116879011,0.025324641404258903,-0.014117209708618295,0.03960782988016665,0.016026126734651265,0.014077546413162797,0.031006817571858362,0.01010576680435985,0.037821002046291984,0.006848716480071343,0.032906594363199565,0.04130760700238596,0.030361837185892634,0.009528980117505166,0.03984602865390986,0.047167113958041615,-0.014208918329945253,0.04660797063579389
2020-11-14/2020-11-20,-0.005502872128481836,0.030160445230593302,0.0023965696481970714,0.012524044317645254,-0.031782185427023865,0.004171372037521902,-0.11119108121499562,0.018972155577429956,0.005843823793319989,-0.003771514463953709,0.00966211805935625,0.0031566066528195256,0.09118684740537394,-0.005736166762963889,0.00941762454097854,-0.008030872641274386,-0.03593851211811702,0.007956241070147831,0.04350869321662631,-0.00906437708108171,-0.003297921791268393,0.011338855156712286,0.049485852753109766,0.017515590501522012,-0.04123735774730087,0.0194732701380156,-0.026115264407434884,0.012648972981403855,-0.0041639580143885075,-0.003872172653968568
2020-11-21/2020-11-27,-0.010456772323206097,0.01344072465158738,0.024513864020116686,-0.03192739770625131,0.03542541446404345,0.02860681393912227,0.1738538879591425,-0.00761205815427039,0.0020098768885619678,-0.00283787129806133,0.022460649831303487,0.03218957797237329,0.0385343927031165,0.02248780790522529,0.001728373621567158,0.020722646766466197,0.02045997856778647,0.0009903323766213446,-0.011075848528375664,0.017535422293830066,0.018300043457305324,0.05499796519467337,0.03822982863161211,0.053675450107893034,0.013576097059959498,-0.03635063424712817,0.02481715268397103,-0.015312901203080523,-0.00015647655055530044,-0.00779001468908896
2020-11-28/2020-12-04,0.020804998320996842,0.026492693909996052,-0.011940553703675966,-0.0294109184097376,-0.004686475627510382,0.017302089320568197,0.004132822463282935,0.0026540937872835055,0.008620534207550056,0.01291276122247283,-0.016924123729106445,-0.030196066422006482,0.043988814079240005,-0.008011253418911624,-0.017516160627682634,0.07919944787494967,0.06745891893945469,0.06071165495134364,0.06166974070001486,0.02996587785346561,0.04778566949872855,0.0492385396925096,0.03831394221860305,0.0792356347584182,0.026611467928735078,-0.010615955359068594,0.006450967280576983,0.018390823832553655,0.006940085760123193,0.046666825823808135
2020-12-05/2020-12-11,0.00419710379696916,0.009703871000389034,0.04945859848521201,0.03560263140300198,0.022110304423050578,0.023686358885435493,0.09213069441880278,0.030992438560941755,0.007163225769630122,0.004138223733351599,-0.00957239813925724,-0.015473035411429706,0.10321691355827067,-0.007411273220545645,0.041407055357949765,0.00820448791188263,-0.024865407584617364,0.0011636035038013691,0.027018100815973233,0.08417470145277853,0.1437565940475575,0.03766888150350062,0.04974799970743492,0.10474227584777354,-0.019088628309907686,0.029413355628814825,0.06783164510877111,0.021650222388277823,0.02332418437470137,0.008080089797832249
2020-12-12/2020-12-18,-0.0038832979860582363,-0.01267611304706246,-0.009178922337168835,-0.011214390520304523,-0.0072387728951899,-0.0036677099926179365,0.10171803756154156,0.023806913188338656,-0.0044709916046177505,0.0031865576392465754,-0.026132864631782906,-0.003654886674676528,-0.0063958107671001,-0.0762972073414694,0.015062247604749546,-0.037583351244692385,-0.005797205343492185,-0.03021946532825337,-0.04818281844634734,0.012058387649905343,-0.04442966296485243,0.01391739628805255,0.0255077904667452,-0.03927492781688159,0.043986155298224236,-0.013438857576818652,0.002033844527373327,-0.011556526572069983,0.00600204157953729,-0.014715607061211522
2020-12-19/2020-12-25,-0.003394414290460415,-0.00911292183724587,0.014901744305840646,0.017783111045037492,-0.004942192868041059,0.029296140724355872,0.1306109301885963,0.0037572321489258475,0.022089592136603463,0.02586014632905169,0.021312195976608616,0.010599983657200761,-0.05508470334558825,0.0302198864889188,-0.0014823038728235408,0.017747546180263307,0.006422295775672454,0.0028562096189237675,-0.00020569584406512795,0.058486169819847895,0.024388385237134803,0.012543802521621484,0.025788035454365154,0.003904177417383365,-0.01392854370216075,0.01497785331616853,-0.01846254424671472,0.009440215866176332,-0.034020930097920565,0.006566985015926588
2020-12-26/2021-01-01,0.022292316566393574,0.018283915699711367,0.04385386826186393,-0.02382455430731279,-0.006277706308841119,0.010968995071552147,0.11320090721101113,-0.0015357453154628206,-0.040105531392485225,-0.09319718760765086,-0.016313362693118807,0.01230546004437326,-0.0015965245873725746,0.013265326351424538,-0.018743021070813333,0.0022924619371166425,0.01745183819557617,0.018845572439137336,0.11547187610274175,-0.05331094448681803,-0.018931186180430545,-0.02011732577075043,0.001058207059604192,0.004664837702022525,0.007246377043120396,-0.012190568762208503,-0.01348184294607088,-0.02764457050779179,-0.0007044544618538474,0.038206894692082674
2021-01-02/2021-01-08,-0.013453011077133209,-0.02632656829075794,-0.021954513837264683,-0.05431064047856974,-0.00552552324771694,-0.02315368370621046,0.14020939399453217,-0.008209576260293018,-0.004996049781968414,-0.014719372759817663,-0.08987731938446845,-0.024775616710714675,0.0517625246142319,0.10357441186758036,-0.024438579677523935,-0.02193094532404344,0.0036630563458561814,-0.01616656584064131,-0.021991437761612328,0.021315212037216803,0.0025281247433103795,-0.012872332321861964,-0.0621792078506688,0.04013907560762638,0.05907625105198809,-0.01655312831653354,0.03141331313572356,0.020433594306626574,-0.024809803192971713,0.011743542720346367
2021-01-09/2021-01-15,0.0019951906517582984,-0.022456598263073134,0.02116776216182546,-0.0036825032014725007,-0.01034359508804091,-0.023926747214999267,-0.025626422990273987,0.0,-0.01528255440222292,-0.00570389525498185,0.10512835617653193,0.08482374922982867,-0.046980653061294265,0.09034743797732629,0.054581082279563126,0.0018463297498452433,-0.007602783039325914,0.01998863939572361,-0.05769531848475567,-0.02987976286467502,-0.03887235873770676,0.049359170084777124,0.05033102903727951,0.01567402004278465,0.03205249676885539,0.02383846418583431,0.06304997436349988,0.0009272806704374138,0.01939341313514948,-0.05849609409814499
2021-01-16/2021-01-22,0.005962235582673152,-0.04201476455974733,-0.053161377002397946,0.012761542391762722,0.0177042740410913,-0.005282916693056221,-0.11956523380497154,0.027518710148887477,-0.003013144297636451,0.004077514968379497,-0.02926564046160494,-0.016562821217065333,0.06278531239629405,0.015372096184971767,0.06020368326263134,-0.000615105098527856,-0.00766095163851376,0.016787525842538856,-0.041308297916362695,0.02370977263809129,-0.017343339490182342,-0.020486618612303078,-0.025921692339466475,0.013117710552108497,-0.06869024691345256,-0.03192864398214867,-0.01550858352175229,-0.05086396225134525,-0.025296559412221975,-0.03407808880102454
2021-01-23/2021-01-29,0.004879520457717868,0.008118322022008444,0.03025026422052029,-0.006089004222995836,0.008086594218364135,0.030412974333290932,0.05618675692781558,-0.0037081171408990692,0.003514215274196701,-0.0028524771141228695,0.0056070906275778225,0.10269500628672787,-0.011830033337665434,0.06027723220562474,0.012808209547017528,0.028502368232304467,-0.015769384126382936,-0.0028176416977605664,-0.001049791470061476,0.04029107126950751,-0.023648149950234502,-0.03110585735998877,0.005923521718679827,-0.06831038505869921,0.0025182203291630005,0.020151590354298015,-0.0006689049014932363,0.004476591384560595,0.0037604651750695805,0.01676444259400188
2021-01-30/2021-02-05,0.029327238042741583,-0.02800087337487946,0.056026709759781614,0.03690575432023921,0.008536922148374856,-0.01686825452627264,0.07845886187388733,-0.012147902915408916,-0.03430142682498593,0.0259807379782565,0.014528557653885152,0.01695695542910926,0.18408302302045826,0.034010033131076485,0.010195172828146281,0.020475128120920245,0.013911285465368302,0.018174070613630855,0.09376227460010994,0.14133003083629864,0.05558459620704505,0.060866526829408796,-0.02192712405199436,0.06148131853234761,-0.066552557785187,0.015236395601743478,0.042061879433617826,0.02388940686299081,0.032184359960829266,-0.006908702944092357
2021-02-06/2021-02-12,0.014022858976899638,0.0025071664302353286,-0.040855864987850876,0.0027431367160652494,0.028943486968623332,0.02968616071325619,-0.08743662659817944,-0.005341567801445916,0.0029591890940367472,0.009300530001000286,-0.003705131668721972,0.008134335926746306,-0.02659177720658779,-0.03034763312813117,-0.002867018764539449,0.01129958257998283,-0.028839085060311034,0.0073613202309070385,-0.014252913617394792,0.08393424386665932,0.046008439192255966,0.0005426626692026413,-0.004525236705882859,-0.08342584242097442,-0.04340153391310121,0.005399207448292193,-0.05789402384958344,0.003738194707258483,-0.02114616413908271,0.023561997199641346
2021-02-13/2021-02-19,-0.04804404016067724,-0.061143226646862295,-0.03715726464210798,-0.03897051410017745,-0.026113772390716043,-0.08206853783810211,-0.025680060371082933,-0.028116845928898217,-0.04047729534909013,-0.011888410132058966,-0.05611314791734025,-0.04360976185812088,0.05570497163725513,-0.09837519973930191,-0.06032838215912651,0.002198333394233694,-0.014598678268041839,0.02266116444629769,-0.011707489991492612,-0.13634399450891965,-0.026791844325193503,-0.086166967424353,-0.060662860888693895,-0.016296828371494723,-0.07518827151268223,-0.021014861157284206,-0.03179144446958517,-0.006378868754091191,-0.10661645010026041,0.015242447914641076
2021-02-20/2021-02-26,0.006802924604730225,0.005143898153636106,-0.031605209520994944,-0.07489013923511208,-0.029720638476858307,-0.007880981492012542,-0.07690510490386597,0.0006478841653320705,-0.009040842571395365,-0.004594923821181628,0.011516248523653,0.008879406240672367,0.0021345795377079274,0.0014971891917274006,-0.009918416290399227,-0.022323163495536865,0.004429745777382371,-0.008324954139551687,0.019244362225901073,-0.045299707538860645,-0.11683184071797335,-0.029642091942425845,-0.059396866848059726,-0.03141620680554339,-0.03762396304349232,-0.023258032647537067,-0.04318051068191716,-0.010851657171516864,-0.02530273266372811,0.017893570454596986
2021-02-27/2021-03-05,0.03595958000026865,0.03176424713778091,0.07944884221992511,0.0489082399881052,0.018354001750576235,0.05368177465735386,-0.11305724861891454,0.07544867904605951,0.0414613619980599,0.018647502475651244,0.061126858916167766,0.03222461256099536,-0.1339231476571913,0.027019358988990154,0.044848781228456515,0.02359381561439954,0.023209150401308467,0.07694438871626133,0.09032712025222846,-0.021987782275537424,-0.01046531123769378,0.0016200537145716096,-0.01984743756747228,0.04422039639428468,-0.006937880654256836,0.032326863663399784,0.07891250831894632,0.01018273805302612,0.08086828749808783,0.018363764813212693
2021-03-06/2021-03-12,0.008583989191604871,0.006233569871833795,0.010703269458561917,-0.013347527551020906,-0.007824720665477151,-0.016133935258895938,-0.040716455702595016,0.017562424269152232,-0.005192930146066927,0.0021777355763734165,0.01715843184565574,-0.03843378963489703,0.08763510318973591,-0.09732816603772453,-0.0274036468090187,0.04436644734816447,0.04769712586920572,0.056332686277435574,0.023297220083185,0.09146839795600646,0.030094606883785034,-0.025759305963525495,-0.020069935542389877,-0.019917089957047027,-0.043991588922204755,0.05216717136247022,-0.022619585425160203,0.034567149143228004,0.01771977226168682,0.0010971877234309522
2021-03-13/2021-03-19,-0.022327440962592003,-0.011538552835935967,0.00038936033448544796,-0.025063898205961156,-0.017166709161969124,0.009846752086396194,-0.011721944575482623,0.018998389770991806,0.052187208619092894,0.02826973544264464,0.0004308301212912875,0.005486261685600424,-0.07157118926684154,-0.04520421727754298,0.006996847443388704,-0.007526048567653271,-0.003867606481195378,-0.007542533687719886,-0.017334427583386772,-0.010192867955056606,-0.005187607221420013,0.015734856386516914,0.015252021763842516,0.09525123435377258,-0.01532849342935552,0.005815370429435355,0.0017265662641340893,-0.008623790544272559,0.010336290856141397,0.043238458503621686
2021-03-20/2021-03-26,0.016135439082466573,0.027817099205888575,-0.006684623466849033,0.010100944862843752,0.01296836225957761,0.028533711233041763,0.09763337022891841,-0.0011588864159391822,0.011747668897440805,0.009375358689516397,0.06902621073663019,0.046771689106363735,-0.12310909119675352,0.07966521324087028,0.04218125214697364,-0.007128740525324287,0.009177507433072812,0.03318255955882375,0.030649803240777703,0.0022985088643708426,0.009513322584082893,0.059198448063210264,0.059227463528177864,-0.026907479804578163,0.030425629131466347,0.004494739675847564,0.004619711356251564,0.022286833609331105,0.0156014908783831,-0.008276447320740468
2021-03-27/2021-04-02,0.04404662420773253,0.020942303185382465,-0.023842339956734435,0.019901281359634555,0.05399804260464216,0.042222090094367365,0.096849840200002,0.02751290198524519,0.008878798136084897,0.011549680012173512,0.046961555434824886,0.055102608739367266,0.05449558648199444,-0.04152293947143739,0.04399400629789826,0.015549613958896594,0.037382510773419364,0.0093678296432707,0.011967973216718464,0.002102360636755483,0.03340941845049896,0.0256893048904684,0.01896970811602375,0.0523336361203149,0.04334651057183537,0.022132433439819573,0.057798219632820766,0.04331072499062761,0.02783720923011599,0.012733169283981147
2021-04-03/2021-04-09,0.020532891427065162,0.03899050713209411,0.045298756890438864,0.03376578741859433,0.020222688242724277,0.006797347965200925,0.08442863512865416,0.014619263891663887,-0.001614864357038809,0.003945922335535437,-0.016752057080278302,0.015354209169135965,0.149394060995661,-0.005610678246383337,0.02437961137085873,0.02637113577076513,-0.005796954471131159,0.00252223603242117,-0.01867593316849913,-0.020054774196937693,0.009115311351223312,0.008582198251914143,-0.006009338407392542,-0.027197675693418535,-0.018256781008644862,0.004463591766321826,0.011961844135157097,0.02540294545094365,0.02335008152167136,-0.01151367980107787
2021-04-10/2021-04-16,0.013292307906592866,0.03624627927691984,0.015774408800996037,0.0491204543663277,0.0262633305344579,0.016127768106837418,-0.03913320175278134,0.005566558455425807,0.026078326534218346,0.020599857342864056,-0.03740051937675838,-0.014425835536639824,-0.03244744096903908,0.01131358641355923,-0.009019419377959489,0.02346204458762414,-0.03760428108117253,-0.1042634905975301,-0.006942022159101482,-0.030254676563588528,-0.03738631463184238,-0.010632885873040293,-0.0228340394113913,-0.03684053677331606,-0.01730254660179612,0.007237660323853281,-0.04129103813226415,0.0017837149914027206,0.014575679066863158,0.013920851972517646
2021-04-17/2021-04-23,0.012954455191781605,0.02683314949059016,0.013626989494640245,0.011591980040951562,0.0056912744331601775,0.004400112446904946,-0.006321399996023581,-0.002501010992698614,-0.01468953606095361,-0.0033118811123153784,0.1054920402597114,0.06039799535129102,0.000815981071334947,0.002592815370610094,-0.01828643016900733,0.011422735436816774,-0.01988139032738178,0.0021483850111298853,-0.012265814173726818,-0.035973325195058706,-0.015073519870076008,0.035330294232953585,-0.010765236438672415,-0.022197023678853137,-0.009743537453693291,0.009611808975939549,0.002773147742581625,0.009209091136646521,0.04227741687466476,0.01831339296475859
2021-04-24/2021-04-30,-0.009094431508309074,0.03887937856497999,8.283588481790799e-05,-0.016397105169095955,-0.004502962763093753,-0.030267710771672247,-0.13179654335078023,0.01079284564263515,0.011191826664300873,0.0051472409122078925,-0.029223083705307063,-0.023429747518672325,0.00844710127127715,-0.03436932148396397,-0.011070427608231456,0.018029818837367553,0.04553383620633172,0.06017024450003989,0.03243699559119938,0.01589781304208487,-0.015589838206565235,-0.0347639107891064,-0.04538463543874238,-0.008816133207352965,-0.04471883496816805,-0.001489267235621615,-0.05022601135797076,0.019817479620700077,0.033217895739122635,0.013627558682530173
2021-05-01/2021-05-07,0.025215956437187954,0.007821866154043552,-0.04178093276456799,0.008555182210746276,-0.0026161521398337085,-0.06018397322685022,0.03824638157175522,-0.016933061066275713,0.005549412777118738,-0.0005502625041299227,-0.04721987831693158,-0.04744683438436436,-0.12236320839180809,-0.05887162580637343,-0.027195597907200542,0.007511119941361266,0.02101075123855351,0.012649427707683453,0.014739994039150748,-0.03586698858862078,-0.020345533798037194,-0.01575974704837818,-0.03561239271099538,-0.05259250499412249,-0.12798846583827705,-0.021910605206157053,-0.06491411711731802,-0.026737318066398404,-0.017902431315824207,-0.02983947890516423
2021-05-08/2021-05-14,0.029922423122520855,0.005189221417537918,0.021837716280990425,0.02623985638121521,0.03371879754556129,0.03330525731516057,0.10196977953064747,0.018583125165251124,0.005858061665178709,0.0025650876741949986,0.042803944941022735,0.034355288879805164,-0.03176047519580874,0.043957300072814405,0.014095977636519949,-0.0013332317339950057,-0.006534455023557314,-0.0017973267869791424,0.006036235986212692,-0.02820747784980298,0.0474008064125717,0.019079003593928858,0.1286343049093688,0.006777021300782411,0.10100658745085953,0.010434144583451163,0.014321967000960051,0.015544421292148019,0.015364436210034495,0.029111617436084074
2021-05-15/2021-05-21,0.0046764883115499615,0.006745700380393908,0.003762496755808247,0.004140450869991409,0.009168049648012294,0.008718612563085558,0.13691001913606649,0.007119776871149573,-0.004902182157646865,0.015253628891463561,0.04342376164048012,0.02387032715101129,0.06608241065042869,0.018351528374279127,0.013722762681560382,-0.007624893707459633,-0.011666409312727211,-0.01672895955786556,-0.04112166328658468,-0.04283497931284373,0.06329526888841705,0.007867063141110532,0.007535797884293301,0.054004446927416065,0.026981878387417366,0.011476460622705974,0.017596815622646193,0.001249805395468172,-0.011654274313646216,0.01028781454192449
2021-05-22/2021-05-28,-0.00010367261613332591,0.006307480501597419,0.0069801294514038525,0.015282503939664975,-0.00985903036563826,0.018475843959840765,0.11335590060828826,0.007339707763752582,0.007886653665111784,0.0026993372788005512,-0.02037136032624145,-0.0064116503922935835,0.0928823222558405,-0.0008929982875030315,-0.014545196602439615,0.0071114998866750045,-0.003065861957734215,0.011719266732073722,0.011774889213077991,-0.025393806985498337,-0.004315725338930442,-0.00659839217134707,-0.04805845108355991,-0.04032538200593016,-0.05399134610050548,-0.004806636265913514,-0.02413181927955634,-0.007315273015370432,0.0027085716235132635,-0.0036104740804577956
2021-05-29/2021-06-04,0.010675033901616015,0.02649925110220881,-0.006220920964008826,-0.07102061012920773,0.011226970766522503,-0.013558161409426955,-0.17459958181482432,-0.055121002847517885,0.006804763086558103,0.0048411426448018964,0.01949964012042059,0.036615154192218086,-0.018194116912789278,0.0006380465758664854,0.04585766662005604,0.0018466255547795814,0.02601488263481422,0.007205999910591044,-0.017714830323160638,0.02334027741904747,0.009651840403704618,0.02670856668219639,0.03992813563307632,-0.0006534589260885779,0.018558721424996392,0.009164200346503566,0.008701447289548669,-8.413259301617114e-05,0.05338116785077427,-0.018397443701171984
2021-06-05/2021-06-11,-0.004163657744150771,-0.017501292427109048,-0.03182905388995327,-0.00787895448624467,-0.020951485177416615,-0.012879827849461713,0.04558477255799448,-0.012963089156895157,0.006213666452229188,-0.01731973414345042,0.01210811651257061,-0.00010671550976549048,0.04941442420271695,-0.0012763910809364004,0.014127534585324519,0.024805418506193923,-0.010274279342664307,-0.067441492775237,-0.024657437130792943,0.028817935724524353,-0.04635931848250531,-0.02594089590579606,-0.08145835964235155,-0.04000533461369913,-0.0070972888680335385,-0.0030311895266395485,0.036178749717937615,-0.015878047238604063,0.019368602378414236,0.0010311056718167121
2021-06-12/2021-06-18,0.0011841278510783728,-0.020724948956630115,-0.016413185126805944,-0.009539749110352902,0.042588608956304445,-0.026601101291065948,0.12492648053233296,0.002895250475260895,-0.019375745432561705,-0.002736775207983586,0.01962723005043551,0.006194565528646737,-0.014458812451563127,-0.036414843830194873,0.021949910143178358,-0.00974750488049734,-0.015740603292149907,0.029311338288648025,0.004658776353943804,-0.06575657280388635,-0.010249433816011623,-0.02338135649548047,0.02639346163460902,-0.014388730799442504,-0.016517398074454872,-0.002354293869071982,0.0659102442316233,0.0012829949906205762,0.007769771397486196,-0.04239957043515643
2021-06-19/2021-06-25,-0.012581010520421933,-0.04541603119567155,0.02633166358389209,0.0063251974408222115,-0.013242286111593013,0.011142507373627054,-0.0068511927244433125,0.01804962379207002,0.017218586940011504,-0.007937154123039946,0.03214285667209722,-0.0004530659377042649,0.06881344726108007,-0.009849800732003696,0.018243230437925428,0.02071306006653563,0.008916259865668186,0.008397966372504841,0.023147811007806975,0.021132474697558107,-0.005371609174370526,0.024859722093015887,0.022089442491850065,-0.043730554141974055,0.03206543323058002,-0.004553272869376451,0.03237990475389932,-0.00841194469853858,0.013415255182112396,0.00876098294714628
2021-06-26/2021-07-02,-0.015065394933987498,-0.03514579855299205,-0.0218724953828983,-0.00875838555219922,-0.029517609852224867,-0.01447624819736206,-0.027036240322151347,-0.007510103348578172,0.011139135699091923,0.0031455926422863808,-0.024971280003648844,0.021007686884811867,0.012044794833868631,-0.09904911045326596,0.021202493393651132,-0.015333134014793049,-0.03483797956483438,-0.02970713744852269,-0.02996414865408046,0.0702003633124565,-0.01614959283222241,-0.011961068100983829,-0.04748634414799147,-0.019658392474551947,-0.0035124862432440894,0.0024511094275610746,0.024289284648391293,0.01122865284825304,0.018138184784139703,-0.021876447348203355
2021-07-03/2021-07-09,0.01891349283400437,-0.01199534537166452,-0.009071515794581226,-0.016648848560968998,0.012810171166778787,0.04121379554186455,-0.1213563043886088,0.035041392539130904,0.03533520044535361,0.041789478779434064,-0.003448686920113439,0.01556071677862603,-0.039915952649187146,0.07014422180724424,0.012928717470588578,0.009510117863855078,0.040558957500359365,0.022573483177441706,-0.011751948822597936,0.0034593986057332147,-0.0014045274253388024,0.015612587063977524,-0.014340292656834194,-0.0023557098475454528,-0.048297680126750314,0.017201938016791,0.003679637031651492,-0.002816708149714377,0.021452047160119312,0.0012540311882001634
2021-07-10/2021-07-16,-0.011221036497727297,-0.008614972802534926,-0.004990998905404442,-0.019874275896255435,0.001156286228849011,-0.002673941297538156,0.04901803356061629,-0.0078057524753197055,-0.00038639345042288124,0.0005313935778322896,0.019349334703086342,0.011091449817649578,-0.10399381636513177,-0.042038987731367196,0.018019784526857482,-0.021064214341190164,-0.03186487030635966,-0.010584424643879011,-0.06505583028861606,-0.012816666315347917,-0.03956369273542519,-0.0025969901247369395,0.017908073109277313,0.019126087946451396,-0.01863639481197264,0.007528312845546023,0.1282959881945553,0.02756752657557657,0.10556238878084952,0.016778576394572142
2021-07-17/2021-07-23,0.03638449238276925,-0.051146613918912086,0.0032557568569482782,0.003083550264886605,0.026911538108780844,0.012875932663637882,0.05581600656172033,-0.022072098885045088,0.01038467796664689,0.010218570429218412,0.020099227232372802,0.05569956488768885,0.27354620397247525,-0.11668880816788893,0.0012572187604815233,0.030884008583218017,0.012920274218816327,0.03368879036223144,0.027606763807062156,-0.00416258046747671,-0.027122713723090382,0.0076314310655512165,-0.007559993049173901,0.04661856851762005,-0.03991316396355229,0.02216847071417344,0.02620505950015554,0.08026021244166551,-0.023756998615351736,-0.00015427975500118755
2021-07-24/2021-07-30,0.020884621308624705,-0.0466009376630921,-0.022789418330718438,-0.01395078062514544,-0.004962704278556675,-0.02820113871456905,0.08265752404282702,-0.014119214832702278,-0.016071705247106858,-0.00968745908055279,0.01289367640736968,0.0034850358950052874,-0.046599454663429976,-0.07660590917387092,0.010485626974606857,-0.007004492700329302,-0.02278845663804061,-0.025845692240633995,-0.04350210421596192,0.1518589405193777,-0.060220919717059666,-0.04646695791811716,-0.080896103130822,-0.05460406105927959,-0.06804244420089076,-0.031640563000005055,0.02874094686335712,0.025233400079815244,0.01753877057405653,-0.015528316775114742
2021-07-31/2021-08-06,-0.013472764299089883,-0.0063264880170400195,-0.03509479823513188,-0.030253036658039027,-0.0187177092636613,0.05983750073343361,-0.03101954872860979,-0.001742546506419094,0.004913215787145014,0.0059997855807638854,-0.00088213342836988,0.0068936764419877524,0.020745493627144153,0.06132114974413293,0.0010015157502754775,0.004208676776717608,-0.0029524878695429374,0.015920047255322423,-0.00824548526680933,-0.06486566772635187,-0.06034549953140457,0.015370442575929885,0.022640074099061522,-0.02360001894845665,0.008347246099319522,0.0010570890906909315,-0.011982113946125503,-0.00209720513010929,-0.03612656960872407,0.019680030785132363
2021-08-07/2021-08-13,-0.016869896494225323,-0.026048310711172758,0.012591479660183594,0.00670563866413006,-0.04428419619660611,-0.004517486476373297,-0.10684676916074977,0.01414347938717022,0.024461498375999712,0.0003516453185993303,-0.020982240900706054,-0.011096875603005733,-0.018061587340687513,-0.12720780477041224,0.02373205076480417,0.014000015557599815,-0.017627622861419345,0.0024904880485035483,-0.0247380524073795,-0.08086482960217471,0.0008470776024209875,0.011517032664960892,0.011778025807230474,-0.038027446336245906,-0.0024968580016784796,0.0023633879769317254,-0.003527190813621136,0.004488798536316155,0.0035563295275895484,-0.038797469429955496
2021-08-14/2021-08-20,-0.027503881664622944,0.01145912715799157,0.002195245274920473,0.012273544842097328,-0.00048173478858616603,-0.00350483786429657,0.09656495970512609,0.0022903456677595383,-0.027302939210535674,-0.023488485694371383,0.02574157890357847,0.04157996151791363,-0.02579213794502679,0.10951995487594918,0.009699258495800054,-0.0016775786737984395,0.01007226943055905,0.01051681067838839,0.016627593767885925,0.05600607995355457,0.0038874230334461817,0.006168658418657477,-0.02111240985120929,0.07538080856437063,0.0408219945202552,-0.001181068023355328,0.018950794446400146,-0.019295223179319743,-0.015026070994688213,0.023333704939385396
2021-08-21/2021-08-27,0.04210656694479332,-0.0026455137561157654,-0.008856635034857624,0.017357153919849485,0.05917766183775943,0.007817383531266313,0.16700104238315236,0.025131834552155154,0.01489205114037113,0.02190448381000024,0.02947496905042913,0.012970411874346135,0.005485498052988472,0.05531278470807143,0.00686399742831809,0.04244436127697022,0.022231976320817016,0.04590427758093998,0.03165991377431724,0.033475138094832074,0.043894214544814875,0.02740117372457699,0.019632264709530986,0.050466193986045696,0.062035405260419604,0.012247917941043348,-0.0019583560319398467,0.0027363988363906045,0.013036633961926017,0.008071160010881172
2021-08-28/2021-09-03,-0.018220631412750703,-0.041753763965164774,0.016570927225259074,0.0067039349198244665,0.005210094534552303,-0.012890098761499722,0.02168483001214502,-0.029143357320911136,-0.000972609248632434,-0.01615936020899193,0.007221775331844012,0.0017712216132932293,0.026452271397797874,-0.0017372876177499602,-0.013034900113857668,-0.029394118345731007,-0.019257130153180174,-0.008855564340191637,-0.027596462034688816,0.03682362239163497,-0.006316242301561394,-0.020293912347868294,-0.031344633615931455,0.05776582619459392,-0.019742495995549624,0.00020077488900143562,0.003619688890660986,-0.01550781731005954,-0.0022642330013812207,-0.0037170034750083837
2021-09-04/2021-09-10,-0.004476992579797814,-0.009365302953509616,-0.0025958163679446282,-0.005633748303792512,-0.015482877520627688,-0.004889998103395586,0.09360762098122417,0.01877195019503329,-0.0010921357962043457,-0.009171925823394704,-0.0131548667628122,0.00048034335179497205,-0.007755110720842503,-0.08199425628261368,0.026459384674171388,0.0024343350878137065,-0.0002698081498202005,-0.03622851724218466,-0.020897932308906658,-0.08652207662945284,-0.025172098725268238,-0.045646764562528225,-0.03328029149161999,-0.0064725976969969455,0.0007665948112751663,0.019094832322098947,0.004274271672749103,-0.01018708557932302,-0.009558660611449513,-0.02132737620657843
2021-09-11/2021-09-17,0.0010427918774262455,0.02478187673653583,-0.006659250882119754,-0.031712202430854985,0.0302847194383088,-0.02953065313119808,0.00765967754771916,-0.03410581078689489,-0.009235092370476147,-0.016433187683041372,-0.07541614360413502,-0.01681042134284789,0.0034838857763591544,0.02574669290620771,-0.018718021792347387,-0.013511225615225645,-0.0040603437552350265,0.018544410973504243,-0.01040612054695543,-0.07712403966718162,0.022731985104579217,-0.061190504692855266,-0.03490327736174037,-0.03838986083038025,-0.01778172069654002,0.0064344841481403575,0.013552999491246406,-0.02340769837821435,-0.03481614256994927,-0.003016083787150202
2021-09-18/2021-09-24,0.0059243491919030765,-0.04253740628549314,-0.01568155844432925,-0.023304574912102107,-0.019557673266704653,-0.04684227639431731,-0.07369561276323894,-0.0040899158850230734,-0.024431552936003787,-0.02948308094775376,-0.019173212611173957,-0.054871748908109835,0.10588202774696233,-0.0005017813989536406,-0.060691710377310366,-0.06790200981417763,-0.044081872501783775,-0.06978343711586707,0.01102686686856038,0.015525095127594323,-0.035644046975275984,0.10641555690236938,0.04915379886212787,-0.052643715905635435,-0.06776787321121508,-0.015106692695775041,-0.06730053175696257,-0.0215948994403298,-0.03269098117602721,-0.019103433920973384
2021-09-25/2021-10-01,0.0011392490200994357,-0.02897199733852681,0.027248809863292346,0.012015196399335215,0.03260652314790445,0.01386269101281406,0.08027322506577829,0.030020575639880916,0.03898806345349449,0.02651785824933197,-0.03042361390226487,0.04067226184195948,-0.09934913527985019,0.04690023480250566,0.0448436829862283,0.021300681297672104,0.002233647671945776,0.02087024736578706,0.019871845611877912,0.07978533733939878,-0.04487375607433268,-0.033307762462544174,0.10291055478601377,-0.060091345298228,-0.07179909078304983,0.02946510389996012,0.015911088036508893,0.023513307360234662,0.01198335257015148,0.01008148582363627
2021-10-02/2021-10-08,0.03153349059030969,0.02843966406444405,0.01767130627582662,0.025188606197015257,0.012012850957351598,-0.0509018770854366,-0.053873815316036654,0.016430761200310125,0.01818514504718721,0.013457609124247394,-0.0020982404155509746,0.013739136871312568,-0.003327790092674691,0.003505999185163966,0.026440775175336884,0.032907454199780875,0.039886487416098466,0.04604071866190143,0.01654570915269616,-0.010360737549730046,0.005632770497722577,-0.013758007152270784,-0.008172906596935219,-0.006820799248879189,-0.05058542658786482,-0.015298450628990528,-0.0032434721182930514,-0.0013583668387048482,-0.010893669128273184,-0.001457101067742111
2021-10-09/2021-10-15,0.001403332833384191,-0.006230513473556127,-0.008933918403165127,-0.005478647192266522,-0.00043424132250681024,-0.004097149158381957,0.029926148079803355,-0.03458958530754135,-0.000502248979743196,-0.004772562237008499,0.03983175941641151,0.005193722874510774,0.030723125292058832,0.03393854432219464,0.026113478443670096,-0.02385300084710653,0.0027690210910177224,-0.009081664265873618,-0.017168110863737544,-0.0014591222415984873,-0.04084386848808258,0.03561178777105949,0.07219154934622854,0.0801948167208546,0.04067100028787655,-0.012964464264694754,0.0017043620958916567,0.01373953438878259,-0.0201394522462526,-0.003733645979787877
2021-10-16/2021-10-22,0.005393560061929735,0.11029472749282652,-0.007537090518729442,-0.0042014578258904815,0.017867170707043058,-0.004114004873663863,0.025176196685597084,0.031776063526647275,0.015212060679440914,0.030621179112848743,-0.0758105706894363,0.027547872648972377,-0.3383358443018439,-0.036168193411884125,0.04280211359111644,-0.005714726318463951,-0.011402979560034953,-0.07869569828165829,-0.019357446647297057,-0.009220569533071895,-0.0003657553113044041,-0.002848046338710879,-0.00523170482073897,0.005040607381001011,-0.08998018790540516,0.016841584024681472,-0.03656384481773799,-0.0071243608525345704,0.024006376191282236,-0.0789860136446984
2021-10-23/2021-10-29,0.016107180515310328,-0.04967003696333817,0.011877054743834202,0.03396922205528161,0.005319830520603977,0.03335955906373311,0.061599110297121625,0.018425782864663648,0.016507263902207442,0.009943159280615517,0.05801540319556799,0.0164460538810585,-0.04753954040062411,-0.041008191164126115,0.036596721883161036,-0.023723941127626266,-0.04140496075590361,0.0006725468197409828,0.034090927357667625,-0.21867994873874924,-0.019765996287006118,0.015917645630992242,0.06311919303680563,-0.059708516961908244,0.06985139572534707,0.031909153713588746,0.017028723439122706,-0.003820195740556075,0.06080512065973937,0.013981148890153524
2021-10-30/2021-11-05,-4.905604603407994e-05,0.008534741275868465,0.027724101515930123,0.019868655727373195,0.002755054270750155,0.049885354855131854,-0.06190615975452132,-0.014769606203522814,-0.009908510300388673,0.002470592449120464,-0.024444010031014856,-0.017011846382282206,0.011158438952604297,0.03685410024264934,-0.011990872347714489,0.013565293828792619,0.024479119844373114,0.006480077686341226,0.0026369904770138235,0.0646695968579651,0.0257840064351567,0.013731760594331096,-0.03803742452592238,0.015447226196491151,-0.00928506466149,-0.013105447292378237,0.004326507682808391,-0.007845936707854379,-0.004762222452630124,-0.011520422910639391
2021-11-06/2021-11-12,0.028841971616980336,-0.00971200755893251,0.05311369361221145,0.00013751115693368034,0.017829494164488795,-0.0317102129370286,-0.23819842719120332,-0.001404799275595264,0.004477089112775689,-0.02371939901329787,0.03286452093088635,0.027551702905941226,0.00991872264375192,-0.0009610444253009867,0.02624495620696191,-0.03699157571061617,-0.00914522477074698,-0.020021221235294234,-0.0077284106945310375,0.02306203553725697,0.027261385506981088,-0.050546373359008585,-0.06513105414285875,-0.028880206295028663,-0.05562314853076315,0.013184359040978342,-0.02048928794378793,0.020602887318933935,0.0572494450729735,-0.0014056591483146245
2021-11-13/2021-11-19,-0.013037723831437113,-0.012359437897181328,-0.019212042913371266,0.026067527400149292,-0.020006670065300887,-0.0033617586449759783,-0.04938128496560146,0.0014047992755953573,0.0019561007102297323,0.0003609474541441415,0.0069732601857073724,-0.025129670413777058,-0.04533248192134919,-0.039387267287344124,-0.008066518882648793,-0.016742348468610335,-0.006914443059691183,0.0015893936641888497,-0.005732741528942181,-0.1081104632662667,-0.030904373901860117,-0.08095963815080079,-0.05730042660932668,-0.04691365468197051,-0.02901653810940845,0.014219036389661552,-0.040864877201286905,-0.0010240101396676706,-0.005322980566198861,0.031666464761126174
2021-11-20/2021-11-26,-0.009842155669400839,-0.03997045644623462,-0.03163498195884528,-0.03866350208883536,-0.013353659855918189,-0.07128850074131932,-0.11206873989816508,-0.04185197043381402,-0.019238244847842124,-0.04350922032732671,-0.09422884675061227,-0.02182138451635252,-0.030869119101230823,-0.00467842929518532,-0.025233497698286624,-0.02462592517992234,-0.017204299843495086,-0.01993441804168852,-0.016146252012351182,0.004268762356033709,0.03936104327371489,-0.032581941411648094,-0.017993009928227496,-0.006319126006516917,-0.038287225932265724,-0.03285454558552331,-0.05815386384881586,0.001195277553779396,-0.01696028852124556,-0.04636588284104733
2021-11-27/2021-12-03,0.013646495258479956,0.017575082687363058,0.035927090769011974,-0.014319480167780193,0.028008300435846588,0.062381589285653995,0.024275607330367065,0.012509341620472984,0.04154681525111014,0.040897672245102254,0.06071740077010186,0.03215992825956223,-0.06154189025482181,-0.0033553205036776592,0.01089651799863688,0.01872148338802668,0.047107990142809704,0.031437997892477434,0.031024740749954056,0.01138350609976549,0.02853634756172015,0.019468282179494,0.030512495526118733,-0.017586471974433568,0.03727145859143936,0.05852061893153151,0.06670652484634342,0.05077155371229729,0.010025728924528462,0.058050140244604025
2021-12-04/2021-12-10,0.011183834460419092,0.03424987387969551,0.03414260345167848,0.04330296087187808,0.002106010418332968,0.03690947626541288,-0.05228947222768243,0.03158585957804056,0.0325939077240064,0.06680287156140084,0.015284987468668722,-0.021867829524055055,0.08262044744212925,-0.04678402754019506,-0.02492525240919425,0.053090519069226044,0.04041783355102501,0.06005698676385875,0.05662998017896404,-0.04605640509106995,0.006288801654819365,0.03586416646625484,0.03751324744923082,-0.0525673562720286,-0.08369094778355136,0.012161625953194328,-0.025654284009302645,0.003524301227062297,0.0035953144191423606,-0.02851739420199025
2021-12-11/2021-12-17,0.031209573769620757,0.022802073747551777,0.010007201110360547,-0.013571812718345427,0.010464770255801517,0.02394154688361312,0.1577989306891267,0.006700559455901253,-0.011943907969819027,-0.0073584896979116314,0.0010147010309718538,0.016965416229606126,-0.1152036941040836,0.05930820820181785,0.029687460529773623,-0.015482578621377766,-0.0010782834138026714,-0.013822747084333856,0.028829192397923344,0.02498147453462302,0.03152101380177365,0.0240534803729228,0.029771238012348655,0.05337357872079417,0.0589983594227095,0.0015052252699148268,0.04067501868503631,0.013015109217981824,0.02705738137489993,0.02700113016691266
2021-12-18/2021-12-24,0.00962765936324414,-0.0036268822359219973,0.021685878040729502,0.009436777254979161,-0.0012499907585184317,0.016382579438447627,-0.014583053992698162,0.020380393135545436,0.01687858453822356,0.009572674585287676,0.02684077863560193,-0.004885499742580002,0.07218199660544282,-0.017746902627816964,0.013738619755208143,0.027736476599474046,0.024905352634263037,0.030728624055655785,0.014200153822594607,-0.013827022659797154,-0.03883324904298799,0.014382051599618473,0.015998529858049615,-0.06663585582653905,0.0062304942183590865,0.004726618890598782,-0.0008295263838828668,0.022285606862129347,0.02097539837830445,0.028631034716484764
2021-12-25/2021-12-31,-0.018930537270958937,0.025759515453421127,-0.018617447346851036,-0.0447721493408431,-0.021279651068216086,0.0013618697418833457,-0.17819515669598843,0.020241080016446842,0.00686815516139199,0.02834573693390465,-0.03516773047786277,-0.05955670413114458,-0.0344826043872272,-0.049871949698602695,-0.07793263923626334,0.03287195902576888,0.03689486526939859,0.04064410143572784,0.04195676626713738,0.030912246544672468,-0.01964920449842498,-0.03611969800389912,-0.09397833007586474,-0.04222264810243756,-0.03797921176024354,0.009238356939080187,-0.07500126321344738,-0.010679017730281445,-0.06102748327990658,-0.029367035257903372
2022-01-01/2022-01-07,-0.0355448842746874,0.06556401728781314,0.009109201635850807,-0.030654289575767477,-0.04196723062458412,-0.01211235936287499,-0.2025507081009083,0.031944655167474696,0.0018386690353943962,0.007085945054348336,-0.018150966639006425,0.006076110617285752,-0.12847142504389394,0.0555987887515535,-0.029355138608991728,0.04702399728254693,0.07571443439407041,0.022107168930161066,0.011857472886651682,-0.015202468713231476,-0.00436108159139469,0.008828488094154572,-0.061251290791885925,-0.01174889571727632,0.11658753949034475,-0.031183300659004817,-0.07261851111118292,-0.06105852331292002,-0.08557531356750864,-0.01648397710619089
2022-01-08/2022-01-14,-0.015048684477983547,-0.011369749652062899,-0.014803484139986941,-0.012740698569320705,-0.011615129258526018,-0.08858283004525988,-0.14015018061272502,-0.008881770770156389,-0.0013787607807578372,-0.0024661527176709137,-0.030856000635930768,-0.03883977172795901,-0.08367598321254308,0.015995046177203168,-0.010554020880742013,-0.0007840607846288367,0.02041853779547004,0.0003975353292266218,-0.017928966962106923,-0.011895097762779895,0.04628962020754929,0.05963497666681232,0.060339667711485516,0.04618947862294738,0.13830468962932044,-0.03218668286449673,-0.0594395144203503,-0.0411260895820621,-0.06241919090550651,-0.02916044405263242
2022-01-15/2022-01-21,-0.017565979955341655,-0.02782673644214306,-0.036099948629987014,-0.00302165429496535,-0.03288703776917104,-0.03775374122759062,-0.07560636497633029,-0.013472856926564136,-0.026624535354269868,-0.01827294641838371,-0.07175843545313867,-0.032807167779262174,-0.16915940592001846,0.005041806671606094,-0.005852665333924039,0.0022524280081975467,0.003753156701468982,0.0001984935026761239,-0.02282717012209042,-0.06372306120928165,0.021140292196908186,-0.057955283359490004,-0.044830524785907766,0.0013011819509826607,-0.09798039784173711,-0.017494980081404793,-0.054468604953081756,-0.03122177441491684,-0.05147125722809277,-0.03852218156189215
2022-01-22/2022-01-28,0.02477876566175048,-0.032502435126548816,0.013075801720693022,0.02907815550624594,0.01475006480093255,0.03439043382023149,0.14887974000400028,0.030126524651130367,0.03481221385725231,0.032329990455146375,-0.2144924556752539,0.10362236929855646,-0.05437856648549537,0.03783387296185038,0.004691284343613452,0.015141151180159351,0.023830126736923373,0.0015880332441299122,-0.05693202465298034,-0.0031935168948107966,0.0066780838674707285,0.04644032644383061,0.03603602329396222,0.022713654541322275,0.060624647596989927,0.04673183517920487,0.07329836666674003,0.04511929332607228,0.032543612420137265,0.02974935603590649
2022-01-29/2022-02-04,-0.008534403836300756,0.030776552126990545,-0.0023569735155235545,-0.01123263359320256,-0.007347888155165233,-0.026486157192779292,0.20358781948967422,-0.012203315089238356,-0.040733938737412954,-0.0037400673934417585,-0.04160924549662788,-0.031737416013512335,0.24615099373573646,-0.00569052733765642,0.0037441606246905383,0.012064365386851251,0.01632678596078833,-0.004771361963978757,-0.0156404704899419,-0.020861525699238666,-0.0008119192124580477,-0.016969037099548712,0.06028531672404466,0.043935813200443916,-0.004334656923985435,-0.014570037843488577,0.086361756612039,-0.00961935475300467,-0.011809468683389298,0.03394352675281091
2022-02-05/2022-02-11,-0.027960917583278528,-0.0081993984608192,-0.0776436189369957,-0.01951140783400738,0.008948177539332728,-0.020365859394453664,-0.0215854566206121,-0.009448714885135765,-0.009668362342799181,0.011983805489193594,-0.09350967756245161,-0.044859362782689996,0.014796234727245429,-0.011479339200769526,-0.039289239530407076,0.06297891527110923,0.05938045804902141,0.02343767227963763,0.07183910865013836,0.06494668682849189,0.027245136747727043,-0.03451993553111518,-0.06575972291992913,-0.02587947463373101,-0.14363563186229059,-0.02339618651088864,-0.044141248535500784,-0.005411358629648791,-0.018525163741085263,-0.009079903490175513
2022-02-12/2022-02-18,-0.028247148464953378,-0.01789185208074766,-0.017793391233502546,-0.021446856038030038,-0.02380793920812016,-0.02203302790466906,0.07696754895072505,-0.03406492313255444,-0.017910342329947284,-0.026259306298701813,-0.0005298578499374617,0.0011461847491962254,-0.038198278959549664,-0.08696641560060717,0.015255041369039372,-0.08491758953448288,-0.07730902507265777,-0.0356683387932146,-0.037176002096020615,-0.05050306991276769,-0.014331406017102779,-0.022490186453032288,0.007680293121326664,-0.018904174543677123,0.02964645775638759,-0.023793299029165937,-0.016864855333342317,-0.012686134925484949,-0.030948346648657813,-0.0169824711096152
2022-02-19/2022-02-25,0.004804051024096504,-0.06458148876674132,0.015139863470530873,0.0721262369196118,-0.01912918325423768,0.03665651769679925,-0.05538209233011298,0.052097382669884965,-0.003180106583434036,0.03187788726163866,-0.022554947678294465,0.009066500721129026,0.029551222569408783,-0.06274081435688018,0.004504640662695708,-0.0030203011660202028,-0.018955825591022043,0.07010824302646977,0.07725685540888644,-0.012960255730893344,0.019692598419710796,0.0026630554945573028,-0.03221876975690549,0.006762483189110286,-0.05607078228150384,-0.034798409756387004,-0.015230448376250788,-0.0137727493793915,-0.03595124461317663,-0.015099777377418886
2022-02-26/2022-03-04,-0.07654950942290682,-0.03731051584270056,-0.02153223159400562,-0.08804661195358399,-0.06222042118461849,-0.10037395876222897,-0.1503385229676679,-0.03720236393086462,-0.048590932760914966,-0.07631450666131478,-0.03898218337627452,-0.011038952655391033,-0.16816933486718688,-0.10047680211920831,-0.03553207985479956,-0.10907527070261318,-0.042914952936931594,-0.037168861100804626,-0.016520296697991776,-0.034382257566753394,-0.016969755566244686,-0.03308181092898823,0.0005687152396173164,-0.016136184497580433,-0.08710505235553481,-0.05835732157479172,0.004680664951463843,-0.032951428709366765,-0.023951717167879548,0.04046650393261638
2022-03-05/2022-03-11,0.09161061670453112,0.06377966611771364,0.03734849646401735,0.017539939740875952,0.05696099459415949,0.03761749480612557,0.13793548356332272,0.016000464368628918,0.0407730570317499,0.03747143411052773,0.06269247942987888,0.010587028260514032,-0.0963684909526038,0.02860621532618281,0.03316348672265229,0.015549054552763932,0.005830073010694618,0.008939346486862683,-0.008273359241457766,-0.09893722194937471,0.027917581752700524,0.013402393612530818,-0.057065507797944996,0.047647981149949656,-0.03895099470203421,0.06736397437742508,0.06235655580172878,0.02733833583886871,0.040673386712856106,0.0067611465182410265
2022-03-12/2022-03-18,0.022625323900721618,-0.009928577947367994,0.020927639745764313,0.029328522614621273,-0.014972539691396176,0.0035705060354325286,-0.003168988518638501,-0.014389102074686822,0.02169662875311827,0.022328143690220712,0.05490265949849352,0.05617088039348978,0.1806563028638939,-0.0500158119520213,0.029635918607822376,-0.008068383526085124,0.04452514870934177,0.01554828865682006,0.015768130350070762,0.125172389749804,0.02957843639261931,0.003110827911642228,0.006599840704209416,0.015391105407988099,0.018519029369165677,0.011680123866898876,0.0015274077715805622,0.005613092870498039,-0.037669639089537334,-0.013042758205091565
2022-03-19/2022-03-25,0.016528612492856438,0.01560569717153152,0.016901157774003032,0.008842172179113365,0.06385414387059021,0.016913238900340355,-0.027350005195600286,0.01703105596849291,0.017538052328994663,0.016588488830923183,0.012626550086548173,-0.01784896159392859,-0.01680707521245828,0.004534254932332463,0.013749152617832834,0.028020754742269987,-0.00596154573820425,0.012282537289526782,0.03184299097648755,0.022506116340293494,-0.05127739125836088,0.007457858567432076,0.02129981546227504,-0.0293659261080902,0.003434431826065561,0.028799854949846215,0.010222557184020325,-0.009822546037879897,0.03451941772534663,0.031164504456782115
2022-03-26/2022-04-01,0.03559027502783696,-0.026830285340282707,0.05153219443838152,0.01950439949939931,-0.014948035158577158,0.023256828140238755,-0.042575358577409086,-0.002740773129255468,0.03042068843834321,0.022960145594663396,0.0026499346455962597,-0.02312486372069746,0.054691409421445306,0.011778732971075262,-0.022767195863213102,0.059208409899985395,0.012727042043946014,0.02793161798740753,0.036687503349975004,-0.004402062927560888,0.015301188923822116,-0.024890182411297816,-0.06962501404855699,0.028561803792748214,-0.01845494660992611,0.0282292421739381,-0.024209321535735923,0.015653457906741476,-0.023894563608302614,0.0131009085754181
2022-04-02/2022-04-08,-0.006099529460033776,0.005287804284750511,0.036123231197725585,0.002338261063799085,-0.018709512339994946,0.009855863471966507,0.016876412400349726,-0.009886722250550588,-0.0037741974640924047,0.02460046322340915,-0.0589832627635343,-0.06977585404843138,-0.04709332462748261,-0.002558212335267427,-0.07415614067172312,0.02085059698630404,0.003740138784500756,0.02299797605215353,-0.008105552172848435,-0.09108371013948513,-0.007227101719513476,-0.006504059090509468,-0.0386740488686922,-0.029389979833948712,-0.07115721207976106,-0.015251843008139592,0.037483410104547185,0.02112110147559161,-0.025898524354716748,0.021240177125766056
2022-04-09/2022-04-15,-0.028113480778078872,0.044259497833563845,0.011035693132924651,0.004660607147771035,-0.020029340827738967,0.05063926109031954,0.02533645659466542,0.007224037471122085,0.016958410981016355,0.01813641285389657,-0.111150135743003,-0.015230160498232182,-0.07206136368238211,-0.09533144686004551,0.0034956870194079513,0.0318161773018477,0.015281460933809792,0.02780189534894176,0.02693168338896155,-0.0012895800879158387,-0.027333212856619868,0.009255430986796933,-0.04772888353406536,-0.02942618329342289,-0.08338159079850715,0.018744700084444794,-0.052542620707659006,0.011883116231300997,0.009662682741369683,0.0016532803884898935
2022-04-16/2022-04-22,-0.008739264973707351,-0.058135438943960324,-0.01598006241365753,-0.0017453878844464177,-0.015534246599140296,0.010647536996509615,0.010459933210264977,0.012715499202500938,0.015099221176497687,-0.00030207339725124484,0.08975049466401012,-0.051725851790945,-0.10908336669941932,0.015608911061303497,0.03092622646347467,-0.025547155585355853,-0.03936755334901165,-0.023808570030301245,-0.03066872555998915,-0.001291181625030307,-0.07066098046448197,-0.002670259237936331,-0.06518239800865536,0.09593041410906622,0.162654754073166,-0.004161500876263529,-0.013428701956789616,-0.040339992847882984,-0.09974943628146472,-0.036508265550920536
2022-04-23/2022-04-29,-0.03317495438924366,-0.015471868245265414,0.006891316927893788,-0.0524427154496816,-0.011563669514128062,-0.055852931125906065,-0.09299851510866815,-0.02478471814864778,-0.04088064055218891,-0.025709058100953672,0.012318622429179223,-0.01716429509297871,-0.04466565716302299,0.03943403842040906,-0.043323994869968206,-0.026116830354424855,-0.013959593685950173,0.013495729425769966,-0.016472515886132494,0.013793377043549125,-0.037205451362083294,-0.031275943663709706,-0.02464595228348672,0.01614805378140559,0.1418683395007734,-0.020950373081358827,-0.09130307351060471,-0.03317481184649963,-0.0350541222068545,-0.09125751597703578
2022-04-30/2022-05-06,-0.0675950537593411,-0.04524525348073678,-0.02364615922255359,0.00015330651149114943,-0.0680917750461225,0.03129699925858712,-0.014876798944273274,-0.005411367293600803,5.860901679812388e-05,0.0,-0.08535413711699655,-0.03193221650439852,-0.13282886351198278,-0.021109986854531047,-0.0826453888729053,0.035447194919916186,-0.007541456770202071,-0.06995097792214061,0.021565180197952852,-0.10574978116184541,0.003603691524578008,0.01114090110278974,-0.12398834519427368,0.024115746430841422,-0.1372600407182779,-0.019184963965456228,-0.06697382494020376,-0.04520293797345088,-0.04134760669750358,-0.06255056011583927
2022-05-07/2022-05-13,-0.014919940605095492,0.0005550870452539187,-0.043293792394917575,-0.05161617657727002,-0.004779697400883048,0.012526280879668034,0.18168845135316775,-0.07110735769857487,-0.055502759064219934,-0.07247575250618722,0.0002614757508211547,-0.022041129468339807,-0.006845207966107857,0.018216950915234245,-0.008692233511095647,-0.02815689726893119,0.04535367461588333,-0.02091886894671279,0.016790117144657182,0.009164440662092483,0.035339336291528474,0.07231120789958967,0.12007150023549336,0.04370681374593454,0.1482218457512121,-0.06422457495699226,-0.006759076247497869,-0.004898397620856718,0.025833902834899895,0.004983613681226748
2022-05-14/2022-05-20,0.02534147435858905,0.04379207135339686,0.03982146682906176,0.05161617657727001,0.01610597319920733,0.022452378099405295,0.09271640343858237,0.03435769745685828,0.05379953851057429,0.0692150433625701,0.0017758868813906902,-0.02375714138164236,-0.062090332084033265,-0.014175498187847458,0.051504039496667584,0.07262128828144337,0.04427928685439244,0.06461208360897176,0.0439738558290223,-0.0474226373546626,-0.013986315176230545,0.0644807500402491,0.028968423161017012,-0.01580479708872479,0.027372161717465197,0.08006937682751614,0.05237282637464747,0.0684412256476095,0.05544439454474552,0.009499287035079745
2022-05-21/2022-05-27,0.020629126094268556,-0.014624848756609285,0.005794225817591227,0.014767804718733651,0.0377791280563437,0.01798220100911747,0.04629910971039355,-0.005927913369836156,-0.020369615342546284,-0.008904216822219894,0.03703450532577748,0.08727224314402379,-0.40074712138497953,0.06122571071655481,0.03212203264443795,-0.017361028802747022,-0.002906365244756189,-0.0064429118428653565,0.01470976332139085,0.06274330376517609,-0.022072686479391507,0.020130424989014035,0.04574176870250857,0.02290719094077303,-0.006773097452129717,0.009188453777509764,0.04097147490041434,0.026283209765709106,0.04739522900011788,0.04015201186507542
2022-05-28/2022-06-03,-0.04624895809112442,-0.04576753587514373,-0.016987254399577715,0.03138943736807873,-0.06701308030637045,-0.011578767632820376,-0.04356896392847212,0.010981273768636227,-0.016744678641339095,-0.030751820749657786,-0.07766519274280774,-0.023979678151624745,-0.07252929500894352,0.04959333625003079,-0.03630508325625873,-0.04348914676687368,-0.03648388124170447,-0.10690062083376371,-0.05486142089784623,-0.02483959846158801,-0.005595299234504391,-0.04104258740824567,0.0013937796636990065,-0.07951207374907707,-0.048741597401883774,-0.027854324213024074,-0.01980850914357886,-0.02508329383991078,0.033155661216275154,-0.027041730859562192
2022-06-04/2022-06-10,-0.05312120607352567,-0.032494994504998764,-0.06797346586911429,-0.030505642540120555,-0.04721374067293632,-0.015915496424612458,-0.20227075409330098,-0.03621197705559559,-0.035962975075111016,-0.04518042354024177,-0.13433935011256665,-0.07974540460223145,-0.08719961659604641,-0.06292686234236754,-0.07780163162872446,-0.03421023395827007,-0.013090564769367187,-0.06978589451310524,-0.07667576594728605,-0.018230905349327687,-0.055254422053917854,-0.05802830781628508,-0.03408030012785647,-0.09646018109976523,-0.09847522820685908,-0.029204944896086823,-0.120129524759485,-0.0722739282019171,-0.015399041198377678,-0.09154563201638913
2022-06-11/2022-06-17,0.029625051131514306,0.023426371025200142,0.05840990362087647,0.05106601666548104,0.022642426733512907,0.04765716497095294,0.16884960820568876,0.022111513054522053,0.04403902096080359,0.053672968018225305,-0.013265865500360302,0.05690201888139397,-0.06695104129253415,0.03843760009165484,0.05515164578186127,0.0330292476975942,0.0007057584954801048,-0.04606363340405071,0.044140169066015894,0.009020662267559716,0.01782038998253234,0.0076283777118766735,0.04040558601235826,-0.010689970042885036,0.03427637517814919,0.035051697302352684,0.059888141168685426,0.02880950112584761,0.05068620108119627,0.0357816692717912
2022-06-18/2022-06-24,-0.007324415297505393,0.023632059417221216,-0.026630712860315122,0.009451579646243853,0.01481503355541776,0.005625249047999704,0.021842677637888823,0.005098987722384587,0.015480037562887183,0.01650816273617122,0.01562534195577609,-0.02964898028819266,0.1685393981613673,-0.05590923194540681,-0.007872941496024372,-0.028257877835923127,0.00889532934380525,-0.017560937656657744,0.036012599238404476,0.048943654385054026,0.011210870747366796,-0.0583544256752516,-0.05956312736182351,0.026596414983309582,-0.046727086089223185,0.01345713340728652,0.013663332887807621,0.010450087460560068,-0.021375814401509666,0.04173026974787929
2022-06-25/2022-07-01,-0.014520211456532383,0.011060051531541371,0.03602866273618221,0.0038412224143954815,-0.009137260504275302,0.04523941872917322,0.17125336512188247,0.026530841853631866,0.02195782429600996,0.0,0.06564277909194767,0.0862900566286359,-0.10990595926132987,-0.0015433591913789882,0.04406392927739781,-0.0262489474263338,-0.056569286803899436,0.0009572834404645264,-0.0215529717952404,-0.046438991872969015,0.004634332078282434,0.03195426195593554,0.034412867866644624,0.10253262521416483,-0.014917100390480303,0.024249745510640294,0.03308929362309385,0.03658784601948567,0.039816845694733975,0.03159911751007101
2022-07-02/2022-07-08,0.004476931337585546,0.0007330203886986672,0.03800853605732263,0.015916729402787738,-0.005840793498260266,0.007805340485289215,-0.03414645989607833,0.006616891281669715,0.003632923825868255,-0.011671848058452144,-0.08568714003762909,-0.0734824864593302,0.1274384535480626,-0.08540799349122455,-0.05482928141269956,-0.058193093913550493,-0.0001570223886655755,-0.004314384016655172,-0.08573596557749363,-0.02460306906011039,0.0038763241365505855,-0.02670690223881949,-0.0327004763090827,-0.06744130264206881,-0.08062086299136202,-0.001344988868117219,-0.06528676482318065,-0.007587836076556047,-0.01588221020560198,-0.010682703534258988
2022-07-09/2022-07-15,0.03527940360674668,-0.0033027197976469797,-0.03523914982130222,-0.005183635991751024,0.058769052752447704,-0.020463750383984892,0.12810587040922802,-0.003027503620409022,-0.014551362418888313,-0.013275140416516168,0.14750302334697962,0.03536054785208485,-0.09164048141179423,0.036573611017510534,0.04147694681321523,0.04334506998304937,0.038186849529555256,0.02701550527408551,0.026501419322576016,0.017429685830530943,0.031195866760748987,0.06275339873715735,0.07477704078258002,0.049286522148928764,0.003752375802900125,0.003438089013245081,0.07764315044300839,0.02868192056230941,0.01612864766483124,0.0326573978852605
2022-07-16/2022-07-22,0.06435634744376438,-0.020611633025994214,0.024744893094312045,0.03342834919844081,0.027242267902968492,0.03226093429492102,0.024956335075231012,0.059391680085672104,0.03687606716941648,0.04306182602933159,-0.1307507332788843,-0.0010500259834194726,-0.31516241825794394,-0.059669110191030036,0.042759538330084654,0.0375384988405943,-0.008983820095546534,0.02835259498117159,0.017820444009136807,0.09111277809227168,-0.0033986276187815455,0.02255285727278865,-0.014622133135448296,0.06286719445237458,0.03676886970796782,0.038655969854878035,0.11767580664846305,0.020250929776743264,-0.03978080472496064,0.003961106687433882
2022-07-23/2022-07-29,-0.0023129961010637636,0.008965298904188276,-0.02128393464428163,0.033267230709030586,0.009425689147184339,-0.026119198695664703,0.21737195214917254,0.004664639520272353,0.005873797725081966,-0.00610670412168734,0.05948184269061633,0.03416713482169738,-0.008064552083658996,-0.023893705755018854,0.02585559751622646,0.008505372187191726,-0.04796143975771634,0.0056658085349974895,-0.08039939487576381,-0.2373752682660607,-0.040030904869514494,0.00045036056510447994,-0.022969944873074247,0.011404239770945498,0.13593523752494557,-0.010761229332799317,0.02910673906051688,-0.02216535110623158,0.0038915005627982893,0.10650824141849212
2022-07-30/2022-08-05,-0.011273950902240414,0.012013817317342811,-0.01358322806353599,-0.009240734129765364,0.012597832318736745,-0.07608966202407418,-0.05012395062511587,0.008751474228298342,-0.004730707381076368,-0.007092761566754681,0.03976856500249632,0.005484617691960097,0.029912517757485522,-0.017020690712474713,0.011810715696498312,0.014888683339366418,0.033961319359117066,0.019691910352725633,0.015349504617226888,0.025099021908179916,0.005950215955390043,-0.027082283583162788,-0.054193710419048746,-0.041235379555338667,-0.009498767880101533,-0.005231553872696324,0.02908689015760889,-0.019434445574718177,0.0321598769752626,0.020436368440354773
2022-08-06/2022-08-12,0.004461285177835595,-0.021166850374567846,0.048374644324571316,0.029532857730966665,-0.0156449499973492,0.02171107685076336,-0.0018443417657094416,0.025554895348467346,0.030162166462529137,0.03114565195319114,-0.016073009578117182,0.011129319905143726,0.13230270047479825,0.014246102322108904,0.01091484160970727,0.010301532966214447,0.01789483402106283,0.010579802455243733,0.007209113132342709,0.04022056792503501,0.03944171276343216,0.021286414275938245,0.07808379272241225,0.044066301511343824,-0.03342633746969692,0.027765848891126058,0.0476716818768628,0.0020367931819943166,0.031229613015292097,-0.008659603373155286
2022-08-13/2022-08-19,-0.02587369505199949,-0.03825284753165898,0.02697782639830388,-0.0012885501548853622,-0.027851271463574034,-0.0008770207751808033,0.12049990173086461,-0.008530042132717911,-0.006283318026403077,-0.008468906751272312,-0.034245211323888705,-0.029729454617739542,-0.0051768420318959105,0.06621033124652496,-0.03767245096303749,-0.02325327744976928,-0.002919470556466461,0.016957010631391448,-0.004926995149844012,-0.0628227229101314,-0.052504071348680174,-0.03737724676119245,-0.038996914558639156,-0.035242800119134936,-0.06336955236360169,-0.015194834842718113,-0.028152630464710754,-0.009626570108064555,-0.02422672858196132,0.01576411490430311
2022-08-20/2022-08-26,-0.03339803933061426,-0.06671159277490539,-0.04042127162794456,-0.06732695042459577,-0.033504862907388,-0.0241992084001152,-0.15741475796368393,-0.03486628845634077,-0.036469016741146464,-0.04216301546000142,-0.020471082508695174,-0.061064069428112426,-0.0801148270792683,-0.026834318318193075,-0.0684549513115086,-0.017568538736171133,-0.029676017336563793,-0.02223286290900257,-0.034793106537883846,-0.001247776864797324,-0.045929838268923044,0.0005481852419822835,-0.03867258550376695,-0.031984879056159495,0.024236619406340087,-0.023467773072314953,-0.03057873374751701,-0.017266419975250396,-0.09086758789115713,-0.02315037703188084
2022-08-27/2022-09-02,0.0008534135177043588,0.02592210001691823,0.0029046323685535955,0.006188951347705862,0.008079808898074487,0.02682788314241992,0.056732664671937265,0.0033860317903906334,0.005656092677121843,0.0019335876948697978,-0.020158357331778738,-0.012470350633558044,0.05026185142992409,-0.06573706021599816,-0.00724581647247964,-0.008953739681456857,0.004508270513992669,-0.004860772355479225,-0.03319622828456647,-0.033427898910864146,-0.004928518240075435,-0.0027709822557103908,-0.001160376324795941,-0.026035081982386177,-0.20143119332838563,0.019436258765952424,0.056554543597798976,0.018212135546172233,-0.026227493525681753,0.02051259302715454
2022-09-03/2022-09-09,-0.009084970977291858,-0.00508999587251779,-0.031592702441076335,-0.03410508933175157,-0.0005366826227332427,-0.04531224712834285,-0.03272621990794438,-0.032503793286788825,-0.04011759796218232,-0.04258754165512699,-0.0803357067875315,-0.051788733962000885,0.11995926112391007,-0.020171111523815004,-0.05216496565141288,-0.016661922666366933,-0.016629551160519056,-0.07208276275998186,0.0010162448257868828,0.032178808852577984,0.06854476084443434,-0.021706271676303915,0.06307050354943282,-0.013276255746728275,-0.05004616822658623,-0.025743792230707066,0.0021301038470869604,-0.010366204463072437,-0.035112177802817994,-0.025410792764582656
2022-09-10/2022-09-16,-0.013231457119304946,-0.008610212397598052,-0.016474565995024445,-0.007134892719704045,-0.017598817740352407,-0.006891104628540748,-0.12234563676770897,-0.0032285580196652073,0.016264293613485973,0.0027185195877134772,-0.046045701739833744,-0.02728566568438301,-0.11285444242033295,-0.05689384515376414,-0.018094246973519978,0.018438095740501478,-0.007395232395230896,0.05167048698692473,-0.005499491931962126,-0.06192298505924212,-0.00908343015874586,-0.05782544386032463,-0.1127152712403704,-0.00157359977342364,-0.13311260476492737,-0.022058657444738422,-0.07409587035464003,-0.03868585331060591,-0.084629549739267,-0.04590746360240978
2022-09-17/2022-09-23,-0.011641889727383576,-0.06661346195952837,-0.01241887173799052,-0.03541877377217761,-0.013751627318606274,0.014189567540631965,0.010511819595951405,-0.027039743091799975,-0.011873202609274752,-0.04645572987983137,-0.04592004944477582,-0.02753749705701228,-0.09071901211536658,-0.04088026946126819,-0.014546246845739914,-0.10676507687482929,-0.08239155693015342,-0.049749601080841,-0.04149446363273664,-0.09260279723870106,-0.042025349964308525,0.00042587109547648417,-0.05518143521476389,0.03785693091083477,-0.08199880002230765,-0.05615764928817299,-0.028822184171635234,-0.0328472472625246,-0.011909072376983777,-0.027344507106108626
2022-09-24/2022-09-30,-0.007916375509942414,0.008328050568981693,-0.004933520354537121,-0.0179645367736205,0.00027680158230245503,0.04150799722501389,-0.013296582250553185,0.033331703270884805,-0.023133435859937945,-0.0276003271386715,0.01931231905694204,0.04023871045824858,-0.04966263919270905,0.025354175533338533,0.03837014640133419,0.006957027898195135,0.03610415558487849,0.043257687288660654,-0.05177527930397083,0.03450267981330813,0.004070252923812933,0.05135276875997873,0.11143885243879588,0.0052930641603208504,-0.0036429877979378762,0.0014920364035326437,-0.023841142632670044,0.026781296129419513,0.024572929531272582,-0.015004293223029817
2022-10-01/2022-10-07,-0.008697511853826983,0.011716303894923308,-0.028928233258722288,-0.011699485982671906,-0.052576204678398714,-0.01826028116495819,0.009988959043727031,0.02656918211111474,0.07003270624186242,0.015148952498667512,-0.06521488710306837,-0.02354464970681682,0.08207731313422686,-0.11058983573703991,-0.05219149348518129,0.0203827976478043,0.021651870783534203,0.06527989497631834,0.06444847380446354,0.0004711190410503599,-0.0029055918861342744,-0.019928843669459233,-0.020979762706186303,-0.09818004730434313,-0.06405205094897894,0.04985456000961923,0.03344274523251597,-0.0040037807841626985,0.02750090557983086,0.006881811221363996
2022-10-08/2022-10-14,-0.021346200295170425,-0.02467640676958225,-0.014986102876769094,-0.03199053252597666,-0.004973038756476185,-0.03467510558887976,-0.08057660764315155,-0.022806853465676322,-0.018204949992119267,-0.014240931659605768,0.009472436685162627,0.009144554670724461,-0.06491383467427013,-0.05687804288327489,0.008120842815381437,-0.025544107076046447,-0.007255110005794249,-0.052108098729041485,-0.008373688587277606,-0.008985805542841464,-0.02554168915368951,0.019038858654229922,0.04144773512752664,0.030317736888869212,0.01352680959564284,0.012164825704583979,-0.014245135015025789,-0.00018218803394848493,-0.04216541054479754,0.03246079636106271
2022-10-15/2022-10-21,0.009247628302189004,0.09122172389918104,0.06913966366339554,0.049563844362145115,0.021755619614739995,0.052826436987889004,0.06745953892938994,0.02202018090210018,0.042365032945145785,0.07769391657503986,-0.2948800190756265,-0.08069320672303665,-0.25260220605915834,-0.09780240799435715,-0.040619058118797124,0.05168119070137889,0.05992634840654846,0.041813055253399005,0.052909206424930695,-0.019185332501686934,0.0019879267085011086,0.033037973036015016,-0.009325790644653765,0.12330980601325434,0.026516679995075513,0.05960417977387913,-0.046133251682091446,0.038024132328931246,0.03687020717161883,0.047824198938716554
2022-10-22/2022-10-28,-0.013105672225960475,-0.007902055451537939,0.012295051092223156,-0.006478204060621419,-0.016491047740814023,-0.007001527563854028,-0.005497928777134601,-0.0489344713010129,-0.006168343718407116,-0.01267876886489417,-0.09673043131795178,-0.10016920167820886,0.26157089138416983,0.06358761445084869,-0.05670463752688453,-0.013492394262516203,-0.04573438737845801,-0.01129200447805002,0.009768112799709527,0.12630215058129324,0.0029748345680729498,-0.008493423730529337,-0.09783899385572692,0.028139189648302292,-0.007504718604360423,0.029144093493273456,-0.052530430772197885,0.04790756542690448,0.06020228106240773,0.009364147910697037
2022-10-29/2022-11-04,0.08037304890531312,0.08944942659288138,0.014143835651004582,0.05413080119967815,0.10355048376168567,0.08629761323031457,0.0037060160750806,0.04446336955414623,0.021810220147503452,0.03510305746808182,0.2297129497657753,0.11864859026336698,-0.09789283204565631,0.09268043467883522,0.12583559542482628,0.05409094976626685,0.02856980748285509,-0.015483262571969457,0.11286572454016007,-0.040946570370242456,0.01571740322154002,0.028648894212616162,-0.1214623331193899,0.07829096955924797,0.016807146752997527,0.010677124370785974,0.055239866513238894,0.038012825528217116,0.016200210280151527,0.047328394255075505
2022-11-05/2022-11-11,-0.006133635283929183,0.022985317535509527,0.0033953077873016264,-0.013695903267211963,0.00550817146374355,-0.003429882951090029,0.11127282849276758,-0.02942162267520314,-0.009233574297259682,-0.0027963322516940956,-0.00376149043568898,0.04597775188553502,0.23661904252770302,0.21601157207053756,-0.005364553379090244,0.02027574648053947,0.015130456412815074,-0.012515811710181964,0.006670749418806997,-0.04781248831575528,0.01643348567113506,-0.012743808469222153,0.010997477017971437,0.006393904246709236,0.0018500934227400983,-0.009176306594639992,0.015455251699116568,-0.011016632882065383,0.02459561824377797,0.07231705456001584
2022-11-12/2022-11-18,0.04167406701431963,0.024599501592456094,0.047182556576174796,0.05204070170883072,0.016859259499175258,0.049001879703945754,0.04135535282577433,0.03938758603817691,0.027664741183970443,0.031135996395452132,0.007063342338305621,0.0010161572363916113,-0.09600121473320564,-0.07509158583284378,0.0269334289757705,0.030529617331253294,0.03156571636883736,0.030445559515653912,0.027296954789734006,0.004189097489040602,0.01899390722755243,0.01779638181206441,0.03441982471078802,-0.0063939042467091875,-0.013023383106989627,-0.0003295357952512006,0.009991198930618153,0.025413593031916024,0.065972330494617,0.0025525657724680875
2022-11-19/2022-11-25,0.03879807481580494,0.05771990706261993,0.007877239827328889,0.020188864535693036,0.038703588027597796,-0.0065643666955471185,0.08712359628384864,0.010126026422532377,0.0044207700912991055,0.0183518969752913,0.0705123848976246,0.025371164461732636,-0.03285320972286906,0.04314486193009671,0.02831361455749661,0.04338310154378142,0.0327501407661308,0.04325326989357761,0.00017484795028591284,-0.012149854003711392,-0.00471483040890538,0.00502687758735213,0.031021336938434983,-0.016165814052038013,0.07048985250873994,0.0004759003939908489,0.07468400310043358,0.030130640233367086,-0.015849636132875725,-0.006016809880318393
2022-11-26/2022-12-02,-0.01616154237316588,-0.0026822410207370567,-0.048871289821952296,-0.08049783768688484,-0.0161741288676474,-0.01670041330547332,0.04188692497687174,-0.010386839742538718,-0.005251102765322642,0.007380772771721241,-0.04335408816423994,-0.07481664433613278,0.030950216063126795,0.0759538446326554,-0.029040920197476564,-0.00391161725060442,-0.018304953601445222,-0.0031957649241241676,-0.03667834706286868,0.032380298717539585,-0.013320879821336465,-0.041282747832382005,-0.0541664377982109,0.010376210796232348,-0.01583149221815387,0.005579412299083684,-0.06009735858308447,0.00509566347710308,-0.02798255910831086,0.01214687823878223
2022-12-03/2022-12-09,-0.02526291577658691,0.002849735642880337,-0.04558892926947142,-0.018816819179418305,-0.006389728019680231,-0.018788756564482822,-0.09849549124716786,-0.0448433615455352,-0.019394695333742152,-0.011030783433530157,0.0070849125769343645,-0.030884970335645953,-0.10536053584140993,-0.011563712967690234,0.006486641426102762,-0.007770711518865348,-0.0060954521002872224,0.0019189885345997062,-0.04203943835885024,-0.02909449404470266,-0.0193429483901106,-0.03534899682390019,0.00859479459156572,0.0028346524769827814,-0.03610497045088264,-0.006090228282507854,-0.02880409039372625,0.004610218079569179,-0.049058169863846764,0.006092591089850254
2022-12-10/2022-12-16,-0.016683655873837567,0.006340594037228571,-0.01882522396235995,-0.005098086811700412,0.0096964221708249,0.01157347087676642,-0.013531484661885597,-0.009325158051578642,0.004649376123585432,0.0036379878505281714,0.008316519393231046,-0.034714226358782706,-0.10948418113168153,0.0027184658633184937,-0.044424437040394456,-0.004056701817359231,-0.014782083584724846,-0.025236201418320732,0.0032102312630724462,-0.06694103241397453,0.024120761802070536,-0.0025499455627255576,-0.023790571256430137,0.02828881501118459,0.005499506691382986,-0.0221778303507813,-0.05508884662050379,-0.012574065744540586,-0.010435850346209002,-0.04313928343360355
2022-12-17/2022-12-23,-0.000445668977075203,0.004315492398590993,0.016273056651656497,-0.005577582377725935,0.007085029066919377,0.011931306742165767,-0.022096660398951074,-0.012757000906578523,0.004902651934965323,0.009584452154426442,0.02645711943877987,0.007831798959600251,0.012903364417416428,0.06612596664012796,0.01176976484624507,0.015930728112144948,0.010444995435659521,0.02241295416251527,-0.00472458753969065,0.009004655842166738,0.003805992736242798,0.006321612778908888,0.0206377871254675,0.008097271976949061,0.04643695597765357,0.0006019081991470195,-0.0020264589802326946,0.009041440641146904,-0.006866022651575643,0.013605524370354938
2022-12-24/2022-12-30,-0.011716403131252075,-0.0023213605577467487,-0.11793206246568592,-0.03711273791315205,-0.020892569314621353,-0.01620588272517621,-0.021113126290033566,-0.015185721060318791,-0.027182116686810247,-0.02774651147464666,0.05405827162474229,-0.02576742606479235,0.042219606367803184,0.040295001530818275,-0.08076570470427857,-0.003663309543206873,0.004740768148668867,-0.010960322787206359,0.005478483414723776,0.07435685152951023,-0.022084436430625572,0.020173273941513848,0.04458049185265484,-0.05090167409752087,-0.01760607157677191,-0.01427821270021885,-0.02946291877358234,-0.017773812915825627,-0.03186322891420214,-0.009275069986567706
2022-12-31/2023-01-06,0.01827132391361886,0.004141523430376702,0.06722157732630236,0.029829813172472807,0.06840922417891436,-0.003392841703910894,0.04981047784333355,0.013498590230203904,-0.007481663030537159,-0.016044579253343398,0.07414742428804386,0.0556169339457565,0.02972155555480593,0.08271026495108874,0.07033856846551986,0.006130520846760389,-0.0339270024672255,0.0006612161098489443,0.016877172064751,0.026011006414226406,0.008699972680733883,0.01385916277671784,-0.015886166851767955,0.024374190272706635,-0.24196974912790228,0.017132153212142048,0.10320521976317855,0.009275716870887185,-0.003577437906393723,0.019836096642929436
2023-01-07/2023-01-13,0.021851286876000818,-0.019363020941566708,-0.030017293908986876,0.003496246929112437,0.005036596870507295,-0.0018009039764953357,-0.08417879490681167,-0.034609363935932246,-0.035613532187911065,-0.024643607319136375,-0.004104710773305699,0.020850145924902284,0.06100733860885539,0.0570867038484332,-0.027975620623751755,-0.0024672113035534926,-0.006977724612547733,-0.019124697655586442,0.013262500335063083,-0.009959058523614329,0.03313118851544842,-0.02158872038053931,-0.01965687836975054,0.02279837148589348,-0.06544395776331381,-0.011730150409903226,-0.005522745718725615,-0.02228067210058572,0.03272116317755412,-0.0013710626159873529
2023-01-14/2023-01-20,-0.05873370711515384,0.0055466392973792045,0.05353004063125857,0.018939519795919756,-0.023479129695528164,0.039755963923108005,0.04351341388896772,0.016453150953811477,0.0034722360645607457,0.018087459538040345,0.07871417338836821,0.04692039537733672,0.019202164610100058,0.06186735232927074,0.06699312765242155,0.030463004961121597,-0.02096516562087667,-0.005628687154594313,-0.020433517325812868,0.03355237744924651,0.008345032457049496,0.04287604882942416,0.08999762982266522,0.002736005402465444,-0.019512796067434328,0.0413954515164224,0.06570590253295078,0.02344373589548091,0.014767921584513274,0.027221729793416975
2023-01-21/2023-01-27,0.013296393478090482,0.0035137959480613795,0.017138877762481967,-0.004776138238893177,0.01988413599800514,-0.012882175296505028,-0.08186339332430326,0.007983980362948135,-0.0014696623058756788,-0.0087540710961625,0.24805789501642864,0.09966327858978191,0.08809521610955441,-0.08053640159613984,0.06479086959713436,-0.007794955373114427,0.014721495261077425,0.058750299252046084,0.04390800018619413,0.0026362328264871197,-0.0037002786851840982,-0.10739302089459543,0.024978147127323116,0.030335074874867866,0.08721658578736496,-0.04280021215393135,0.05060603210394055,-0.006452851628221648,0.017998813420519778,0.002222982603515755
2023-01-28/2023-02-03,-0.02305276876611376,-0.030354169040957456,-0.024253780741714866,-0.034861717088775356,-0.03618098148349119,0.0026286014518631974,0.023933072619782697,-0.009703442914983575,0.01639689562104029,-0.01100922749611416,-0.0591953619989776,-0.12573868435887883,0.008215486939448985,0.03938789690403983,-0.0037109661182393736,-0.014499449677370477,-0.04183351126503222,-0.01371947083667964,-0.037489325489554956,0.042943479687234345,-0.07703521698007293,-0.03688180320224808,-0.03404587682119643,-0.037189085119475815,0.013453105470954588,-0.009735293941289188,-0.05022019349200038,0.02274830882220575,-0.015375398368099313,-0.0032620850702158913
2023-02-04/2023-02-10,0.011936935252137765,0.013680141414139743,0.005127839054768619,0.013387994972152324,0.03666101974595275,0.011503848117211828,-0.02733841474921857,0.029110480470662004,0.015676815960450785,-0.006731725458476092,-0.03128449009951792,0.005248806185132099,-0.03233541646169079,-0.02949716461494299,-0.005591919862673195,-0.0170030018895463,0.024194570912395116,0.02283245610927686,0.00018813864445561503,-0.04645985998103472,0.016873812383844375,-0.0006265104481239524,0.014682443116718341,0.044750699988821474,-0.04091475993880384,0.019640176598937187,0.008878270962201246,0.004260531824357528,0.005226002135363808,-0.012403901458815573
2023-02-11/2023-02-17,0.009640874181760599,0.03192379966973397,-0.00733122059279843,-0.004135796559988136,0.033973676220069415,-0.01306068439548264,-0.021877099892304297,0.005832472335215107,0.004547972225284963,0.014584060781091741,-0.002322502768328263,-0.049580864465004794,-0.02760765264460537,-0.0905031991379882,-0.026053970394317873,-0.004697081953283921,0.020765680790855806,0.0023180725836693247,-0.021682191237544335,-0.04089556162869816,-0.024914050264515285,-0.008991227327629392,-0.019292571117534706,-0.0172469042140881,-0.018735893272162744,0.0035672300684890523,-0.06284414689537846,-0.023427512121145553,-0.14761429913048094,-0.011950863651238519
2023-02-18/2023-02-24,-0.0011929738936572465,0.0049228984101323025,-0.0172579979179892,0.010383513662299983,-0.007918136501049673,-0.00527242878347016,0.028252603040751223,-0.04329443647186904,-0.01710418888089014,-0.006176496268379366,0.014369631134046285,0.012138578024797035,-0.054549887340420475,0.058629028323249774,-0.0144701258891893,-0.014834512491319816,-0.006524829534034818,-0.022348387165110464,-0.01121427781348711,0.09572712499739477,-0.05603125729147577,0.014080356485789595,0.04352555843222368,-0.024008663899256506,0.03940256503134647,0.002956813557559658,-0.018040398683367796,0.004670195617482359,-0.008284544779382685,-0.02714961543900289
2023-02-25/2023-03-03,-0.026287803269251852,-0.013181970483354132,-0.027153567202992033,-0.055274714784263136,-0.011286178544931877,-0.0014695229169898532,-0.08173885927079114,-0.000578137904579044,-0.0020736566476337523,-0.004363136443199851,0.040205465097145655,0.003472276314864447,0.08215753998502585,-0.11187345202236454,0.0048071173441435995,0.006081626250418234,-0.013710007215883438,0.006008638647689227,-0.015282377380031232,-0.02234020570173974,0.004259853951709138,-0.014719663335854472,-0.0203301754621878,0.0080671834372769,0.08283602779769235,-0.01669254659999364,0.03665756610171613,-0.020650011938654244,0.012369013382643098,-0.04689985636610919
2023-03-04/2023-03-10,0.027753658237780882,0.008587993715018874,-0.0006951930452655635,0.004670376857333857,0.022446499735932504,0.013632163547106899,-0.021258881000416667,0.015504089961917633,0.027046332937288843,0.014028302022024222,0.12036626489759457,0.08310412998299638,-0.029539972499347485,0.024553946364394726,0.09042712484948588,-0.03674205517966843,-0.037046125779436306,-0.012270125602432111,0.019938065479048823,-0.1227504652410561,0.01162201281408188,0.027413793347830978,0.022669597491050738,0.03938704531345216,0.03494694765197885,0.03359930527898007,0.04662962955122599,0.01582015444385336,0.015472223354571086,0.014156990215499612
2023-03-11/2023-03-17,0.014158035145806106,0.01695777855596087,-0.003065184286313766,-0.009663348049089254,0.025566159251552794,-0.009815931205699343,0.04263791969470557,-0.028610457567740933,-0.0048840882976929345,0.001319492516087543,-0.0031765867088285908,0.051293409474959334,0.034223839804839895,0.10077626232235587,0.005272044522293427,-0.0551686304619205,-0.047963937864079695,-0.060489476894954625,-0.024489501176293657,-0.013359377278263541,0.012526148279107842,0.02186772920275075,0.016564771773828577,0.06275436642264533,-0.04969962192083128,-0.003516914882216798,0.004537006453492428,-0.0029716448837272683,0.008741605864296266,0.010127833008618468
2023-03-18/2023-03-24,0.019623318932315614,0.07083436786431435,0.045108662106349555,0.027928078510803644,0.014543363736967775,0.024980842175361406,0.028395847119189382,0.029464774771943487,0.029064050231591757,0.03170180375523666,0.017276713487178703,-0.045627624690589015,0.07730717590108108,0.041723789583045415,0.022752993844850286,0.08134014624817583,0.039306004955184534,0.04468773901190913,0.03794595486244636,0.01023653774234448,-0.0010378569103135875,0.02602861524958018,-0.007604659369880642,-0.004754533751584184,0.09897067278012826,0.029851892801541824,0.023991252108515368,0.012840119662825136,0.038009283516235795,0.051118583375180826
2023-03-25/2023-03-31,0.02584906469920644,-0.000753380822764166,-0.0012011989770899915,-0.013946349380142482,0.007744211980350578,0.0013326930633233108,-0.05311377564062036,0.020096349426358396,0.019332918920191886,0.01587966966499729,0.038972855216353575,0.07198180264514109,-0.0307446590562433,-0.012700496643973607,0.02623274605935265,0.024637143746881918,-0.00028336221442905904,-0.0015745596388746187,-0.00978606103008896,0.018260744037358986,0.03770181243132667,0.049629434323656456,0.020460017576479684,-0.016678824409611496,-0.015504172207925167,0.018192629945942562,0.007767983108680427,0.02119202806355822,0.008902731567696186,0.012040208815466554
2023-04-01/2023-04-07,0.013769771316673257,-0.030611535670620638,0.006920437301031068,0.006204566521557423,0.014442243482008336,0.005880649740269127,0.007468311988981207,-0.01128661277247298,0.00010863746513393035,0.004921126407760765,0.019475900960898254,-0.009173188700368814,-0.05973292247246537,-0.05269301378724829,-0.006054089007374306,0.007244280508367262,0.005089237886762051,0.012080871914767841,0.0444853362547791,-0.010050092165711164,0.01980261214805438,0.02462242820277809,0.02497953298436403,0.022548832312464673,0.026976653563600232,0.021610704647928858,0.019206572682058925,0.01919383111450381,0.006091816610350088,0.01652680711659571
2023-04-08/2023-04-14,-0.005549441044258066,0.016799313589408116,0.003310166755312851,0.016048307759553737,0.004335701870983623,0.0005673176641578355,0.02999431094544266,0.00819560431492704,0.005139091438834365,0.012744883154509177,-0.033596452450569095,-0.020120971569515585,0.012235367769209514,-0.034595032457685214,-0.012952471496042218,-0.03095032049542424,0.018717971777547558,0.0224284756310597,0.011356281154491459,0.08170633772205138,-0.0009808486201346508,0.004045474479240581,0.025330079596974198,0.0033388690257153894,0.01883292972883958,0.006654257648864555,0.04580055924846029,0.020870690265664824,-0.029597795465530156,0.028352909168583035
2023-04-15/2023-04-21,0.012548720357035735,0.011548668118669534,0.0070689566297197255,0.018709523962895547,0.02815289931788242,0.0440077896683852,0.03310512312715257,-0.05763876437501175,0.023253213744044904,-0.004387264458561745,0.11300012758739525,0.021609191572348915,-0.06572406959130672,-0.019900049080030704,0.06337777191605994,0.021583156939917185,0.030796854931023063,0.02575786206338613,0.006826017437471479,0.041247243999422874,0.03755857319409983,-0.017939463116633338,-0.009554871832546169,0.05153767912024566,0.07023585481714505,0.012702436784815235,0.12421746880409983,0.016588989158024887,-0.017999185082938005,0.008365751582902984
2023-04-22/2023-04-28,-0.011906891898967617,-0.004390884672247162,-0.027276188284859858,-0.014815017033600527,-0.004003750433738022,0.04492357393293825,0.0724331784037321,-0.031806269779144844,0.01926599457758894,0.0006279317514624541,-0.02135311611497583,-0.027324038282869452,-0.13911282094836042,-0.02817081319458746,0.0019008261154841084,-0.04597093689454674,-0.0503614199232457,-0.022718429061992503,-0.023626824648901704,0.011839422777850299,-0.010451416455139853,-0.019959138640099662,-0.03005588588883844,0.009348264131286003,0.0017376596349698986,0.0014919097601059832,-0.001351435409626299,-0.02520762855516571,-0.018233156267504356,0.016665926198497025
2023-04-29/2023-05-05,-0.022003772731387827,-0.05721408986345216,0.014901431500191596,-0.001555970354721599,-0.008907911401453777,0.024937229085504813,0.2635783421202263,-0.0018484304947571052,0.01008432384233466,0.0021947598392650803,0.009673937403380935,0.10748826393350244,-0.056685836176455194,-0.011682405529744061,0.015271878551126748,0.006968820034279501,-0.03474874822366377,-0.01002197848354376,-0.011930803980337168,-0.06692322050655237,0.0,0.010508257591259207,0.043041021599065664,0.011434793054449485,0.0017345627701490977,-0.001254310005770178,0.01221414521542388,0.007454368399561427,-0.014490766469794237,0.028547604889201595
2023-05-06/2023-05-12,-0.02670070030254851,-0.0437564247423135,0.03186123432410047,-0.01632694185605039,-0.0318173991920948,0.009569446113255945,0.02405368119902566,-0.017418890289219894,-0.01954052789990504,-0.016738164692048765,0.04583931673207647,0.05230939955739308,0.03814534618920808,0.0011742620519814978,0.026758313139599536,-0.02600874101320714,-0.03842619371145737,-0.01322481677244816,0.003043596115255961,-0.07172550611548693,0.04665034676777484,0.007076751428925854,0.10613273235320608,0.01079419011761371,-0.09064171828036444,-0.0025133497822544533,0.01799123247305292,0.008049783310351895,0.014330197242263393,0.0071133529431036385
2023-05-13/2023-05-19,-0.027548715912722344,-0.03337393970849918,-4.296609764243923e-05,-0.03184067182079423,-0.015737965425305596,-0.04301732764978102,-0.03253741769799845,-0.01009150240872286,-0.04135283541291912,-0.038800425852992614,0.023382358516622116,0.00527803993917054,0.12825434068760716,-0.045652513038438626,0.025150279877814267,-0.02007045546406407,-0.012221082923195084,-0.008914865357121417,0.019187934463246337,0.07933676854930585,-0.04188600731442374,-0.0064386455504302186,-0.02098795485019371,-0.002456999692240967,-0.02109380901183929,-0.029437811229557527,-0.018282681873361028,-0.06097695490074282,-0.022278656829957125,-0.012758330927620926
2023-05-20/2023-05-26,-0.02666834135204252,-0.0553085853410427,0.044485569051525856,0.009918012091609888,-0.0287838048435655,0.03479653028217967,0.03186245357061066,-0.012117458642082343,-0.008798031278364407,-0.006809911575210446,0.075878780250642,0.0019415741787737633,0.056014588107006665,0.0212956732796634,0.020228433319383253,-0.006632844971718329,-0.019556848613710237,-0.002016564721068654,-0.03122597597302822,-0.045628254189154956,0.0178995932395542,0.01809683000365239,0.0062700747500625325,0.03712513272675822,0.12208043735378671,0.00819667494849651,0.011801362289957896,0.01981713460302926,-0.026050522358024186,0.038859900415800765
2023-05-27/2023-06-02,0.005732857039493138,0.023327318386785343,0.007021157081659936,0.05691576614982399,-0.010168880859136921,-0.03131407948467495,0.05623267789355403,0.007670291325228857,0.006467219711931412,0.006147353992588678,-0.029898601192143073,-0.012852922733801663,0.012566633917605131,0.035917648292899854,-0.022255524605998705,0.022048961327378012,0.0198641618044994,0.01734541846094737,0.011468050208443428,0.031705043407241285,0.008368220366109088,-0.00305309426123415,-0.03302728143050707,-0.022472879653786998,-0.03846624394199716,-0.00199227873524325,-0.028792196036571117,0.007157576188223728,0.010828446953590963,-0.010949858742406818
2023-06-03/2023-06-09,0.024506996816073476,0.06143595202682517,0.01936835230800612,-0.00022005567339904405,0.032902344563792034,0.021835312272767644,0.02624822607493641,0.011081252141838723,0.019630317425493548,0.0141450897393563,0.0631606762449692,0.023865554592909392,-0.03122201848085657,0.06424647956978463,0.06786495295536162,0.027395891052173514,0.010090197967872737,-0.027037902758510778,-0.03697311449664886,0.017485375444817774,0.024692527536110394,0.01468210995381645,0.030188752655535556,-0.0007073562025159394,0.007104818703577245,0.02361830865136861,0.013953970158574466,0.04406011116018386,0.08179048796076312,0.02676036230779353
2023-06-10/2023-06-16,-0.011218436041149154,-0.011677958533470534,-0.015856040257377052,0.009768202128688253,-0.027111903226214866,0.015022637244084381,0.02132541150659333,0.005025183138772942,0.008792047962624333,0.017662006279985345,0.01076383491663155,-0.01563036887448638,0.05682801261835725,-0.051708605226089555,-0.024397591146011966,0.01008305135947684,0.005461211881343131,0.011883157699595037,-0.0063304554283209365,0.010821759098586674,-0.000903640833126562,-0.02782767034402098,0.028595927040087152,-0.014560066493914104,0.0017683032185590052,0.0023555027349868147,-0.0005558129250978656,-0.020760238869554182,-0.00965742395698128,-0.01130556468945306
2023-06-17/2023-06-23,-0.0154714421396694,-0.0405412511815699,0.006421238952764746,0.00696240060373677,-0.0011553088220280557,-0.038771836369383826,0.006471199324363868,-0.037017740993684066,-0.018694980788987854,-0.030034261755856613,-0.011829220365469373,-0.033439589954631456,0.01302338310698965,-0.02665567198002014,-0.013812508710104462,0.033954156499647795,-0.00546121188134308,0.027275576423312287,-0.005172934550084764,0.012270081099398268,0.02411908048701503,0.039082748422958745,0.029934268088073958,-0.001539680766792432,-0.008873121922136214,0.003980954075380348,0.028878918070562167,0.00672556585536073,0.02973626503203173,0.024552162584510494
2023-06-24/2023-06-30,0.008878522102930053,-0.004688148888807065,0.022986824951051817,0.007962137333639865,0.007680745225556529,-0.014206983973860953,-0.018855677555017103,0.05224483248269331,0.014684040485359276,0.008956669613426541,0.03648059342979114,0.008444373308758931,0.09008739712980103,-0.024224731048279505,0.01839428558287925,-0.0019467326916697088,0.0030377125791571204,0.024600306853860148,0.00794730245336857,0.04471683853507333,-0.03228977348123853,0.0019148701910280507,-0.017964736874405036,-0.0005137541770100437,-0.07781703513102996,0.0015270543261161882,-0.008197075503418378,-0.024783741701222172,0.009569178572132466,-0.018094049126947797
2023-07-01/2023-07-07,0.028621055531147858,0.04971062566943936,0.0006332314841498115,0.0008973332710183997,0.04665688728168254,0.002293800132164892,0.018049044815086374,-0.021661456688556905,0.004971325030254346,-0.00347368830926635,0.07079283771043496,0.036218994173334726,-0.013605638815206152,0.09665562970535659,0.0040645926357919335,0.030205703236807845,0.003935200009789201,-0.011126912098004881,0.006414500855335761,-0.0029196668012926165,0.05584079802318156,0.044956942603078864,0.04388552679110779,0.0547917534296588,0.11284685281227008,0.00101652037364951,-0.021491704369596864,0.015193788347262928,0.14721734384404755,0.012229749155131588
2023-07-08/2023-07-14,0.0014211558550623912,0.00992476955151138,0.06305360917219159,0.028735519924500037,-0.020116821074342848,0.014695858021790076,-0.03559338705710834,0.028779082569868917,0.009394426497461963,0.0332442914837069,-0.03536483037919526,-0.04382408910366449,0.1185437260865243,-0.06581779454158057,0.012211498678192259,-0.023255511338752363,0.05427874968104513,0.0017535051861046918,-0.018349439819491012,0.008319518968927958,-0.017391812816621235,0.003067724734557853,0.015618608529614483,0.013241515881489422,0.04212922962369929,0.0064489466366172265,0.022131573929089286,-0.000515136869671708,0.0024784894338889247,0.012211146725564281
2023-07-15/2023-07-21,0.00045442753449577824,-0.010096748278537916,0.005076562070928597,0.014851490267486117,-0.0015817325630549737,-0.0003474111066218326,0.006390255739019248,0.040192463817291295,-0.004076205862361702,0.0008007777351208489,0.029925730561718135,0.08210563761545477,-0.031675097436258556,0.021426131384020993,-0.04767797730860547,0.004065751711737789,-0.009395097835641611,-0.001314971970649985,-0.0028529574907907567,0.02374237153089769,-0.016807040785278577,0.0027671419979804278,-0.011874452129623996,0.11227361285449315,0.07316458237427723,-0.006550352472177197,-0.10655949417190913,0.0025724414486498325,0.037326555122120776,-0.009861188072848675
2023-07-22/2023-07-28,-0.03055521434286882,-0.020153592771340337,-0.006823838320615421,0.007272676722886237,-0.02983919560888163,0.007270209720716669,-0.007436009741947147,0.005023160054353773,-0.007506891085035061,-0.012894902969076028,0.0047368193029759,-0.007368839158278066,-0.17637377007185015,0.02749862715740982,-0.012352223303722916,-0.011836929086775352,-0.0323770699589923,-0.028922871196540884,0.01277506534665701,-0.04129407767939113,-0.004470341266539652,-0.10478706633980447,-0.027742009262904578,-0.08052196721662797,-0.04229290926487006,-0.014227481175979698,0.020989273169377647,-0.004487707922698078,-0.0030349703005434284,-0.05178052150632364
2023-07-29/2023-08-04,0.015624911053828582,-0.00246002307665057,-0.00044689936546508946,0.0002841692216495408,0.02257635820175967,0.0020675219965794176,0.18781702474793205,-0.01574382476349608,-0.018173928457326724,-0.011749464804031192,-0.0240749195982179,0.009607278526346847,0.006532892467112083,-0.026807698185906073,-0.011484149448862113,-0.005971245737472742,-0.0006096875454789523,-0.008615008479278296,-0.04386570279688122,0.06290356406594937,-0.03929239160094375,-0.012678064115967945,-0.051311301491143955,-0.03175164563786516,-0.012882613465706587,-0.011821087920529869,-0.04098086027761103,-0.009259679687857389,-0.007402261933510909,0.006706471596732973
2023-08-05/2023-08-11,-0.03710448172290685,-0.025841175962969816,-0.03949481366211531,-0.039993907778567206,-0.05333359517599405,-0.014737995160540113,-0.02120838545293284,0.008051501397316382,-0.029267681904762408,-0.005101634851129845,-0.0699301705190603,0.0017719132678460428,-0.06932517922283976,-0.030865186489507073,-0.01891261815820225,-0.03616884185208676,-0.034111659085860044,-0.03121997720416354,0.005458847879905472,0.010240277654749797,-0.024529558321573223,-0.029126891824723767,-0.002748283143515274,-0.027745815658897065,-0.048142068909327075,-0.020160314246380182,0.0015320748646355143,-0.033678245040686575,-0.041251011825033435,-0.052220040891982275
2023-08-12/2023-08-18,-0.011126802634468604,0.01877899757585585,0.0035297261857500984,-0.003999391781050306,-0.008202485341939288,-0.0038502186704804956,0.047678880991243365,-0.007153440070772787,-0.007142261026360347,-0.008283699121187624,0.005805797055092383,-0.0010780014379956591,-0.08855333747488431,-0.026957085775351646,0.011819150153303936,0.007254090064329219,0.025845938149573446,0.019309668195032364,0.0,-0.02740988508160417,-0.010561803275107832,0.009636764558591922,0.011377683043551549,0.014212383775476853,0.02186800525733919,0.0017369624389649,0.012782197755025744,-0.0029293292955693577,-0.00903879333945268,-0.018860316433332004
2023-08-19/2023-08-25,0.01682430910817105,0.007941427841690272,0.008827579441366074,-0.0185775175644424,-0.042054353893467886,0.006641077757814245,0.09867221202357337,0.006559255201716188,0.00416774661761346,-0.0046691381151279495,0.031377078679218746,0.04806312907519384,0.007596313648386188,0.010194278400294061,0.024054446236493086,0.020827469406870136,0.02038717091641662,0.018717823208964434,-0.002935802554416768,-0.013379453606812426,0.029483829443290106,0.0005836030564904739,0.018023572268620735,0.02308910431311877,-0.0016653174025606412,-0.004259129292085211,0.028599225788488405,-0.0012357368481863275,0.022290971570568113,0.016990132385413935
2023-08-26/2023-09-01,-0.03164551315333557,-0.012202742334698835,-0.0038451895034850424,-0.026499324770935705,-0.060135184289925606,-0.013503062912199599,0.045958755661676606,-0.01015541275854988,-0.00156959692162156,-0.02539059006774604,0.00935151658715068,-0.006705300948000511,0.12102099073698763,-0.02543539942035535,0.006538022530312635,-0.029367162467447555,-0.026863709016766334,-0.011371520453482538,-0.023800380274398694,0.008534934352221319,0.005607532153391052,0.009547231519355453,0.00021093963492310698,-0.0033341132912654906,-0.01850349423254024,-0.004718859286887129,0.020650663239563428,-0.012397747496468065,0.005021019341810379,-0.029665407898548032
2023-09-02/2023-09-08,-0.0050598121337205966,0.011499404628282129,0.012595524173191291,0.005746533053642054,-0.019781120589426063,0.0040525039275256134,-0.016306843570154297,0.010749597627606584,0.027012823449042406,0.0022262087998896375,0.04276597611861147,0.020779283576647344,-0.10599921247855695,0.012309224738163406,0.026295170079465583,0.03196649260084439,0.04743382539706488,0.00865402982345979,0.026526651300487012,-0.056611030766914094,0.008352687912721875,0.017214876377205257,0.015141748647573164,-0.05335451363490013,0.039938793621596566,0.022839237491946825,-0.015742196747723727,0.034768815658274214,0.024658152799302755,0.02359958919221432
2023-09-09/2023-09-15,-0.026590391373675196,-0.0003517841196995773,-0.02457176817513349,-0.054256373154123065,-0.03764580045904036,-0.03799057384039874,-0.17052648649677896,-0.010149287212946228,-0.03281182146810239,-0.00795974089767127,-0.05265845956137142,-0.05706465832223998,-0.024799167754792385,-0.0649463263668592,-0.05826366742864599,-0.004057672913642159,-0.01157461250149896,-0.005212079812512534,0.011452674771840829,0.032193435347586806,-0.04634393093029657,-0.03506808693885005,-0.06037355431267945,-0.12136245631681712,-0.03317058455543338,-0.04871630338174537,-0.03688347590962302,-0.054620147297796254,-0.05105392248098918,-0.028208233183457058
2023-09-16/2023-09-22,-0.03734715835026851,-0.05926188377798908,-0.01913147094129749,-0.06886446433731443,-0.054603964264248565,-0.029471137721917163,0.01630979250718709,-0.05774117499155616,-0.03410212808449808,-0.030527391803096243,0.027449439037629295,0.014234516563956398,-0.05267327103797981,-0.002090999645869453,-0.01860537928876065,-0.030377397111508112,-0.06537468130648177,-0.018107572863534913,-0.018809418727093213,-0.01973613311948348,-0.005825301427420692,0.0031936403110401487,0.030856322955383514,0.029669034811081817,0.03317058455543338,-0.020976527050803002,-0.014727369034549562,-0.0049041559608227776,0.011205515392825638,0.0022268383001635573
2023-09-23/2023-09-29,0.0037317121812112893,-0.014670205186556214,-0.04171495593824227,-0.0035094120568558308,0.012822592277197118,-0.059484840558893026,-0.12233608556200282,-0.03373205186548339,-0.05705424537849256,-0.06342819933300062,0.0027269327817903586,0.020645441562102403,0.02500133336726064,0.0044379552703582735,0.018073042448771604,0.0024021704454847553,-0.005860894356435327,-0.0035657052414893808,-0.020676556967405866,-0.020999081146702715,0.011616865155536614,0.013418512302232203,0.0,0.009333033802213958,-0.03993879362159663,-0.051612504496143845,0.012350492925890359,-0.01821776792066099,-0.05119550777850563,-0.03647318789058219
2023-09-30/2023-10-06,0.006298755748292091,0.015789858475796587,-0.05511056703102072,-0.07082758449829228,-0.010724033072463416,-0.052249909225709705,0.03597577498059647,-0.0795462731759259,-0.012697249793547616,0.008175655904747526,0.06161392403481659,0.028464702218401913,-0.031929706001091775,0.027743940181050933,0.03628278006838423,-0.0011965459346010715,-0.014194055490162392,0.005936094176431414,0.015871217844088976,-0.012639116448943614,0.008624751215685358,0.0854854180540297,0.010077426912042647,0.010869707544033108,0.008453168012112766,-0.02423776354802175,-0.03715626002289892,-0.046965652316109816,-0.03661753174177905,-0.022794378921478186
2023-10-07/2023-10-13,0.01397980135015877,-0.006361216842590129,0.020841729657574554,0.05058545592540826,0.046234095980980626,0.05841972416260745,0.07969384787982266,0.01952160166551249,0.01556648114725919,0.028743963757464217,-0.035641226950182715,-0.008817503500277499,0.005777045474596976,-0.05869449384547338,0.0004829828633093324,-0.012486527890201382,-0.0019967694239980648,0.008721333663439855,-0.006490803034475751,-0.07370329378286622,-0.0379238399611605,-0.025713531670884453,-0.009506963175284901,-0.0624506207615571,-0.03774037429570294,0.04832780251674067,0.029634322528941204,0.03640451342707257,-0.016876345574017373,0.047964773736261464
2023-10-14/2023-10-20,-0.0044419226750376,0.0018752119810528062,-0.007835136604396551,0.0037597396931956886,0.012786088637913662,-0.006768891916168995,-0.06954145894084024,0.036580864023508096,0.005279848221681407,0.02597103967715173,-0.08142074551728094,-0.11912689116249761,0.0839343718757284,-0.007010146175984176,-0.010406511089340322,-0.011305854586981582,-0.013076353113853821,-0.0818828424088008,-0.023499628937341574,0.009866365910618442,0.0029689465752350923,-0.0364512005907457,-0.05299063215042903,-0.05682004080906854,-0.008779637516541582,-0.00991814958604857,-0.02252907908488135,-0.015127161603333862,0.004722890342366431,0.006947307520217836
2023-10-21/2023-10-27,0.03252579560716108,0.08524571526102064,0.02820943461358648,0.03304345030847718,0.0355000971999722,0.050633837734029415,0.010112092654702814,0.04473165516619209,0.0330275827009202,0.023213389689736564,0.07519983681791212,0.041724306993317355,-0.014941515038151712,0.00862081188835409,0.0604436021802935,0.013617658772191768,0.03580092249808185,0.03528446487219178,0.009730543721346442,-0.07522355147007667,0.04728322634961022,0.03684115061499323,0.03297413268698202,0.0018255314998858996,0.03636765017789373,0.042173364117900757,0.11930303289785509,0.045436148521766175,0.007028505038065341,0.039110536687650806
2023-10-28/2023-11-03,0.013595485020294734,0.029159498044393578,0.007790830712418091,0.0092928981176843,0.009491538009169263,0.04493055593344461,0.07346403408431414,0.0012953943574922676,-0.004024086457537786,-0.0075605552573251265,0.03066325356525265,0.0213412146189079,0.14209675988372422,0.04843249937361287,0.03489723405103895,-0.012614936946795463,0.004548382998180323,-0.013864731653031048,0.1251888717006415,0.060624598834229056,0.0960810551652206,0.02326953915611542,0.062172137032152665,0.023431363110402267,0.0546041207149407,0.00022502921217635495,0.02892837723528962,0.003534401075857769,0.05937105209627548,-0.007117207152516154
2023-11-04/2023-11-10,-0.13556986608429863,0.020834129585908096,-0.009925642849931055,-0.011889678479932638,-0.023761689964167325,0.00036298136196358135,-0.14968711642970464,0.028081097709172175,0.00928508764311742,0.008610914209614786,0.041671451801802026,0.05009067658445684,0.05445986526398587,0.04911860115131159,0.042022299418849246,0.016346644036897378,0.010960883395793458,0.014602176368014468,0.03641608596217754,0.014598952635847581,-0.0008565924556696967,0.01586716608145687,0.05666089169609658,-0.00804882674376875,0.027007213205929238,0.03392404570956087,0.036548731849977124,0.02471038156064823,0.013567756895768057,0.03170773553470565
2023-11-11/2023-11-17,0.02012846303626754,0.02568594068581243,0.010302198588144648,0.03173244056304755,0.0005526522916649927,0.00217554014221945,0.07467872875070132,0.019629630338110927,0.00896336928467799,0.021978994779581887,0.02160878632146765,0.011328433675717838,0.04912669376156111,0.0053385355574306044,0.006483744292423633,0.027446521187186528,0.02719953958346303,0.011967365760593606,0.03296516411697473,0.05811871347517098,-0.005154605044068719,0.020184952092202793,0.006629565959808307,0.021028424819168987,0.0124612084054682,0.020823095103206613,0.020870360945936747,0.008645806686931158,-0.014109036878331144,-0.006233218274670537
2023-11-18/2023-11-24,-0.013776846149913528,0.003661568355342927,0.0060476801827091115,-0.013695291753473424,-0.03174588141256349,-0.0012684552408793257,-0.0853267971735619,-0.026259520742622743,-0.005510803832935684,0.000342222768143969,-0.042899552158536865,-0.04398925557813259,0.05162966265693918,0.007234228265559508,0.002801329673340245,-0.0049152190864269725,-0.005004676645134225,0.020426046524579064,0.019020583157676844,0.01749075161707028,0.0017211279088096968,0.013789044466427567,0.014773524248365167,-0.02600948198693398,-0.13397376166207367,-0.0003190848659327403,-0.00754559848193192,-0.026643071601755476,0.06140613954725969,0.010038901162189978
2023-11-25/2023-12-01,-0.0002846639075804852,-0.0007948893439409226,-0.019440195374150235,-0.07080258626952327,-0.014879846131407514,-0.01553256047786703,0.028866357826540675,0.024715718797671232,0.0026520192088411616,0.013051525724716647,-0.0017134702672474136,0.03266082190241484,0.12168028251413238,-0.051015190628433425,-0.021231593568545606,-0.02428556006778451,-0.08197832246216216,-0.017274791830341873,0.06802090739088194,0.01931813484387073,0.008561730750278667,-0.016598865062371165,-0.02554468263631336,0.03795425862331193,-0.06018222641681224,0.02338463745083554,0.010839066456489443,-0.005528539171661385,0.022922408615291004,0.022948114059121536
2023-12-02/2023-12-08,0.036266026109346046,-0.0014322804491845845,0.021682967645377287,0.06909075127383944,0.04960168852694009,0.022939329713964327,-0.0011780397638493417,-0.004646142468563235,0.0047064242099805155,0.005094179236371485,0.019947450177827012,-0.03712253778466122,0.06502459814293457,0.012313410011380867,-0.013625123213259828,0.03821985496555333,0.019882818850027992,0.018938353773794738,0.05177478104246819,0.030565307892358937,0.029401526570022596,0.03835500070905995,0.060880113944846846,-0.08047715618592535,-0.026668312488599424,0.011199461505123553,0.021969106150122094,0.05357998945018615,0.002112147258626212,0.01893145355311491
2023-12-09/2023-12-15,-0.0032306341562866898,0.01328915376209379,-0.021640496413005406,-0.01517793119421224,-0.012950690151505028,-0.0032450055735667705,-0.012056685145619857,0.009578362058776949,-0.007636902389691843,-0.017944543671282915,0.060898148642635395,0.062290696630634065,0.11446407579556322,0.010187601616836078,0.020582970112454184,-0.01962718026300916,-0.03014627391178585,-0.04368538933506891,0.019981861585706143,0.010809838584056574,0.009064763577784494,-0.021311779436410494,-0.02158712180771719,0.006881512281383304,0.0115164315210809,0.004713009857663529,0.013703591509907498,-0.008656002691078265,0.017670317930481565,0.029511394605710808
2023-12-16/2023-12-22,0.0015136732112940555,0.016521643060050634,0.02631799844100929,-0.003307594469507949,0.005933195694092651,0.03617410577428419,0.09767545916659698,0.02520247304750456,0.014389751729083758,0.01302057520484684,0.01187549380299182,-0.0013541758212690792,0.007653800295167225,-0.07839590586401227,0.004647350849765383,0.02711482940625772,0.02920285842390805,0.020131983049047744,0.03910190846534904,0.037725085362299,0.025912437408582744,-0.008156354539007059,0.006711028909602315,0.0037335734700974033,-0.03298060319185923,0.015155891861273961,-0.012526617953107609,0.004145850372723572,0.005877820504154805,0.029843881230632325
2023-12-23/2023-12-29,-0.02097892266646355,-0.00558056471480753,0.0007016548692280379,-0.02668242086174625,-0.06607979068390044,0.005037810054478221,0.019643461515287317,-0.029825767061549206,0.012204545849428053,0.017045329835731475,-0.031755915319080126,-0.027765356529090318,-0.007062944811558793,0.011167271205873849,-0.01975252907172548,0.016654852664865688,0.030325595958260336,0.0328056892254989,-0.03109692859910922,0.03597367785485754,-0.007220299995313777,-0.005793215890358522,-0.0162960594064092,0.01724183816256305,-0.01190489067958134,-0.013955821456772226,-0.025745763245308098,-0.01412011690250349,-0.024469447023807475,-0.022795977779535955
2023-12-30/2024-01-05,0.010474848434394382,0.01251271328066813,0.06040857909964697,-0.005927096966348359,0.0024047462652596946,0.01581607633542016,0.0434287104975332,-0.006440798575256815,-0.03163765319504757,0.0008364550532628254,0.06294008552833286,0.0408719261622223,-0.022701158446773707,-0.027612027269954934,0.04436199608028244,-0.005345775877231895,0.005626418869436463,0.0019249388066041246,-0.05684792386435619,-0.023449119655103344,0.09149668651357423,0.012933656847578868,0.016729433405452302,0.1124779558796812,-0.05118824445402282,0.008226988085832117,0.024950990978994537,0.002406048702030894,0.025903200788803288,0.024075782752809926
2024-01-06/2024-01-12,-0.02989693208280272,-0.03817734395022223,-0.014753743894962248,-0.01762885749417733,-0.06672254059568246,-0.023818886759670397,0.008766078449594185,-0.00470603288702291,0.006240628895035605,0.005834722094316035,0.01732406657175861,0.009805268032325596,-0.007277105100531732,-0.03597496016355995,0.02373902167240562,-0.02081421990940312,-0.031514485606927635,-0.02828064469195982,-0.04143155945220908,-0.021624354976385752,0.0029347027323920996,0.0021030645628049194,-0.01045431243659923,-0.002622088443183763,-0.11097850231833874,0.0007135698636621808,0.02011210672719691,0.011254327419406646,0.03373728112491728,-0.018718717155064967
2024-01-13/2024-01-19,0.008552453921261142,-0.008971597569297314,-0.013654689108767574,0.021225091919701313,0.03189912705254223,-0.037552247907823556,-0.11138366116010509,-0.006625589873421836,-0.003655773024513859,-0.016762138597249218,0.044332783760779766,0.056829417856155834,-0.0006088419527928594,0.041666812661438,0.027545189369393302,-0.021475729797885052,0.0027209365341133206,-0.005703803062817369,0.005635766257374061,-0.026990711594368055,-0.014760404274162298,0.006571108862706203,0.05263731377650543,0.02740798062943004,0.02777953650700982,0.00963544218919554,-0.004768514217176875,-0.0018414486084905716,-0.018602203566303873,0.0013021960750131307
2024-01-20/2024-01-26,0.05575770442335673,0.008173854978980677,0.009823228465763435,0.023417880894013417,0.03931640676487825,0.014404268697931297,-0.04215184950872333,0.012270036320910198,0.0303933341018978,0.030300376635996887,0.004061172111675929,-0.07313105483971148,-0.010407199894939177,-0.0590043072754671,-0.0026958234320259167,0.02254834966136267,0.025818924811401762,0.036865090851059525,0.017890660774941003,0.03332965094187524,0.05567039537708163,-0.007368364215876543,-0.012961971981407477,0.002657310420825587,-0.006872927339372905,0.002922737379609596,0.05481209006706041,0.0017647227476823713,0.03628826160527437,0.0327731303896379
2024-01-27/2024-02-02,-0.008492975331739308,0.046164380068277985,-0.03885672471080757,-0.0017549542555029764,0.011292851450621482,0.009783997825349383,0.13882558713301876,-0.015440733431320706,0.012444117623366797,-0.019038793276344182,0.17440387426502377,0.03309610920336681,0.04805725020659622,0.037973902262138405,0.02526123567582602,-0.04696405581425358,0.04054375495368777,-0.039853844126143054,-0.10949501175391166,-0.030475436558314233,0.016736711482381487,0.006720688311324813,0.0194689815345032,0.010559794182437608,0.05588045958595369,-0.020847493009680237,0.07053191391389418,-0.0003833491922141938,-0.016161125890251555,-0.028228427987818886
2024-02-03/2024-02-09,0.0006090949409357962,-0.04345464774792522,0.01116857855693449,0.01879286508639987,0.00941171741841133,-0.005680887103910798,0.07669605618552705,-0.0127837599596757,-0.03506275122475737,-0.007212833213055935,0.029414324728881933,-0.02175511788208169,-0.4283045862329427,0.010980078806675314,-0.018399955902225006,-0.00033717276972340763,-0.029024912041985765,0.0019935323843781492,-0.05013502755407668,-0.07479724531070293,0.03265600293701714,0.03676613869478958,-0.07745172075407689,0.04869012654457401,0.12835499896077085,-0.00023985364826772755,-0.0009468146789406126,0.03762653284303406,-0.0043697799410491265,-0.015273630751475926
2024-02-10/2024-02-16,0.02604157148897003,0.00919041130556799,0.0032613231776756433,-0.0032806820923992593,0.016260671424138128,-0.019051574975600484,0.01160611966486154,-0.02343086319333453,0.002320701635198709,0.029035680421402477,0.004329203683205916,0.009203248186127763,0.005386047161963978,0.008427461700752047,0.01428932580938716,0.024533500903291584,-0.00294942894720471,0.018009836100938655,-0.0339288629471687,0.006560251400161941,-0.06927978568627632,-0.003686135637092385,-0.02921994657025343,-0.0035078785386671064,-0.07956482985513633,0.01381487280281324,0.0035726938912538494,0.014153400787647201,0.007716467596420212,-0.008454392032737484
2024-02-17/2024-02-23,-0.006082394955950521,-0.048971601078564075,0.011412021648794624,0.040835932203671155,-0.03308749987443937,0.06989969962316336,0.2411621332960834,-0.01526245313208432,-0.01744708619918628,-0.01865204245872159,0.009254962493566029,-0.03985676859371301,-0.033685468120554715,-0.05566270231044513,0.004822723468587946,-0.013580258307394972,-0.01921851356534175,0.00024426018097583913,-0.025703050270414675,-0.011398682696923257,-0.0021543456105732285,-0.02855306357791597,-0.03681485898168277,0.008896004925668652,-0.05971917698602502,-0.012377056279603418,0.023100434476049148,0.012897893979627801,0.04642761932665477,0.02966954768287976
2024-02-24/2024-03-01,-0.0064898091410884335,0.020494182450312322,0.02691604728879964,-0.09813668839648415,-0.017115015412938295,0.0047265887299497615,0.09283440084204157,-0.032277420170957645,-0.005976749780724649,-0.00971052911112725,0.044025123820534515,-0.029909784889382063,0.04082197685961985,-0.008911900603059658,-0.01093862791751963,0.017083253500856675,-0.012117363537389354,0.015522961250382236,0.0420128627480862,0.1564156394124713,0.007876886218445858,-0.028354538511110035,-0.013153565360973476,0.034813324536709565,-0.04495145170556334,0.001662418751581005,0.0005391931218874837,0.014060490856239664,-0.0021881903461954673,0.037535228197415595
2024-03-02/2024-03-08,-0.0002699491766686203,-0.009948673677026475,0.021429328312525437,-0.02003229908072321,0.005436453495102943,0.015374603757335969,0.04262476300580663,0.0013804269358431295,0.01018652577768455,0.01767596328151814,-0.040562736533048434,0.06287228527193775,0.09652159470028698,0.054234379612476805,0.038549303135698244,0.026314488060524725,0.031335877102731086,0.06363561963073348,-0.0009991999203352358,0.030085944625599926,-0.0172666711046707,-0.002736357363847067,-0.008587837526692064,-0.03920142837987154,-0.0567527621836457,-0.03275169611459495,0.02143961644322445,-0.023204697849725488,-0.008327444581138693,0.011347038146289635
2024-03-09/2024-03-15,-0.0132450706847277,-0.02859714287973735,0.03214292535337093,-0.03182750511037228,-0.035564772541343416,-0.0069895136917209185,-0.027223656066458796,0.01980253290535898,0.045496056907244266,0.007470940955754705,0.03187587720763216,0.03096201701195785,-0.10186923852614112,0.007629405099830398,0.009712258446274257,-0.01880268209426874,-0.010557600377824244,0.015017668797348704,0.03593215099013277,0.011640665286473274,0.0043446462224203865,-0.019065437059044593,0.05678347474723514,0.022239540301951403,-0.004878053631136817,0.006368663835067438,0.05536391856669051,-0.00431091558331897,0.030491760849830598,-0.014079582721132525
2024-03-16/2024-03-22,0.016882425125507906,0.02482012598745326,0.008907628083672901,-0.0003872151092796079,0.009319759460754177,-0.010070616993349976,-0.09243360592449948,0.036186505455370485,0.014735655848506928,0.011672867314046336,-0.0446647900235576,0.022310266006155884,0.018592837113617512,0.057746399459978184,-0.02035140450829908,0.00747115139747267,0.03581736670852899,-0.00799192295705272,-0.0025103706992450196,0.04764705609297804,-0.01822869014230051,0.00143322524351609,-0.024480651997604182,-0.1253260919802932,0.01937104674435756,-0.005588117762816164,0.0006159439081929031,0.01511528942450827,0.08614085293227167,-0.004691069171948731
2024-03-23/2024-03-29,-0.0203071489602919,-0.020612351279097624,-0.027796586264319818,-0.0038820787894948915,-0.048790196816948246,-0.06139455005544515,-0.04249665817275409,0.007347011621494779,-0.031105707505337577,-0.031211042027546113,0.05086895338393014,-0.0026538560527183314,0.006993029078342827,0.00943522569005156,-0.0067731998120238125,-0.01672941089873685,-0.027590287538328772,-0.0490995341007221,-0.03082593427047817,0.012708371739432855,-0.05754807744959855,-0.023720594711399465,0.007380541003927807,-0.03094474098346963,0.009546602648708645,-0.04297455386463141,-0.01760990197078428,-0.01724101991156253,-0.028621766886402077,-0.06338966834467377
2024-03-30/2024-04-05,-0.03405528218681684,0.0031860234767902484,0.015132247066202814,-0.019837592735282863,-0.005208383593702484,-0.01846541354843705,0.01746335375801814,0.004552830884112431,-0.007632789573409673,-0.0042247312903212165,0.023674279895049454,0.057317328176261326,-0.042711078218164715,0.012109175367055587,0.023765230507642107,-0.0074640199637529825,-0.019398330931485984,-0.002410785275266024,-0.0060977941330144,-0.0648571330821764,-0.0196778928323256,-0.0029375843017408493,0.011630743163088438,-0.014272722908740362,0.039586093761089285,-0.005457502231151671,0.046071566000766756,0.014930551696457892,0.04388074808363202,-0.03215949541704787
2024-04-06/2024-04-12,-0.000568229304755291,-0.030944427036510232,-0.03666315234826692,-0.028777490101772673,-0.005891945864091289,-0.023478303206482972,-0.14477636486676057,0.010008194317475374,0.022958586243706395,-0.002373732574013493,-0.04168566752795364,-0.021559590496635563,-0.013730157653402481,-0.023853029038604364,-0.05687667613153649,0.019598702191648602,-0.00966854493059417,-0.003142789095510388,0.029133277799167124,-0.018376166855805346,-0.037251279878292146,-0.02786558568496617,-0.0733255074714286,-0.03371782568503561,0.01360563881520608,0.008746996010690854,-0.02804888417092726,-0.00333102519078198,-0.04636895432581306,-0.011841347624586681
2024-04-13/2024-04-19,-0.0177717535432305,0.034454044772770996,0.011645292188807242,-0.017921945877421123,-0.002959077174858312,-0.005815560088435191,0.023586972468909166,0.0834716297252905,0.02527697750110583,0.046921228166974034,-0.12829543813002375,-6.404131801981317e-05,0.02817082813544654,0.10935869629300561,-0.013021293446413649,0.05223041036894886,0.01992499907232916,0.0528174155852289,0.014742324176281916,0.02635595322757399,-0.01915927483037657,0.013284001900344093,0.019643630644306836,0.004187955532755574,0.035401893431374606,0.016905748027687056,0.06780068998682123,0.02641250763214527,0.026854476492327833,0.023680379103719815
2024-04-20/2024-04-26,-0.01266024326078238,-0.0008345575740227962,-0.029587853974460888,-0.012971088456009508,-0.0029678593060161436,0.004505317583276473,0.03753348289776437,-0.008308732482233483,-0.006985924434137227,0.004041163156355595,0.0006793744444587059,0.06585966500802881,0.265255063446012,0.08195334434200097,-0.003011631911448881,0.012616615990569667,0.013513858316360105,0.01005496531278941,0.030552794631015835,0.020029134857471514,0.02982820301633816,0.00930394877541943,-0.002512988069864161,0.002980580179431725,0.027868923773292444,-0.008453733574799005,0.009600436203023054,-0.046930457501632765,0.035598031731800685,0.015481274364897067
2024-04-27/2024-05-03,0.04488780643579391,0.07304006258483481,0.029706223163649324,0.016083930386911836,0.0620999754121825,0.03333951602426707,0.09838548635256701,0.012731406350727639,0.01476640505064049,0.014255016574643523,0.07361306389397701,0.019847404854734255,0.1105019020493198,0.010128844790468333,0.03574974609877818,0.021853663906096034,0.0186175571472797,0.016462247325965643,0.02171556247562476,0.14755279202377866,0.006509453519169165,-0.010797318046130797,0.018078312971780686,0.014184725505568669,0.006322509791455553,-0.01969640700764118,0.02854484832917281,0.0210979959543498,0.008854757572028726,-0.008254032875290916
2024-05-04/2024-05-10,0.0007697094695415627,0.04586825665933149,-0.020578539868130945,0.008870794677600519,0.008960296270211776,-0.020313638400080873,0.12039257385927843,0.004403379061766281,0.027966481598478168,0.006972925594250953,-0.004617114889461737,0.024526120047424646,-0.014879367470943662,0.08141451084663953,0.020809317904179628,0.011992973765889054,0.03844753575427928,0.027356673737466853,0.006092525320541574,0.04041863419195211,0.10389952957923235,0.01592035540138801,0.0027420442379852616,0.02777951761035804,-0.08777562834423454,0.020537692687276173,-0.027307593970506555,0.026538574744338236,-0.007685358460833343,-0.027550005119639207
2024-05-11/2024-05-17,-0.04331710014694749,-0.02822670084400663,-0.04104392782356743,-0.049899930832005564,-0.054682546374835876,-0.027173053282098448,-0.009333697194416114,-0.004697732219233622,-0.021193979814348767,-0.019616169586683007,-0.01586802558386546,-0.0036233461929762118,0.0024952607360525614,-0.05901082753675839,0.01597711655997014,-0.010084460970467841,-0.026334039649945178,-0.00676922933877069,-0.15519435504791865,-0.004116553646125483,-0.04791331758510006,0.03976844684400153,0.04189480278766493,-0.03721364797162612,0.02491627370497308,-0.058649991276789055,-0.002418787951854671,-0.033375807193939316,-0.022001284151024467,-0.06312415202033787
2024-05-18/2024-05-24,-0.03387889780185749,-0.036081182130999694,0.005979228407098218,-0.04526658410414706,-0.03841534004583737,-0.026955765636741014,-0.15298829794174462,-0.00235680704911569,-0.050275189964776465,-0.0019344915964051527,0.0027227757137872916,-0.008331989434040041,-0.053098432062715924,-0.012919504259086894,-0.029300909892602,-0.002411222382165347,-0.0009767097351092182,-0.004391819381112705,0.01662799196742539,-0.03233805003142341,0.01899028273696959,-0.02386888871136763,0.04774862924507114,0.051157152908805,0.06075625635806447,-0.022981261441385355,-0.010390667551937311,-0.011062937499754528,0.01378544492236775,-0.006567410564871977
2024-05-25/2024-05-31,0.047374932301015714,0.015600431419105432,0.014173800613539182,-0.0079375573775797,0.02500547404429498,0.02333983960284323,-0.06063252874115805,0.017833969532432936,0.015829102932597414,0.03457356206688697,0.055613263471265426,0.02648932323989142,-0.013227693165209024,0.02730827395374017,0.023475962137185915,0.0474430309644629,0.01775657979026716,0.02713719900025853,-0.004661742260788111,-0.0015228404299053135,0.0584534773720969,0.047384622567963934,0.03619998548402784,0.07970485753747254,0.043261130381208227,0.03374000943946094,0.033503754115272205,0.04346457178853343,0.008975345432616473,0.06226169064367279
2024-06-01/2024-06-07,-0.0546559529385682,-0.046226701708702134,0.01787125487320378,-0.02015489789244644,-0.0635511888554525,-0.07377070093121532,-0.17707008855004133,-0.013125298373116568,-0.05082014662623197,-0.01824799920378373,0.02072503081919245,-0.008923198210793739,0.037247016044303895,-0.015217343480382159,0.03940018692427292,-0.02191912207950708,-0.021019331280428696,-0.020338276107473977,-0.010033257499029696,-0.03504769519372796,-0.062222778404123484,-0.011197790966563786,-0.04917653014891299,-0.0643999274925132,-0.06669141096425064,-0.02082289950317912,0.01655143307797389,-0.020227389545015496,0.0288959094631721,-0.02464315284039709
2024-06-08/2024-06-14,0.00045656963196566804,-0.020219508925636336,0.031735254365669166,0.011144737431980939,-0.01271207350359309,-0.0008213740687800289,-0.00242029501379745,0.004394109864715924,0.02030294339417778,-0.005213129127517428,-0.0037798454220498126,0.007634169881000872,0.0,0.020712412669063172,0.00928678496348025,-0.0076780326764111844,0.02898747663482357,0.01463461195864329,0.014906571607545785,-0.027563185479167026,0.0045214447951421,0.014467634863871452,-0.01752526798112893,0.015401871912430386,-0.030636940687233324,0.00039405449134244293,-0.015692454146243505,-0.028367441947757747,-0.0042577744404389715,-0.006365738074861207
2024-06-15/2024-06-21,-0.03468104402807872,-0.0030431947869007827,-0.026681542512207765,0.0011538594105343777,-0.024097573542152393,0.0380902346688277,-0.0730398303067117,-0.0026341482575518,-0.00252295467312391,0.027442373937335042,0.034980021252031285,0.05038244245784374,-0.005144700911737434,-0.03553367539156299,0.01591485756587665,0.016578696820192126,0.004434544255837947,0.0006599373371437019,0.00674105322414879,0.04700776614062802,0.00599708708835544,0.0120418925289042,0.012822332714090697,0.024799047626329528,-0.04082195478382607,0.01707170307086921,-0.029653674555578328,-0.011546207731159679,-0.017310735705725337,0.01683646775751724
2024-06-22/2024-06-28,0.011045483079796137,0.01679016763031396,-0.02188594558470825,-0.035445773654596884,0.028706732262907837,-0.028278227463241178,-0.0003476526634173085,-0.035575997567226965,-0.02225950524720314,-0.00911669713397589,-0.018650114728382558,0.002208943508063693,0.06851996842573646,0.025333600037400594,0.01733805355513565,-0.0014781289032298815,0.01646718466890987,0.010721056052138371,-0.0023120515729364377,-0.004353282206270948,0.02655021034726131,-0.006111024961381116,-0.0224178144548213,0.020032241539193727,-0.03774040439905813,-0.03215736595150077,-0.013388344270102933,-0.023114061719437837,-0.03683366114316304,0.00645562188182148
2024-06-29/2024-07-05,0.02485218619253459,0.01961984525099024,0.0353157333525983,0.03705877584787652,0.0014138818780725512,0.022527077850010697,0.01723586260313882,-0.008902530208779331,0.008268413671790405,-0.0036384057547680752,0.005358609697621781,-0.0013463240144004126,-0.013943933181561287,0.014857366393458117,-0.013261058355201506,0.03469016167426667,0.025771571569783634,0.024294536384397162,0.023089890899046204,0.029779672343850896,0.025863489953537183,0.04670363180697376,-0.012982909392144276,0.06662406831022868,0.14725892608351207,0.019018067610158,-0.06768305032001462,-0.00046298514240823756,-0.049968123718087,0.029449215035002384
2024-07-06/2024-07-12,-0.019413629568694617,-0.011329242716520653,-0.04377906926614369,0.0071126081895259,-0.021782625127591135,0.014414299586231541,-0.1379351940055795,0.021656941619948092,0.0384107851696737,0.03258530589050305,-0.07458819380490007,-0.04339169372361813,-0.012285096698029657,-0.059728554436382544,-0.03202271359222031,0.02315827708058811,0.02482124535878309,0.04668417875577667,0.0644078785408431,0.0890762587272635,-0.03390154222894167,0.008361352434794082,-0.008084340571735757,-0.009813558132833928,-0.05984696002606216,0.018354736243602638,-0.07521795792487711,-0.009386196232025648,-0.14547275479622554,0.005124445622350624
2024-07-13/2024-07-19,0.01255073133878248,0.0023090499369610904,0.004501338769688991,0.029953660722246662,0.002181148184149646,-0.018000681396019045,-0.09413389785115948,0.002109998633380702,0.0038080768732872226,0.013408751549866597,-0.04830589865695957,-0.06037144098964122,-0.11654775040064089,-0.03402731187209084,-0.05117722231703336,0.05203757253931391,0.04988483877746454,0.009482566500068486,0.04786520702972577,0.010459771087455607,-0.02150616979569049,-0.03274435375436791,0.0,-0.05264374376283508,-0.13921141266598247,-0.03154975958430241,-0.04914619209904515,-0.009239111743638886,0.03867621110376031,-0.05421314645084083
2024-07-20/2024-07-26,-0.06243398638680608,0.009183377707343957,-0.016210671175151254,-0.00667835798226387,-0.025637726359270044,0.025228034836124423,-0.03509136972648951,0.039845944765607974,0.022776952916988114,0.02820439453308944,0.09328109873463629,0.020589988553253273,-0.07721105162386088,0.024546525910124243,-0.003088183069977635,0.036941637167002474,0.033133340956567475,0.004407856424447309,-0.027674359189262754,0.05331756533920664,-0.00979296858802805,0.0454936067272689,-0.029300659497132026,0.0291953800648496,-0.01273901339606918,0.06649766939034062,0.05064372169832316,0.0563541795976847,0.003451531525927964,0.016918808140235577
2024-07-27/2024-08-02,0.0004885712373638725,-0.005401410553980661,-0.02267020921806134,-0.00942568894512991,0.0030064858959550893,-0.1323643624564129,-0.12363155741879875,-0.0008683720330344269,-0.014914220714862791,0.011266588581275938,0.023607024897092953,-0.05247760306521384,-0.35357187465742196,0.03342513763543475,-0.035182828647696986,-0.010010815437813689,0.0,0.008559945791572134,0.0036451756753659516,-0.03379422207383699,-0.01679431171296331,-0.00934249285970876,-0.05044272089079548,-0.027118489551815665,-0.08282439899687058,0.009038124450656836,0.01595878404702183,0.019146300586915393,0.02538731627282232,0.03091949294657331
2024-08-03/2024-08-09,0.059340554065853104,-0.005100836296078997,0.022140312909198483,0.014327651599423195,0.02079536606755753,0.04305019882051768,0.04928319245143832,0.022903977268745723,0.0008700658446749837,-0.0011645074166444064,0.05292756658292378,-0.004515497944137855,-0.033680475022208556,-0.002935683660391993,0.04453715800822619,0.01366499173812204,0.002781673890875316,0.005731677055454685,0.009529511588058835,-0.016789036577103403,0.03331122679335941,0.00013593714069723233,0.053316076854737576,0.05253724652271842,0.024760591729466094,0.01347841562560537,-0.006464118383599606,0.0051653713528814465,0.015801996431620068,-0.009218184505636417
2024-08-10/2024-08-16,0.01530223983640053,0.005757100887045279,-0.0020839455003141016,0.002441820483927293,0.022530019045971884,-0.010912746139343458,-0.05587212442378003,0.009577327740254698,0.01849231245111328,0.009856286433771648,-0.010100337895500574,0.01538024774483752,0.01969422013205204,0.007531431245701403,-0.011300578436656546,0.018572740663887092,0.00692051942050395,0.021254538894372253,0.0020842630274996764,0.06910225509766632,0.0422803507889354,0.0006119071882215777,0.08080959477245356,0.06478454160742683,0.00271370323795161,0.05085486204278459,-0.009681707503785504,-0.007648345400436568,-0.06589207138185317,0.0009816842576867888
2024-08-17/2024-08-23,0.008800744531100448,0.008980426606439072,-0.023793246887902266,0.007510581861913136,0.045654018044428035,0.011125499015018858,-0.04418600000988211,0.013920205807099024,-0.0209880326382705,0.03848272062719103,-0.026112409147491526,-0.012408805205672861,0.021437130088028392,0.005611561224777233,-0.005864574150157962,0.02019440653806021,0.029625683081298124,0.029092320462723986,0.03752271146935494,-0.0010200377906933332,-0.03486188943313603,0.02098419365722729,0.011278334267435207,-0.01805875472880874,0.02144852284130395,-0.004678938466084043,0.03997599154260268,-0.011102752774430432,-0.007887227194876473,-0.032336494382696375
2024-08-24/2024-08-30,-0.01834122595832051,0.030732175192537983,0.042452723259446136,-0.004853210948809831,-0.05395276497775601,0.02562629635825277,-0.16112870748019548,0.021876863178006134,0.04104289116524278,-0.01228875925288616,-0.0026277395529334937,-0.028464105133699878,-0.009589860429806165,-0.00895182701285709,-0.011515617039139,0.021233570790921107,0.025123789318177932,0.016910190647496087,-0.023426110212599913,0.01116204170755856,-0.0037024589559814846,-0.028036614747227295,-0.02166606016775987,0.04535807990841438,-0.1181146790315546,0.00038235188205751705,-0.04786487515761376,-0.0005834559391541742,-0.0065594633560539795,-0.016642759086997434
2024-08-31/2024-09-06,0.03603723068045847,0.02198233202860096,0.013680259669486954,0.023849683187157605,0.04151733668334198,0.03444748235594557,0.028014757548990164,0.002161428057788524,-0.003913454154835088,0.0008426480650104885,0.016768503012586766,-0.01635017876335397,-0.08022119717839127,-0.005662245465173834,0.04456146996765374,-0.004242830780421868,0.016833305469688604,-0.03049529949250806,-0.050134968555059896,-0.003284877300878465,0.000741617893832963,-0.007981704487643035,-0.022210955667872286,0.05670940746281511,-0.27286697689824646,0.0208973313207241,0.060724445277254874,-0.008137150450942213,-0.010832225702359373,0.017655695679146877
2024-09-07/2024-09-13,0.018647535214990768,-0.0163236904739022,-0.013036034605935843,0.0355923359241707,0.0017364139082204132,0.03774778710544329,0.033729539656745466,0.012072501624241444,-0.014719961685164996,-0.001768451190940983,0.06178786432289254,0.04836315230049277,0.09930982548829904,0.05164033865519798,0.027009015580178198,-0.04018712402830428,-0.03581639787580844,-0.04686371909712486,0.03736240627164876,-0.008648205357967523,-0.0007416178938330037,-0.028093851239822637,0.0003254665375983758,-0.01883618429707189,0.11122562034746371,0.005117892213473289,0.02834344300195005,-0.017543030134830065,0.018087885970614656,0.027531788911770463
2024-09-14/2024-09-20,0.03244328310493628,0.026602227561540414,0.02621797787587195,-0.003986063693326427,0.06156311627135983,0.0034668079832788187,-0.08416036133675496,0.0007997325075445455,-0.028867973447263478,0.010984389711500672,0.016464814021121113,0.00363219821775099,0.0541777565959859,0.13435486845607597,-0.016966047723470774,0.009227341306759989,0.006632277185060903,0.036423891156266375,0.004150214261892484,0.06987934065644383,0.029962151803549598,0.020187040153402353,-0.012903412573748118,0.05137973968211265,-0.25432642802756694,0.03280617426960909,0.0013790385919633299,0.05187676625534709,0.04891626841003166,0.005093942056065359
2024-09-21/2024-09-27,-0.01964452989161614,0.011381854364347709,-0.04572679625847134,0.0006304090665798471,-0.0460695273317617,-0.03323208371317082,-0.05176392804288841,-0.01785280705609183,-0.006859413710987983,-0.01240165605933826,0.025952717577879654,0.01905146748324259,0.07843403712129668,0.037022228085984564,-0.03484454255323422,-0.009494699703104308,-0.05451078795858654,-0.021965860613928506,-0.027095721388974467,0.008548885648485414,-0.05626942116653228,-0.020542447274247422,-0.02692662226631216,-0.06881702969536216,0.04425496697220553,-0.0006588784844411461,-0.023530470811673285,-0.0062481159436269165,-0.026864004246507596,0.0009875876601156473
2024-09-28/2024-10-04,-0.025613977506729668,-0.03376104617404997,-0.01676193506865048,-0.003367037754947041,-0.05983490275129533,0.009101746175915072,0.16028038341013617,-0.003554445128792182,0.026119968761815847,-0.018173142830994096,0.0018173850797483882,-0.023053855780016175,-0.006460538814165309,-0.05677250436197485,-0.0016818948506276091,0.008495781656468,0.0,-0.00602046044908495,-0.0050417827604630604,-0.012851167882244855,0.018662905195319206,0.00905669532487561,0.03872309568175598,-0.05206326749706748,0.1959369632195612,0.0019424860769678145,0.028342347967419954,-0.02913534654393471,-0.02926775246497292,-0.00991934799309448
2024-10-05/2024-10-11,0.027864145336447377,0.021615787571991875,0.0018347137411983657,0.04331470770868662,-0.013511242830081567,0.05125386555485553,-0.08142816569841506,-0.00027367131562098347,0.009664775897158986,0.009342372455730795,-0.01188880739328135,0.005230553289679053,0.03009802377884701,-0.06265240849324699,0.0021139740569174176,0.006262333084629351,0.007378059153182817,0.0012070990161181655,0.014315361448692594,0.009297888090566813,0.005987990127356443,0.015585570238121193,0.008433862098015589,0.006496633866122792,0.03839917942575197,0.03446051857017688,0.009045181018025537,0.0034456116294519982,0.04923854630445819,0.012032246960084344
2024-10-12/2024-10-18,-0.02555566460902457,-0.013222783552199482,0.002787437318088305,-0.01136827294500792,-0.007750580561910263,0.0,-0.01502844609691093,-0.04368006247868167,-0.014474225239665156,-0.03790534712406491,-0.015987027497457028,-0.0012896930710556591,-0.05922177498050086,0.027491077860780422,0.01903918827810196,0.10018641457134153,-0.02056631715026197,0.004012770433560302,-0.02264542571085082,0.019737524107253726,-0.012767709032901284,0.005739265586985208,0.04094861898110598,-0.020561465418326697,-0.02076205425627439,-0.042584530909990516,0.009805624130810044,-0.004271517375924397,-0.033798802636622556,0.01563646282779666
2024-10-19/2024-10-25,-0.07954701056129007,-0.08458018476157776,-0.035391267036136806,-0.10654087224772808,-0.08220631634774941,-0.014323620862488519,-0.05245620840545405,-0.05864093900273726,-0.035954744014316635,-0.03001494920846509,-0.0003521970748251115,0.05027562119641829,-0.0038204404304756135,-0.037591307113662854,-0.044238749829119975,-0.0007532934911611322,0.009478805419098534,0.08664411744464856,0.014041500288703265,0.06026877982205539,-0.0007560826237361241,0.03934538880995889,0.0028485171279666426,-0.06535729985836167,0.024180857661024534,-0.03190487791433278,-0.06373127869615895,-0.015133668624963162,-0.0033298830607415755,-0.03725563462805912
2024-10-26/2024-11-01,-0.01960134038919575,-0.026454336809235396,0.004037616476350141,-0.05461006964805898,-0.020317652828218846,0.03817611412370044,-0.0023298294661432744,-0.0009109861133981271,-0.012603062694034325,-0.02558879014967009,0.04161809676861248,0.054808424358767226,0.181523787438139,0.07132687931078259,0.04588546990218104,-0.0695850907747575,0.011935257571110195,-0.017037430892816344,0.021949112770515686,0.052902183454583536,0.02095881319877967,0.05888797957820764,0.10246861327133562,0.020948404409272064,-0.013745907389641134,0.008691600358425344,0.0428210469461107,0.044001067389218794,0.08056124942901999,-0.013607777643110807
2024-11-02/2024-11-08,-0.015728811068004386,-0.025752476555959854,0.04092013936245,-0.016689192102742858,-0.05224438872863019,0.022225136645100608,-0.10828974892343403,0.013876542717975796,0.006987656028577901,-0.017590274668210323,-0.02488037096417065,-0.029020191069114232,-0.0423860924473218,-0.0819170826690823,0.0034260228536562107,0.03508567033037871,0.002539294051174213,0.0339699868779531,0.023919181599894864,0.07135854607539377,-0.03543533268120648,0.025423936124737243,0.012810365661282398,0.11283499339929585,-0.028072075440861,0.013148936739861432,0.028786287993245452,-0.0023373762816835475,-0.028201428629153025,-0.002042515972596186
2024-11-09/2024-11-15,-0.014709216748135504,-0.029901355957568754,-0.005137141605172014,-0.007589794042661485,-0.03925529718859811,-0.03602353432727905,0.07577753887924998,-0.0347488628618593,-0.029557680882282753,0.019159894093168088,-0.024679924009461843,-0.04633546064798312,-0.12488561804376605,0.01039868980928693,-0.03339363889377705,0.023207741825448408,0.041126044187117995,0.011488327903554085,0.04349701124440218,0.1587004389028759,0.017497643596991703,0.023187587230563866,0.027714680093153855,-0.03044104841669978,-0.08152662041031761,-0.03437987123734974,0.0011677321400429587,-0.01860122503059677,0.022409219458256437,0.01895165263329881
2024-11-16/2024-11-22,0.0046462607669968264,-0.01121632837347116,-0.02009589442025785,0.024518903665863984,0.03311911536484151,0.02126179541691274,-0.023686178632464312,0.010490584903029981,0.014734335826074332,0.010453336321382983,0.01079232914078575,0.009499444309463246,0.07451217380286398,-0.014083368805327427,0.02621522103383506,0.004638137178758209,0.02562875281682736,0.0285029603060266,0.017094388064982775,0.033598822601584755,0.051444125770559485,-0.029421940753823563,-0.005481844620014042,0.028675761768102437,-0.0393751282655503,0.02265554671989276,0.03392933366613234,0.037364895173811086,0.05771647003584867,0.005715938548115528
2024-11-23/2024-11-29,0.040063140999148115,-0.017722758506399743,0.01484877082798671,0.084570391399847,0.013702032810717772,-0.037698495014581945,-0.01706409864732621,0.012202756230468808,-0.013799172838789696,-0.01615925232697309,0.06747148678009347,0.01994984966001487,0.033580454831301974,0.01254956509801134,0.04536324546448569,0.005069824699172449,-0.004226085970522617,-0.012919200252050672,0.003876712095500191,-0.012043378489911029,0.10914987112599357,0.016484498105426966,0.023803681282948498,0.03898299183685066,-0.020284651550515627,0.014767542409616544,0.049825689722815224,-0.008649817549888302,-0.014780349219456757,-0.006289508396025552
2024-11-30/2024-12-06,0.04543004187513883,0.006939870166970911,-0.00020883588017754116,-0.00428358808605012,0.046320383740938866,-0.003395594865617796,0.13715516705147995,0.024855241194233785,-0.0014779055544637102,0.014515828503720777,0.03526954319145631,0.10607854354190181,0.05197038783989005,0.01655450321137781,0.015557725291415034,-0.0423201341853556,-0.005840057287002039,-0.034319672744616704,-0.007768436244329636,0.03679441482140123,-0.03863003570817229,-0.01846417299527968,-0.002054413194084465,-0.0076760045064339765,0.06735211838531273,-0.0035311596194989568,0.014309916989880383,0.008519237437076497,-0.001117912407274764,-0.00762855512062247
2024-12-07/2024-12-13,-0.015596123245775546,-0.06566060231705956,-0.053174251159713935,-0.08345880389687106,-0.052485134581932616,-0.03891835111187438,-0.13536397386337193,-0.04259811016594495,-0.04788750817629457,-0.022013665260615878,-0.0574539220638822,-0.016990642323782817,-0.09522972635037047,0.0016970146217119867,-0.028267593094107247,-0.03877349259987629,-0.01854166226037412,-0.0370481498225084,-0.03554084339406408,-0.0593407096314855,0.004662020868218556,-0.09476301071250012,-0.04453322987567471,-0.0663666342618502,-0.02325684067059258,-0.02181166001874146,-0.0691440598076886,-0.06158077625094905,-0.08026561452734278,-0.054789949636216896
2024-12-14/2024-12-20,-0.0014942885684765372,0.005374739259150652,-0.012319657372903253,-0.046266946541923044,0.010544827372683044,0.034183045196185306,-0.009349231168656038,-0.002781702333577098,0.006383372367043847,0.001919601519251266,0.013784782690075152,0.03692078951586347,0.007925994708775974,0.019218813129738842,0.0024682103145464923,-0.003772420224443488,0.008352309653755307,-0.007387128192246931,0.006954766986809996,-0.021873556996803614,-0.027620454120434835,0.007947283128931806,0.03136958062497823,-0.005504703428858109,0.03089054923249114,0.01562320249364056,-0.004382775482627708,0.04235498273493349,0.01157788089958013,0.013763966509663045
2024-12-21/2024-12-27,-0.007346928567587083,-0.008773744171337625,-0.007608977380679487,-0.06027647141683629,-0.029720607770806325,-0.006858415095182452,-0.01749314042340947,-0.01716914027897052,-0.014736445015974266,-0.011735567058027079,-0.006835269831086199,-0.032052349635789665,-0.036627574349035415,-0.01677265908437577,-0.04560197101568304,0.006019982990487802,0.003014964416639339,0.017547866752812738,-0.0023739725262726095,0.011766819914003152,0.002728491029927733,-0.021494583644058866,-0.022095252194074034,0.004589296012613643,-0.011472481355674987,-0.007798330894604242,-0.026039734692275215,-0.018103982000680058,0.005325315980033901,-0.004261928019781742
2024-12-28/2025-01-03,-0.005406261938017341,-0.01818968030414945,-0.014892365239699352,-0.03252975701651734,0.006283821955455846,-0.01366594071923411,0.06442360467187323,-0.013088866790617519,-0.02473604933905445,-0.002104338131249114,0.018976381693596986,0.023580870023065442,0.08541779428889566,-0.10994418964292728,0.014185284395713585,0.006256133831094687,0.005458572983727646,-0.019615863689402335,-0.05196700019159212,0.014434005112632582,-0.04457564138380808,-0.01172024783574779,0.003653111369045062,-0.01699333994888619,-0.03125251439316616,-0.01936489735680984,-0.03344681962121383,-0.04455384330697265,-0.0524883721947432,-0.04715939101363033
2025-01-04/2025-01-10,-0.06649619678266344,-0.03973480121565272,-0.17232047748628995,-0.054530451617319356,-0.04156797372806965,-0.03852322169233182,-0.05018721226332382,0.005128330697187713,0.0,0.0087126072548027,0.0009491495986465102,-0.005376691707799323,0.040922239227589724,0.02281314196904988,4.705727136267766e-05,-0.017049069464061872,-0.023407449358341298,-0.006429725815302283,-0.025945017282695628,-0.09714021675153145,0.10792137593000474,-0.01960843025506327,-0.0020158018068415938,-0.004293887253331486,-0.06559731936789195,-0.02527338361541573,0.007568017649026272,-0.011812201282142719,0.014959489572965069,-0.03365891187316932
2025-01-11/2025-01-17,0.013624113228263759,0.022868874114186557,-0.027853641429857506,-0.027667840476675774,0.03257914649731088,-0.03150835282594186,-0.0969788109652546,-0.007380215691136767,0.014094224642295788,-0.011633825180555557,0.040318229231983874,0.02594233379371322,-0.1382394982133668,0.009591045064477907,0.05080922605200047,0.04592401474086148,0.03180945085086568,0.0009767823560578534,0.01899415358263985,0.044207082878938694,-0.018716238254108813,-0.17600494147604573,0.002451114841601853,-0.0032794605811621203,-0.03888175149570181,0.016626722356160844,-0.013802828235380505,0.006080997786653252,0.06660114732897288,0.017377385415433738
2025-01-18/2025-01-24,0.02153470027044603,0.032850050943703094,0.026498272829585712,0.0015069400161779876,0.032862514216154465,0.02565032356449309,0.02912444135136434,0.03760925982969238,0.021829823691768363,0.040139275956307494,0.07642836501268194,0.014491924324901354,0.0027586855790165915,0.10020914177185429,-0.07365517755082175,0.038245313364286375,0.0685788520925842,0.006423386702813439,0.05334084384272751,-0.0020863406529112393,0.08429327689800521,0.0008430154735601312,0.039519811958403546,0.08669849005680541,0.008771977817187141,0.020496674059089656,0.024540060590802847,0.028868337303475957,0.006766458618234098,0.015161711902228642
2025-01-25/2025-01-31,-0.08342088979696188,0.01236802853364453,-0.07518529777816808,-0.06021046501185975,-0.043300621126904304,-0.06399844734842514,-0.16037644919520652,-0.0392208594670804,-0.04407771847873479,-0.010831308903447747,0.03572954197881518,-0.04724806677492299,0.036072406311449895,-0.007931463116316758,0.001998007563962223,0.10894507584907463,0.04773373021318551,0.02111810434007275,-0.01562974818224392,0.10372341381697948,0.07385122341382512,0.10637105480007669,-0.043553643946048805,0.10139394594606738,-0.00877197781718711,0.013819631647818631,-0.028718368832496368,0.09674857684483625,0.04289977509173068,0.025601749048470374
2025-02-01/2025-02-07,-0.022241258918514924,0.0517689587343275,-0.04058682792466398,0.003193853301511357,-0.06746240195308674,0.06723469300634231,0.03137867391541256,0.027677977213208603,-0.005311836182898079,0.09249411904826342,0.02300623480141588,-0.028910764965632878,-0.0333213974793583,0.0676586747525007,-0.012779060438069211,0.02621540296549345,-0.04949909976029925,0.018445893709591918,0.018242132208193883,0.05271201232913493,0.022003109182577193,-0.016653038286001554,0.13761276711755793,-0.028393073665816518,-0.004415014026497771,0.051833323112884,0.014032302451954849,0.03238444488277909,0.019612553959378238,0.035258228203644715
2025-02-08/2025-02-14,-0.012881955396149104,0.0005646642214003195,0.05443487074899015,-0.012191397938900951,-0.008823638988604322,0.03355816997620053,0.11925300928296398,0.039075780220248206,0.030784293324150194,0.007739640647984228,-0.047388358410302256,-0.008524477822224524,-0.006430862158415903,0.1208166573828314,0.013524298463781791,0.015893991416749693,-0.02712551818440954,0.01315445505358497,-0.010490892262975435,0.035671095093450275,0.04780519200872789,0.0013088752501872576,0.02421771723793989,0.029947129273987308,0.04752509779533494,-0.02273898164288179,-0.09144704940937899,0.014747722542278557,-0.01706571386159643,-0.04908401340224073
2025-02-15/2025-02-21,0.006093566233203849,0.11302624215354969,0.005266768999795042,0.06528473603009954,0.028635768283581532,0.013769229532429912,0.017857581697839242,0.014082831352458662,0.019394929239445545,0.011780907643128244,-0.05411217374780025,-0.09103875000000793,-0.04814523130763575,-0.03004807185002749,-0.05638154523118502,0.016034911790637953,0.00414189814241645,0.013710182362216787,-0.0024511420669470177,-0.025012007793404345,-0.025743466944962403,0.0036091138503651986,-0.033206492129575924,-0.040401601942231934,0.0573928424844617,0.022513267358977632,-0.005860637928026392,0.022767193441591296,0.02205449904129936,0.030843624050693096
2025-02-22/2025-02-28,0.06484802687623614,0.048061694980986856,0.032428493946671355,0.07876257428974766,0.07065023532379362,0.07009653581302767,-0.022175571084220812,-0.002383253426421181,0.016893899033809286,-0.005802216793337097,-0.047140763314199544,0.022591401727301924,-0.008742178252915178,0.08597026617692037,0.011046225549952361,-0.0030563109402239504,0.03677328312920294,0.03443981260696246,0.014803820094355614,0.034588236226085374,-0.003198346148557122,0.04882340102617581,-0.0016343571950961108,-0.011382240890030922,0.1340292405524515,0.0013541333405111206,-0.024375075368997325,0.03547022658863195,-0.004238937705310972,0.03496957299470548
2025-03-01/2025-03-07,-0.05619558276904875,-0.016959108777497324,0.014644818358669365,-0.022844997569083123,-0.06730657242079685,-0.024539966135791524,0.04650209954861196,-0.012605296383751186,-0.032596563442469556,-0.011993112887323678,-0.06122205853579274,-0.05725051864401426,-0.05309205963997023,-0.03889000714760108,-0.04673010946955358,-0.02012936658531217,0.029926240332584758,0.026654500427004107,0.017334067293871165,-0.13731817838239485,-0.08812830398911818,0.006775857020381911,-0.020608215276388432,-0.05651408350619161,-0.08732810019331538,-0.03659383220273712,-0.05470428991991499,-0.03735879570262266,-0.1135984977112914,-0.026568252824765777
2025-03-08/2025-03-14,0.00046303658633154636,0.026522485815560617,-0.015036147858570508,0.004880103314233989,0.0009533375652738194,0.045507335730785595,0.1599810078711551,0.009618563764607686,-0.008054407651266278,0.008644182571651813,-0.006997722512462293,0.0013966963452563383,-0.11778302339205365,-0.00271783785353718,0.021082046821923342,0.013071134311808383,-0.007519705153586917,-0.007887513261317309,0.00783029160364432,-0.05173996086752659,0.0355134634432473,0.039368635308803565,0.029039449727048347,0.024950105169614815,0.07329279499282536,0.03143344670858887,0.0055254506490897345,0.02871953145675693,0.08767278667496443,0.03335890341319699
2025-03-15/2025-03-21,-0.02323072371156963,-0.014379550794263547,0.02990402128528696,-0.012390358899831515,-0.058869290795626,0.029625430119912973,0.11760528548475757,0.024524725832326115,0.01698052208103306,0.014667383641801335,0.027900737548364148,-0.003445685044127384,0.07683238412958734,0.005277835349257655,0.009621612365914155,0.02530994739293933,0.002917503133527569,0.003608591161746799,0.023306979246242115,-0.008025054074802323,0.02665342054640649,0.014209343723756273,0.02198611123591859,0.07398735412948675,0.1134549272605249,0.01836458533307232,0.038435439619138506,-0.0015213443302554816,0.011159450379743793,0.020428401689140778
2025-03-22/2025-03-28,0.02332334923707062,0.012156306496277252,-0.01541855707052512,-0.04689287140348893,0.0,0.018100801467537782,0.023894276788941817,0.045945580214361,0.011294192978322098,0.03391097117379311,-0.12529152356680318,-0.07365282777275287,-0.04830791853718583,-0.034114232103911075,-0.045759618996687,0.04453876067904964,0.03591886047677181,0.010793895080102513,-0.014098560969070697,0.02009161995080694,-0.08815777424909134,-0.0031018949714278865,-0.0253309739259278,-0.04652000847546772,-0.3517300179315194,0.01768776717292902,-0.01663397437532903,0.023818055736162493,-0.01604208416781537,-0.013473962474716501
2025-03-29/2025-04-04,-0.00902116761155237,-0.035437773447112325,0.017802942236389188,0.021939329155588574,0.03768399251264761,-0.03202455640738608,0.014614868934624848,-0.025008587007897785,-0.04894211753693494,-0.03362831315689517,0.027220921290036643,0.013837029725901883,-0.09925497302055138,-0.1365147641593303,0.02184440260984169,-0.06962327268907219,-0.03322708815034549,-0.026430218495371725,-0.057518028247926185,-0.07573085392531702,0.03363529659552758,-0.038422838341574055,-0.02187143385091333,0.05074936022595907,-0.16542477252245305,-0.03676927356830202,0.0037867234561482156,-0.10401935756848861,-0.023407725011272817,-0.10009905368514174
2025-04-05/2025-04-11,0.023452213925725416,0.07792447510271479,0.010124538325092546,0.004449153609153093,0.02641218254457328,0.011017487722785402,0.019249690089741433,0.018532373854123527,-0.0090598540041225,0.03116561811266054,-0.08558612758962998,-0.010922068188919307,-0.011243110475618635,0.0340204359766352,-0.036232675602817815,0.07663273712202559,0.0439046132835895,0.03108342945973391,-0.016700606235217283,0.02445545518822922,0.052284640857685354,0.04365583988547459,0.04008399143841555,0.08426033681258545,0.09579103553073726,0.014626275493571,-0.04267210418080127,-0.015165901556619772,0.02976988086861123,0.02986248635388575
2025-04-12/2025-04-18,0.01853496925584897,0.0030428214187529622,0.004650660137505987,0.023977688231651813,0.04766110632903927,0.0030769307211716535,-0.0010747156922506552,-0.026912715660436987,-0.054156700074080855,-0.006597064933154148,0.061239250124883425,0.052324694555163295,-0.0101010862558781,0.054520845453992155,0.051714660858299386,0.04117231121356828,0.001886556287063539,0.009412162417202918,0.12570716958261594,0.033609215940925634,0.09299199508693416,0.003975558971182771,0.04556889059500451,0.006472525603629088,0.08299695203095207,0.015681216664905892,0.028044059911998286,0.02936030043524022,0.04448151371461893,-0.010015161719795806
2025-04-19/2025-04-25,-0.0028707483606266737,-0.01238089911907403,-0.011047477422198299,-0.013087316745954064,-0.0237778979815468,0.01574836205472772,-0.06468195173201817,-0.012262884471876177,-0.01309239942368908,-0.01710635998862657,0.07070312879045347,0.01260246705144494,0.08043308494087313,0.0017943234629823953,0.09383039031707775,-0.00011765637140154763,0.019825698062474313,0.010167903189133921,0.009318518193156905,0.02596217552094855,0.05305762721414859,-0.007484191762817227,0.05452796832183524,0.03396847982717363,0.026202347839165366,-0.008192416097147187,0.015622163785702003,0.0068877941782656965,-0.013576114249131913,0.04162044695042536
2025-04-26/2025-05-02,0.03608531416608419,0.029997855280056027,0.03708825533480347,0.017699505616276066,0.012416694378273902,0.01036276919577928,0.010555018641361276,0.0029335141151082818,-0.016001793954650883,-0.0016847418742018865,0.04410148278772878,-0.044496919624204094,-0.010594584536710826,0.04820015950133343,0.029577076328398313,0.011401955937686352,0.0,0.018211107297544545,0.003771607383100058,0.0710926758522246,0.0,0.07025105901965492,-0.04221025775185321,-0.009887985149509308,0.06265100531941245,-0.00047839969200892874,0.022207870781330047,-0.004181095136534027,-0.009538795493451241,0.03434594499266972
2025-05-03/2025-05-09,-0.005299982145843778,0.024930373454267293,-0.0038739196114971858,0.02302896573538761,-0.02405287755732616,0.03576771278600118,0.10266100805062385,-0.017730980737340515,0.000532532901797484,0.006163522848774339,0.07390488590827225,0.060853459639186,-0.02395321845031945,0.02711779584041115,0.03357205762965571,-0.016767663449270984,-0.04559668557737968,-0.03951207926921648,-0.03570874130211623,0.15397103162015296,-0.06218086886926924,-0.03990955848854469,0.03010340899267606,-0.056499993553743404,-0.16705413731357094,0.0031531967371682943,0.011402194128252847,-0.00630439192266607,0.0188843875813382,0.03134141616664825
2025-05-10/2025-05-16,-0.0348362805422063,0.012217686038735666,-0.03138157835915298,-0.03868142463051708,-0.002343592437541362,0.008626205208163663,-0.09109366708623635,-0.01592821856360073,-0.01054973555099046,-0.006584930051901648,-0.01141817612946426,0.04128030749058372,0.058840500022933395,-0.012012653888196495,0.005644795316558312,0.03537264000678727,0.07517788519315054,0.021132286117229972,0.03844287236202361,-0.008517490414373472,-0.007153806279654713,-0.019852214487132515,-0.027622578547442243,0.05137843647165436,0.03756317780146399,-0.0005409282320151242,-0.02451011899958769,-0.010596705997686187,-0.007540022720029111,-0.003594319635099754
2025-05-17/2025-05-23,-0.010974633365396093,0.03139660917061038,-0.02771321137839507,-0.004098409094003632,-0.021822553313712266,0.012173108473192947,0.019169877504965016,0.013241216039917897,0.013738626554373896,0.0049077232123769,0.01323344885839263,0.005777440182757637,-0.06126774130189142,-0.008491119293776939,0.008363062578340547,0.014953425021957026,0.008261726658106816,0.0030308158937529944,0.013222736509817715,-0.0038089057417543958,0.0750599216566333,-0.026187255225231795,-0.002746989434832391,0.05560975380829534,0.04063760635352897,-0.007825412966121948,-0.02089418871581207,-0.0100850382410166,-0.01617968830260037,0.018126476691859728
2025-05-24/2025-05-30,-0.04143026272618122,0.005796369541643199,-0.05202280320386245,-0.22395038166838002,-0.0331575080442329,-0.010107467487362578,0.09795843529468405,-0.02696720593769576,-0.006159163461964068,-0.008146096471319858,0.05953627883898854,-0.02146703353443813,0.0024272412789581284,0.0232300628877236,0.01943156581617506,0.02273419638768287,0.05347016420227394,-0.0015142248276230773,0.019346848373021697,0.012864857338698145,-0.016307322829056704,0.03597012218765983,0.0247153345943263,-0.003332238467744764,-0.004434592848067865,-0.00927775266908948,0.056107727212892346,-0.003192418463464635,-0.031012061704565035,0.00971235988205698
2025-05-31/2025-06-06,0.019858561166264267,0.010656252014771297,-0.004641507466934835,0.0014667453757438392,0.04270412339280467,0.010892816429627996,0.04631580102655381,0.017656350641741633,0.01994830821361519,0.01858234515849209,0.012685171562661562,0.043564752880639525,0.002421364041326988,-0.0016741961615373458,0.023644776069978505,0.011692121421551167,0.024157753040710574,0.008884412445433011,0.008225079994410937,0.024325085463754125,-0.009230113316885901,0.014567505777879061,0.01473745934360455,0.03863001871491344,-0.02702864625985619,-0.01336020119419024,-0.03304966212736403,0.007599771303855982,-0.01982428775615698,-0.044101835468403065
2025-06-07/2025-06-13,-0.05438305434766232,-0.01051535724105215,-0.05950634210226223,-0.053868525000789244,-0.034802845542922366,-0.007881503768523902,0.048585968440939875,0.0021100359636852836,-0.02471705773633079,-0.03576363532491706,0.0034699611024836805,-0.012428549819395859,-0.04072128192226545,-0.015813597023544512,0.0028568542206502674,-0.008126392874653878,0.01511155309193319,-0.007202081863080149,-0.03365300621183405,-0.008572523714358087,0.1107631562195326,0.006311263677754903,0.017084284049265906,0.034094268829721226,-0.07586579099648585,-0.04565641229218467,0.018302738922505325,-0.039746128384237675,-0.005557864736646053,-0.033038729557890716
2025-06-14/2025-06-20,-0.010783062183995221,-0.02598659172215494,0.008216186032066126,0.020834041718020127,-0.008893392012309452,-0.01595184601902288,0.03017322443447081,-0.0051320229365164885,-0.006607468064546814,0.0037497381496094774,0.043423895570462494,0.0012684435986947428,0.008777507189127497,0.008935468453126183,0.03520903989383761,-0.010735821625097891,-0.025660816453255044,0.005364655813073582,0.008436017469258202,-0.02108941664190559,0.01474441977668188,0.04360473746441917,0.0034740500288802175,0.04193860592076424,0.07586579099648581,-0.013907082054446462,0.04600242898054342,0.060913887890333134,0.01763791757524824,-0.008203942205708685
2025-06-21/2025-06-27,0.04082994842626232,-0.003187373204178056,0.06596342417167635,0.07642351806078858,0.04938086040193252,0.014209598088723218,0.02478933655469388,0.029431710033658,0.054338214715512714,0.026702239374722835,-0.009798557767669016,0.03393429731666102,0.08492847888867887,-0.025317820125910103,0.0027903794384143534,-0.0024010887190162073,0.021709817155318924,0.014522426913960777,-0.01166048334995011,0.03080050336067127,-0.02087938167964695,-0.015075309328148857,0.003253793857375764,-0.083122795369411,-0.04673754504706886,0.02915442451137959,0.05030698269097875,0.019862556931754923,-0.00560155572401717,0.05958005847893818
2025-06-28/2025-07-04,0.007230523998983639,-0.0187497727566422,-0.001161565488511196,0.028593330564773704,0.06359324536268836,-0.06398916537939456,-0.03008731512374131,-0.004151966844045064,0.00515718472147372,-0.022393312289178346,0.011381126586399554,-0.010696001245357715,0.061164160415499345,-0.005995621817655625,0.005278322546009579,0.011726593849880056,0.049203502242721533,-0.018613101071593637,-0.005625148465838214,-0.030529786104430825,-0.04587137219459803,-0.026544713823780014,-0.02010836201498733,-0.017618756643593254,0.03756317780146399,0.01454967637716061,-0.011632134154317277,0.015545216405539722,0.03848221427408711,-0.017122003326508192
2025-07-05/2025-07-11,-0.022334937186955468,0.0032477157739237783,-0.003492077109880168,-0.0017202221977712137,-0.03518627545123172,-0.0013529178030628757,-0.016289538670616888,0.007106855845456331,0.06652076832677666,0.011684376530662255,-0.03616393615131284,0.033004234971477496,-0.017410755373452234,0.04759124817167295,0.02017477709360636,-0.010106636530192203,0.00998537873155514,-0.009782999464399682,-0.0530041387663246,-0.022035989855725403,0.01280313273500184,-0.009763296103345982,-0.006009623465947012,-0.033470327362145225,-0.013921324656466415,0.0066137246497807245,-0.052217389854823264,-0.02842793230660894,-0.002578339379664034,0.02650912260660803
2025-07-12/2025-07-18,0.022808844044386115,0.03248073475573766,0.023736662382175353,0.07013995622449344,0.05580563602487685,0.01827836833306942,0.04099297102306271,-0.009487154455469712,-0.006415109300016148,-0.021333690120946724,0.018910268119896198,0.04572986907736455,0.09421194260694248,0.06045606266389577,-0.0016037967030843822,-0.10643405081249141,0.02482085481718052,0.027725275824106037,0.0027176701802696995,0.07823143386430065,0.011743595887084507,0.018580802655085625,-0.035550976436622694,0.040685879243720725,0.018519029369165677,-0.019804013444780076,-0.15745582990162774,-0.015311003816532326,0.016147667187565638,0.00644725076921583
2025-07-19/2025-07-25,-0.07463294468001914,-0.19504303539319298,-0.05020323168889015,-0.07670419543691291,-0.08048497522965697,-0.02404892324868072,-0.021168301702171016,-0.0277877441124204,-0.04667477254390262,-0.01766595627060601,0.07884530040677411,-0.0014061226733414274,-0.02426810328374757,-0.004698540230460274,0.0433242510311524,0.018270212374022033,0.019944190459596292,0.03834278024087453,-0.006952022935126845,0.001917622325614347,-0.05871806410102468,-0.0009831029299022232,-0.013467935915944591,-0.1737311487521959,-0.0517763323961459,0.01880469709884382,-0.06456768361850418,-0.011587216430237222,-0.027951324032929523,-0.031334075844653086
2025-07-26/2025-08-01,0.10689078820743848,0.06185811918051137,0.04214724048280291,0.07155457549239803,0.07393555953018094,0.03429862339950663,0.1002304602719121,0.03757003575734725,0.042583834448653504,0.03673056910717802,-0.015124757392023885,0.023789959881775177,-0.07655173412118964,0.026476591315577235,-0.024016089056163523,0.02480398122965933,0.054557362250946304,0.025660799537316335,-0.05296637249261593,0.03353540968081928,0.11120054288320248,0.06511634675399128,0.016740561710368994,0.042624445116103776,-0.014598785870792663,0.02579181125145037,-0.004440873070995657,-0.01109153857694583,-0.045920800093091595,-0.04198301393706156
2025-08-02/2025-08-08,0.015566281350910025,-0.01098101417037961,-0.02165053981511282,-0.026485157557161312,0.012914934930235926,0.054413386736970916,0.12282482915398886,0.02130534695010046,0.03213507707658756,-0.01257342262880247,0.0262976392553643,0.03214613979514981,-0.19993436007167273,0.0387127984968094,0.003143714298840463,-0.017394691987057603,0.012794812004621674,0.030986380618490558,0.023908570422025502,0.17827857131726438,0.02856138369610831,0.09522631076253693,0.02902411079225201,0.025019711910423282,0.024214235752775193,0.003371875078181468,0.011181098551450849,0.02910386933822843,0.01829812908437289,0.0016889361472009442
2025-08-09/2025-08-15,0.03278694707602591,0.038472533124558235,-0.02739083409734269,0.009234895886619524,0.04160046750706068,0.002489168446835584,0.09101783763822413,0.016325737128816083,0.0024193100235559285,0.0158338334912149,-0.05658786770262247,-0.01584377285349833,-0.035718048671818846,0.02208351150651249,-0.03553423837883235,0.054286805452306394,0.03171062692284762,0.03197748324468383,0.05371906429540448,0.018634686900734443,-0.04358628419953514,-0.042566899525839294,-0.022949659407818894,-0.014641535681618526,0.0,0.013726285146043404,-0.006040871704970233,0.008412951865988045,-0.00831257630868012,-0.021556162160195614
2025-08-16/2025-08-22,-0.019685595222653115,-0.006682615430023902,-0.03605104413586153,-0.050153504103687005,0.0008485069283644611,-0.03703541055437449,-0.03909829633541752,-0.1837999493009602,-0.013515527101973198,-0.03309189549443076,0.01611896385398918,0.05782002708978666,0.006968629487037579,0.005738205923732926,0.01229483442041819,-0.051266091189368465,-0.053008565209616554,-0.01879267403819217,-0.00971931294334363,0.003341913455356447,-0.012184688634658315,-0.0032696747212896536,0.03038459620545084,-0.005917241932002314,0.03756317780146399,-0.0031976754434993497,-0.011720715558858005,-0.017309870202086325,0.004688506670527535,-0.011668388482118743
2025-08-23/2025-08-29,-0.021901611834876503,-0.05698944087869001,-0.08668556015933124,-0.026938925578055155,-0.04244897443542514,0.022795285131452143,0.017767170929531065,-0.0013666178374429662,-0.0006125581077223266,-0.0016103277613175747,-0.0032804483611881662,0.09314297992563206,-0.008368241879059607,-0.009144510500549511,-0.003282193072362162,-0.028265761618960307,-0.013973690161046355,0.002556220730408435,-0.006532422461860966,0.005947252792639802,-0.014109567870067096,-0.01635877283417797,0.0241837047050904,-0.00148474447475024,-0.07659248538453163,0.015162189122146412,-0.023861786015908847,-0.01245085691662474,0.029928934754856102,-0.015182134042683863
2025-08-30/2025-09-05,-0.05670821621196553,-0.0027077066700878193,-0.020079702670396386,-0.019499554587552908,-0.04850257206529186,0.005500972207786533,-0.04786893363908874,-0.058426143477152165,-0.008539964194955186,-0.009273616436708737,0.003000937226622733,0.034149695553120654,0.023530508281994426,0.074211125207254,-0.013796330762277546,0.041032957166104146,0.0333541260076943,-0.003459877533888078,0.02178886650741576,0.013972350675947806,0.07401279378501907,0.011008547999071801,0.02418065450451486,0.021098272569073095,-0.010000073797601792,-0.021714137342899058,-0.06098693859749577,0.04220917186719032,-0.013011136012471104,0.02197894687955797
2025-09-06/2025-09-12,-0.0543995459094213,-0.007313521736236307,-0.07220526099220273,0.0014565976427656738,-0.020648343621612317,0.01308022637807453,-0.048280963895505805,-0.014236464580792254,-0.024566123171580707,-0.01730363641009671,0.0383417738091618,0.04826273795208701,0.00409559748097391,0.007042298134899613,0.014740782778570837,-0.03725468723127913,-0.04259763694343713,-0.0371493830554632,0.0017797113465910228,0.014170647327654834,-0.0932915930439114,0.01912265280951888,0.012896173791522051,0.02037727546191359,0.014962858442059178,-0.0239196406290157,0.021582716233185008,-0.026360291664240275,-0.05988037446425601,-0.008701886582579279
2025-09-13/2025-09-19,-0.04754847204597305,0.019273612171460622,-0.0027854328144565703,-0.027297980423089535,-0.05506879316855825,-0.0007738614239164956,-0.06319854523545233,-0.05478236730395668,-0.005772332930839079,0.00039137031330232244,-0.04099555510011652,-0.025070675070586013,0.10590528686155418,0.007953706432379174,-0.002796664904197903,0.013752490219833128,-0.04792548107855486,0.035392869482063535,-0.023568577854006775,-0.0006335395847335432,-0.03594860329041703,-0.028406788386937252,-0.018713306817032156,-0.05720032264943619,0.10783271424553537,0.0038445127237199503,-0.012130538508456894,0.034839641523402326,-0.013333699791882463,0.025571970521810337
2025-09-20/2025-09-26,0.028529647868251885,0.005677085458930907,0.057564455449462926,0.03454959524488547,-0.020754916808914115,0.04525256503416407,0.12825790923081481,0.008583768558747611,0.016936873261354332,0.001816990940297169,-0.028948886460807503,-0.00040688428859436953,0.013390414111397493,0.03838485471146158,0.017032583225759568,-0.037841182706224066,0.0,0.008553504922471568,0.017146927900642952,-0.04165803420946051,0.00794582728034207,0.1774379507030274,0.047135512239818704,0.06288618910061637,0.021978885986724744,-0.008037446059647456,0.023619153230824506,0.006230138792642857,0.019883810988080484,0.056827659624241536
2025-09-27/2025-10-03,-0.009803899418383279,-0.01476041941703843,0.0173562688246701,-0.010897273499681738,0.003574195283480783,0.0212290666509554,0.08709627036745711,0.004264524443175431,0.016724156795097252,0.004076550653631061,0.008846056881036173,-0.01707686715284769,0.032126438945703224,-0.014075757072734743,0.01283084780574528,0.002617554116830418,-0.004681450053216286,-0.0004563298989993393,-0.04184409442464019,-0.10328840441606399,-0.04767347050994082,-0.004737534719764253,-0.0009734634556614444,-0.011404246938223016,-0.058181899492185725,-0.02044915256504352,0.015278733219155455,-0.05892057294558118,-0.06196322359054543,-0.015335694852262102
2025-10-04/2025-10-10,0.03359744848586952,0.03910370436207832,-0.025861316547927463,0.032342049777815504,0.025164914034011557,0.016237225228745086,0.0004667254629213586,0.069843512777009,0.05354689907986707,0.018214728418198708,-0.02966503186466715,0.04029026433445413,-0.09320463817566577,-0.06885897828366952,-0.02087098540811372,-0.005562180315102591,-0.00429270002484076,-0.022465941132977497,0.0007576987394777206,-0.0009053530228982112,-0.018728943775941767,0.0014984776691503645,0.009846600252381063,-0.019325336633633967,-0.11203920014054944,0.038459819750822286,0.021053383931331958,0.004823996893159096,0.028264732368292262,0.011486658001932794
2025-10-11/2025-10-17,0.007450094502573208,0.0008121214614093472,0.0028670774833508533,-0.006029474523661557,0.01773442442231897,-0.0038558315044618747,-0.037076492003624166,-0.006151678687678289,-0.007627115965601478,0.03417776825406126,0.030332801831852694,0.0064217134595915245,-0.01685070485317875,0.02650304831661987,0.017342543497384035,0.010966659158137545,0.013787939140170518,0.00481252396724633,0.013354844135290431,0.02746935048023482,0.059863418980306865,0.001346674599342493,-0.018297038461923737,0.028601187350301673,-0.052922412808880104,0.005357031301378116,0.0009574178973584287,0.020639221482770146,0.01147017449345869,0.0004448228584933997
2025-10-18/2025-10-24,-0.06251040248481564,-0.02598828936309871,-0.0807588239436578,-0.052586065362323534,-0.041880524969040836,-0.048668547727678,-0.029818717575647885,0.0047075925370302476,-0.026484445231896078,-0.01382111089330891,-0.09651395607716007,0.10635587223241924,0.038466244369658176,0.01996565688002919,0.009939606411151655,-0.07873307396382752,-0.011054040351311563,-0.12242059349597077,-0.061652826946654506,0.00406712236614447,-0.024189001413744943,-0.00349522884524592,-0.006899162050245636,-0.08481849723289064,-0.05014980182601544,-0.014900158423137147,-0.25073361831876834,-0.051232234526128496,-0.04312057861682111,-0.0065446846419844095
2025-10-25/2025-10-31,-0.041967282881697335,0.046716940906455624,0.0005756610888774665,-0.005263186307156342,-0.03893565946458264,-0.003913342465623126,-0.28851393733387015,-0.04886241618775045,-0.04130218411977495,0.0011589518075062189,-0.07398675157107003,0.011550084165645028,-0.019048146525700166,-0.013023320922749545,-0.05605358865854528,0.028007008030609088,0.05556451349041502,0.0024476700882869024,0.08674645106989681,-0.013918363539286941,0.08199806167445471,0.0022983167702463007,-0.0015044339047256981,-0.01362155222430998,-0.20194138034338882,-0.01338156763082803,-0.062470756137189914,0.05966828641236265,-0.006207959561175176,0.017016078902744813
2025-11-01/2025-11-07,0.09597668427115522,0.026676657421247703,0.01350749339562194,0.05571249216749169,0.0235428725902314,0.06946535048422182,-0.023578122796345635,0.02398913199099755,0.0240067056202732,0.028689639290256874,-0.01472966820451578,-0.021942141865371516,0.05122916996200704,0.011464550754537785,0.012375367757102787,0.03442400504871995,0.004968297367200696,0.009384763432341407,-0.03617873505957961,0.13603106038280866,-0.04338687645598993,0.004779380642664413,-0.060636966005409444,-0.03915799982371951,0.0,0.030266841631367704,0.026478773738061085,0.014259931518063344,0.01782449200893989,0.0324774956586178
2025-11-08/2025-11-14,-0.07927080578746877,-0.06097318411255113,0.005843027560082431,-0.0053619596453127645,-0.07458527986292109,0.015911003704947996,-0.11548504972978736,0.00774769923786597,0.0074196219376578545,0.0019678902493873254,-0.03459772066826233,0.038313125959996544,0.042914768889171256,-0.06840157536035728,-0.05065670959956518,0.003217416707100705,0.00494366274439719,0.006379879481695437,-0.00796670766867885,-0.017432534324194258,-0.04342353246314582,-0.00109325891781886,-0.009219417171130678,-0.03567365368702182,0.07410798406274224,-0.01118123718973143,-0.033374190486147204,-0.0034789548076719014,-0.028467306624921914,-0.034974807268692315
2025-11-15/2025-11-21,0.021297539789932308,0.017780432823798174,0.03346963857499037,0.02617766467784432,-0.011204653001886241,0.03830428414661861,0.03925994225753383,0.017125584958886938,0.012785841156704218,0.0231811792731818,0.07275269576837771,0.10018222640439965,-0.10834690604146714,0.014287752862037314,0.01653932936211004,0.0053822727734542,0.05438445859084068,0.008727675969044151,0.0019025746025875382,-0.03795708301380249,0.023362196461920243,0.003969846689141412,0.034491977695745454,0.025845496046521248,-0.026317283546611645,0.026730467052483067,0.1144459225669056,0.030298285210101965,0.04523410038689116,0.06035641723941572
2025-11-22/2025-11-28,-0.012768709896417417,-0.014330100186542495,0.023011377390776355,0.03634274756663936,0.004496871159762635,-0.02400653038825047,0.045069974253926025,0.03199708216026729,-0.007256896206588923,-0.033911070622515214,0.04312174371985805,-0.0073091926921149296,-0.0013012661506057374,-0.010568649260083801,-0.009644720370181298,-0.05186861856394058,0.003970669637301851,-0.005981332236393503,-0.006866214866845467,0.02742957042006257,-0.030624374128709508,0.007499572157398129,0.015800262034874866,-0.03475333834319151,-0.05480826671706892,-0.012432795183110124,0.0035201780570326647,-0.05300572318311435,0.02724879182625654,-0.004023683473057865
2025-11-29/2025-12-05,-0.01917926211516051,0.038766430211962695,0.0801597778952493,0.04676975503704167,-0.007317705336393838,-0.010566194666769536,0.029790932024078426,0.030665585899855595,0.024127919551202966,-0.012204589587029399,-0.013422405308503776,-0.01647517718714705,0.029508237681219133,-0.005905719263392679,0.005454642725812658,0.015825096022015313,0.00566961076575042,0.006492376547149266,0.023267740798281467,0.006766211236139779,-0.10115812547043433,0.0020160156411457484,-0.020820440462489452,0.036398113221773415,0.0,0.009767612023068492,0.020864199357743154,0.020099875920067508,0.015335877409271989,-0.020790161798011176
2025-12-06/2025-12-12,0.006811227664889171,0.01829178946846945,-0.0890376771348666,-0.06765210143586801,0.010118001591441685,0.04015411056007304,-0.05327123999788139,-0.04760319865500817,0.00221170239985724,0.017925449918563305,0.017826593612116307,-0.03177753543114763,-0.07888449655506687,-0.0007729364850894671,0.0010543442579617397,0.04126973211591846,-0.023049342954418038,-0.005635765850062803,0.019809997231520143,0.04384796395673398,-0.058107694788740075,0.001177746292791345,0.017339780357360116,-0.07682954459887481,0.0,0.031590219467745206,0.07617480293381068,0.04346498487516323,-0.005317647095331355,-0.0076944546891243555
2025-12-13/2025-12-19,-0.03137285988809292,-0.011216848176193735,0.026543335017580365,-0.07070216118008295,-0.03471185716094188,0.025642419095029432,0.07063945465086093,-0.0035651016772390376,-0.03842023473913294,-0.0035594322614306844,0.005469946001861307,0.03773049068039813,0.034949824191902075,-0.0023223008225142154,0.008312755014153864,0.03332088800604074,0.00350025043502596,0.010053752035687953,-0.024307633924732976,0.036669255363255875,-0.04964514133183482,0.00430657446181944,0.019870246150998652,0.01933270327099518,0.027779620457212616,-0.01996970201904631,0.007149519359018744,-0.0024593182756006047,-0.00982735536210014,-0.004875161695229353
2025-12-20/2025-12-26,0.007095870781164559,0.0032845952059488096,-0.01817267260835995,-0.03135295053885128,-0.006972706797520144,-0.009734647810056635,0.022552369147029388,0.00035708963538515963,-0.0015316631587918518,-0.0028566961242666895,-0.011238104394075736,-0.0034763114921934966,0.03759353330178747,-0.011300997441444877,-0.009056852780249295,-0.004789015552048999,-0.010890688720994014,-0.004499022956599279,-0.009246290781668207,-0.02691084804259848,0.009535223667163365,-0.0021998616162136014,0.017454071260739543,0.004342185833749431,-0.006872872530504391,-0.024881660452738187,-0.024033239704812616,-0.01989597676379697,-0.02044588569145337,-0.010594402342286003
